word	rating_published	sd	n_raters	concreteness_high_is_concrete
暗笑	2.6666669999999999	0.91986599999999996	27	2.931795
黯然	4.1851849999999997	0.83376099999999997	27	1.413277
昂首	2.2222219999999999	1.154701	27	3.376240
白人	1.6296299999999999	0.88353099999999996	27	3.968832
绑架	1.7777780000000001	0.89155600000000002	27	3.820684
榜样	2.7777780000000001	1.2506409999999999	27	2.820684
迸发	3.8076919999999999	0.98058100000000004	26	1.790770
裨益	4.125	0.946963	24	1.473462
波折	3.538462	1.207668	26	2.060000
车费	1.4074070000000001	0.57239399999999996	27	4.191055
充裕	3.1538460000000001	1.120439	26	2.444616
打字	1.4444440000000001	0.57735000000000003	27	4.154018
歹毒	3.074074	1.268734	27	2.524388
待遇	2.7037040000000001	1.170628	27	2.894758
抵抗	2.8518520000000001	1.0990800000000001	27	2.746610
地方	2.5	1.1747339999999999	26	3.098462
垫脚	1.8846149999999999	0.90893000000000002	26	3.713847
短缺	3.3333330000000001	0.96076899999999998	27	2.265129
对抗	2.925926	1.0349999999999999	27	2.672536
发亮	2	0.64549699999999999	25	3.598462
方言	1.925926	1.0349999999999999	27	3.672536
防身	2.8148149999999998	0.96225000000000005	27	2.783647
非法	2.925926	1.206582	27	2.672536
风俗	2.925926	1.0349999999999999	27	2.672536
隔离	2.9629629999999998	1.1596249999999999	27	2.635499
耕作	2.0370370000000002	0.85401700000000003	27	3.561425
公厕	1.2222219999999999	0.50636999999999999	27	4.376240
公演	2.0769229999999999	0.93479699999999999	26	3.521539
古物	2.1481479999999999	1.0990800000000001	27	3.450314
挂号	1.8518520000000001	0.94883300000000004	27	3.746610
怪物	2.925926	1.1742729999999999	27	2.672536
光临	2.8888889999999998	1.0127390000000001	27	2.709573
过渡	3.5769229999999999	1.101747	26	2.021539
憾事	3.56	1.0440309999999999	25	2.038462
行情	3.1923080000000001	1.0205580000000001	26	2.406154
痕迹	2.518519	1.155934	27	3.079943
欢迎	2.5555560000000002	1.0500309999999999	27	3.042906
回答	2.3703699999999999	1.114525	27	3.228092
毁灭	3.1111110000000002	1.086042	27	2.487351
肌肤	1.5	0.64807400000000004	26	4.098462
缉私	3	0.979796	26	2.598462
建制	3.7916669999999999	1.0623670000000001	24	1.806795
鉴定	3.038462	1.2159199999999999	26	2.560000
介入	3.0769229999999999	1.092633	26	2.521539
晶莹	3.3461539999999999	1.198075	26	2.252308
精品	2.8148149999999998	1.272098	27	2.783647
竞技	2.4444439999999998	1.0127390000000001	27	3.154018
可爱	3	1.1313709999999999	26	2.598462
哭泣	1.925926	0.82861899999999999	27	3.672536
夸大	3.1851850000000002	1.241495	27	2.413277
朗读	1.6296299999999999	0.79169500000000004	27	3.968832
犁田	1.5769230000000001	0.64330900000000002	26	4.021539
炼丹	2.461538	1.1395010000000001	26	3.136924
笼统	4.4230770000000001	0.70274199999999998	26	1.175385
螺丝	1.2222219999999999	0.42365900000000001	27	4.376240
落后	3.4230770000000001	1.1374740000000001	26	2.175385
面前	2.8846150000000002	1.142871	26	2.713847
描绘	2.9629629999999998	1.1596249999999999	27	2.635499
瞄准	2.1481479999999999	0.90739300000000001	27	3.450314
灭口	2.4074070000000001	1.2171609999999999	27	3.191055
民事	2.8846150000000002	1.142871	26	2.713847
飘浮	3.4074070000000001	1.0473140000000001	27	2.191055
苹果	1.2592589999999999	0.65589600000000003	27	4.339203
潜艇	1.2962959999999999	0.54170799999999997	27	4.302166
庆祝	2.8076919999999999	0.89528700000000005	26	2.790770
求雨	3	0.95742700000000003	25	2.598462
取景	2.769231	1.0698669999999999	26	2.829231
人证	1.8846149999999999	0.58834799999999998	26	3.713847
桑拿	1.6296299999999999	0.79169500000000004	27	3.968832
扇贝	1.1851849999999999	0.48334100000000002	27	4.413277
摄影	2	0.877058	27	3.598462
身家	3.2962959999999999	1.2030350000000001	27	2.302166
师资	2.9629629999999998	1.0554429999999999	27	2.635499
施展	3.5	1.0677080000000001	26	2.098462
石油	1.3333330000000001	0.55469999999999997	27	4.265129
弑父	2.7037040000000001	1.1372979999999999	27	2.894758
受训	2.9629629999999998	1.0554429999999999	27	2.635499
属性	4.2592590000000001	0.76422900000000005	27	1.339203
署长	2.0416669999999999	1.2676289999999999	24	3.556795
水池	1.2222219999999999	0.50636999999999999	27	4.376240
水质	2.9230770000000001	1.092633	26	2.675385
丝绸	1.3703700000000001	0.68770200000000004	27	4.228092
私刑	2.518519	0.84899800000000003	27	3.079943
太监	1.7037040000000001	0.99285199999999996	27	3.894758
倘佯	4.3333329999999997	0.91683099999999995	24	1.265129
讨好	3.2962959999999999	0.95332700000000004	27	2.302166
特区	2.3199999999999998	1.2819259999999999	25	3.278462
天资	3.7777780000000001	1.0500309999999999	27	1.820684
铁门	1.2962959999999999	0.66879999999999995	27	4.302166
听见	2.3703699999999999	1.1815290000000001	27	3.228092
推测	3.5	1.1401749999999999	26	2.098462
外贸	2.3703699999999999	1.005682	27	3.228092
偎依	2.8888889999999998	1.3959649999999999	27	2.709573
围棋	1.2962959999999999	0.60858100000000004	27	4.302166
未婚	1.8846149999999999	0.86380199999999996	26	3.713847
文艺	3.4074070000000001	1.152231	27	2.191055
握手	1.4444440000000001	0.50636999999999999	27	4.154018
无尽	4.3600000000000003	0.75718799999999997	25	1.238462
无人	2.5	1.0677080000000001	26	3.098462
溪水	1.2222219999999999	0.50636999999999999	27	4.376240
鲜花	1.1481479999999999	0.362014	27	4.450314
消沉	3.7777780000000001	1.0127390000000001	27	1.820684
薪俸	2.36	1.2543260000000001	25	3.238462
羞耻	3.3461539999999999	1.0561179999999999	26	2.252308
秀发	1.4444440000000001	0.50636999999999999	27	4.154018
序列	2.961538	1.112862	26	2.636924
学历	1.888889	0.97402200000000005	27	3.709573
雪崩	1.7777780000000001	1.0127390000000001	27	3.820684
雪糕	1.1153850000000001	0.32581300000000002	26	4.483077
引燃	2.7407409999999999	0.94431900000000002	27	2.857721
永久	3.730769	1.218448	26	1.867693
越轨	3.0952380000000002	1.091089	21	2.503224
越过	2.7777780000000001	1.120897	27	2.820684
晕倒	1.7777780000000001	0.89155600000000002	27	3.820684
杂物	2.2222219999999999	1.0500309999999999	27	3.376240
宅院	1.3703700000000001	0.62929400000000002	27	4.228092
招手	1.7037040000000001	0.66879999999999995	27	3.894758
中弹	1.925926	0.61556299999999997	27	3.672536
重复	2.8148149999999998	1.039121	27	2.783647
竹签	1.3703700000000001	0.56487900000000002	27	4.228092
主席	1.84	0.898146	25	3.758462
状元	1.8518520000000001	0.98853800000000003	27	3.746610
祖先	2.3076919999999999	1.049542	26	3.290770
鳟鱼	1.5	0.81240400000000002	26	4.098462
罢工	2.3333330000000001	0.96076899999999998	27	3.265129
办法	3.2592590000000001	1.0594840000000001	27	2.339203
帮会	2.4444439999999998	1.0500309999999999	27	3.154018
包含	4	0.74833099999999997	26	1.598462
被窝	1.518519	0.70001999999999998	27	4.079943
笨重	3.0370370000000002	1.0912759999999999	27	2.561425
表露	3.76	0.83066200000000001	25	1.838462
拨冗	4.1428570000000002	0.91025900000000004	21	1.455605
菠萝	1.1851849999999999	0.48334100000000002	27	4.413277
残缺	3.4074070000000001	0.88835500000000001	27	2.191055
纯朴	3.5925929999999999	1.185141	27	2.005869
辍学	2.1851850000000002	1.039121	27	3.413277
醋意	3.64	0.95218999999999998	25	1.958462
错误	2.8518520000000001	1.06351	27	2.746610
搭乘	2.1481479999999999	0.90739300000000001	27	3.450314
大权	3.2962959999999999	1.0675209999999999	27	2.302166
胆识	3.925926	0.99714700000000001	27	1.672536
地雷	1.7407410000000001	0.902671	27	3.857721
叮嘱	2.8148149999999998	0.92141399999999996	27	2.783647
盾牌	1.7407410000000001	0.71212500000000001	27	3.857721
多余	3.461538	1.028816	26	2.136924
发出	3.3333330000000001	0.86811499999999997	24	2.265129
费用	2.2592590000000001	0.81299999999999994	27	3.339203
拂晓	2.730769	1.185165	26	2.867693
搞鬼	3.6153849999999998	0.80383700000000002	26	1.983077
哽咽	2.6666669999999999	1.0741719999999999	27	2.931795
公子	2.0769229999999999	0.97665000000000002	26	3.521539
贵重	2.9629629999999998	1.0554429999999999	27	2.635499
还是	4.3181820000000002	0.99457399999999996	22	1.280280
航线	2.074074	0.95779899999999996	27	3.524388
耗材	2.6296300000000001	1.114525	27	2.968832
恒心	3.6296300000000001	1.2136450000000001	27	1.968832
侯门	3.086957	0.90015400000000001	23	2.511505
厚道	3.5925929999999999	0.97109199999999996	27	2.005869
即兴	3.925926	0.87380400000000003	27	1.672536
技能	2.9629629999999998	0.979854	27	2.635499
歼灭	3.1111110000000002	1.154701	27	2.487351
将来	3.6923080000000001	1.192283	26	1.906154
拮据	3.1111110000000002	1.2195	27	2.487351
锦旗	1.481481	0.84899800000000003	27	4.116981
韭菜	1.1153850000000001	0.32581300000000002	26	4.483077
绝交	3.1153849999999998	1.0325470000000001	26	2.483077
克服	3.518519	1.0513859999999999	27	2.079943
离谱	3.6296300000000001	1.079464	27	1.968832
理发	1.6296299999999999	0.68770200000000004	27	3.968832
辽阔	3.538462	1.1740790000000001	26	2.060000
霉菌	2.2222219999999999	1.0127390000000001	27	3.376240
美观	3.5925929999999999	1.009922	27	2.005869
迷雾	2.7407409999999999	1.4030899999999999	27	2.857721
免责	3.3043480000000001	0.92612499999999998	23	2.294114
名贵	3.2592590000000001	1.0951850000000001	27	2.339203
摩托	1.1923079999999999	0.401918	26	4.406154
男士	1.3703700000000001	0.56487900000000002	27	4.228092
泥鳅	1.1851849999999999	0.62246599999999996	27	4.413277
奴才	2.3703699999999999	0.88353099999999996	27	3.228092
糯米	1.2222219999999999	0.42365900000000001	27	4.376240
派驻	3.1851850000000002	0.92141399999999996	27	2.413277
泡菜	1.481481	0.70001999999999998	27	4.116981
坡道	1.7777780000000001	0.50636999999999999	27	3.820684
扑救	3.074074	1.0715170000000001	27	2.524388
朴素	3.6666669999999999	0.83204999999999996	27	1.931795
期货	2.96	1.398809	25	2.638462
气氛	4.0370369999999998	0.85401700000000003	27	1.561425
气色	3.2592590000000001	1.0594840000000001	27	2.339203
前任	2.36	0.86023300000000003	25	3.238462
前夕	3.1851850000000002	1.241495	27	2.413277
切片	2.5	1.029563	26	3.098462
轻蔑	3.5925929999999999	0.930643	27	2.005869
清除	2.961538	1.2159199999999999	26	2.636924
确保	3.5	1.104536	26	2.098462
人品	3.7037040000000001	1.295401	27	1.894758
仁爱	3.481481	1.1221669999999999	27	2.116981
任教	2.8846150000000002	1.070586	26	2.713847
容易	3.4074070000000001	1.009922	27	2.191055
糅合	3.68	0.9	25	1.918462
纱窗	1.2592589999999999	0.52569299999999997	27	4.339203
山脉	1.518519	0.89315199999999995	27	4.079943
设计	3.2592590000000001	1.258589	27	2.339203
生物	2.7037040000000001	1.0675209999999999	27	2.894758
受刑	2.7777780000000001	0.93369999999999997	27	2.820684
赎身	2.8888889999999998	1.2195	27	2.709573
水饺	1.2962959999999999	0.60858100000000004	27	4.302166
顺产	1.962963	1.0183500000000001	27	3.635499
岁月	3.9629629999999998	1.1596249999999999	27	1.635499
探望	2.7037040000000001	1.265361	27	2.894758
提供	3.3333330000000001	1	27	2.265129
剃刀	1.481481	0.57981199999999999	27	4.116981
天桥	1.518519	0.642733	27	4.079943
瞳孔	1.481481	0.57981199999999999	27	4.116981
脱节	3.6923080000000001	1.049542	26	1.906154
鸵鸟	1.2592589999999999	0.52569299999999997	27	4.339203
伪造	3.1851850000000002	0.92141399999999996	27	2.413277
尾灯	1.7777780000000001	1.0127390000000001	27	3.820684
文凭	1.925926	0.91676400000000002	27	3.672536
西部	3.038462	1.076319	26	2.560000
牺牲	3.08	1.1874340000000001	25	2.518462
洗冤	3.5	0.98994899999999997	26	2.098462
细腻	3.925926	1.1742729999999999	27	1.672536
细致	3.730769	1.185165	26	1.867693
下层	3.3461539999999999	0.93562000000000001	26	2.252308
险境	3.1851850000000002	1.001423	27	2.413277
像样	3.96	0.88881900000000003	25	1.638462
小偷	1.7037040000000001	0.724028	27	3.894758
心理	3.5	1.029563	26	2.098462
型号	2.6538460000000001	1.0933360000000001	26	2.944616
修订	2.6153849999999998	0.941357	26	2.983077
血压	2.0370370000000002	1.0912759999999999	27	3.561425
阳光	1.7037040000000001	1.102962	27	3.894758
因素	3.8846150000000002	0.95192100000000002	26	1.713847
阴险	3.6538460000000001	0.97743800000000003	26	1.944616
影展	1.9583330000000001	0.90789600000000004	24	3.640129
鱼饵	1.7037040000000001	0.66879999999999995	27	3.894758
远亲	2.481481	0.84899800000000003	27	3.116981
越洋	3	1	25	2.598462
在意	3.7407409999999999	1.0225379999999999	27	1.857721
择偶	2.6153849999999998	1.1688259999999999	26	2.983077
展露	3.269231	1.002305	26	2.329231
珍重	3.5925929999999999	1.185141	27	2.005869
整理	2.538462	1.1395010000000001	26	3.060000
种植	2.3333330000000001	1.0741719999999999	27	3.265129
株连	3.8461539999999999	0.96715300000000004	26	1.752308
专业	2.9230770000000001	1.0553889999999999	26	2.675385
遵守	3.3076919999999999	1.289007	26	2.290770
肮脏	3.21875	1.1565909999999999	32	2.379712
胞弟	1.625	0.90696200000000005	32	3.973462
备用	3.0625	1.0757589999999999	32	2.535962
奔放	3.71875	1.170453	32	1.879712
笔划	1.818182	0.84611400000000003	33	3.780280
鞭策	3.606061	1.1709879999999999	33	1.992401
辩论	2.8484850000000002	1.2278340000000001	33	2.749977
标志	2.625	1.039541	32	2.973462
缤纷	3.733333	0.98026500000000005	30	1.865129
并重	4.0740740000000004	0.78082399999999996	27	1.524388
博学	3.7878790000000002	0.85723300000000002	33	1.810583
残酷	3.3636360000000001	1.19421	33	2.234826
常见	3.21875	1.128355	32	2.379712
怅然	3.9354840000000002	0.81385799999999997	31	1.662978
吃苦	3.1212119999999999	1.192623	33	2.477250
齿轮	1.6666669999999999	0.98952899999999999	33	3.931795
抽筋	2.1515149999999998	0.87038800000000005	33	3.446947
闯祸	2.78125	1.039056	32	2.817212
撮合	3.1875	0.99798200000000004	32	2.410962
打仗	2.15625	0.98731899999999995	32	3.442212
低音	2.454545	1.0633349999999999	33	3.143917
底片	2.030303	1.045372	33	3.568159
恫吓	3.59375	1.160072	32	2.004712
赌徒	1.9393940000000001	1.028937	33	3.659068
厄运	3.5625	1.0757589999999999	32	2.035962
噩梦	3.1818179999999998	1.3335699999999999	33	2.416644
儿童	1.424242	0.56070799999999998	33	4.174220
发扬	3.7272729999999998	0.97700799999999999	33	1.871189
反扑	3.5806450000000001	0.84751399999999999	31	2.017817
方法	3.454545	1.1481209999999999	33	2.143917
诽谤	3.393939	1.116339	33	2.204523
伏特	3.0625	1.4354389999999999	32	2.535962
改观	3.6969699999999999	1.0150380000000001	33	1.901492
干杯	2.0606059999999999	1.1439900000000001	33	3.537856
干劲	3.4375	0.94825800000000005	32	2.160962
告发	3.0606059999999999	1.116339	33	2.537856
估价	2.9393940000000001	1.058873	33	2.659068
骨头	1.606061	0.89928399999999997	33	3.992401
怪诞	3.9677419999999999	1.0160009999999999	31	1.630720
关节	1.6666669999999999	0.81649700000000003	33	3.931795
过程	3.4848479999999999	1.202113	33	2.113614
还手	2.6969699999999999	1.045372	33	2.901492
号称	3.4193549999999999	1.088552	31	2.179107
合作	2.75	1.0472699999999999	32	2.848462
核对	2.575758	1.1464700000000001	33	3.022704
烘烤	1.9393940000000001	1.058873	33	3.659068
华裔	1.65625	0.74528099999999997	32	3.942212
魂魄	4.4000000000000004	0.77013200000000004	30	1.198462
极品	3.5625	0.94825800000000005	32	2.035962
加工	2.5151520000000001	0.93945500000000004	33	3.083310
假扮	2.969697	1.0748500000000001	33	2.628765
解梦	3.9090910000000001	1.0417419999999999	33	1.689371
巾帼	2.71875	0.991394	32	2.879712
晋见	3.0967739999999999	1.2742279999999999	31	2.501688
精确	2.9393940000000001	1.087985	33	2.659068
旧制	3.0967739999999999	1.2477940000000001	31	2.501688
看到	2.1515149999999998	0.90558000000000005	33	3.446947
渴望	3.5151520000000001	1.064225	33	2.083310
蓝天	1.5151520000000001	0.71244399999999997	33	4.083310
勒令	3.0645159999999998	1.12355	31	2.533946
联赛	2.1212119999999999	0.92727999999999999	33	3.477250
凌厉	3.6969699999999999	0.98377000000000003	33	1.901492
羚羊	1.1515150000000001	0.36410999999999999	33	4.446947
绿洲	1.96875	0.99949600000000005	32	3.629712
冒雨	2.1818179999999998	0.80833699999999997	33	3.416644
没趣	3.677419	0.90873899999999996	31	1.921043
猛兽	2.2121209999999998	0.81996899999999995	33	3.386341
蘑菇	1.242424	0.50188999999999995	33	4.356038
陌生	3.375	0.90696200000000005	32	2.223462
内功	3.870968	1.1759230000000001	31	1.727494
排球	1.3333330000000001	0.77728200000000003	33	4.265129
炮火	1.8787879999999999	0.92727999999999999	33	3.719674
切割	2.3636360000000001	0.99430200000000002	33	3.234826
秦朝	1.75	0.87988299999999997	32	3.848462
取消	2.6875	1.2556320000000001	32	2.910962
全国	2.2121209999999998	1.192623	33	3.386341
确定	2.454545	1.1205719999999999	33	3.143917
少女	1.8787879999999999	0.81996899999999995	33	3.719674
审查	2.9090910000000001	1.1555200000000001	33	2.689371
失手	3.1818179999999998	0.98280699999999999	33	2.416644
收服	3.1875	1.090649	32	2.410962
手笔	3.233333	1.072648	30	2.365129
手枪	1.212121	0.41514899999999999	33	4.386341
束缚	3.6969699999999999	0.98377000000000003	33	1.901492
竖立	2.8484850000000002	1.064225	33	2.749977
甩开	3.1515149999999998	1.003781	33	2.446947
苏打	1.84375	0.76661699999999999	32	3.754712
素材	2.8787880000000001	1.293193	33	2.719674
算数	2.78125	1.288519	32	2.817212
隧道	1.454545	0.90453399999999995	33	4.143917
塔顶	1.545455	0.83257499999999995	33	4.053007
太好	3.6451609999999999	0.98483100000000001	31	1.953301
天敌	2.8787880000000001	1.192623	33	2.719674
吞吐	3.2727270000000002	1.068665	33	2.325735
挽回	3.2727270000000002	0.91079399999999999	33	2.325735
危险	3.0606059999999999	1.2732680000000001	33	2.537856
胃酸	1.9393940000000001	0.96628800000000004	33	3.659068
文件	1.9090910000000001	0.87904899999999997	33	3.689371
卧底	2.4375	0.87758800000000003	32	3.160962
喜讯	2.606061	1.116339	33	2.992401
衔接	3.225806	0.99027500000000002	31	2.372656
现实	3.030303	1.3106500000000001	33	2.568159
享用	3.0909089999999999	1.1555200000000001	33	2.507553
消极	3.8181820000000002	0.95047800000000005	33	1.780280
小我	3.862069	1.025536	29	1.736393
孝敬	2.8787880000000001	1.192623	33	2.719674
星光	2.2424240000000002	0.86711800000000006	33	3.356038
哑铃	1.212121	0.41514899999999999	33	4.386341
眼花	3.1818179999999998	0.98280699999999999	33	2.416644
演讲	2.0606059999999999	0.86383600000000005	33	3.537856
燕窝	1.4848479999999999	0.90558000000000005	33	4.113614
养育	3.1212119999999999	1.1390119999999999	33	2.477250
药厂	1.5151520000000001	0.66713999999999996	33	4.083310
椰子	1.2727269999999999	0.87581100000000001	33	4.325735
夜景	2.2424240000000002	0.96922299999999995	33	3.356038
腋下	1.5151520000000001	0.61852700000000005	33	4.083310
义气	3.71875	0.991394	32	1.879712
驿站	2.2121209999999998	1.053493	33	3.386341
有心	3.7575759999999998	0.86711800000000006	33	1.840886
越狱	2	0.70710700000000004	33	3.598462
早报	1.787879	0.78092799999999996	33	3.810583
质问	3.1515149999999998	0.97214999999999996	33	2.446947
赘言	3.3571430000000002	1.1615530000000001	28	2.241319
钻探	2.6666669999999999	1.1841870000000001	30	2.931795
奥运	2.1212119999999999	1.111237	33	3.477250
搬运	1.9393940000000001	0.78817000000000004	33	3.659068
宝座	2.424242	1.118881	33	3.174220
抱怨	3.545455	0.90453399999999995	33	2.053007
悲剧	3.7575759999999998	0.93642599999999998	33	1.840886
便衣	2.6666669999999999	1.1086780000000001	33	2.931795
餐桌	1.2727269999999999	0.45226699999999997	33	4.325735
侧重	3.7575759999999998	0.96922299999999995	33	1.840886
差额	3.0322580000000001	1.110071	31	2.566204
孱弱	3.59375	1.0115259999999999	32	2.004712
沉痛	3.6969699999999999	1.045372	33	1.901492
代理	2.9393940000000001	1.116339	33	2.659068
弹性	3.424242	1.118881	33	2.174220
登录	2.25	0.91581100000000004	32	3.348462
地牢	2	1.198958	33	3.598462
递补	3.4285709999999998	0.95949700000000004	28	2.169891
肚脐	1.393939	0.70442300000000002	33	4.204523
队形	2.03125	0.82244200000000001	32	3.567212
防守	2.7272729999999998	1.0084869999999999	33	2.871189
分心	3.3636360000000001	1.0552900000000001	33	2.234826
干洗	2	0.90138799999999997	33	3.598462
攻守	3.0606059999999999	0.96628800000000004	33	2.537856
鼓掌	1.787879	1.053493	33	3.810583
刮风	1.8484849999999999	0.75503399999999998	33	3.749977
官长	2.233333	1.072648	30	3.365129
管乐	2.1818179999999998	0.98280699999999999	33	3.416644
广播	1.9090910000000001	0.91390800000000005	33	3.689371
鬼混	4	0.96824600000000005	33	1.598462
囫囵	3.9354840000000002	0.89202000000000004	31	1.662978
花蜜	1.9393940000000001	1.028937	33	3.659068
化石	1.575758	0.79176599999999997	33	4.022704
环保	2.969697	0.95147400000000004	33	2.628765
急救	2.1515149999999998	0.83371200000000001	33	3.446947
忌日	2.21875	1.128355	32	3.379712
寄托	4	0.93541399999999997	33	1.598462
家庭	2.1818179999999998	1.073969	33	3.416644
尖端	3.15625	0.95408700000000002	32	2.442212
检讨	2.7878790000000002	0.92727999999999999	33	2.810583
见笑	3.7272729999999998	1.068665	33	1.871189
缴械	2.6363639999999999	1.11294	33	2.962098
戒毒	1.9090910000000001	1.1001030000000001	33	3.689371
紧急	3.21875	1.263236	32	2.379712
进取	3.4848479999999999	1.2278340000000001	33	2.113614
禁毒	2.3333330000000001	1.1902379999999999	33	3.265129
境界	4.25	1.0776319999999999	32	1.348462
纠缠	3.545455	0.97117500000000001	33	2.053007
久远	3.3030300000000001	1.1035410000000001	33	2.295432
臼齿	1.8666670000000001	1.074255	30	3.731795
剧本	1.9090910000000001	1.0417419999999999	33	3.689371
绝望	3.575758	0.86711800000000006	33	2.022704
犒劳	3.2121209999999998	1.2439249999999999	33	2.386341
可靠	3.3636360000000001	1.0552900000000001	33	2.234826
可取	3.2580650000000002	1.0317540000000001	31	2.340397
空隙	2.84375	1.110344	32	2.754712
来源	3.1515149999999998	1.064225	33	2.446947
蓝图	3.5625	1.216486	32	2.035962
寥寥	4.030303	0.88334800000000002	33	1.568159
镣铐	1.9393940000000001	0.93338699999999997	33	3.659068
轮奸	2	1.0776319999999999	32	3.598462
屡次	3.1935479999999998	1.222548	31	2.404914
麻烦	3.28125	1.1976960000000001	32	2.317212
麦田	1.545455	0.61699400000000004	33	4.053007
卖力	3.2727270000000002	1.097518	33	2.325735
茂密	3.1515149999999998	1.0344450000000001	33	2.446947
眉笔	1.3333330000000001	0.64549699999999999	33	4.265129
门徒	2.375	1.070122	32	3.223462
迷惘	4.1612900000000002	0.63753599999999999	31	1.437172
免税	2.1515149999999998	1.0931949999999999	33	3.446947
拇指	1.2727269999999999	0.516764	33	4.325735
能量	3.6363639999999999	1.140674	33	1.962098
念书	1.9393940000000001	0.99810399999999999	33	3.659068
皮蛋	1.3333330000000001	0.69221900000000003	33	4.265129
平民	2.03125	0.96668299999999996	32	3.567212
凄凉	3.8125	0.73780400000000002	32	1.785962
期望	3.9393940000000001	0.99810399999999999	33	1.659068
起初	3.375	1.1570260000000001	32	2.223462
抢救	2.1875	1.090649	32	3.410962
清贫	3.1515149999999998	1.1214170000000001	33	2.446947
丘脑	2.714286	1.5118579999999999	28	2.884176
劝导	3.2727270000000002	1.039012	33	2.325735
劝告	3.0909089999999999	1.208399	33	2.507553
瘸腿	1.6363639999999999	0.89506200000000002	33	3.962098
认真	3.3030300000000001	1.131505	33	2.295432
日出	1.6666669999999999	0.88975700000000002	33	3.931795
冗长	3.6875	1.029798	32	1.910962
升值	3	1.3198240000000001	32	2.598462
生活	3.2727270000000002	1.281423	33	2.325735
圣灵	4.3	0.87690699999999999	30	1.298462
圣言	3.733333	1.0482610000000001	30	1.865129
试探	3.393939	1.028937	33	2.204523
赎罪	3.34375	1.1807430000000001	32	2.254712
水手	1.7272730000000001	1.039012	33	3.871189
瞬间	3.6666669999999999	1.0507930000000001	33	1.931795
叹息	2.7878790000000002	0.92727999999999999	33	2.810583
贴现	3.074074	1.238048	27	2.524388
伟大	3.8484850000000002	1.202113	33	1.749977
屋子	1.5151520000000001	0.83371200000000001	33	4.083310
熄灭	2.424242	0.86711800000000006	33	3.174220
鲜嫩	2.969697	1.1854549999999999	33	2.628765
闲话	2.9393940000000001	0.93338699999999997	33	2.659068
详尽	3.3030300000000001	0.98377000000000003	33	2.295432
向上	2.71875	1.14256	32	2.879712
胸襟	3.84375	1.0506329999999999	32	1.754712
雄辩	3.1875	1.029798	32	2.410962
雄姿	3.454545	1.1205719999999999	33	2.143917
巡回	3.1818179999999998	1.130668	33	2.416644
训斥	2.8484850000000002	1.0931949999999999	33	2.749977
延误	3.09375	1.088336	32	2.504712
研发	3.0625	1.189673	32	2.535962
仰卧	1.757576	1.1464700000000001	33	3.840886
野蛮	3.454545	0.83257499999999995	33	2.143917
衣架	1.1212120000000001	0.33143400000000001	33	4.477250
疫情	2.606061	1.2231970000000001	33	2.992401
婴儿	1.242424	0.50188999999999995	33	4.356038
影子	2.2121209999999998	1.3171360000000001	33	3.386341
永眠	3.3030300000000001	1.357499	33	2.295432
诱惑	3.7272729999999998	0.94448200000000004	33	1.871189
展示	2.9090910000000001	1.128152	33	2.689371
正职	2.34375	1.1530990000000001	32	3.254712
支持	2.969697	1.2115290000000001	33	2.628765
职员	1.7272730000000001	0.719059	33	3.871189
重婚	2.0606059999999999	1.058873	33	3.537856
诸侯	2.393939	1.028937	33	3.204523
哀号	2.7777780000000001	1.2195	27	2.820684
鹌鹑	1.3333330000000001	0.620174	27	4.265129
版本	2.7777780000000001	1.086042	27	2.820684
伴奏	2.269231	0.87442299999999995	26	3.329231
必修	2.4230770000000001	1.3014779999999999	26	3.175385
搏斗	1.7777780000000001	0.75106799999999996	27	3.820684
不便	3.7037040000000001	0.91208999999999996	27	1.894758
裁缝	1.481481	0.70001999999999998	27	4.116981
苍蝇	1.1538459999999999	0.46409499999999998	26	4.444616
茶几	1.3333330000000001	0.55469999999999997	27	4.265129
蝉鸣	1.6666669999999999	0.67936600000000003	27	3.931795
抄家	2.6153849999999998	1.061204	26	2.983077
赤脚	1.7407410000000001	0.85900600000000005	27	3.857721
抽象	4.4230770000000001	1.02657	26	1.175385
除非	3.538462	0.94787200000000005	26	2.060000
船员	1.481481	0.57981199999999999	27	4.116981
大人	2.5555560000000002	1.0127390000000001	27	3.042906
盗版	2.6538460000000001	1.0561179999999999	26	2.944616
登岸	2.269231	0.96156900000000001	26	3.329231
堤岸	1.9230769999999999	0.84489400000000003	26	3.675385
电信	2.5769229999999999	1.2057549999999999	26	3.021539
钓鱼	1.481481	0.50917500000000004	27	4.116981
叠加	3	1.0741719999999999	27	2.598462
洞察	3.269231	1.3433600000000001	26	2.329231
对待	3.48	1.0456259999999999	25	2.118462
多嘴	3	1.2403470000000001	27	2.598462
耳朵	1.2222219999999999	0.640513	27	4.376240
发福	2.5	0.98994899999999997	26	3.098462
废墟	2.1111110000000002	0.84731900000000004	27	3.487351
高层	2.84	1.0279430000000001	25	2.758462
高攀	3.1851850000000002	1.1447890000000001	27	2.413277
根本	3.7916669999999999	1.2150920000000001	24	1.806795
购入	2.5925929999999999	1.118352	27	3.005869
寡言	3.0769229999999999	1.1286480000000001	26	2.521539
滚烫	2.2916669999999999	0.90789600000000004	24	3.306795
国际	3.0370370000000002	1.4000410000000001	27	2.561425
行政	2.9629629999999998	1.2241629999999999	27	2.635499
航空	2.1481479999999999	1.06351	27	3.450314
慌张	2.925926	1.1410499999999999	27	2.672536
机器	2.1111110000000002	1.120897	27	3.487351
纪录	2.518519	0.93522400000000006	27	3.079943
纪律	2.8518520000000001	1.2619800000000001	27	2.746610
加入	3.1153849999999998	1.070586	26	2.483077
具体	3.1153849999999998	1.306198	26	2.483077
刻板	3.2222219999999999	0.93369999999999997	27	2.376240
客气	3	1.1661900000000001	26	2.598462
苦力	2.5925929999999999	1.118352	27	3.005869
亏待	3.3846150000000002	1.0982499999999999	26	2.213847
缆车	1.5925929999999999	0.930643	27	4.005869
黎民	2.625	1.172604	24	2.973462
历法	2.8148149999999998	1.177907	27	2.783647
立法	2.6666669999999999	1.0741719999999999	27	2.931795
痢疾	2.3333330000000001	0.96076899999999998	27	3.265129
林木	1.7407410000000001	0.85900600000000005	27	3.857721
琉璃	1.8461540000000001	1.1896990000000001	26	3.752308
名流	3.5555560000000002	1.0500309999999999	27	2.042906
凝固	2.5555560000000002	0.89155600000000002	27	3.042906
奴婢	2.1851850000000002	1.0754980000000001	27	3.413277
女巫	1.961538	0.95836399999999999	26	3.636924
盘算	3.1153849999999998	1.107318	26	2.483077
滂沱	3.68	1.10755	25	1.918462
嫖客	1.7777780000000001	0.75106799999999996	27	3.820684
票数	2.1851850000000002	1.272098	27	3.413277
平衡	2.8888889999999998	1.1875420000000001	27	2.709573
剖开	2.5769229999999999	0.945434	26	3.021539
乞食	2.3846150000000002	0.80383700000000002	26	3.213847
前进	2.3703699999999999	1.114525	27	3.228092
腔调	3	1	27	2.598462
强盗	1.6923079999999999	1.0107120000000001	26	3.906154
亲近	3.1111110000000002	1.086042	27	2.487351
禽兽	2.6923080000000001	1.086986	26	2.906154
清点	3.074074	0.87380400000000003	27	2.524388
蚯蚓	1.3333330000000001	0.83204999999999996	27	4.265129
扰乱	3.2222219999999999	1.086042	27	2.376240
设法	3.3703699999999999	1.2136450000000001	27	2.228092
摄政	3.230769	1.242826	26	2.367693
声誉	3.3333330000000001	1.4142140000000001	27	2.265129
湿地	2	0.74833099999999997	26	3.598462
誓约	3.2222219999999999	1.0127390000000001	27	2.376240
手表	1.2592589999999999	0.81299999999999994	27	4.339203
私立	2.76	0.96953599999999995	25	2.838462
岁数	1.962963	1.0554429999999999	27	3.635499
贪心	3.1111110000000002	1.2810250000000001	27	2.487351
探究	3.7037040000000001	1.0308630000000001	27	1.894758
恬静	3.4074070000000001	0.97109199999999996	27	2.191055
填鸭	3.75	0.98907100000000003	24	1.848462
外向	3.6153849999999998	1.235376	26	1.983077
王储	2.3076919999999999	1.0107120000000001	26	3.290770
问题	3.1153849999999998	1.2108479999999999	26	2.483077
喜乐	2.6666669999999999	1.1435439999999999	27	2.931795
细小	2.7777780000000001	1.0127390000000001	27	2.820684
相识	3.3703699999999999	1.3052600000000001	27	2.228092
硝酸	1.6296299999999999	0.83887	27	3.968832
斜视	2.481481	1.155934	27	3.116981
星际	3.1923080000000001	1.1668499999999999	26	2.406154
幸好	3.269231	1.115623	26	2.329231
雪莱	2.9047619999999998	1.2611410000000001	21	2.693700
巡警	1.6666669999999999	0.73379899999999998	27	3.931795
药丸	1.5925929999999999	0.69388899999999998	27	4.005869
野人	2.074074	0.95779899999999996	27	3.524388
宜人	3.7037040000000001	0.86889899999999998	27	1.894758
译名	3.230769	1.242826	26	2.367693
银幕	2.2592590000000001	0.98420600000000003	27	3.339203
银牌	1.6296299999999999	0.79169500000000004	27	3.968832
鹦鹉	1.2222219999999999	0.57735000000000003	27	4.376240
幽会	3.074074	0.91676400000000002	27	2.524388
淤血	2.518519	1.0513859999999999	27	3.079943
欲望	3.7037040000000001	1.324759	27	1.894758
约数	3.48	1.357694	25	2.118462
阅兵	1.888889	0.93369999999999997	27	3.709573
栈道	2.1851850000000002	1.272098	27	3.413277
掌权	3.3333330000000001	1.0741719999999999	27	2.265129
丈夫	1.461538	0.70601800000000003	26	4.136924
振荡	3.074074	1.0349999999999999	27	2.524388
整数	2.3703699999999999	1.2754529999999999	27	3.228092
脂肪	1.9230769999999999	1.2624759999999999	26	3.675385
直播	1.8518520000000001	0.86396700000000004	27	3.746610
钟表	1.2592589999999999	0.44657599999999997	27	4.339203
重力	3.1851850000000002	1.35978	27	2.413277
注目	3.481481	0.84899800000000003	27	2.116981
状态	3.9629629999999998	1.0554429999999999	27	1.635499
捉摸	3.8518520000000001	1.2920970000000001	27	1.746610
走廊	1.888889	0.89155600000000002	27	3.709573
走私	2.8846150000000002	0.99305299999999996	26	2.713847
把关	3.6296300000000001	0.83887	27	1.968832
保值	3.75	0.98907100000000003	24	1.848462
表现	3.518519	1.087353	27	2.079943
蹩脚	3.25	1.0320940000000001	24	2.348462
插嘴	3	0.96076899999999998	27	2.598462
柴火	1.925926	0.91676400000000002	27	3.672536
沉迷	3.4074070000000001	0.97109199999999996	27	2.191055
称霸	3.4444439999999998	1.0127390000000001	27	2.154018
成绩	2.5555560000000002	1.0127390000000001	27	3.042906
冲突	3.074074	1.1410499999999999	27	2.524388
虫卵	1.888889	0.97402200000000005	27	3.709573
存款	1.7777780000000001	0.80064100000000005	27	3.820684
大意	3.4444439999999998	0.75106799999999996	27	2.154018
单据	2.4444439999999998	1.0127390000000001	27	3.154018
淡忘	3.518519	1.0141450000000001	27	2.079943
弹药	2.1111110000000002	1.154701	27	3.487351
抵赖	3.481481	1.155934	27	2.116981
地图	1.518519	0.70001999999999998	27	4.079943
点数	3.04	1.098484	25	2.558462
胴体	2.88	1.4809909999999999	25	2.718462
恶霸	2.3703699999999999	1.114525	27	3.228092
法官	1.6538459999999999	0.68948100000000001	26	3.944616
仿效	3.481481	1.0513859999999999	27	2.116981
绯红	3.2962959999999999	1.102962	27	2.302166
肥胖	2.1481479999999999	1.0267090000000001	27	3.450314
沸腾	2.8518520000000001	0.94883300000000004	27	2.746610
风情	3.7777780000000001	1.154701	27	1.820684
福音	3.6153849999999998	1.1340870000000001	26	1.983077
府第	2.68	1.144552	25	2.918462
复仇	3.0370370000000002	1.1596249999999999	27	2.561425
刚强	3.3333330000000001	1.037749	27	2.265129
供奉	3.4074070000000001	1.0473140000000001	27	2.191055
鼓手	1.8518520000000001	0.94883300000000004	27	3.746610
灌注	3.3846150000000002	0.941357	26	2.213847
诡辩	3.8076919999999999	0.98058100000000004	26	1.790770
还原	3.72	0.89069299999999996	25	1.878462
毫米	2.3333330000000001	1.1766970000000001	27	3.265129
壕沟	2.6538460000000001	1.3249089999999999	26	2.944616
好处	3.4444439999999998	1.086042	27	2.154018
好动	3.1481479999999999	1.0990800000000001	27	2.450314
号角	2.5925929999999999	1.30853	27	3.005869
荷花	1.4230769999999999	0.80860799999999999	26	4.175385
横行	3.64	0.99498699999999995	25	1.958462
红包	1.8518520000000001	1.0267090000000001	27	3.746610
麾下	3.4230770000000001	1.1374740000000001	26	2.175385
激动	3.1851850000000002	1.1447890000000001	27	2.413277
肩头	2	0.96076899999999998	27	3.598462
缴税	2.2962959999999999	1.0308630000000001	27	3.302166
节奏	3.2592590000000001	1.227649	27	2.339203
今晚	1.6153850000000001	0.75243199999999999	26	3.983077
紧凑	3.1851850000000002	1.0754980000000001	27	2.413277
紧张	3.1111110000000002	1.2195	27	2.487351
进贡	2.8518520000000001	1.0990800000000001	27	2.746610
惊奇	3	1.2709779999999999	27	2.598462
就业	2.4444439999999998	1.086042	27	3.154018
距离	2.481481	1.155934	27	3.116981
靠山	3.074074	0.95779899999999996	27	2.524388
可恨	3.2962959999999999	0.99285199999999996	27	2.302166
空姐	1.5769230000000001	0.70274199999999998	26	4.021539
两性	3.1111110000000002	1.2195	27	2.487351
潦草	3.3076919999999999	1.0107120000000001	26	2.290770
临时	3.7037040000000001	0.82344600000000001	27	1.894758
买家	2.5925929999999999	1.0834159999999999	27	3.005869
毛孔	1.925926	0.87380400000000003	27	3.672536
没法	4.038462	0.99922999999999995	26	1.560000
面临	3.5925929999999999	1.152231	27	2.005869
面谈	2.7037040000000001	1.0308630000000001	27	2.894758
苗圃	2.3846150000000002	1.0982499999999999	26	3.213847
木瓜	1.5555559999999999	0.80064100000000005	27	4.042906
忸怩	3.5416669999999999	0.97709299999999999	24	2.056795
品尝	2.9629629999999998	1.1596249999999999	27	2.635499
屏弃	3.72	0.979796	25	1.878462
奇艺	3.52	0.77028099999999999	25	2.078462
权衡	3.5925929999999999	1.0834159999999999	27	2.005869
拳击	2.0370370000000002	1.0183500000000001	27	3.561425
容器	2	0.96076899999999998	27	3.598462
容颜	2.8518520000000001	1.2619800000000001	27	2.746610
软禁	3.0370370000000002	0.979854	27	2.561425
赛跑	1.8461540000000001	0.92486999999999997	26	3.752308
三国	2.5	1.0677080000000001	26	3.098462
食指	1.518519	0.84899800000000003	27	4.079943
仕途	3.1111110000000002	1.120897	27	2.487351
手巾	1.888889	1.0500309999999999	27	3.709573
手巧	3.481481	0.93522400000000006	27	2.116981
手足	2.6538460000000001	1.129329	26	2.944616
栓塞	3.0416669999999999	0.95458500000000002	24	2.556795
松树	1.518519	1.0141450000000001	27	4.079943
特色	3.3703699999999999	1.2136450000000001	27	2.228092
添置	3.1153849999999998	1.070586	26	2.483077
铁匠	1.6296299999999999	0.96668100000000001	27	3.968832
外族	2.8518520000000001	1.133534	27	2.746610
吸毒	1.7407410000000001	0.902671	27	3.857721
下场	3.4444439999999998	1.0127390000000001	27	2.154018
下沉	3.1851850000000002	1.110684	27	2.413277
逍遥	3.961538	1.076319	26	1.636924
效能	3.5769229999999999	1.172112	26	2.021539
循环	3.3333330000000001	1.1766970000000001	27	2.265129
雅号	3.5	0.94868300000000005	26	2.098462
岩浆	2.1538460000000001	1.120439	26	3.444616
眼罩	1.6923079999999999	0.92819099999999999	26	3.906154
演出	2.2592590000000001	0.85900600000000005	27	3.339203
引用	3.5555560000000002	1.154701	27	2.042906
隐藏	3	1.2	26	2.598462
有用	3.5925929999999999	1.0473140000000001	27	2.005869
迂回	3.52	1.1224970000000001	25	2.078462
渊博	3.3846150000000002	1.0982499999999999	26	2.213847
圆满	3.5555560000000002	0.97402200000000005	27	2.042906
远古	3.1851850000000002	1.301982	27	2.413277
月饼	1.4444440000000001	0.84731900000000004	27	4.154018
运用	3.3333330000000001	0.91986599999999996	27	2.265129
杂务	3.074074	0.78082399999999996	27	2.524388
占领	3.1851850000000002	1.001423	27	2.413277
阵营	2.8518520000000001	0.98853800000000003	27	2.746610
震撼	3.7777780000000001	1.086042	27	1.820684
植物	2	0.877058	27	3.598462
中等	3.1481479999999999	0.98853800000000003	27	2.450314
中外	3.4444439999999998	1.086042	27	2.154018
肿瘤	2.04	1.059874	25	3.558462
转动	2.8846150000000002	1.0325470000000001	26	2.713847
庄园	1.962963	0.979854	27	3.635499
自杀	2.1481479999999999	1.0990800000000001	27	3.450314
走红	3.518519	1.0141450000000001	27	2.079943
作品	2.2222219999999999	1.2506409999999999	27	3.376240
掰开	1.961538	0.99922999999999995	26	3.636924
饱和	3.0769229999999999	1.0553889999999999	26	2.521539
保健	2.961538	1.112862	26	2.636924
必然	2.8076919999999999	1.54969	26	2.790770
扁平	2.0769229999999999	0.84489400000000003	26	3.521539
冰川	1.4230769999999999	0.75752600000000003	26	4.175385
颤抖	2.4230770000000001	1.172112	26	3.175385
陈腐	3.5	1.14208	24	2.098462
陈列	2.5769229999999999	1.2057549999999999	26	3.021539
成功	3.461538	1.3335900000000001	26	2.136924
弛缓	3.36	0.95218999999999998	25	2.238462
充足	3.1923080000000001	1.1320509999999999	26	2.406154
出战	2.2799999999999998	0.979796	25	3.318462
锄头	1.0769230000000001	0.27174599999999999	26	4.521539
橱窗	1.0769230000000001	0.27174599999999999	26	4.521539
揣摩	3.6923080000000001	1.1582479999999999	26	1.906154
传热	2.96	1.2741009999999999	25	2.638462
蹉跎	3.92	1.3203530000000001	25	1.678462
错失	3.08	1.037625	25	2.518462
大学	1.68	0.85244699999999995	25	3.918462
档次	3	1.2	26	2.598462
荡妇	2.538462	1.028816	26	3.060000
到处	3.6923080000000001	1.225373	26	1.906154
得到	2.769231	1.2746040000000001	26	2.829231
顶替	2.4230770000000001	1.172112	26	3.175385
毒药	1.8076920000000001	0.89528700000000005	26	3.790770
废置	2.48	0.87178	25	3.118462
芬芳	3.538462	1.207668	26	2.060000
粉饰	3.36	1.0754840000000001	25	2.238462
缝纫	1.8846149999999999	0.86380199999999996	26	3.713847
干爽	2.8076919999999999	1.1320509999999999	26	2.790770
公平	3.461538	1.2403470000000001	26	2.136924
功能	2.8076919999999999	1.2006410000000001	26	2.790770
构想	3.8076919999999999	1.2006410000000001	26	1.790770
姑息	4.0769229999999999	0.89097999999999999	26	1.521539
骸骨	1.538462	0.70601800000000003	26	4.060000
害虫	1.8461540000000001	0.833897	26	3.752308
和约	2.3846150000000002	1.0228170000000001	26	3.213847
回条	3.1578949999999999	1.4245140000000001	19	2.440567
回信	1.961538	0.87089700000000003	26	3.636924
婚宴	1.5769230000000001	0.70274199999999998	26	4.021539
火腿	1.0769230000000001	0.27174599999999999	26	4.521539
货币	1.769231	0.99227799999999999	26	3.829231
级数	3.1666669999999999	1.167184	24	2.431795
家具	1.769231	0.76460099999999998	26	3.829231
进账	2.730769	1.3132459999999999	26	2.867693
惊慌	3.730769	0.96156900000000001	26	1.867693
静音	2.1923080000000001	1.1320509999999999	26	3.406154
酒量	3.6538460000000001	0.97743800000000003	26	1.944616
拘泥	3.9230770000000001	0.74420799999999998	26	1.675385
军事	2.6923080000000001	1.1231819999999999	26	2.906154
看守	2.88	0.88128700000000004	25	2.718462
客厅	1.5	0.76157699999999995	26	4.098462
离子	3.36	1.3808210000000001	25	2.238462
粒子	3.0769229999999999	1.5211330000000001	26	2.521539
粮食	1.96	0.93452299999999999	25	3.638462
猎物	2.52	1.004988	25	3.078462
隆冬	2.96	1.2409669999999999	25	2.638462
鲁钝	3.7916669999999999	0.93153300000000006	24	1.806795
迷人	3.8076919999999999	0.89528700000000005	26	1.790770
妙龄	3.28	0.93630500000000005	25	2.318462
摩擦	3.230769	1.0698669999999999	26	2.367693
年龄	1.8461540000000001	0.92486999999999997	26	3.752308
黏性	2.76	0.92556300000000002	25	2.838462
篇幅	3.16	1.1789829999999999	25	2.438462
平原	1.8076920000000001	0.84943400000000002	26	3.790770
起床	1.769231	0.90808299999999997	26	3.829231
器皿	1.9230769999999999	0.84489400000000003	26	3.675385
曲线	2.6153849999999998	1.328967	26	2.983077
娶亲	1.8846149999999999	0.81618199999999996	26	3.713847
惹事	3.0769229999999999	1.1286480000000001	26	2.521539
杀气	4.2	1	25	1.398462
沙石	1.230769	0.42966900000000002	26	4.367693
神秘	4.2307689999999996	0.90808299999999997	26	1.367693
守则	3.038462	1.0384899999999999	26	2.560000
受伤	2.3076919999999999	0.970329	26	3.290770
双向	3	1.224745	25	2.598462
死者	1.56	0.76811499999999999	25	4.038462
诵读	2.0769229999999999	1.0167820000000001	26	3.521539
俗气	3.8461539999999999	0.73170000000000002	26	1.752308
台词	1.8461540000000001	0.73170000000000002	26	3.752308
摊牌	2.7083330000000001	1.041703	24	2.890129
碳酸	2.0833330000000001	1.100066	24	3.515129
烫伤	1.8846149999999999	0.86380199999999996	26	3.713847
逃跑	2.1923080000000001	1.1320509999999999	26	3.406154
退休	1.961538	0.95836399999999999	26	3.636924
拖车	1.4230769999999999	0.64330900000000002	26	4.175385
脱水	2.3846150000000002	0.982931	26	3.213847
外务	3.5	0.96362400000000004	22	2.098462
威风	4.038462	0.87089700000000003	26	1.560000
卫冕	2.7083330000000001	1.1220779999999999	24	2.890129
慰问	2.8076919999999999	0.98058100000000004	26	2.790770
文士	2.3913039999999999	1.1575500000000001	23	3.207158
先河	3.3043480000000001	1.32921	23	2.294114
相反	2.961538	1.2800240000000001	26	2.636924
相扑	1.84	1.143095	25	3.758462
相同	2.75	1.188715	24	2.848462
校际	3.4285709999999998	1.0281750000000001	21	2.169891
谢谢	2.5769229999999999	1.2703720000000001	26	3.021539
心底	3.7916669999999999	1.1787669999999999	24	1.806795
信步	3.5238100000000001	1.123345	21	2.074652
修理	2.6153849999999998	0.85214699999999999	26	2.983077
选民	1.9230769999999999	0.93479699999999999	26	3.675385
仪器	1.730769	0.82741500000000001	26	3.867693
银河	2.6153849999999998	1.6019220000000001	26	2.983077
荧幕	1.8461540000000001	1.1555880000000001	26	3.752308
雍容	3.8461539999999999	0.92486999999999997	26	1.752308
由此	3.454545	1.1433979999999999	22	2.143917
鱼网	1.1923079999999999	0.401918	26	4.406154
遇害	2.269231	1.002305	26	3.329231
冤狱	2.88	1.3329169999999999	25	2.718462
圆形	1.6538459999999999	1.0933360000000001	26	3.944616
责罚	2.6538460000000001	1.129329	26	2.944616
展览	2.0769229999999999	0.97665000000000002	26	3.521539
找寻	2.68	1.144552	25	2.918462
征服	3.3846150000000002	1.328967	26	2.213847
正门	1.8461540000000001	0.92486999999999997	26	3.752308
知觉	3.4230770000000001	1.0648219999999999	26	2.175385
滞留	2.538462	0.98917200000000005	26	3.060000
专家	2.3461539999999999	1.0561179999999999	26	3.252308
宗派	2.6923080000000001	1.192283	26	2.906154
罪恶	3.1923080000000001	1.1320509999999999	26	2.406154
作答	2.68	1.1803950000000001	25	2.918462
座落	2.3461539999999999	0.97743800000000003	26	3.252308
安抚	3.461538	0.85933800000000005	26	2.136924
薄冰	2.1923080000000001	1.0205580000000001	26	3.406154
宝贝	3.2	1.118034	25	2.398462
碑文	1.461538	0.58177400000000001	26	4.136924
背影	1.6923079999999999	0.83757899999999996	26	3.906154
兵法	2.8076919999999999	1.1320509999999999	26	2.790770
剥夺	3	1.1661900000000001	26	2.598462
不惜	4.0416670000000003	0.75060400000000005	24	1.556795
餐饮	2.0769229999999999	0.89097999999999999	26	3.521539
陈旧	2.769231	1.210213	26	2.829231
撑腰	2.9230770000000001	1.1286480000000001	26	2.675385
赐教	3.2	1.0801229999999999	25	2.398462
打扮	2.3076919999999999	1.0107120000000001	26	3.290770
呆滞	2.961538	1.2483839999999999	26	2.636924
挡路	2.1153849999999998	0.95192100000000002	26	3.483077
地契	1.3076920000000001	0.54912499999999997	26	4.290770
雕琢	2.3461539999999999	0.97743800000000003	26	3.252308
迭起	3.6818179999999998	0.99457399999999996	22	1.916644
读书	1.961538	0.91567500000000002	26	3.636924
杜绝	2.961538	1.341067	26	2.636924
渡过	3.08	1.3203530000000001	25	2.518462
断交	2.6923080000000001	1.086986	26	2.906154
对称	2.1538460000000001	0.92486999999999997	26	3.444616
鹅蛋	1.1153850000000001	0.32581300000000002	26	4.483077
恩赐	3.3461539999999999	1.0933360000000001	26	2.252308
发蜡	1.538462	0.85933800000000005	26	4.060000
方式	3.64	1.0754840000000001	25	1.958462
方位	2.8846150000000002	1.336471	26	2.713847
芳香	3.038462	1.3705700000000001	26	2.560000
分内	3.4347829999999999	0.89575199999999999	23	2.163679
分神	3.3846150000000002	1.328967	26	2.213847
分摊	2.538462	1.207668	26	3.060000
更换	2.461538	1.1395010000000001	26	3.136924
公布	2.461538	1.2721880000000001	26	3.136924
功率	2.269231	1.4016470000000001	26	3.329231
攻打	2.4230770000000001	1.0648219999999999	26	3.175385
恭候	2.9230770000000001	1.2937719999999999	26	2.675385
管理	3.1923080000000001	1.2655190000000001	26	2.406154
光度	3	1.477098	23	2.598462
后退	2.538462	1.1395010000000001	26	3.060000
呼喊	1.961538	0.95836399999999999	26	3.636924
黄河	1.1538459999999999	0.367946	26	4.444616
伙伴	1.961538	0.91567500000000002	26	3.636924
极刑	2.8	1.2583059999999999	25	2.798462
减肥	2.730769	1.0414490000000001	26	2.867693
见报	2.652174	1.112274	23	2.946288
健忘	2.961538	1.3705700000000001	26	2.636924
角色	2.6923080000000001	0.92819099999999999	26	2.906154
绞刑	1.6153850000000001	0.85214699999999999	26	3.983077
揭发	2.6538460000000001	1.16421	26	2.944616
劫匪	1.538462	0.58177400000000001	26	4.060000
结婚	1.6538459999999999	0.93562000000000001	26	3.944616
金粉	2	1.224745	25	3.598462
纠纷	3	1.1313709999999999	26	2.598462
剧烈	3.538462	0.94787200000000005	26	2.060000
开胃	3.1153849999999998	1.070586	26	2.483077
空气	2.1153849999999998	1.306198	26	3.483077
狼狗	1.1538459999999999	0.367946	26	4.444616
累死	3.3846150000000002	1.1688259999999999	26	2.213847
立功	2.769231	1.1066229999999999	26	2.829231
林荫	2.038462	0.99922999999999995	26	3.560000
领事	2.2799999999999998	1.0214369999999999	25	3.318462
露骨	3.269231	1.150919	26	2.329231
露营	1.8846149999999999	0.65280499999999997	26	3.713847
绿茶	1.461538	0.76056699999999999	26	4.136924
麻木	3.96	0.88881900000000003	25	1.638462
面对	3.1153849999999998	1.107318	26	2.483077
名模	2	0.84852799999999995	26	3.598462
母校	1.6538459999999999	0.89184300000000005	26	3.944616
木船	1.1538459999999999	0.46409499999999998	26	4.444616
纳妾	2.038462	0.77360300000000004	26	3.560000
纽扣	1.1538459999999999	0.367946	26	4.444616
派出	2.9166669999999999	1.1764600000000001	24	2.681795
判刑	2.5	1.1401749999999999	26	3.098462
叛国	2.3461539999999999	1.2310099999999999	26	3.252308
胖子	2.038462	0.95836399999999999	26	3.560000
贫乏	3.3461539999999999	1.2310099999999999	26	2.252308
聘请	2.461538	1.1395010000000001	26	3.136924
起立	1.8076920000000001	0.89528700000000005	26	3.790770
缱绻	3.2	1.1964859999999999	20	2.398462
亲友	1.961538	0.82368799999999998	26	3.636924
轻松	3.1923080000000001	1.1668499999999999	26	2.406154
秋天	1.6538459999999999	1.017539	26	3.944616
囚室	1.461538	0.50839100000000004	26	4.136924
全校	2.038462	1.182566	26	3.560000
妊娠	1.9230769999999999	0.97665000000000002	26	3.675385
闪避	2.8076919999999999	1.0590269999999999	26	2.790770
善恶	3.88	1.2013879999999999	25	1.718462
社工	1.9230769999999999	0.62757200000000002	26	3.675385
饰演	2.6538460000000001	1.2943659999999999	26	2.944616
首先	2.9230770000000001	1.383418	26	2.675385
兽欲	3.538462	1.3335900000000001	26	2.060000
输光	2.769231	1.210213	26	2.829231
水果	1.730769	0.91903000000000001	26	3.867693
说服	3.038462	1.0384899999999999	26	2.560000
送命	3.0769229999999999	1.2303850000000001	26	2.521539
蒜头	1.3076920000000001	0.47067900000000001	26	4.290770
挽留	3.230769	0.99227799999999999	26	2.367693
午夜	2.0769229999999999	0.89097999999999999	26	3.521539
峡谷	1.6923079999999999	0.88404700000000003	26	3.906154
宪制	2.7826089999999999	1.3802669999999999	23	2.815853
写字	1.6153850000000001	0.69724699999999995	26	3.983077
新娘	1.230769	0.42966900000000002	26	4.367693
虚构	3.3846150000000002	1.471786	26	2.213847
药理	3.3076919999999999	1.3789629999999999	26	2.290770
要挟	3.0769229999999999	1.1635489999999999	26	2.521539
意欲	3.8260869999999998	0.93673399999999996	23	1.772375
因子	3.36	1.350309	25	2.238462
阴道	1.461538	0.81145599999999996	26	4.136924
银两	1.5	0.58309500000000003	26	4.098462
英明	3.6153849999999998	1.235376	26	1.983077
预兆	3.36	1.319091	25	2.238462
圆周	2.12	0.97125300000000003	25	3.478462
遭遇	3.1153849999999998	1.070586	26	2.483077
摘要	2.4230770000000001	1.101747	26	3.175385
掌声	1.6153850000000001	0.75243199999999999	26	3.983077
爪牙	2.3846150000000002	1.0228170000000001	26	3.213847
之类	3.85	1.089423	20	1.748462
中央	2.4230770000000001	1.101747	26	3.175385
终年	2.769231	1.210213	26	2.829231
自负	3.6923080000000001	1.1582479999999999	26	1.906154
组成	3.269231	0.96156900000000001	26	2.329231
钻孔	1.9230769999999999	0.79614499999999999	26	3.675385
哀求	2.5555560000000002	1.1818740000000001	36	3.042906
罢课	1.5833330000000001	0.73192500000000005	36	4.015129
白话	2.6388889999999998	1.245627	36	2.959573
颁奖	1.5833330000000001	0.55420499999999995	36	4.015129
半圆	1.4444440000000001	0.55777299999999996	36	4.154018
背心	1.9166669999999999	0.99642200000000003	36	3.681795
必经	3.285714	1.226459	35	2.312748
庇护	3.0277780000000001	1.0819589999999999	36	2.570684
表面	2.5555560000000002	1.1574469999999999	36	3.042906
不良	3.1388889999999998	1.0731200000000001	36	2.459573
不配	3.1142859999999999	1.2549060000000001	35	2.484176
偿还	2.1944439999999998	0.92023100000000002	36	3.404018
扯谎	2.714286	1.126458	35	2.884176
粗心	3.1388889999999998	1.046157	36	2.459573
淡漠	3.3888889999999998	1.1026659999999999	36	2.209573
盗用	2.5	0.97100799999999998	36	3.098462
点燃	2	0.97014299999999998	35	3.598462
鼎立	3.2777780000000001	1.0586	36	2.320684
对岸	2.1428569999999998	0.974464	35	3.455605
恶梦	2.7777780000000001	1.3333330000000001	36	2.820684
反应	3.3333330000000001	1.1952290000000001	36	2.265129
放心	3.1666669999999999	1.320173	36	2.431795
分子	2.6764709999999998	1.386528	34	2.921991
风速	2.1666669999999999	0.94112399999999996	36	3.431795
封面	1.7222219999999999	0.94449099999999997	36	3.876240
锋芒	3.5555560000000002	1.0540929999999999	36	2.042906
概率	3.2	1.255576	35	2.398462
公园	1.388889	0.54917000000000005	36	4.209573
共和	3.5151520000000001	1.0931949999999999	33	2.083310
共聚	3.3529409999999999	1.01152	34	2.245521
勾结	3.0277780000000001	1.055221	36	2.570684
关口	2.6666669999999999	0.95618300000000001	36	2.931795
冠名	2.7058819999999999	1.1685110000000001	34	2.892580
光盘	1.4166669999999999	0.60356100000000001	36	4.181795
行星	1.7222219999999999	0.81455	36	3.876240
合同	1.611111	0.64488199999999996	36	3.987351
花红	3.2647059999999999	1.238494	34	2.333756
换班	2.1666669999999999	0.77459699999999998	36	3.431795
吉凶	3.5833330000000001	1.204159	36	2.015129
疆界	1.9722219999999999	0.97060000000000002	36	3.626240
金矿	1.4166669999999999	0.69178899999999999	36	4.181795
颈椎	1.4166669999999999	0.76997199999999999	36	4.181795
敬重	3.4166669999999999	0.93732099999999996	36	2.181795
纠察	3.1764709999999998	0.999108	34	2.421991
快乐	3.285714	1.36277	35	2.312748
筷子	1.1944440000000001	0.57666300000000004	36	4.404018
困扰	3.5	1.0281750000000001	36	2.098462
浪漫	3.7222219999999999	1.13669	36	1.876240
老练	3.5428570000000001	1.038745	35	2.055605
历届	2.25	0.96732300000000004	36	3.348462
恋人	1.6944440000000001	0.88864100000000001	36	3.904018
嶙峋	3.6857139999999999	1.022437	35	1.912748
流血	1.5833330000000001	0.69178899999999999	36	4.015129
隆起	2.4166669999999999	0.96732300000000004	36	3.181795
每天	1.6944440000000001	0.82182500000000003	36	3.904018
明白	2.6388889999999998	1.245627	36	2.959573
飘忽	3.6666669999999999	0.98952899999999999	33	1.931795
拚搏	2.9428570000000001	1.2112909999999999	35	2.655605
平凡	3.1111110000000002	1.1155470000000001	36	2.487351
平行	2.2222219999999999	1.0720099999999999	36	3.376240
企图	3.3333330000000001	1.1952290000000001	36	2.265129
启程	2.75	1.0246949999999999	36	2.848462
汽油	1.2222219999999999	0.48468600000000001	36	4.376240
谴责	3.2777780000000001	1.11127	36	2.320684
情书	1.7777780000000001	1.098339	36	3.820684
情绪	3.5142859999999998	1.1725140000000001	35	2.084176
群情	3.84375	0.919655	32	1.754712
热带	2.0285709999999999	0.85700299999999996	35	3.569891
人才	2.5833330000000001	1.3174650000000001	36	3.015129
仁义	3.5833330000000001	1.1307389999999999	36	2.015129
日食	1.5555559999999999	0.77254500000000004	36	4.042906
软件	1.9166669999999999	0.96732300000000004	36	3.681795
摄制	2.1515149999999998	0.795346	33	3.446947
石刻	2.1111110000000002	1.035865	36	3.487351
手球	1.714286	0.85993900000000001	35	3.884176
抒情	3.3888889999999998	1.3153550000000001	36	2.209573
竖琴	1.3333330000000001	0.63245600000000002	36	4.265129
双亲	1.361111	0.48713600000000001	36	4.237351
速递	2.25	0.93732099999999996	36	3.348462
算盘	1.8055559999999999	1.260826	36	3.792906
烫金	2.0857139999999998	0.85307200000000005	35	3.512748
特产	2.2777780000000001	0.77868400000000004	36	3.320684
特约	3.2941180000000001	1.1685110000000001	34	2.304344
天生	2.9722219999999999	1.2302409999999999	36	2.626240
天线	1.361111	0.83333299999999999	36	4.237351
填写	2.0833330000000001	0.96732300000000004	36	3.515129
停步	2.0833330000000001	0.87423399999999996	36	3.515129
痛快	3.2571430000000001	1.120474	35	2.341319
汪洋	2.4285709999999998	1.2195879999999999	35	3.169891
王冠	1.5277780000000001	0.50630900000000001	36	4.070684
网页	1.611111	0.64488199999999996	36	3.987351
微观	3.6111110000000002	1.1778379999999999	36	1.987351
文静	3.2571430000000001	1.066684	35	2.341319
文明	3.6111110000000002	0.96444700000000005	36	1.987351
武艺	2.6111110000000002	1.021981	36	2.987351
瞎眼	2.4857140000000002	1.121224	35	3.112748
下课	1.611111	0.68776099999999996	36	3.987351
线索	3.0571429999999999	1.1099250000000001	35	2.541319
孝子	2.3888889999999998	1.225393	36	3.209573
信函	1.5555559999999999	0.73463100000000003	36	4.042906
兴衰	3.4722219999999999	0.94070200000000004	36	2.126240
休假	1.8285709999999999	0.663578	35	3.769891
修长	2.75	1.079021	36	2.848462
巡视	2.3888889999999998	1.1778379999999999	36	3.209573
殉职	1.8	0.83313700000000002	35	3.798462
延期	2.3333330000000001	1.1952290000000001	36	3.265129
沿岸	1.9722219999999999	0.87785800000000003	36	3.626240
引进	2.7352940000000001	0.96322799999999997	34	2.863168
影像	2.1666669999999999	1.0281750000000001	36	3.431795
应急	2.8611110000000002	1.099423	36	2.737351
原野	2.342857	0.93754599999999999	35	3.255605
阅读	2	0.92581999999999998	36	3.598462
云端	3.2222219999999999	1.2674179999999999	36	2.376240
赃物	1.9444440000000001	0.86004800000000003	36	3.654018
栅栏	1.5833330000000001	0.806226	36	4.015129
战祸	3.1111110000000002	1.140871	36	2.487351
照片	1.4444440000000001	0.73463100000000003	36	4.154018
照相	1.638889	0.79831200000000002	36	3.959573
振动	2.2222219999999999	0.89796900000000002	36	3.376240
指纹	1.3333330000000001	0.47809099999999999	36	4.265129
主帅	1.7222219999999999	0.84890200000000005	36	3.876240
装饰	2.3888889999999998	1.0495650000000001	36	3.209573
自修	3.09375	1.058281	32	2.504712
诅咒	3.6666669999999999	1.3309500000000001	36	1.931795
薄情	3.7222219999999999	0.94449099999999997	36	1.876240
编号	1.75	0.76997199999999999	36	3.848462
变卖	2.657143	1.1867620000000001	35	2.941319
濒临	3.6857139999999999	1.1573659999999999	35	1.912748
参加	2.628571	1.113704	35	2.969891
惨叫	2.2777780000000001	1.0586	36	3.320684
产假	1.4571430000000001	0.560612	35	4.141319
抽签	1.861111	0.79831200000000002	36	3.737351
出动	2.6363639999999999	1.084498	33	2.962098
锉刀	1.388889	0.59894099999999995	36	4.209573
打气	2.7222219999999999	1.0852550000000001	36	2.876240
倒贴	2.9444439999999998	1.0404519999999999	36	2.654018
低声	2.2777780000000001	0.97427200000000003	36	3.320684
嘀咕	2.4857140000000002	1.0108649999999999	35	3.112748
典型	3.3611110000000002	1.099423	36	2.237351
逗笑	2.6	1.005865	35	2.998462
断绝	3.1428569999999998	1.0611550000000001	35	2.455605
恶魔	3.1142859999999999	1.4094519999999999	35	2.484176
方向	2.7222219999999999	1.13669	36	2.876240
飞车	2.0555560000000002	0.95452099999999995	36	3.542906
分发	2.5555560000000002	1.0266299999999999	36	3.042906
斧头	1.2222219999999999	0.48468600000000001	36	4.376240
各位	2.6470590000000001	1.177629	34	2.951403
功夫	2.8611110000000002	1.222475	36	2.737351
鼓膜	1.8823529999999999	0.72883100000000001	34	3.716109
寡人	2.4857140000000002	0.98133800000000004	35	3.112748
合办	3	1.1375930000000001	35	2.598462
洪亮	3.0277780000000001	1.275844	36	2.570684
虎年	1.9428570000000001	0.96840899999999996	35	3.655605
会计	1.5277780000000001	0.81015400000000004	36	4.070684
机智	3.1111110000000002	1.140871	36	2.487351
角落	2.1428569999999998	0.87926599999999999	35	3.455605
教师	1.361111	0.63932	36	4.237351
今朝	2.6111110000000002	1.225393	36	2.987351
今日	1.7777780000000001	0.92924300000000004	36	3.820684
京城	1.6944440000000001	0.85588500000000001	36	3.904018
惊动	3.2	1.079215	35	2.398462
旧友	2.2777780000000001	1.031258	36	3.320684
局部	2.8888889999999998	1.140871	36	2.709573
空袭	2	0.89442699999999997	36	3.598462
口红	1.342857	0.76477099999999998	35	4.255605
赖账	2.5142859999999998	1.197336	35	3.084176
冷漠	3.5142859999999998	0.95089500000000005	35	2.084176
离开	2.3529409999999999	1.0410470000000001	34	3.245521
联盟	2.5555560000000002	1.0266299999999999	36	3.042906
溜冰	1.75	0.76997199999999999	36	3.848462
流转	3.058824	1.0427580000000001	34	2.539638
蒙面	2	0.89442699999999997	36	3.598462
弥补	3.2571430000000001	1.038745	35	2.341319
庙会	1.9166669999999999	0.90632699999999999	36	3.681795
名画	1.7777780000000001	0.95949700000000004	36	3.820684
奶妈	1.514286	1.0395540000000001	35	4.084176
耐心	3.6111110000000002	1.2018500000000001	36	1.987351
南北	2.0555560000000002	1.0404519999999999	36	3.542906
年报	1.8	0.83313700000000002	35	3.798462
怕羞	3.4444439999999998	1.106976	36	2.154018
品格	3.6944439999999998	1.064208	36	1.904018
迫近	3.441176	1.133276	34	2.157286
破案	2.2941180000000001	0.93838699999999997	34	3.304344
欺骗	3.0555560000000002	1.2636559999999999	36	2.542906
欺压	3.1388889999999998	1.099423	36	2.459573
奇闻	2.9705879999999998	1.0294239999999999	34	2.627874
情调	3.6944439999999998	1.0090859999999999	36	1.904018
屈辱	3.4	1.1931179999999999	35	2.198462
全面	3.0571429999999999	1.1617139999999999	35	2.541319
让开	2.5142859999999998	1.0108649999999999	35	3.084176
饶舌	2.8857140000000001	0.96318800000000004	35	2.712748
任意	3.5294120000000002	1.134455	34	2.069050
融洽	3.4166669999999999	1.1307389999999999	36	2.181795
肉麻	3.6	1.0346919999999999	35	1.998462
乳酸	1.9166669999999999	0.93732099999999996	36	3.681795
软化	3.1944439999999998	1.037013	36	2.404018
杀手	2.1111110000000002	1.0079050000000001	36	3.487351
山涧	2.1111110000000002	0.97914800000000002	36	3.487351
山林	1.8333330000000001	0.84515399999999996	36	3.765129
上市	2.7777780000000001	0.95949700000000004	36	2.820684
上学	1.6857139999999999	0.71830799999999995	35	3.912748
舍监	2.2999999999999998	1.022168	30	3.298462
深切	3.6666669999999999	1.069045	36	1.931795
神经	3.0571429999999999	1.1867620000000001	35	2.541319
书店	1.4722219999999999	0.73624999999999996	36	4.126240
抒发	3.657143	1.1617139999999999	35	1.941319
水草	1.388889	0.59894099999999995	36	4.209573
朔望	3.9032260000000001	0.94356899999999999	31	1.695236
思潮	3.8285710000000002	1.0427820000000001	35	1.769891
特殊	3.7352940000000001	1.1885520000000001	34	1.863168
天鹅	1.4722219999999999	0.81015400000000004	36	4.126240
同时	3.0285709999999999	1.175378	35	2.569891
文化	3.5142859999999998	1.0108649999999999	35	2.084176
窝囊	3.6764709999999998	0.91189399999999998	34	1.921991
无形	4.0285710000000003	0.89066100000000004	35	1.569891
悉心	3.441176	0.95951900000000001	34	2.157286
侠盗	2.4444439999999998	1.0540929999999999	36	3.154018
侠义	3.5833330000000001	1.1557310000000001	36	2.015129
瑕疵	3.1111110000000002	1.063089	36	2.487351
下厨	2.1142859999999999	0.71830799999999995	35	3.484176
先知	3.40625	1.103057	32	2.192212
携手	2.8823530000000002	0.977464	34	2.716109
心软	3.6388889999999998	1.046157	36	1.959573
修行	3.4166669999999999	1.079021	36	2.181795
袖珍	2.6857139999999999	1.05081	35	2.912748
选美	2.5277780000000001	1.055221	36	3.070684
学徒	1.8333330000000001	0.810643	36	3.765129
压迫	3.4444439999999998	1.0266299999999999	36	2.154018
氧气	1.5833330000000001	0.806226	36	4.015129
议会	2.1388889999999998	0.83333299999999999	36	3.459573
意图	3.3611110000000002	1.1502239999999999	36	2.237351
音响	1.4722219999999999	0.73624999999999996	36	4.126240
用电	2.2285710000000001	0.94201599999999996	35	3.369891
优惠	2.6388889999999998	1.099423	36	2.959573
郁闷	3.5714290000000002	1.2195879999999999	35	2.027033
栽种	1.9722219999999999	0.97060000000000002	36	3.626240
糟糕	3.5277780000000001	1.0277890000000001	36	2.070684
寨主	1.8055559999999999	0.62424599999999997	36	3.792906
瞻仰	3.1944439999999998	1.064208	36	2.404018
战士	1.75	0.73192500000000005	36	3.848462
长者	2.1944439999999998	1.037013	36	3.404018
涨价	2.3888889999999998	1.2711699999999999	36	3.209573
振兴	3.1428569999999998	1.0611550000000001	35	2.455605
征兵	2.0277780000000001	0.81015400000000004	36	3.570684
挣扎	3.1388889999999998	1.222475	36	2.459573
竹叶	1.4444440000000001	0.84327399999999997	36	4.154018
尊严	3.5555560000000002	1.0808580000000001	36	2.042906
板块	3	1.118034	25	2.598462
帮忙	2.16	1.143095	25	3.438462
帮助	2.2799999999999998	1.0214369999999999	25	3.318462
抱病	2.652174	1.228772	23	2.946288
变通	3.36	1.0754840000000001	25	2.238462
彪炳	3.5555560000000002	1.096638	18	2.042906
槟榔	1.24	0.52281299999999997	25	4.358462
濒危	2.56	1.293574	25	3.038462
病院	2.0434779999999999	0.63805500000000004	23	3.554984
补偿	2.44	1.2609520000000001	25	3.158462
裁决	2.64	1.2871159999999999	25	2.958462
采集	2.4	1.118034	25	3.198462
参半	3.12	0.97125300000000003	25	2.478462
插曲	2.4583330000000001	0.97709299999999999	24	3.140129
彻底	2.76	1.3	25	2.838462
陈设	2.64	1.1503620000000001	25	2.958462
城市	1.76	0.96953599999999995	25	3.838462
持平	2.68	1.215182	25	2.918462
仇恨	2.75	1.390965	24	2.848462
垂直	1.8	1	25	3.798462
打烊	1.7916669999999999	1.350657	24	3.806795
诞生	2.16	1.0279430000000001	25	3.438462
敌方	1.88	0.72571799999999997	25	3.718462
帝国	2.76	1.16476	25	2.838462
递交	2.44	1.003328	25	3.158462
毒箭	1.9166669999999999	0.82970200000000005	24	3.681795
赌博	1.92	1.0770329999999999	25	3.678462
堆积	2.7083330000000001	1.197068	24	2.890129
反抗	2.2400000000000002	0.92556300000000002	25	3.358462
芳心	3.16	1.143095	25	2.438462
防毒	2.6666669999999999	0.96308700000000003	24	2.931795
非常	3.3333330000000001	1.3726100000000001	24	2.265129
匪徒	1.56	0.58309500000000003	25	4.038462
分类	2.48	1.0456259999999999	25	3.118462
风尚	3.76	1.0115989999999999	25	1.838462
凤凰	1.96	1.4282859999999999	25	3.638462
甘油	1.44	0.86986600000000003	25	4.158462
共犯	2.36	0.95218999999999998	25	3.238462
观摩	2.68	1.0692680000000001	25	2.918462
灌输	3.16	1.0677080000000001	25	2.438462
规格	2.4347829999999999	1.0798179999999999	23	3.163679
柜台	1.48	0.585947	25	4.118462
国防	2.44	1.1930350000000001	25	3.158462
葫芦	1.32	0.55677600000000005	25	4.278462
户外	2.3199999999999998	1.0692680000000001	25	3.278462
华丽	3.48	1.2288209999999999	25	2.118462
欢送	2.52	0.91833200000000004	25	3.078462
环绕	2.5833330000000001	1.059806	24	3.015129
回报	2.92	1.115049	25	2.678462
获得	2.5416669999999999	1.1412869999999999	24	3.056795
获悉	2.8260869999999998	0.98406300000000002	23	2.772375
积聚	3.08	1.1874340000000001	25	2.518462
记性	2.9090910000000001	1.3769910000000001	22	2.689371
枷锁	2.96	1.368698	25	2.638462
角逐	3.1666669999999999	1.167184	24	2.431795
借据	1.76	0.92556300000000002	25	3.838462
斤两	2.6	1.4142140000000001	25	2.998462
经验	3.36	1.1860299999999999	25	2.238462
净赚	2.44	1.121011	25	3.158462
敬佩	3.36	1.2871159999999999	25	2.238462
究竟	3.45	1.3562719999999999	20	2.148462
郡主	1.96	1.098484	25	3.638462
冷藏	2	0.91287099999999999	25	3.598462
冷静	3.04	1.2069240000000001	25	2.558462
廉耻	3.08	1.2220200000000001	25	2.518462
录用	1.96	0.78951499999999997	25	3.638462
马桶	1.2	0.408248	25	4.398462
蟒蛇	1.1200000000000001	0.33166200000000001	25	4.478462
梅雨	2.2799999999999998	0.89069299999999996	25	3.318462
米粉	1.2	0.408248	25	4.398462
米酒	1.32	0.55677600000000005	25	4.278462
内应	2.7916669999999999	0.88362700000000005	24	2.806795
拟人	3.875	1.075922	24	1.723462
培育	3.08	1.037625	25	2.518462
媲美	3.2916669999999999	1.1220779999999999	24	2.306795
趋势	3.5217390000000002	1.16266	23	2.076723
取材	3.0416669999999999	1.041703	24	2.556795
确切	3.25	1.188715	24	2.348462
收监	2	0.64888599999999996	20	3.598462
手工	1.7826090000000001	0.90234700000000001	23	3.815853
水路	1.8333330000000001	0.81649700000000003	24	3.765129
说教	3.32	1.0692680000000001	25	2.278462
太庙	2.0833330000000001	0.92861099999999996	24	3.515129
坦白	2.875	1.1156010000000001	24	2.723462
炭疽	2.5	1.3165610000000001	16	3.098462
套用	3.5833330000000001	0.97430799999999995	24	2.015129
天才	3.0416669999999999	1.4884820000000001	24	2.556795
天价	3.24	1.422439	25	2.358462
甜蜜	3.1666669999999999	1.3726100000000001	24	2.431795
铁锈	1.48	0.77028099999999999	25	4.118462
偷窥	2.375	1.209114	24	3.223462
弯腰	1.52	0.91833200000000004	25	4.078462
腕力	2.68	1.3759840000000001	25	2.918462
为此	3.8888889999999998	0.75839500000000004	18	1.709573
围巾	1.36	0.7	25	4.238462
卫生	2.96	1.1718930000000001	25	2.638462
无业	2.2799999999999998	0.89069299999999996	25	3.318462
舞台	1.84	1.0677080000000001	25	3.758462
戏剧	2.12	1.0132460000000001	25	3.478462
现况	3.12	1.0132460000000001	25	2.478462
享福	3.4	1.0801229999999999	25	2.198462
谢绝	2.5416669999999999	1.0623670000000001	24	3.056795
新春	2.48	1.294862	25	3.118462
虚弱	3	1.0408329999999999	25	2.598462
牙齿	1.2	0.408248	25	4.398462
胭脂	1.96	1.2069240000000001	25	3.638462
演习	2.3333330000000001	0.86811499999999997	24	3.265129
仰赖	3.6086960000000001	1.0330509999999999	23	1.989766
腰包	2.2400000000000002	0.96953599999999995	25	3.358462
遥远	3.4	1.1902379999999999	25	2.198462
叶子	1.44	0.50662300000000005	25	4.158462
衣袖	1.4	0.70710700000000004	25	4.198462
遗忘	3.08	0.99666100000000002	25	2.518462
颐养	3.7391299999999998	0.96377100000000004	23	1.859332
倚靠	3	1.0632189999999999	24	2.598462
油价	1.96	0.93452299999999999	25	3.638462
幼虫	1.84	0.898146	25	3.758462
猿猴	1.36	0.63770400000000005	25	4.238462
掌握	3.3333330000000001	1.00722	24	2.265129
招生	2.44	1.083205	25	3.158462
植入	3.1304349999999999	1.099766	23	2.468027
治愈	2.9166669999999999	1.1764600000000001	24	2.681795
中奖	2.04	1.2741009999999999	25	3.558462
字画	1.52	0.71414299999999997	25	4.078462
傲慢	3.36	1.1860299999999999	25	2.238462
备注	2.92	0.99666100000000002	25	2.678462
背景	3.24	1.1284209999999999	25	2.358462
便当	1.9583330000000001	0.80645	24	3.640129
病床	1.6	0.76376299999999997	25	3.998462
差价	2.64	0.86023300000000003	25	2.958462
产地	2.2000000000000002	1.118034	25	3.398462
昌盛	3.72	1.0614459999999999	25	1.878462
诚信	3.08	1.1874340000000001	25	2.518462
充血	2.6086960000000001	1.0330509999999999	23	2.989766
道具	1.76	0.66332500000000005	25	3.838462
动能	3.5416669999999999	1.1787669999999999	24	2.056795
房租	1.8	0.81649700000000003	25	3.798462
放逐	3.32	1.144552	25	2.278462
飞机	1.36	0.56862400000000002	25	4.238462
封杀	3.28	1.137248	25	2.318462
孵化	3.2	1.3228759999999999	25	2.398462
改变	3.56	1.1575839999999999	25	2.038462
高兴	2.6666669999999999	1.2394480000000001	24	2.931795
歌曲	1.92	1.037625	25	3.678462
格外	3.8695650000000001	0.91970099999999999	23	1.728897
拱桥	1.76	0.77888800000000002	25	3.838462
寡妇	1.68	0.74833099999999997	25	3.918462
管束	3.4583330000000001	0.88362700000000005	24	2.140129
光鲜	3.84	0.898146	25	1.758462
鬼才	3.6666669999999999	1.0495000000000001	24	1.931795
航海	2.04	0.97809299999999999	25	3.558462
互信	3.68	0.98826400000000003	25	1.918462
花式	3.8260869999999998	0.93673399999999996	23	1.772375
汇报	2.68	1.029563	25	2.918462
计谋	3.25	1.113162	24	2.348462
妓女	1.64	0.7	25	3.958462
将令	2.7727270000000002	1.1097760000000001	22	2.825735
浆糊	1.9583330000000001	1.0826359999999999	24	3.640129
交谈	2.6	1.1902379999999999	25	2.998462
交友	2.92	1.2884100000000001	25	2.678462
娇小	2.6	1.118034	25	2.998462
骄子	3.5217390000000002	1.201119	23	2.076723
节约	3.04	1.1718930000000001	25	2.558462
今年	1.7916669999999999	0.97709299999999999	24	3.806795
金表	1.32	0.47609499999999999	25	4.278462
静止	2.84	1.2806249999999999	25	2.758462
巨人	2.2799999999999998	1.0214369999999999	25	3.318462
俱全	3.6666669999999999	1.167184	24	1.931795
决裂	3.08	1.0770329999999999	25	2.518462
绝食	2.2083330000000001	1.250362	24	3.390129
均等	3.2608700000000002	1.0961669999999999	23	2.337592
客栈	1.68	0.55677600000000005	25	3.918462
恐龙	1.64	0.7	25	3.958462
口供	2.4583330000000001	1.102533	24	3.140129
苦难	3.6	1.118034	25	1.998462
来世	3.7083330000000001	1.2676289999999999	24	1.890129
赖皮	3	1.285369	24	2.598462
牢房	1.56	0.58309500000000003	25	4.038462
乐队	1.68	0.62716300000000003	25	3.918462
雷达	1.68	1.029563	25	3.918462
利用	3.84	0.94339799999999996	25	1.758462
谅解	3.25	0.98907100000000003	24	2.348462
临摹	2.5	1.14208	24	3.098462
领先	3.2	1.0801229999999999	25	2.398462
路线	2.36	1.220656	25	3.238462
贸易	2.88	1.235584	25	2.718462
梅花	1.32	0.55677600000000005	25	4.278462
美化	3.7083330000000001	0.80645	24	1.890129
门帘	1.48	0.50990199999999997	25	4.118462
闷热	2.64	1.0360180000000001	25	2.958462
灭亡	2.8	1.290994	25	2.798462
民心	3.28	1.369915	25	2.318462
名称	2.3199999999999998	1.10755	25	3.278462
明镜	2.7727270000000002	0.86914400000000003	22	2.825735
莫名	4	0.91766300000000001	20	1.598462
母鸡	1.24	0.52281299999999997	25	4.358462
纳粹	2.5833330000000001	1.2128540000000001	24	3.015129
疱疹	1.7083330000000001	0.85867300000000002	24	3.890129
起跑	2.68	0.94516299999999998	25	2.918462
气功	2.75	1.2597449999999999	24	2.848462
躯体	1.76	0.83066200000000001	25	3.838462
曲直	3.24	0.96953599999999995	25	2.358462
蜷曲	2.7916669999999999	1.102533	24	2.806795
染病	2.64	1.0754840000000001	25	2.958462
辱骂	2.3199999999999998	0.98826400000000003	25	3.278462
入口	2.2916669999999999	1.1601790000000001	24	3.306795
散会	2.08	1.0770329999999999	25	3.518462
少许	3.3333330000000001	1.0901400000000001	24	2.265129
伸张	3.16	1.1789829999999999	25	2.438462
石窟	1.72	0.54160299999999995	25	3.878462
驶离	2.5833330000000001	0.82970200000000005	24	3.015129
授予	2.72	1.0614459999999999	25	2.878462
术语	2.7916669999999999	1.2150920000000001	24	2.806795
水流	2.08	1.037625	25	3.518462
铁定	3.625	1.209114	24	1.973462
铁路	1.36	0.489898	25	4.238462
外界	3.12	1.2013879999999999	25	2.478462
玩弄	3.4782609999999998	0.94722399999999995	23	2.120201
卫星	1.48	0.585947	25	4.118462
物理	3.12	1.6155489999999999	25	2.478462
相隔	3.2173910000000001	1.1660550000000001	23	2.381071
详情	2.92	1.1874340000000001	25	2.678462
鞋底	1.48	0.50990199999999997	25	4.118462
泻药	1.76	0.83066200000000001	25	3.838462
兴奋	2.9583330000000001	1.334465	24	2.640129
兴盛	3.44	1.2609520000000001	25	2.158462
休业	2.4166669999999999	1.059806	24	3.181795
羞涩	2.84	1.1789829999999999	25	2.758462
秀丽	3.36	1.1860299999999999	25	2.238462
厌倦	3	1.314257	23	2.598462
羊羔	1.56	0.65064100000000002	25	4.038462
妖怪	3.08	1.3203530000000001	25	2.518462
摇滚	2.8	1.3228759999999999	25	2.798462
野草	1.8	0.91287099999999999	25	3.798462
衣饰	2	0.91287099999999999	25	3.598462
引力	3.125	1.2958970000000001	24	2.473462
应酬	2.88	1.1298969999999999	25	2.718462
泳镜	1.4	0.57735000000000003	25	4.198462
诱骗	3.2	1.0408329999999999	25	2.398462
远离	2.7916669999999999	0.97709299999999999	24	2.806795
长寿	2.44	1.2274640000000001	25	3.158462
职级	2.5833330000000001	1.1389039999999999	24	3.015129
制造	2.48	1.1590229999999999	25	3.118462
众多	3.36	1.350309	25	2.238462
注资	2.6666669999999999	1.129319	24	2.931795
自由	3.6	1.118034	25	1.998462
作者	1.8	0.81649700000000003	25	3.798462
安定	3.0555560000000002	0.98399899999999996	36	2.542906
按压	1.9444440000000001	0.92410400000000004	36	3.654018
昂贵	2.371429	1.2853410000000001	35	3.227033
摆布	3.1428569999999998	0.974464	35	2.455605
报纸	1.0857140000000001	0.28402899999999998	35	4.512748
毕竟	3.8529409999999999	1.0482990000000001	34	1.745521
避孕	1.5833330000000001	0.73192500000000005	36	4.015129
编录	2.371429	1.1653249999999999	35	3.227033
步伐	2.0277780000000001	0.94070200000000004	36	3.570684
操场	1.1944440000000001	0.40138600000000002	36	4.404018
岔路	1.9166669999999999	1.1557310000000001	36	3.681795
抄查	2.8484850000000002	1.064225	33	2.749977
超龄	2.558824	1.0207299999999999	34	3.039638
赤字	2.6666669999999999	1.3385320000000001	33	2.931795
传播	2.8888889999999998	1.1155470000000001	36	2.709573
船舱	1.361111	0.54262699999999997	36	4.237351
大腿	1.2777780000000001	0.81455	36	4.320684
弹奏	2.0555560000000002	1.119807	36	3.542906
灯塔	1.4722219999999999	0.81015400000000004	36	4.126240
滴水	1.9714290000000001	1.0141849999999999	35	3.627033
掉换	2.9444439999999998	1.0404519999999999	36	2.654018
定夺	3.3235290000000002	1.0363279999999999	34	2.274933
斗嘴	2.1666669999999999	0.94112399999999996	36	3.431795
豆奶	1.1944440000000001	0.46717700000000001	36	4.404018
恩师	1.7777780000000001	0.86556699999999998	36	3.820684
法院	1.361111	0.63932	36	4.237351
封闭	2.8888889999999998	1.1155470000000001	36	2.709573
苟同	3.8857140000000001	1.022437	35	1.712748
挂钟	1.361111	0.68254899999999996	36	4.237351
棺材	1.2222219999999999	0.48468600000000001	36	4.376240
管道	1.611111	1.0495650000000001	36	3.987351
光圈	2.75	1.0246949999999999	36	2.848462
广义	4.15625	1.0809009999999999	32	1.442212
锅炉	1.5277780000000001	0.77408399999999999	36	4.070684
还有	3.625	1.1288020000000001	32	1.973462
黑客	2.4722219999999999	1.341345	36	3.126240
欢乐	2.8888889999999998	1.304449	36	2.709573
谎言	3.1388889999999998	1.1502239999999999	36	2.459573
贿赂	2.25	1.2507140000000001	36	3.348462
浑蛋	3.1142859999999999	1.2312460000000001	35	2.484176
决定	2.7714289999999999	1.0869740000000001	35	2.827033
卡通	2.2777780000000001	1.0852550000000001	36	3.320684
开枪	1.6	0.77459699999999998	35	3.998462
客人	1.638889	0.72319800000000001	36	3.959573
空中	2.4444439999999998	1.1574469999999999	36	3.154018
拉力	3.1142859999999999	1.2312460000000001	35	2.484176
礼法	3.5277780000000001	1.1584749999999999	36	2.070684
礼堂	1.6666669999999999	0.98561100000000001	36	3.931795
利诱	3.4722219999999999	1.1080509999999999	36	2.126240
连续	3.4571429999999999	1.2209650000000001	35	2.141319
零时	2.1666669999999999	1.253566	36	3.431795
领情	3.2777780000000001	1.13669	36	2.320684
龙门	3.8076919999999999	1.3272299999999999	26	1.790770
沦陷	3.454545	1.1481209999999999	33	2.143917
落泪	1.5833330000000001	0.69178899999999999	36	4.015129
朦胧	3.9444439999999998	0.89265099999999997	36	1.654018
迷惑	3.628571	1.0595699999999999	35	1.969891
绵羊	1.361111	0.68254899999999996	36	4.237351
那年	3.4166669999999999	1.105183	36	2.181795
浓缩	3.1944439999999998	1.0907260000000001	36	2.404018
皮毛	2.2285710000000001	1.031439	35	3.369891
匹夫	3.3142860000000001	1.078436	35	2.284176
票房	2.3611110000000002	1.046157	36	3.237351
评测	2.8333330000000001	1.0555969999999999	36	2.765129
气窗	2.4848479999999999	1.3019510000000001	33	3.113614
千金	2.5428570000000001	1.0939099999999999	35	3.055605
抢夺	2.5833330000000001	1.2507140000000001	36	3.015129
轻视	3.1111110000000002	1.189905	36	2.487351
圈子	3.4571429999999999	1.066684	35	2.141319
泉水	1.4722219999999999	0.69636200000000004	36	4.126240
热力	3.0606059999999999	1.087985	33	2.537856
入选	2.7222219999999999	1.0852550000000001	36	2.876240
鲨鱼	1.285714	0.518563	35	4.312748
上司	1.888889	0.918937	36	3.709573
生还	2.9444439999999998	1.2175959999999999	36	2.654018
圣火	2.6388889999999998	1.3342259999999999	36	2.959573
实在	3.285714	1.25021	35	2.312748
柿子	1.111111	0.39840999999999999	36	4.487351
收支	2.3611110000000002	1.046157	36	3.237351
挑夫	2.0833330000000001	1.204159	36	3.515129
通车	2.285714	1.152272	35	3.312748
退出	2.4705879999999998	1.1608590000000001	34	3.127874
网址	1.7777780000000001	1.1240520000000001	36	3.820684
望见	3.1470590000000001	1.1840440000000001	34	2.451403
蜗牛	1.2571429999999999	0.65721600000000002	35	4.341319
戏弄	3.5555560000000002	1.0540929999999999	36	2.042906
细胞	1.9722219999999999	1.1080509999999999	36	3.626240
下限	3.5	1.0281750000000001	36	2.098462
校友	1.611111	0.72811999999999999	36	3.987351
心病	3.7058819999999999	1.087934	34	1.892580
辛酸	3.4857140000000002	1.2216530000000001	35	2.112748
许愿	3.3055560000000002	1.2832870000000001	36	2.292906
蓄意	3.4857140000000002	1.121224	35	2.112748
漩涡	2.3529409999999999	1.177629	34	3.245521
牙缝	2.0555560000000002	1.169724	36	3.542906
仪式	3.0277780000000001	1.0819589999999999	36	2.570684
疫区	2.5	1.207122	36	3.098462
优化	3.5833330000000001	1.1307389999999999	36	2.015129
有机	3.3636360000000001	1.3185739999999999	33	2.234826
余兴	3.8666670000000001	0.68144499999999997	30	1.731795
渔船	1.2777780000000001	0.45425700000000002	36	4.320684
舆论	3.2777780000000001	1.2560960000000001	36	2.320684
原告	1.6	0.60390900000000003	35	3.998462
宰割	3.2058819999999999	1.1749769999999999	34	2.392580
造成	3.4117649999999999	0.89163300000000001	34	2.186697
樟脑	1.818182	1.1026830000000001	33	3.780280
昭示	3.2058819999999999	0.94642599999999999	34	2.392580
着重	3.5277780000000001	0.87785800000000003	36	2.070684
针对	3.285714	1.0729679999999999	35	2.312748
砧板	1.4117649999999999	0.74336000000000002	34	4.186697
争论	2.8055560000000002	1.0090859999999999	36	2.792906
蒸馏	2.3142860000000001	1.078436	35	3.284176
正方	2.7714289999999999	1.238731	35	2.827033
正规	3	1.2421180000000001	36	2.598462
纸杯	1.3333330000000001	0.67612300000000003	36	4.265129
智能	3.3888889999999998	1.1026659999999999	36	2.209573
钟情	3.5294120000000002	1.0220389999999999	34	2.069050
主人	2	1.0289919999999999	35	3.598462
主意	3.1944439999999998	1.2146589999999999	36	2.404018
主宰	3.1666669999999999	1	36	2.431795
琢磨	3.5277780000000001	1.0819589999999999	36	2.070684
姊妹	1.5555559999999999	0.90851400000000004	36	4.042906
棕榈	1.676471	1.0363279999999999	34	3.921991
最终	3.1875	1.090649	32	2.410962
安心	3.2777780000000001	1.13669	36	2.320684
包揽	3.4166669999999999	0.90632699999999999	36	2.181795
包扎	1.5833330000000001	0.64917499999999995	36	4.015129
弊病	3.5277780000000001	0.94070200000000004	36	2.070684
博士	1.9444440000000001	1.0939950000000001	36	3.654018
餐厅	1.2777780000000001	0.61463599999999996	36	4.320684
残留	3.1666669999999999	1.158817	36	2.431795
耻辱	3.3333330000000001	1.2649109999999999	36	2.265129
抽血	1.5	0.696932	36	4.098462
惆怅	4.1944439999999998	0.74907400000000002	36	1.404018
筹款	2.2222219999999999	0.92924300000000004	36	3.376240
出院	1.7222219999999999	0.74108499999999999	36	3.876240
触电	1.861111	0.89929400000000004	36	3.737351
从前	3.2777780000000001	1.3007930000000001	36	2.320684
打手	2.2058819999999999	0.91384699999999996	34	3.392580
单纯	3.5277780000000001	0.99960300000000002	36	2.070684
登报	1.7714289999999999	0.59831699999999999	35	3.827033
掉头	1.9090910000000001	0.84275	33	3.689371
顶住	2.969697	1.357499	33	2.628765
丢弃	2.6111110000000002	1.1026659999999999	36	2.987351
督促	3.1388889999999998	1.1502239999999999	36	2.459573
笃定	3.5	1.0281750000000001	36	2.098462
儿歌	1.7222219999999999	0.61463599999999996	36	3.876240
发芽	1.9393940000000001	0.93338699999999997	33	3.659068
放宽	3.0857139999999998	0.98133800000000004	35	2.512748
飞弹	2.2352940000000001	1.0747469999999999	34	3.363168
菲薄	3.9714290000000001	0.74698299999999995	35	1.627033
分外	4.0606059999999999	0.74746999999999997	33	1.537856
风景	2.2285710000000001	1.002518	35	3.369891
服饰	1.75	0.96732300000000004	36	3.848462
驸马	1.8055559999999999	0.95077199999999995	36	3.792906
干燥	2.7222219999999999	1.0031699999999999	36	2.876240
钢琴	1.1944440000000001	0.57666300000000004	36	4.404018
跟进	3.3333330000000001	0.95618300000000001	36	2.265129
篝火	1.638889	0.72319800000000001	36	3.959573
古老	3.3611110000000002	1.1502239999999999	36	2.237351
股息	2.6875	1.1760379999999999	32	2.910962
光耀	3.7941180000000001	0.97792000000000001	34	1.804344
棍棒	1.611111	0.72811999999999999	36	3.987351
好久	3.8888889999999998	0.918937	36	1.709573
河床	2.371429	1.262251	35	3.227033
贺礼	2.1111110000000002	0.82037499999999997	36	3.487351
黑发	1.4722219999999999	0.60879799999999995	36	4.126240
红尘	4.1764710000000003	0.79660600000000004	34	1.421991
红叶	1.514286	0.50709300000000002	35	4.084176
鸿沟	3.7714289999999999	1.031439	35	1.827033
怀抱	2.441176	1.1062129999999999	34	3.157286
惶恐	3.8055560000000002	1.0090859999999999	36	1.792906
毁约	2.5833330000000001	0.99642200000000003	36	3.015129
浇灌	2.1714289999999998	1.0427820000000001	35	3.427033
矫正	2.7777780000000001	1.0173099999999999	36	2.820684
结果	2.8888889999999998	1.368582	36	2.709573
近亲	2.3611110000000002	0.83333299999999999	36	3.237351
敬酒	2.0277780000000001	0.84468500000000002	36	3.570684
拘束	3.5714290000000002	1.037126	35	2.027033
局长	1.7428570000000001	1.0100340000000001	35	3.855605
句子	2.0277780000000001	1.055221	36	3.570684
倦怠	3.5833330000000001	1.105183	36	2.015129
空想	3.8888889999999998	1.035865	36	1.709573
控告	2.5555560000000002	0.90851400000000004	36	3.042906
口试	2.3055560000000002	1.0090859999999999	36	3.292906
乐天	3.7647059999999999	1.0747469999999999	34	1.833756
类似	3.6470590000000001	0.91725400000000001	34	1.951403
流氓	2.2222219999999999	1.149189	36	3.376240
漏斗	1.638889	0.79831200000000002	36	3.959573
陆军	1.6	0.77459699999999998	35	3.998462
冒险	3.25	0.99642200000000003	36	2.348462
眉目	2.4444439999999998	0.96937200000000001	36	3.154018
末代	3	1.1114379999999999	35	2.598462
内阁	2.5151520000000001	1.1489450000000001	33	3.083310
逆流	2.8857140000000001	0.90004700000000004	35	2.712748
诺言	3.5	1.183216	36	2.098462
趴下	1.7777780000000001	0.76011700000000004	36	3.820684
庞大	3.0571429999999999	1.1867620000000001	35	2.541319
旁边	2.5294120000000002	0.96091199999999999	34	3.069050
刨冰	1.8333330000000001	0.77459699999999998	36	3.765129
破财	2.9444439999999998	1.119807	36	2.654018
绮丽	3.8333330000000001	0.84515399999999996	36	1.765129
窃听	2.2222219999999999	0.98882599999999998	36	3.376240
燃烧	2.0571429999999999	1.083102	35	3.541319
认识	2.9722219999999999	1.133543	36	2.626240
若干	3.7941180000000001	0.88006200000000001	34	1.804344
色情	2.6857139999999999	1.1316679999999999	35	2.912748
霎时	3.4117649999999999	1.1577839999999999	34	2.186697
胜负	2.4705879999999998	0.99194599999999999	34	3.127874
石灰	1.4166669999999999	0.55420499999999995	36	4.181795
示意	3.1142859999999999	0.93215199999999998	35	2.484176
收条	1.7428570000000001	0.81684000000000001	35	3.855605
手肘	1.4444440000000001	0.60683900000000002	36	4.154018
首航	2.3333330000000001	1.121224	36	3.265129
输入	2.3611110000000002	0.89929400000000004	36	3.237351
水压	2.2222219999999999	1.1240520000000001	36	3.376240
索引	2.5277780000000001	1.4439249999999999	36	3.070684
太极	2.5277780000000001	1.2980449999999999	36	3.070684
唐突	3.6111110000000002	0.96444700000000005	36	1.987351
条件	3.0285709999999999	1.150082	35	2.569891
统计	2.6666669999999999	1.069045	36	2.931795
土气	3.4857140000000002	1.067472	35	2.112748
婉拒	3.3611110000000002	1.099423	36	2.237351
袭击	2.5142859999999998	1.094678	35	3.084176
下棋	1.571429	0.65465399999999996	35	4.027033
现身	2.628571	1.031439	35	2.969891
效用	3.2285710000000001	1.113704	35	2.369891
醒目	3.1111110000000002	1.236996	36	2.487351
性感	3.3611110000000002	1.1502239999999999	36	2.237351
丫头	2.2000000000000002	0.90098	35	3.398462
押送	2.4857140000000002	1.1471560000000001	35	3.112748
炎夏	2.4444439999999998	1.2058059999999999	36	3.154018
钥匙	1.1666669999999999	0.560612	36	4.431795
忧虑	3.6666669999999999	0.86189199999999999	36	1.931795
游泳	1.5277780000000001	0.65404700000000005	36	4.070684
远航	2.8571430000000002	1.1152120000000001	35	2.741319
云海	2.8888889999999998	1.189905	36	2.709573
澡堂	1.361111	0.48713600000000001	36	4.237351
长处	2.9722219999999999	1.055221	36	2.626240
着火	1.8055559999999999	0.78629099999999996	36	3.792906
真迹	2.6388889999999998	1.0184800000000001	36	2.959573
郑重	3.4285709999999998	0.88403200000000004	35	2.169891
之际	4.03125	0.93271599999999999	32	1.567212
知己	3.1111110000000002	1.213679	36	2.487351
质疑	3.342857	1.083102	35	2.255605
中医	1.7222219999999999	0.77868400000000004	36	3.876240
注册	2.4166669999999999	1.0246949999999999	36	3.181795
哀痛	2.9666670000000002	1.376736	30	2.631795
白色	1.6333329999999999	0.92785700000000004	30	3.965129
背弃	3.1724139999999998	1.136064	29	2.426048
本校	1.933333	0.73968	30	3.665129
笨蛋	2.6	1.2757689999999999	30	2.998462
壁虎	1.4	0.93218299999999998	30	4.198462
变化	3.6206900000000002	1.082781	29	1.977772
别称	3	1.082781	30	2.598462
波纹	2.8	1.349329	30	2.798462
草地	1.3	0.46609200000000001	30	4.298462
畅销	3.1	1.2134309999999999	30	2.498462
成亲	1.9666669999999999	0.88991799999999999	30	3.631795
驰骋	3.2	1.063501	30	2.398462
充分	3.733333	0.86834500000000003	30	1.865129
崇拜	3.9333330000000002	0.58329200000000003	30	1.665129
初赛	2.233333	0.97143100000000004	30	3.365129
传颂	3.4666670000000002	0.93710199999999999	30	2.131795
船主	1.566667	0.72793200000000002	30	4.031795
垂柳	1.6	0.89442699999999997	30	3.998462
辞典	1.6666669999999999	0.99423600000000001	30	3.931795
错觉	3.766667	1.072648	30	1.831795
打量	3.233333	1.006302	30	2.365129
大义	3.9333330000000002	1.0148330000000001	30	1.665129
担忧	3.3	1.149213	30	2.298462
岛屿	1.3	0.46609200000000001	30	4.298462
地位	3.6	1.069966	30	1.998462
弟兄	1.8666670000000001	0.97320399999999996	30	3.731795
东方	2.5517240000000001	1.1828000000000001	29	3.046738
董事	2.1071430000000002	0.87514199999999998	28	3.491319
法案	2.3666670000000001	1.159171	30	3.231795
分母	2.2999999999999998	1.3429249999999999	30	3.298462
愤慨	3.233333	1.1943349999999999	30	2.365129
芙蓉	2.2000000000000002	1.349329	30	3.398462
概念	4.0999999999999996	1.1846719999999999	30	1.498462
甘心	3.9	0.71196700000000002	30	1.698462
刚毅	3.5	1.0085839999999999	30	2.098462
古堡	1.4666669999999999	0.57134600000000002	30	4.131795
骨气	3.9333330000000002	1.0148330000000001	30	1.665129
含义	4	0.96362400000000004	29	1.598462
好像	4.2142860000000004	0.994695	28	1.384176
合唱	1.8	0.71438400000000002	30	3.798462
恒星	1.7	0.87690699999999999	30	3.898462
互补	3.6333329999999999	1.0662	30	1.965129
回赠	2.8666670000000001	1.1366419999999999	30	2.731795
昏倒	1.8666670000000001	0.97320399999999996	30	3.731795
火车	1.1333329999999999	0.345746	30	4.465129
记录	2.5333329999999998	1.105888	30	3.065129
间断	3.5517240000000001	0.90971800000000003	29	2.046738
碱性	2.4666670000000002	0.93710199999999999	30	3.131795
交配	2.137931	0.83341500000000002	29	3.460531
教徒	1.9	0.99481399999999998	30	3.698462
井底	2.0333329999999998	1.159171	30	3.565129
居留	2.964286	1.104943	28	2.634176
拒捕	2.1333329999999999	0.97320399999999996	30	3.465129
空心	2.6785709999999998	1.0559730000000001	28	2.919891
里头	3.3571430000000002	1.0615950000000001	28	2.241319
浏览	2.5666669999999998	1.0400039999999999	30	3.031795
掳掠	2.9333330000000002	1.0806549999999999	30	2.665129
露天	2	0.75592899999999996	29	3.598462
履带	2.1785709999999998	1.3067789999999999	28	3.419891
率领	3.137931	1.0597890000000001	29	2.460531
蜜月	2.766667	1.3047219999999999	30	2.831795
名医	2.0333329999999998	0.96430499999999997	30	3.565129
内衣	1.3666670000000001	0.66867500000000002	30	4.231795
孽障	3.6333329999999999	0.99942500000000001	30	1.965129
泡沫	2.5172409999999998	1.2989200000000001	29	3.081221
凭据	2.4666670000000002	1.166585	30	3.131795
漆黑	2.3666670000000001	1.129032	30	3.231795
情侣	1.4666669999999999	0.62880999999999998	30	4.131795
让位	2.9	0.99481399999999998	30	2.698462
日本	1.2	0.484234	30	4.398462
冗员	3.1785709999999998	1.188013	28	2.419891
乳酪	1.3666670000000001	0.55605300000000002	30	4.231795
山沟	1.6333329999999999	0.85028700000000002	30	3.965129
闪亮	3.1	0.99481399999999998	30	2.498462
讪笑	2.8965519999999998	1.080503	29	2.701910
绅士	2.3448280000000001	1.142549	29	3.253634
生意	2.5333329999999998	1.105888	30	3.065129
失去	3.4	1.0034419999999999	30	2.198462
师傅	1.9	0.95952599999999999	30	3.698462
市场	2.8666670000000001	1.4076960000000001	30	2.731795
顺利	3.4	0.93218299999999998	30	2.198462
司法	2.7931029999999999	1.346406	29	2.805359
寺院	1.6	0.85500600000000004	30	3.998462
送行	2.4333330000000002	1.006302	30	3.165129
提拔	3	0.94686400000000004	30	2.598462
天文	2.3333330000000001	0.99423600000000001	30	3.265129
听命	3.2413789999999998	0.98760800000000004	29	2.357083
投身	3.5172409999999998	0.98636000000000001	29	2.081221
秃头	1.37931	0.62185199999999996	29	4.219152
驼背	1.3333330000000001	0.54667200000000005	30	4.265129
王法	3.1	1.2134309999999999	30	2.498462
文武	2.9655170000000002	1.3491470000000001	29	2.632945
问卷	1.6333329999999999	0.85028700000000002	30	3.965129
窝藏	3.1666669999999999	0.98552700000000004	30	2.431795
屋顶	1.4	0.56324200000000002	30	4.198462
无边	4.266667	0.90718699999999997	30	1.331795
献花	2.2413789999999998	0.98760800000000004	29	3.357083
小说	1.8666670000000001	1.105888	30	3.731795
鞋子	1.266667	0.44977600000000001	30	4.331795
写生	2.766667	1.3047219999999999	30	2.831795
薪水	1.8	0.886683	30	3.798462
幸会	3.5666669999999998	0.81720000000000004	30	2.031795
绣花	1.8666670000000001	0.86036599999999996	30	3.731795
询问	2.5333329999999998	1.0416609999999999	30	3.065129
依旧	3.8333330000000001	0.83390799999999998	30	1.765129
已经	3.8333330000000001	0.98552700000000004	30	1.765129
因此	3.6896550000000001	1.0036879999999999	29	1.908807
硬汉	2.4	1.0034419999999999	30	3.198462
邮票	1.3666670000000001	0.80871700000000002	30	4.231795
寓言	3.2068970000000001	1.3726750000000001	29	2.391565
原作	2.2000000000000002	1.2429110000000001	30	3.398462
月薪	1.733333	0.94443299999999997	30	3.865129
杂念	3.8333330000000001	1.053183	30	1.765129
再婚	1.933333	0.86834500000000003	30	3.665129
在逃	2.733333	0.94443299999999997	30	2.865129
榨取	3.3103449999999999	1.105294	29	2.288117
崭新	2.9	1.1551979999999999	30	2.698462
正轨	3.4482759999999999	1.055131	29	2.150186
至今	3.4333330000000002	1.0400039999999999	30	2.165129
仲裁	2.7	1.055364	30	2.898462
烛光	1.8333330000000001	0.83390799999999998	30	3.765129
住址	1.733333	0.98026500000000005	30	3.865129
总务	3.2758620000000001	1.161789	29	2.322600
薄荷	1.766667	0.97143100000000004	30	3.831795
本质	3.766667	1.072648	30	1.831795
笔名	1.9	0.88473599999999997	30	3.698462
并用	3.3333330000000001	0.84418199999999999	30	2.265129
不安	3.5333329999999998	1.105888	30	2.065129
不法	3.5172409999999998	1.021927	29	2.081221
不均	3.766667	0.81720000000000004	30	1.831795
采取	3.3666670000000001	1.0662	30	2.231795
操作	2.6	0.968468	30	2.998462
潮汐	1.8666670000000001	1.008014	30	3.731795
成见	3.4666670000000002	1.074255	30	2.131795
穿透	3.1	1.124952	30	2.498462
簇拥	2.9333330000000002	1.0482610000000001	30	2.665129
存在	3.3333330000000001	1.295439	30	2.265129
代劳	3.1	0.99481399999999998	30	2.498462
代替	2.9	1.124952	30	2.698462
带走	2.3666670000000001	1.033352	30	3.231795
导师	1.4	0.62145499999999998	30	4.198462
祷告	2.9666670000000002	1.0662	30	2.631795
等候	2.733333	1.142693	30	2.865129
掉包	2.3928569999999998	0.99402999999999997	28	3.205605
谍报	2.4666670000000002	1.008014	30	3.131795
钉鞋	1.7241379999999999	1.031523	29	3.874324
短跑	1.5	0.62972399999999995	30	4.098462
多事	3.862069	0.78939999999999999	29	1.736393
发功	3.785714	1.066567	28	1.812748
发音	2.6333329999999999	1.129032	30	2.965129
反悔	3.266667	1.201532	30	2.331795
返航	2.2000000000000002	0.99654600000000004	30	3.398462
饭菜	1.7	0.95231100000000002	30	3.898462
范本	2.2999999999999998	1.263547	30	3.298462
房东	1.3666670000000001	0.55605300000000002	30	4.231795
焚化	2.2999999999999998	1.022168	30	3.298462
蜂鸟	1.3666670000000001	0.80871700000000002	30	4.231795
奉劝	3.266667	1.0148330000000001	30	2.331795
付钱	1.766667	0.77385400000000004	30	3.831795
鼓声	1.8333330000000001	0.79147800000000001	30	3.765129
故事	2.6	1.2757689999999999	30	2.998462
广博	3.9655170000000002	1.209568	29	1.632945
海浪	1.5333330000000001	0.68144499999999997	30	4.065129
好评	2.6333329999999999	1.2726120000000001	30	2.965129
患难	3.3	0.98785699999999999	30	2.298462
浑浊	3.233333	0.97143100000000004	30	2.365129
甲等	3.137931	1.245682	29	2.460531
饺子	1.233333	0.43018299999999998	30	4.365129
教会	1.896552	1.0469280000000001	29	3.701910
借鉴	3.3448280000000001	1.0098039999999999	29	2.253634
经理	1.933333	0.82768200000000003	30	3.665129
警告	2.9	1.0288930000000001	30	2.698462
径赛	2.0344829999999998	0.98135300000000003	29	3.563979
具备	3.8333330000000001	0.94989400000000002	30	1.765129
崛起	3.6333329999999999	1.159171	30	1.965129
苛刻	3.6333329999999999	1.129032	30	1.965129
跨越	3.1666669999999999	1.085431	30	2.431795
困惑	3.8333330000000001	1.085431	30	1.765129
罹难	3.0344829999999998	1.051623	29	2.563979
丽人	2.733333	1.201532	30	2.865129
裂缝	1.896552	0.93902799999999997	29	3.701910
灵气	4.1333330000000004	1.074255	30	1.465129
零食	1.6333329999999999	0.76488999999999996	30	3.965129
留下	2.9333330000000002	1.142693	30	2.665129
硫酸	1.433333	0.72793200000000002	30	4.165129
路牌	1.5	0.57235100000000005	30	4.098462
落入	3.233333	1.006302	30	2.365129
帽子	1.233333	0.43018299999999998	30	4.365129
没落	3.5666669999999998	0.97143100000000004	30	2.031795
面条	1.266667	0.44977600000000001	30	4.331795
民主	4.0999999999999996	0.92288899999999996	30	1.498462
木材	1.566667	0.62606200000000001	30	4.031795
木屐	1.5	0.97379499999999997	30	4.098462
恼恨	3.733333	1.112107	30	1.865129
念旧	3.766667	1.1943349999999999	30	1.831795
捏造	3.6206900000000002	0.90292399999999995	29	1.977772
女友	1.6	0.77013200000000004	30	3.998462
徘徊	3.5333329999999998	1.008014	30	2.065129
配乐	2.233333	1.135124	30	3.365129
评分	2.4	1.0034419999999999	30	3.198462
屏风	1.5333330000000001	0.97320399999999996	30	4.065129
欺诈	3.0333329999999998	1.0662	30	2.565129
奇迹	4	0.98260700000000001	30	1.598462
敲门	1.8	0.76112400000000002	30	3.798462
侵蚀	3.2068970000000001	1.145778	29	2.391565
情感	3.7	1.2905489999999999	30	1.898462
曲率	3.074074	1.3566339999999999	27	2.524388
认领	2.766667	0.93526100000000001	30	2.831795
散心	2.7	1.263547	30	2.898462
山脊	1.6	0.81367599999999995	30	3.998462
商机	3.1	1.0938699999999999	30	2.498462
奢侈	3.4666670000000002	1.195778	30	2.131795
神似	4.3103449999999999	0.80637899999999996	29	1.288117
圣坛	2.4333330000000002	1.2507470000000001	30	3.165129
时钟	1.3333330000000001	0.54667200000000005	30	4.265129
受到	3.9285709999999998	0.978607	28	1.669891
书院	1.5	0.62972399999999995	30	4.098462
舒展	3.3333330000000001	0.88408699999999996	30	2.265129
思维	4.266667	1.0148330000000001	30	1.331795
碎石	1.6896549999999999	0.71231299999999997	29	3.908807
泰文	1.37931	0.56149000000000004	29	4.219152
探戈	1.896552	1.0469280000000001	29	3.701910
同名	2.4482759999999999	1.020721	29	3.150186
囤积	2.8965519999999998	1.144703	29	2.701910
完全	3.8965519999999998	1.144703	29	1.701910
乌鸦	1.1333329999999999	0.345746	30	4.465129
相公	1.5862069999999999	0.62776500000000002	29	4.012255
消灭	3.3666670000000001	1.0662	30	2.231795
校正	3.1	0.95952599999999999	30	2.498462
淹没	2.8333330000000001	1.147211	30	2.765129
义工	1.6333329999999999	0.71839500000000001	30	3.965129
荫凉	2.4333330000000002	1.222866	30	3.165129
音速	2.6666669999999999	1.397864	30	2.931795
饮泣	3.0769229999999999	1.0553889999999999	26	2.521539
印度	1.1666669999999999	0.37904900000000002	30	4.431795
迎战	2.7	1.055364	30	2.898462
云霄	2.3333330000000001	1.124441	30	3.265129
云游	3.5	1.105542	28	2.098462
运输	2.3333330000000001	1.124441	30	3.265129
争气	4.0333329999999998	0.96430499999999997	30	1.565129
重心	2.9333330000000002	0.98026500000000005	30	2.665129
猪脚	1.433333	0.85836000000000001	30	4.165129
转身	2.233333	0.89763400000000004	30	3.365129
转移	3.0333329999999998	1.188547	30	2.565129
撰写	2.733333	1.0148330000000001	30	2.865129
罪证	2.0666669999999998	0.98026500000000005	30	3.531795
扒手	1.5833330000000001	0.82970200000000005	24	4.015129
拜金	3.2916669999999999	1.1601790000000001	24	2.306795
班次	2.375	0.96964799999999995	24	3.223462
悲叹	3.8333330000000001	1.0901400000000001	24	1.765129
补足	3.1304349999999999	1.1403490000000001	23	2.468027
擦伤	1.7083330000000001	0.55003299999999999	24	3.890129
彩虹	1.5416669999999999	0.93153300000000006	24	4.056795
参赛	2.0416669999999999	1.041703	24	3.556795
操守	3.6956519999999999	0.92612499999999998	23	1.902810
超过	3.375	1.0959410000000001	24	2.223462
成全	3.3333330000000001	1.274044	24	2.265129
承蒙	3.9583330000000001	0.75060400000000005	24	1.640129
程序	2.5416669999999999	1.284664	24	3.056795
传统	3.4583330000000001	1.284664	24	2.140129
创新	3.7083330000000001	1.1220779999999999	24	1.890129
粗鲁	2.8260869999999998	1.266785	23	2.772375
存档	2.25	1.1515580000000001	24	3.348462
答复	2.5217390000000002	1.0387740000000001	23	3.076723
当差	2.7083330000000001	1.041703	24	2.890129
点火	1.5416669999999999	0.58823000000000003	24	4.056795
洞房	2.5416669999999999	1.102533	24	3.056795
对应	3.454545	1.1843129999999999	22	2.143917
发展	3.8333330000000001	0.96308700000000003	24	1.765129
翻转	2.4782609999999998	0.94722399999999995	23	3.120201
风光	3.4166669999999999	1.348644	24	2.181795
符号	2.375	1.1349199999999999	24	3.223462
附属	3.1739130000000002	1.029217	23	2.424549
复制	2.6666669999999999	1.167184	24	2.931795
柑橘	1.2083330000000001	0.41485100000000003	24	4.390129
共生	3.7727270000000002	0.97256699999999996	22	1.825735
孤儿	1.5	0.88465199999999999	24	4.098462
管辖	2.7083330000000001	0.95458500000000002	24	2.890129
管用	3.2173910000000001	1.2044060000000001	23	2.381071
归位	3.5652170000000001	1.3082290000000001	23	2.033245
过问	3.2083330000000001	1.0623670000000001	24	2.390129
函授	3.1904759999999999	1.077917	21	2.407986
行规	2.9166669999999999	1.2825470000000001	24	2.681795
好运	3.3043480000000001	1.550214	23	2.294114
后人	2.6086960000000001	1.0330509999999999	23	2.989766
狐狸	1.4583330000000001	0.93153300000000006	24	4.140129
话柄	3	1.2344269999999999	22	2.598462
怀孕	1.3333330000000001	0.56466000000000005	24	4.265129
幻觉	3.9166669999999999	0.97430799999999995	24	1.681795
皇族	2.6086960000000001	1.1961729999999999	23	2.989766
棘手	3.25	1.0320940000000001	24	2.348462
佳绩	2.875	1.1156010000000001	24	2.723462
简报	2.0416669999999999	0.85867300000000002	24	3.556795
见解	3.2173910000000001	1.2044060000000001	23	2.381071
骄横	3.4166669999999999	1.1389039999999999	24	2.181795
今天	1.8333330000000001	1.129319	24	3.765129
进步	2.9166669999999999	1.348644	24	2.681795
晋升	2.5	1.0632189999999999	24	3.098462
竞争	3.2083330000000001	0.93153300000000006	24	2.390129
矩形	1.9166669999999999	1.2128540000000001	24	3.681795
诀窍	3.5	0.83405799999999997	24	2.098462
铠甲	1.6666669999999999	0.86811499999999997	24	3.931795
浪潮	2.9583330000000001	1.334465	24	2.640129
厉鬼	3.6666669999999999	1.0901400000000001	24	1.931795
令牌	1.7916669999999999	0.88362700000000005	24	3.806795
论述	2.9166669999999999	1.2825470000000001	24	2.681795
满月	2.0909089999999999	0.92113199999999995	22	3.507553
内在	3.9583330000000001	1.1220779999999999	24	1.640129
迫害	3.1304349999999999	1.099766	23	2.468027
蒲团	2.086957	1.2399800000000001	23	3.511505
气管	1.521739	0.593109	23	4.076723
燃点	3.0416669999999999	1.2676289999999999	24	2.556795
认同	3.2916669999999999	1.232853	24	2.306795
绒布	1.625	0.96964799999999995	24	3.973462
融资	2.6666669999999999	1.0495000000000001	24	2.931795
圣徒	2.7391299999999998	0.91539300000000001	23	2.859332
失约	2.8333330000000001	1.129319	24	2.765129
世态	3.5	1.4142140000000001	24	2.098462
试图	3.7083330000000001	0.85867300000000002	24	1.890129
守约	2.7083330000000001	1.041703	24	2.890129
刷新	2.5	1.1033550000000001	24	3.098462
水箱	1.375	0.646899	24	4.223462
随后	3.625	1.0959410000000001	24	1.973462
套话	3.2083330000000001	1.102533	24	2.390129
提款	1.7916669999999999	0.72106000000000003	24	3.806795
体操	1.7083330000000001	0.95458500000000002	24	3.890129
体制	3.0833330000000001	1.1389039999999999	24	2.515129
天伦	3.75	1.188715	24	1.848462
条文	2.6956519999999999	1.1051439999999999	23	2.902810
通婚	2.7083330000000001	1.1601790000000001	24	2.890129
投降	2.25	1.293798	24	3.348462
涂抹	2.0416669999999999	1.0826359999999999	24	3.556795
网罗	4.0909089999999999	0.75017999999999996	22	1.507553
威力	3.7083330000000001	0.99909400000000004	24	1.890129
伟人	2.6666669999999999	1.307725	24	2.931795
温泉	1.5416669999999999	0.58823000000000003	24	4.056795
巫师	2.4583330000000001	1.318074	24	3.140129
蜈蚣	1.2083330000000001	0.50897700000000001	24	4.390129
物品	2.375	1.312565	24	3.223462
西餐	1.7083330000000001	1.1220779999999999	24	3.890129
西装	1.4166669999999999	0.71728199999999998	24	4.181795
希冀	3.9166669999999999	0.82970200000000005	24	1.681795
仙女	3.4583330000000001	1.4440029999999999	24	2.140129
陷害	3.25	1.1515580000000001	24	2.348462
小气	3.3333330000000001	1.129319	24	2.265129
形迹	3.375	0.92372100000000001	24	2.223462
休克	2.0833330000000001	0.97430799999999995	24	3.515129
休息	2.2916669999999999	0.99909400000000004	24	3.306795
牙医	1.3333330000000001	0.481543	24	4.265129
眼袋	1.375	0.57577900000000004	24	4.223462
羊群	1.5	0.78018900000000002	24	4.098462
阳伞	1.652174	0.88465199999999999	23	3.946288
夜校	2.125	0.89987899999999998	24	3.473462
以后	3.7083330000000001	1.0826359999999999	24	1.890129
萦绕	4.2173910000000001	0.59973600000000005	23	1.381071
悠闲	3.625	0.82422600000000001	24	1.973462
油门	1.625	0.57577900000000004	24	3.973462
云集	3.5833330000000001	0.97430799999999995	24	2.015129
赞颂	3.3043480000000001	1.1051439999999999	23	2.294114
渣滓	3.2608700000000002	1.2510859999999999	23	2.337592
丈量	2.4583330000000001	0.97709299999999999	24	3.140129
针灸	1.625	0.76966999999999997	24	3.973462
珍惜	3.8333330000000001	0.91683099999999995	24	1.765129
政策	2.2272729999999998	1.151885	22	3.371189
支架	1.8333330000000001	1.0495000000000001	24	3.765129
抓捕	2.0833330000000001	0.92861099999999996	24	3.515129
字义	2.9166669999999999	1.1389039999999999	24	2.681795
总站	2.1363639999999999	1.0821259999999999	22	3.462098
最近	3.4583330000000001	1.284664	24	2.140129
左右	2.375	1.209114	24	3.223462
把柄	2.9583330000000001	1.197068	24	2.640129
变迁	3.2916669999999999	0.99909400000000004	24	2.306795
布衣	2.2083330000000001	0.93153300000000006	24	3.390129
藏身	2.652174	1.0272950000000001	23	2.946288
策划	2.8695650000000001	1.099766	23	2.728897
铲除	3	1.0871150000000001	23	2.598462
阐述	3.3913039999999999	0.940944	23	2.207158
车尾	1.5833330000000001	0.50361	24	4.015129
尺度	2.9583330000000001	1.1601790000000001	24	2.640129
丑闻	3.0416669999999999	1.0826359999999999	24	2.556795
初恋	2.8333330000000001	1.3726100000000001	24	2.765129
厨房	1.4166669999999999	0.71728199999999998	24	4.181795
打骂	2	0.83405799999999997	24	3.598462
大牢	1.7916669999999999	0.83297100000000002	24	3.806795
大路	1.8333330000000001	0.86811499999999997	24	3.765129
低等	3.5416669999999999	1.020621	24	2.056795
电灯	1.375	0.71093899999999999	24	4.223462
动机	3.625	1.209114	24	1.973462
短处	3.3333330000000001	1.167184	24	2.265129
罚款	2	0.72231500000000004	24	3.598462
犯案	2.4166669999999999	0.97430799999999995	24	3.181795
绯闻	3.25	1.224745	24	2.348462
分手	2.5416669999999999	0.97709299999999999	24	3.056795
丰厚	3.875	1.075922	24	1.723462
服装	1.5416669999999999	0.72106000000000003	24	4.056795
感应	3.7916669999999999	1.1787669999999999	24	1.806795
割断	2.2083330000000001	0.88362700000000005	24	3.390129
给予	2.9583330000000001	1.041703	24	2.640129
鼓噪	3.5	1.336306	22	2.098462
归类	3.347826	1.228772	23	2.250636
贵族	2.4166669999999999	1.1764600000000001	24	3.181795
滚蛋	2.9583330000000001	1.1601790000000001	24	2.640129
果汁	1.5416669999999999	0.77902800000000005	24	4.056795
含量	3.2083330000000001	1.020621	24	2.390129
贺词	2.0416669999999999	0.99909400000000004	24	3.556795
候诊	2.1666669999999999	0.81649700000000003	24	3.431795
花展	2.0416669999999999	0.90789600000000004	24	3.556795
化身	4.0416670000000003	0.85867300000000002	24	1.556795
践踏	3.4583330000000001	0.88362700000000005	24	2.140129
金箔	1.5833330000000001	0.583592	24	4.015129
桔梗	1.6666669999999999	0.76138700000000004	24	3.931795
眷恋	4	0.65937999999999997	24	1.598462
开刀	2.086957	0.94930800000000004	23	3.511505
开会	1.875	0.85019199999999995	24	3.723462
牢狱	1.7083330000000001	0.95458500000000002	24	3.890129
礼物	1.9565220000000001	1.0650759999999999	23	3.641940
零件	1.8695649999999999	0.75704899999999997	23	3.728897
搂抱	2.0833330000000001	0.65386299999999997	24	3.515129
猛攻	2.875	0.99181399999999997	24	2.723462
敏感	4.0833329999999997	1.0179549999999999	24	1.515129
瞑目	3.5833330000000001	1.380506	24	2.015129
命令	2.652174	1.1524160000000001	23	2.946288
模式	3.347826	1.368765	23	2.250636
摩登	3.652174	1.4336439999999999	23	1.946288
目的	3.2083330000000001	1.250362	24	2.390129
尿布	1.4583330000000001	0.88362700000000005	24	4.140129
挪用	2.875	0.99181399999999997	24	2.723462
盘古	3.6086960000000001	1.4377740000000001	23	1.989766
旁白	2.7391299999999998	1.0961669999999999	23	2.859332
跑道	1.375	0.494535	24	4.223462
蓬松	3.375	1.013496	24	2.223462
飘零	3.8260869999999998	1.072473	23	1.772375
瓶颈	3.0416669999999999	1.3014760000000001	24	2.556795
破戒	3.5	1.14208	24	2.098462
企盼	3.7083330000000001	0.90789600000000004	24	1.890129
茄子	1.25	0.67566400000000004	24	4.348462
权柄	3.5217390000000002	1.2383850000000001	23	2.076723
溶解	2.625	1.0959410000000001	24	2.973462
蹂躏	3.625	1.013496	24	1.973462
僧人	1.4166669999999999	0.71728199999999998	24	4.181795
膳食	2.1666669999999999	0.76138700000000004	24	3.431795
商界	2.9166669999999999	1.1389039999999999	24	2.681795
商谈	3.0833330000000001	1.100066	24	2.515129
上手	3.4166669999999999	1.100066	24	2.181795
上瘾	3.625	1.209114	24	1.973462
伸冤	3.25	1.073394	24	2.348462
神灯	3.125	1.5965320000000001	24	2.473462
食物	1.9565220000000001	0.92825599999999997	23	3.641940
食欲	3.4166669999999999	1.1764600000000001	24	2.181795
书信	1.5833330000000001	0.583592	24	4.015129
枢纽	2.7916669999999999	1.0623670000000001	24	2.806795
水解	3.1739130000000002	1.029217	23	2.424549
说笑	2.5833330000000001	1.0179549999999999	24	3.015129
撕裂	2.8695650000000001	1.217462	23	2.728897
松驰	3.875	0.74088699999999996	24	1.723462
松紧	3.25	1.073394	24	2.348462
速度	3.1666669999999999	1.00722	24	2.431795
听说	3.8571430000000002	1.0623419999999999	21	1.741319
稀薄	3.7083330000000001	0.90789600000000004	24	1.890129
狭隘	4	1.0215080000000001	24	1.598462
吓倒	3.4347829999999999	1.236788	23	2.163679
贤良	3.5833330000000001	1.0179549999999999	24	2.015129
羡慕	4.0833329999999997	0.82970200000000005	24	1.515129
乡村	1.8333330000000001	0.86811499999999997	24	3.765129
协调	3.4347829999999999	0.84348199999999995	23	2.163679
心动	3.75	0.94408899999999996	24	1.848462
心急	3.2083330000000001	1.1787669999999999	24	2.390129
心声	3.75	1.113162	24	1.848462
刑罚	2.4347829999999999	1.03687	23	3.163679
形状	2.7083330000000001	1.2676289999999999	24	2.890129
虚惊	3.8333330000000001	0.86811499999999997	24	1.765129
学术	3.4166669999999999	1.1764600000000001	24	2.181795
雅典	2.125	1.454005	24	3.473462
要求	3.3913039999999999	1.0330509999999999	23	2.207158
遗传	3.25	1.293798	24	2.348462
音符	2.1666669999999999	1.00722	24	3.431795
银色	1.8333330000000001	1.0495000000000001	24	3.765129
幽禁	3.8260869999999998	1.072473	23	1.772375
预言	3.9166669999999999	0.97430799999999995	24	1.681795
冤枉	3.4583330000000001	1.102533	24	2.140129
员工	1.5	0.58976799999999996	24	4.098462
载客	2.2083330000000001	1.020621	24	3.390129
瘴气	2.2916669999999999	1.1601790000000001	24	3.306795
招认	3.1363639999999999	1.1252709999999999	22	2.462098
昭彰	4.2857139999999996	0.64365000000000006	21	1.312748
照明	1.9583330000000001	0.85867300000000002	24	3.640129
征婚	2.0416669999999999	0.85867300000000002	24	3.556795
政变	2.4583330000000001	1.102533	24	3.140129
只是	3.7777780000000001	1.2153700000000001	18	1.820684
职责	2.4782609999999998	1.122884	23	3.120201
指标	2.4090910000000001	1.0980110000000001	22	3.189371
庄子	1.5652170000000001	0.94513499999999995	23	4.033245
自信	3.5416669999999999	0.93153300000000006	24	2.056795
被单	1.269231	0.53349400000000002	26	4.329231
驳斥	2.8846150000000002	1.1773499999999999	26	2.713847
博客	2	1.1661900000000001	26	3.598462
补习	2.5769229999999999	1.172112	26	3.021539
捕头	1.961538	1.182566	26	3.636924
不才	4	0.87287199999999998	22	1.598462
布置	2.730769	1.3728130000000001	26	2.867693
草莓	1.1153850000000001	0.43145499999999998	26	4.483077
厕所	1.230769	0.42966900000000002	26	4.367693
茶杯	1.230769	0.42966900000000002	26	4.367693
查问	3.269231	1.002305	26	2.329231
忏悔	3.5	1.0677080000000001	26	2.098462
沉重	3.68	1.10755	25	1.918462
承保	3.875	0.99181399999999997	24	1.723462
冲浪	2.038462	1.0384899999999999	26	3.560000
充电	2.2400000000000002	1.2	25	3.358462
充满	3.28	1.173314	25	2.318462
抽查	2.8846150000000002	0.99305299999999996	26	2.713847
出马	3.769231	0.95111299999999999	26	1.829231
初次	2.538462	1.2403470000000001	26	3.060000
当中	3.2916669999999999	1.041703	24	2.306795
巅峰	3.1923080000000001	1.1320509999999999	26	2.406154
动脉	2	0.86602500000000004	25	3.598462
独自	2.6153849999999998	1.0982499999999999	26	2.983077
杜鹃	1.5769230000000001	1.02657	26	4.021539
多情	3.730769	1.115623	26	1.867693
反射	3.038462	1.182566	26	2.560000
返回	2.8076919999999999	1.1668499999999999	26	2.790770
沸水	1.6923079999999999	0.54912499999999997	26	3.906154
风趣	3.6538460000000001	0.97743800000000003	26	1.944616
各国	2.6	1.0408329999999999	25	2.998462
公鸡	1.1923079999999999	0.63367099999999998	26	4.406154
公立	3.230769	1.1766970000000001	26	2.367693
光速	2.5	1.4212670000000001	26	3.098462
鬼怪	3.36	1.4685589999999999	25	2.238462
果断	3.36	1.220656	25	2.238462
号外	3.44	1.121011	25	2.158462
胡桃	1.6153850000000001	0.941357	26	3.983077
护卫	2.5	1.208305	26	3.098462
涣散	3.8076919999999999	0.93890300000000004	26	1.790770
皇冠	1.8076920000000001	0.84943400000000002	26	3.790770
谎话	3.1538460000000001	1.2228589999999999	26	2.444616
悔恨	3.44	1.003328	25	2.158462
火球	2.1153849999999998	0.81618199999999996	26	3.483077
机关	2.875	1.1539159999999999	24	2.723462
机能	4	1.0198039999999999	26	1.598462
即时	3.28	1.0214369999999999	25	2.318462
忌讳	3.461538	1.1740790000000001	26	2.136924
继任	3.269231	1.2508459999999999	26	2.329231
佳人	2.9230770000000001	1.1635489999999999	26	2.675385
交战	2.4230770000000001	1.172112	26	3.175385
接收	2.8076919999999999	1.2006410000000001	26	2.790770
睫毛	1.230769	0.42966900000000002	26	4.367693
紧接	3.769231	0.90808299999999997	26	1.829231
经常	3.2	1.154701	25	2.398462
精算	3.44	1.0440309999999999	25	2.158462
举动	3.461538	1.103839	26	2.136924
诀别	2.8846150000000002	1.107318	26	2.713847
开方	3.2727270000000002	1.3516060000000001	22	2.325735
空间	3.538462	1.30325	26	2.060000
口号	2.4	1.1902379999999999	25	3.198462
夸张	3.769231	1.0318020000000001	26	1.829231
老公	1.4230769999999999	0.50383100000000003	26	4.175385
栗子	1.1538459999999999	0.367946	26	4.444616
灵活	3.5769229999999999	1.0648219999999999	26	2.021539
埋葬	2.2799999999999998	1.0214369999999999	25	3.318462
毛利	2.84	1.2806249999999999	25	2.758462
梦遗	3.1538460000000001	1.37673	26	2.444616
秘史	3.538462	1.103839	26	2.060000
名次	2.2400000000000002	1.2	25	3.358462
母爱	3.4230770000000001	1.2703720000000001	26	2.175385
年历	2.1538460000000001	1.084152	26	3.444616
碾碎	2.538462	1.103839	26	3.060000
辟谣	3.3076919999999999	0.970329	26	2.290770
拼搏	3.461538	1.207668	26	2.136924
品行	3.8076919999999999	1.2655190000000001	26	1.790770
请帖	1.6923079999999999	0.92819099999999999	26	3.906154
全集	2.9230770000000001	1.2624759999999999	26	2.675385
柔道	1.84	0.85048999999999997	25	3.758462
奢望	4.038462	0.77360300000000004	26	1.560000
守寡	2.5769229999999999	1.3615600000000001	26	3.021539
帅气	3.230769	1.3655090000000001	26	2.367693
私心	3.5769229999999999	1.3014779999999999	26	2.021539
伺候	3.0769229999999999	1.197433	26	2.521539
所有	3.3913039999999999	1.4377740000000001	23	2.207158
坍方	2.230769	1.142198	26	3.367693
梯级	2.8461539999999999	1.4336610000000001	26	2.752308
通病	3.6153849999999998	0.941357	26	1.983077
同意	2.68	1.0692680000000001	25	2.918462
童谣	2.038462	0.82368799999999998	26	3.560000
枉然	4.0833329999999997	0.82970200000000005	24	1.515129
无比	4.3913039999999999	0.58302699999999996	23	1.207158
吸烟	1.3076920000000001	0.47067900000000001	26	4.290770
先人	2.6	1.3228759999999999	25	2.998462
显露	3.5769229999999999	1.2384850000000001	26	2.021539
显示	2.8846150000000002	1.2108479999999999	26	2.713847
限制	3.1153849999999998	1.275207	26	2.483077
想象	4.1538459999999997	0.833897	26	1.444616
象征	3.8846150000000002	1.107318	26	1.713847
消化	3.038462	1.112862	26	2.560000
邪念	4.038462	1.112862	26	1.560000
泄密	3.0769229999999999	1.2624759999999999	26	2.521539
谢罪	2.8076919999999999	1.0590269999999999	26	2.790770
新月	2.3636360000000001	1.328997	22	3.234826
性命	2.730769	1.3433600000000001	26	2.867693
旭日	2.0769229999999999	1.0553889999999999	26	3.521539
筵席	2.12	0.78102499999999997	25	3.478462
妖艳	3.3846150000000002	1.2673410000000001	26	2.213847
旖旎	3.9090910000000001	1.230915	22	1.689371
议员	1.8846149999999999	0.86380199999999996	26	3.713847
意见	3	1.095445	26	2.598462
引号	2.6666669999999999	1.578846	24	2.931795
永远	4.1153849999999998	1.107318	26	1.483077
游击	3.1153849999999998	0.95192100000000002	26	2.483077
娱乐	3.038462	1.112862	26	2.560000
榆树	1.230769	0.42966900000000002	26	4.367693
悦耳	3.6923080000000001	1.225373	26	1.906154
贼船	3.32	1.144552	25	2.278462
摘除	2.6923080000000001	1.049542	26	2.906154
召见	2.9230770000000001	1.092633	26	2.675385
中立	2.92	0.95393899999999998	25	2.678462
皱纹	1.538462	0.70601800000000003	26	4.060000
足金	2.2000000000000002	1.0408329999999999	25	3.398462
坐标	2.730769	1.218448	26	2.867693
壁球	1.6666669999999999	1.0495000000000001	24	3.931795
差役	2.68	1.2819259999999999	25	2.918462
缠绕	3.230769	1.242826	26	2.367693
超支	3	1.1661900000000001	26	2.598462
称心	3.9230770000000001	1.2624759999999999	26	1.675385
迟疑	3.6923080000000001	1.1582479999999999	26	1.906154
出发	2.8461539999999999	1.1896990000000001	26	2.752308
出航	2.5769229999999999	1.2057549999999999	26	3.021539
除掉	3.4	1	25	2.198462
大厅	1.3461540000000001	0.48516500000000001	26	4.252308
胆怯	3.6	1.0801229999999999	25	1.998462
动感	4.0769229999999999	0.97665000000000002	26	1.521539
遏止	3.5769229999999999	1.0648219999999999	26	2.021539
反击	3.1923080000000001	1.386196	26	2.406154
个体	2.461538	1.1740790000000001	26	3.136924
古人	2.6538460000000001	1.4125810000000001	26	2.944616
故意	3.6153849999999998	1.1688259999999999	26	1.983077
刮痧	1.8076920000000001	1.0205580000000001	26	3.790770
归纳	3.6923080000000001	1.0107120000000001	26	1.906154
国策	2.9230770000000001	1.2937719999999999	26	2.675385
果糖	1.730769	0.87442299999999995	26	3.867693
海港	1.730769	1.002305	26	3.867693
会考	2.769231	1.3358950000000001	26	2.829231
混淆	4.038462	0.77360300000000004	26	1.560000
记念	3.7083330000000001	0.99909400000000004	24	1.890129
记忆	3.538462	1.0669869999999999	26	2.060000
祭祀	2.6923080000000001	1.257592	26	2.906154
甲板	1.5	0.58309500000000003	26	4.098462
监督	3.269231	1.0791729999999999	26	2.329231
减少	3.28	1.24231	25	2.318462
娇纵	3.375	1.1349199999999999	24	2.223462
椒盐	1.538462	0.90468899999999997	26	4.060000
接受	3	1.1661900000000001	26	2.598462
节俭	3.1153849999999998	1.1773499999999999	26	2.483077
节制	3.6153849999999998	1.1340870000000001	26	1.983077
借口	3.5769229999999999	0.98683600000000005	26	2.021539
进驻	3.36	0.99498699999999995	25	2.238462
警犬	1.3461540000000001	0.845804	26	4.252308
捐助	2.5769229999999999	0.98683600000000005	26	3.021539
开水	1.461538	0.85933800000000005	26	4.136924
空置	2.961538	0.91567500000000002	26	2.636924
口吃	2.3846150000000002	0.941357	26	3.213847
口罩	1.3076920000000001	0.67936600000000003	26	4.290770
旷课	2.1923080000000001	0.93890300000000004	26	3.406154
烂泥	2.538462	1.2403470000000001	26	3.060000
老友	2.1923080000000001	1.0590269999999999	26	3.406154
雷暴	2.461538	1.3335900000000001	26	3.136924
淋漓	4.1739129999999998	0.88688299999999998	23	1.424549
楼梯	1.3846149999999999	0.57109900000000002	26	4.213847
论坛	2.56	1.0440309999999999	25	3.038462
逻辑	4	1.0801229999999999	25	1.598462
马车	1.5	0.64807400000000004	26	4.098462
买卖	3.1538460000000001	1.120439	26	2.444616
门牌	1.461538	0.85933800000000005	26	4.136924
蒙冤	3.8461539999999999	0.833897	26	1.752308
面额	2.4230770000000001	1.2057549999999999	26	3.175385
面试	2.230769	1.142198	26	3.367693
民族	2.461538	1.1740790000000001	26	3.136924
泯灭	3.9166669999999999	0.88054699999999997	24	1.681795
末世	3.9565220000000001	1.1069310000000001	23	1.641940
墓地	1.8461540000000001	1.120439	26	3.752308
难过	3.6153849999999998	1.1340870000000001	26	1.983077
难受	3.8076919999999999	1.1320509999999999	26	1.790770
年青	2.961538	1.1482429999999999	26	2.636924
女仆	1.961538	0.87089700000000003	26	3.636924
排队	2.4	1.0408329999999999	25	3.198462
判决	3	1.232883	26	2.598462
陪葬	2.8076919999999999	1.1320509999999999	26	2.790770
膨胀	3.8076919999999999	1.1668499999999999	26	1.790770
谦让	3.5769229999999999	1.101747	26	2.021539
嵌入	3.3461539999999999	1.0561179999999999	26	2.252308
亲自	2.64	1.1503620000000001	25	2.958462
庆典	2.6538460000000001	1.383974	26	2.944616
驱动	3.84	0.74610100000000001	25	1.758462
全能	3.5769229999999999	1.1374740000000001	26	2.021539
全心	3.9230770000000001	0.74420799999999998	26	1.675385
荣华	4.08	0.90921200000000002	25	1.518462
入味	3.5769229999999999	1.2384850000000001	26	2.021539
三维	3.4	1.290994	25	2.198462
商店	1.6153850000000001	0.941357	26	3.983077
上流	3.64	0.95218999999999998	25	1.958462
哨兵	1.5769230000000001	0.75752600000000003	26	4.021539
舍得	3.8076919999999999	0.93890300000000004	26	1.790770
肾脏	1.3846149999999999	0.57109900000000002	26	4.213847
拾取	3.3076919999999999	1.1582479999999999	26	2.290770
示众	3.0769229999999999	1.383418	26	2.521539
事实	3.44	1.2274640000000001	25	2.158462
手铐	1.3461540000000001	0.68948100000000001	26	4.252308
肃静	3.4230770000000001	0.98683600000000005	26	2.175385
算计	3.88	0.92736200000000002	25	1.718462
特权	3.64	1.0754840000000001	25	1.958462
体验	4.0769229999999999	1.1286480000000001	26	1.521539
铁蹄	2.6923080000000001	1.3789629999999999	26	2.906154
涂鸦	2.8076919999999999	1.414757	26	2.790770
屠夫	1.769231	1.0318020000000001	26	3.829231
弯曲	2.730769	1.218448	26	2.867693
为难	4	0.938083	26	1.598462
维护	3.36	1.1503620000000001	25	2.238462
维修	2.6153849999999998	1.2985199999999999	26	2.983077
响应	3.961538	0.91567500000000002	26	1.636924
向导	2.56	1.293574	25	3.038462
小孩	1.8076920000000001	0.93890300000000004	26	3.790770
性别	1.9230769999999999	1.1635489999999999	26	3.675385
袖口	1.6923079999999999	0.92819099999999999	26	3.906154
虚脱	3.6923080000000001	0.78837699999999999	26	1.906154
雪柜	2.347826	1.3351440000000001	23	3.250636
血战	3.32	0.80208100000000004	25	2.278462
雅兴	4.25	0.60791899999999999	24	1.348462
要害	3.2916669999999999	1.1220779999999999	24	2.306795
姨丈	1.5769230000000001	0.75752600000000003	26	4.021539
以为	4.08	1.037625	25	1.518462
隐士	2.961538	1.2800240000000001	26	2.636924
荧光	2.461538	1.3335900000000001	26	3.136924
影响	3.96	0.88881900000000003	25	1.638462
用料	3	1.2	26	2.598462
淤泥	2.038462	0.99922999999999995	26	3.560000
原料	2.44	1.325393	25	3.158462
杂技	2.538462	1.028816	26	3.060000
至宝	3.6	1.290994	25	1.998462
致命	3.6153849999999998	0.982931	26	1.983077
自费	3	1.2649109999999999	26	2.598462
字幕	1.769231	0.86291099999999998	26	3.829231
租金	1.8461540000000001	1.007663	26	3.752308
按时	2.652174	1.228772	23	2.946288
案发	3.1739130000000002	1.23038	23	2.424549
保温	2.1818179999999998	1.006473	22	3.416644
报仇	2.5217390000000002	1.0387740000000001	23	3.076723
卑劣	3.1304349999999999	1.546384	23	2.468027
辩才	3.5238100000000001	1.077917	21	2.074652
标签	2.0434779999999999	1.0650759999999999	23	3.554984
不公	3	1.112697	22	2.598462
彩票	1.826087	1.072473	23	3.772375
苍白	2.9565220000000001	1.3644270000000001	23	2.641940
插手	3.1363639999999999	1.206942	22	2.462098
唱片	1.6086959999999999	1.076152	23	3.989766
朝见	3.2380949999999999	1.1791849999999999	21	2.360367
称号	3.0434779999999999	1.1862189999999999	23	2.554984
成衣	2.2272729999999998	1.34277	22	3.371189
斥资	3.0434779999999999	1.1862189999999999	23	2.554984
纯金	1.8695649999999999	0.91970099999999999	23	3.728897
刺耳	2.913043	1.040675	23	2.685419
从事	3.1304349999999999	1.0137400000000001	23	2.468027
挫折	3.6363639999999999	1.29267	22	1.962098
导致	3.6363639999999999	1.048602	22	1.962098
盗贼	1.5652170000000001	0.58976799999999996	23	4.033245
道歉	2.1304349999999999	1.0137400000000001	23	3.468027
凳子	1.3043480000000001	0.63495000000000001	23	4.294114
地价	2.5217390000000002	1.081647	23	3.076723
跌价	2.6956519999999999	1.2223219999999999	23	2.902810
逗号	1.5652170000000001	0.72776700000000005	23	4.033245
端正	3.1739130000000002	1.029217	23	2.424549
儿科	2.086957	0.99604000000000004	23	3.511505
方糖	1.8695649999999999	1.289973	23	3.728897
分身	3.347826	0.93462199999999995	23	2.250636
怪僻	3.652174	1.2652239999999999	23	1.946288
关系	3.913043	1.2399800000000001	23	1.685419
管家	2.1304349999999999	1.2542420000000001	23	3.468027
鬼节	3.086957	1.2027639999999999	23	2.511505
孩子	1.478261	0.79025699999999999	23	4.120201
海流	2.3809520000000002	1.499206	21	3.217510
寒舍	2.6086960000000001	0.940944	23	2.989766
好转	3.3043480000000001	1.019571	23	2.294114
浩劫	3.7391299999999998	0.91539300000000001	23	1.859332
后背	1.8695649999999999	1.2542420000000001	23	3.728897
灰色	2.0434779999999999	1.1862189999999999	23	3.554984
辉煌	3.3913039999999999	1.076152	23	2.207158
徽章	1.521739	0.73047700000000004	23	4.076723
击毙	2.0434779999999999	1.1069310000000001	23	3.554984
迹象	3.5217390000000002	1.16266	23	2.076723
教育	3.3043480000000001	1.32921	23	2.294114
景色	2.7391299999999998	1.17618	23	2.859332
蓝色	1.7826090000000001	1.2415719999999999	23	3.815853
历尽	4.2272730000000003	0.81250999999999995	22	1.371189
励志	3.4782609999999998	1.122884	23	2.120201
炼油	2.4782609999999998	1.122884	23	3.120201
烈酒	2.2173910000000001	1.2044060000000001	23	3.381071
榴弹	1.913043	1.0834729999999999	23	3.685419
卵生	2.4347829999999999	1.236788	23	3.163679
率直	3.4782609999999998	1.2745610000000001	23	2.120201
煤气	1.3913040000000001	0.72231500000000004	23	4.207158
每次	2.9090910000000001	1.1088	22	2.689371
梦想	4.2608699999999997	1.17618	23	1.337592
面貌	2.7826089999999999	1.2415719999999999	23	2.815853
母亲	1.3043480000000001	0.55879599999999996	23	4.294114
拿手	3.1428569999999998	1.0623419999999999	21	2.455605
内行	3.1304349999999999	1.289973	23	2.468027
平手	2.8636360000000001	0.83355000000000001	22	2.734826
评委	1.913043	0.733178	23	3.685419
凄厉	4.0434780000000003	1.1069310000000001	23	1.554984
企望	4.1818179999999998	0.85280299999999998	22	1.416644
气势	4.1739129999999998	0.88688299999999998	23	1.424549
牵涉	3.954545	0.898532	22	1.643917
谦卑	3.652174	1.112274	23	1.946288
欠款	1.8695649999999999	0.75704899999999997	23	3.728897
侨居	2.6086960000000001	1.1961729999999999	23	2.989766
窍门	3.454545	1.335496	22	2.143917
晴天	1.7391300000000001	1.009833	23	3.859332
庆功	2.5652170000000001	0.99206300000000003	23	3.033245
缺乏	3.3181820000000002	1.170525	22	2.280280
热能	3.086957	1.2399800000000001	23	2.511505
施恩	3.4347829999999999	1.1609590000000001	23	2.163679
市民	1.7826090000000001	0.95138800000000001	23	3.815853
收入	2	0.85280299999999998	23	3.598462
收拾	2.9565220000000001	1.0215080000000001	23	2.641940
舒畅	3.086957	1.1643589999999999	23	2.511505
熟识	3.1304349999999999	1.057628	23	2.468027
漱口	1.6086959999999999	0.58302699999999996	23	3.989766
体育	2.5652170000000001	1.199473	23	3.033245
同乡	1.9565220000000001	0.705708	23	3.641940
突然	3.652174	0.88465199999999999	23	1.946288
土坑	1.7826090000000001	1.1263989999999999	23	3.815853
亡灵	4	1.167748	23	1.598462
慰劳	3.3043480000000001	1.1845509999999999	23	2.294114
无端	4	0.73854900000000001	23	1.598462
媳妇	1.4347829999999999	0.72776700000000005	23	4.163679
仙桃	2.7826089999999999	1.4128149999999999	23	2.815853
嫌疑	3.7727270000000002	0.68534399999999995	22	1.825735
心智	3.652174	1.0706279999999999	23	1.946288
刑期	2.6086960000000001	1.305204	23	2.989766
兴建	3.2173910000000001	1.0425720000000001	23	2.381071
寻根	3.6363639999999999	1.0930709999999999	22	1.962098
迅速	3.1739130000000002	1.1541300000000001	23	2.424549
夭折	3.2608700000000002	1.421184	23	2.337592
要素	3.4782609999999998	1.16266	23	2.120201
阴极	3.545455	1.405	22	2.053007
印刷	2	0.90453399999999995	23	3.598462
玉米	1.3043480000000001	0.63495000000000001	23	4.294114
预祝	3.6956519999999999	0.87566999999999995	23	1.902810
原理	3.545455	1.29935	22	2.053007
远景	3.4347829999999999	1.27301	23	2.163679
造反	3.1739130000000002	1.029217	23	2.424549
斩首	1.826087	0.77765200000000001	23	3.772375
张扬	3.3913039999999999	1.076152	23	2.207158
甄别	3.5217390000000002	1.16266	23	2.076723
征收	2.8260869999999998	1.11405	23	2.772375
狰狞	3.3913039999999999	1.339577	23	2.207158
整体	2.913043	1.0834729999999999	23	2.685419
正气	3.3043480000000001	1.3629770000000001	23	2.294114
政局	3.1739130000000002	1.266785	23	2.424549
指名	2.7826089999999999	0.99802199999999996	23	2.815853
忠诚	3.7826089999999999	1.1660550000000001	23	1.815853
住宅	1.478261	0.84582199999999996	23	4.120201
装配	2.3913039999999999	0.940944	23	3.207158
坠机	1.913043	0.79275399999999996	23	3.685419
自动	3.086957	1.2399800000000001	23	2.511505
阻滞	3.6086960000000001	0.89132800000000001	23	1.989766
作证	3.0434779999999999	1.1472599999999999	23	2.554984
案件	2.7826089999999999	1.3802669999999999	23	2.815853
包围	3.1304349999999999	1.1403490000000001	23	2.468027
宝藏	2.8260869999999998	1.1928639999999999	23	2.772375
保龄	3.4761899999999999	1.077917	21	2.122272
编剧	2.3913039999999999	1.1175919999999999	23	3.207158
表情	2.4782609999999998	1.2383850000000001	23	3.120201
表征	4.086957	0.79275399999999996	23	1.511505
差错	3.3181820000000002	0.94548399999999999	22	2.280280
持续	3.4782609999999998	1.201119	23	2.120201
憧憬	4.0434780000000003	1.0215080000000001	23	1.554984
出土	2.4347829999999999	1.199473	23	3.163679
垂危	2.8695650000000001	0.86887300000000001	23	2.728897
打拳	1.8695649999999999	0.96786300000000003	23	3.728897
逮捕	1.913043	0.79275399999999996	23	3.685419
当选	2.454545	1.1009640000000001	22	3.143917
斗牛	1.8695649999999999	0.96786300000000003	23	3.728897
读音	2.3913039999999999	1.1961729999999999	23	3.207158
度数	2.652174	1.4650069999999999	23	2.946288
断裂	2.4347829999999999	1.1609590000000001	23	3.163679
锻炼	2.6086960000000001	1.2699009999999999	23	2.989766
恩典	3.6956519999999999	1.019571	23	1.902810
耳环	1.478261	0.79025699999999999	23	4.120201
烦恼	3.7826089999999999	1.1263989999999999	23	1.815853
繁华	3.6086960000000001	1.1175919999999999	23	1.989766
繁殖	2.347826	0.77510699999999999	23	3.250636
粉丝	2.347826	1.112274	23	3.250636
丰功	3.913043	0.84815499999999999	23	1.685419
风筝	1.3043480000000001	0.470472	23	4.294114
辅音	2.6086960000000001	1.2335879999999999	23	2.989766
负债	2.2608700000000002	1.009833	23	3.337592
赴宴	2.1304349999999999	1.1795359999999999	23	3.468027
副刊	2.1739130000000002	0.88688299999999998	23	3.424549
感情	4.3478260000000004	0.93462199999999995	23	1.250636
姑娘	1.521739	0.66534800000000005	23	4.076723
怪罪	3.5217390000000002	0.84582199999999996	23	2.076723
归咎	3.652174	0.93462199999999995	23	1.946288
归隐	3.2608700000000002	1.2142109999999999	23	2.337592
国宝	2.2173910000000001	1.277658	23	3.381071
过人	3.8181820000000002	1.006473	22	1.780280
海景	2.1739130000000002	0.88688299999999998	23	3.424549
何尝	4	1.023533	22	1.598462
黑幕	3.2608700000000002	1.17618	23	2.337592
花样	3.7727270000000002	0.97256699999999996	22	1.825735
画集	2.086957	0.94930800000000004	23	3.511505
怀胎	2	1	23	3.598462
缓慢	3.0434779999999999	1.0650759999999999	23	2.554984
恍惚	4.1304350000000003	0.91970099999999999	23	1.468027
挥舞	2.6086960000000001	0.89132800000000001	23	2.989766
蛔虫	1.478261	0.66534800000000005	23	4.120201
会面	2.4347829999999999	0.99206300000000003	23	3.163679
馄饨	1.478261	0.89795599999999998	23	4.120201
火葬	1.6956519999999999	0.70290200000000003	23	3.902810
颊骨	1.826087	1.1541300000000001	23	3.772375
降低	3	0.95346299999999995	23	2.598462
精密	3.4347829999999999	1.3425240000000001	23	2.163679
净化	3.347826	1.0706279999999999	23	2.250636
镜像	2.6086960000000001	1.0330509999999999	23	2.989766
局限	3.8260869999999998	0.93673399999999996	23	1.772375
剧毒	2.1739130000000002	0.93673399999999996	23	3.424549
聚居	2.4090910000000001	1.181568	22	3.189371
俊美	3.1304349999999999	1.1403490000000001	23	2.468027
咖喱	1.652174	0.77510699999999999	23	3.946288
阔绰	3.3913039999999999	0.98807100000000003	23	2.207158
狼狈	3.4347829999999999	1.1211230000000001	23	2.163679
老家	2	0.60302299999999998	23	3.598462
狸猫	1.5652170000000001	0.84348199999999995	23	4.033245
民意	3.4347829999999999	1.1609590000000001	23	2.163679
名字	1.9565220000000001	1.1472599999999999	23	3.641940
木讷	3.1739130000000002	0.83405799999999997	23	2.424549
木箱	1.3913040000000001	0.58302699999999996	23	4.207158
脑海	3.7826089999999999	1.1660550000000001	23	1.815853
黏液	2.0434779999999999	0.82452499999999995	23	3.554984
拍卖	2.2272729999999998	0.68534399999999995	22	3.371189
皮包	1.5652170000000001	0.84348199999999995	23	4.033245
毗邻	3.2173910000000001	1.0852949999999999	23	2.381071
评价	2.8695650000000001	1.2542420000000001	23	2.728897
妻妾	1.7391300000000001	0.61919199999999996	23	3.859332
气泵	1.8695649999999999	1.0137400000000001	23	3.728897
山火	1.818182	1.1396059999999999	22	3.780280
声明	2.6956519999999999	1.1845509999999999	23	2.902810
剩余	3	1.0444659999999999	23	2.598462
势利	3.2608700000000002	1.2510859999999999	23	2.337592
庶民	2.5217390000000002	0.89795599999999998	23	3.076723
水费	1.521739	0.94722399999999995	23	4.076723
顺手	3.0434779999999999	1.0650759999999999	23	2.554984
思考	3.8695650000000001	1.057628	23	1.728897
死敌	2.1739130000000002	0.83405799999999997	23	3.424549
缩影	3.545455	1.1433979999999999	22	2.053007
索取	3.1304349999999999	1.0137400000000001	23	2.468027
倘若	4.0476190000000001	1.0712699999999999	21	1.550843
逃课	1.913043	0.66831200000000002	23	3.685419
陶器	1.347826	0.57276800000000005	23	4.250636
提早	3.1739130000000002	0.93673399999999996	23	2.424549
推拿	2.1304349999999999	1.057628	23	3.468027
万物	3.7391299999999998	1.1368769999999999	23	1.859332
维权	3.086957	1.2027639999999999	23	2.511505
委托	3.086957	1.276111	23	2.511505
巫婆	2.4347829999999999	1.5023040000000001	23	3.163679
误解	3.1818179999999998	0.85280299999999998	22	2.416644
先例	2.5909089999999999	0.85407100000000002	22	3.007553
现场	1.913043	0.79275399999999996	23	3.685419
械斗	2.347826	0.88465199999999999	23	3.250636
刑事	2.5217390000000002	0.99405299999999996	23	3.076723
寻常	3.7391299999999998	0.86431199999999997	23	1.859332
鸦片	1.454545	0.50964699999999996	22	4.143917
艳光	3.9	1.11921	20	1.698462
羊毛	1.6086959999999999	0.98807100000000003	23	3.989766
医疗	2.3913039999999999	0.940944	23	3.207158
原来	3.8260869999999998	0.88688299999999998	23	1.772375
云梯	3.0434779999999999	1.3973439999999999	23	2.554984
运程	3.1818179999999998	1.2587360000000001	22	2.416644
运气	4	1.0871150000000001	23	1.598462
赞扬	3	1.128152	23	2.598462
脏话	2.347826	0.93462199999999995	23	3.250636
增高	2.4782609999999998	1.2383850000000001	23	3.120201
招聘	2.086957	0.84815499999999999	23	3.511505
真正	3.7391299999999998	1.17618	23	1.859332
政敌	2.8695650000000001	1.057628	23	2.728897
直径	1.7826090000000001	0.95138800000000001	23	3.815853
志愿	3.3043480000000001	1.1845509999999999	23	2.294114
种族	2.3043480000000001	1.32921	23	3.294114
助学	2.7826089999999999	0.90234700000000001	23	2.815853
子女	1.2608699999999999	0.44897799999999999	23	4.337592
挨近	2.92	0.99666100000000002	25	2.678462
隘口	2.68	1.2819259999999999	25	2.918462
扳倒	2.6153849999999998	1.202561	26	2.983077
帮派	2.1153849999999998	0.86380199999999996	26	3.483077
暴露	2.730769	1.185165	26	2.867693
便服	2.3846150000000002	1.235376	26	3.213847
表亲	2.538462	1.1395010000000001	26	3.060000
别离	3.1538460000000001	1.286618	26	2.444616
并列	3	1.2	26	2.598462
播映	2.6538460000000001	1.0933360000000001	26	2.944616
耻笑	2.8846150000000002	1.4512590000000001	26	2.713847
赤道	1.8846149999999999	1.366072	26	3.713847
串连	2.8846150000000002	1.142871	26	2.713847
吹奏	2.269231	1.0414490000000001	26	3.329231
唇舌	1.5	0.70710700000000004	26	4.098462
辞别	2.730769	1.185165	26	2.867693
丛林	1.730769	1.0414490000000001	26	3.867693
但是	3.5217390000000002	1.122884	23	2.076723
蛋糕	1.3461540000000001	0.68948100000000001	26	4.252308
党员	1.6153850000000001	0.89786100000000002	26	3.983077
导言	2.6153849999999998	1.202561	26	2.983077
倒退	2.6923080000000001	1.0107120000000001	26	2.906154
稻草	1.3461540000000001	0.845804	26	4.252308
点菜	2.0769229999999999	0.93479699999999999	26	3.521539
电报	1.5	0.70710700000000004	26	4.098462
定时	2.2400000000000002	1.0115989999999999	25	3.358462
反感	3.56	0.96090200000000003	25	2.038462
肥料	1.538462	0.50839100000000004	26	4.060000
丰韵	3.4230770000000001	1.101747	26	2.175385
奉献	3.44	1.1575839999999999	25	2.158462
复活	2.88	1.3940349999999999	25	2.718462
复述	2.68	1.029563	25	2.918462
肝炎	1.6	0.76376299999999997	25	3.998462
干活	2.5	1.1747339999999999	26	3.098462
阁楼	1.3846149999999999	0.496139	26	4.213847
贡献	3.3461539999999999	1.198075	26	2.252308
勾画	3.12	1.3012809999999999	25	2.478462
古文	2	0.56568499999999999	26	3.598462
故居	2.0769229999999999	1.0553889999999999	26	3.521539
怪异	3.8076919999999999	0.98058100000000004	26	1.790770
过失	3.32	0.98826400000000003	25	2.278462
航班	1.9230769999999999	0.74420799999999998	26	3.675385
河豚	1.1923079999999999	0.401918	26	4.406154
红心	2.52	1.084743	25	3.078462
琥珀	1.5769230000000001	0.98683600000000005	26	4.021539
话题	3.1153849999999998	1.142871	26	2.483077
火舌	3.2608700000000002	1.2869060000000001	23	2.337592
讥讽	3.461538	1.207668	26	2.136924
季节	1.961538	1.112862	26	3.636924
建立	3.2	1.154701	25	2.398462
渐进	3.48	1.2288209999999999	25	2.118462
截止	2.8461539999999999	1.2551429999999999	26	2.752308
拘谨	3.52	0.91833200000000004	25	2.078462
局外	3.769231	1.0698669999999999	26	1.829231
看见	2.48	1.262273	25	3.118462
考察	3.1538460000000001	1.2551429999999999	26	2.444616
考验	3.461538	1.2403470000000001	26	2.136924
空手	1.96	0.73484700000000003	25	3.638462
口齿	2.1538460000000001	1.120439	26	3.444616
老伴	1.6153850000000001	0.75243199999999999	26	3.983077
猎犬	1.1923079999999999	0.49146600000000001	26	4.406154
硫磺	1.230769	0.51440799999999998	26	4.367693
律诗	2.2400000000000002	1.2342340000000001	25	3.358462
略去	4	0.95742700000000003	25	1.598462
麻药	1.5769230000000001	0.57779400000000003	26	4.021539
埋怨	3.038462	1.076319	26	2.560000
冒昧	3.44	1.1575839999999999	25	2.158462
冥府	3.4166669999999999	1.665942	24	2.181795
难得	3.8	1.0801229999999999	25	1.798462
匿名	2.56	1.386843	25	3.038462
农历	1.64	0.90737699999999999	25	3.958462
疲倦	3.1153849999999998	1.142871	26	2.483077
频率	3.1153849999999998	1.107318	26	2.483077
破解	3.4	1	25	2.198462
普查	2.769231	1.142198	26	2.829231
企业	1.76	0.87939400000000001	25	3.838462
曲目	2.0769229999999999	1.0167820000000001	26	3.521539
人生	3.961538	1.2159199999999999	26	1.636924
乳齿	1.6538459999999999	0.79710999999999999	26	3.944616
删减	2.8076919999999999	1.1668499999999999	26	2.790770
上告	2.92	1.1874340000000001	25	2.678462
社论	3.1739130000000002	1.23038	23	2.424549
神父	1.9230769999999999	1.0167820000000001	26	3.675385
生效	3.269231	1.218448	26	2.329231
随机	3.3846150000000002	1.0982499999999999	26	2.213847
所长	2.04	1.0198039999999999	25	3.558462
调查	2.8	1.2583059999999999	25	2.798462
跳绳	1.269231	0.45234400000000002	26	4.329231
痛楚	3.6153849999999998	1.2985199999999999	26	1.983077
瓦解	3.3076919999999999	1.192283	26	2.290770
外语	1.88	1.1298969999999999	25	3.718462
污辱	3.2916669999999999	1.197068	24	2.306795
舞狮	1.538462	0.58177400000000001	26	4.060000
务实	3.28	1.1000000000000001	25	2.318462
狭小	3.2	1.118034	25	2.398462
小丑	2.2000000000000002	1.118034	25	3.398462
孝顺	3.230769	1.210213	26	2.367693
协力	3.4	1.224745	25	2.198462
心算	2.6538460000000001	1.16421	26	2.944616
心愿	3.3461539999999999	1.3249089999999999	26	2.252308
秀才	1.8076920000000001	1.0205580000000001	26	3.790770
摇摇	3.2	1.3611139999999999	20	2.398462
遗弃	3.038462	1.182566	26	2.560000
隐居	3.038462	1.2483839999999999	26	2.560000
英国	1.1153850000000001	0.32581300000000002	26	4.483077
泳衣	1.1923079999999999	0.49146600000000001	26	4.406154
邮筒	1.3461540000000001	0.62879600000000002	26	4.252308
友好	3.461538	1.207668	26	2.136924
愿望	3.769231	1.142198	26	1.829231
月历	1.8076920000000001	1.2335069999999999	26	3.790770
韵味	4.08	1.15181	25	1.518462
再版	2.9523809999999999	1.2031700000000001	21	2.646081
闸门	1.461538	0.64688599999999996	26	4.136924
沾染	3.3461539999999999	0.93562000000000001	26	2.252308
证书	1.3461540000000001	0.68948100000000001	26	4.252308
政府	1.6538459999999999	0.93562000000000001	26	3.944616
指数	2.72	1.3076700000000001	25	2.878462
指头	1.52	0.87178	25	4.078462
指引	3.56	1.121011	25	2.038462
中餐	1.538462	0.64688599999999996	26	4.060000
主权	2.8846150000000002	1.5053749999999999	26	2.713847
著名	3.4	1.4142140000000001	25	2.198462
抓住	2.3461539999999999	1.16421	26	3.252308
作弊	2	0.8	26	3.598462
爆炸	2.3076919999999999	1.049542	26	3.290770
卑鄙	3.9230770000000001	1.0167820000000001	26	1.675385
悲观	3.730769	1.185165	26	1.867693
本分	3.7083330000000001	0.99909400000000004	24	1.890129
表演	2.52	0.82259800000000005	25	3.078462
摒弃	3.56	1.1930350000000001	25	2.038462
才气	3.84	1.0279430000000001	25	1.758462
财务	2.4166669999999999	1.100066	24	3.181795
菜园	1.4230769999999999	0.50383100000000003	26	4.175385
参差	3.6956519999999999	0.97397	23	1.902810
窗户	1.3461540000000001	0.845804	26	4.252308
窗台	1.1538459999999999	0.46409499999999998	26	4.444616
床位	1.538462	0.64688599999999996	26	4.060000
催化	3.76	1.0115989999999999	25	1.838462
错过	3.6538460000000001	1.0933360000000001	26	1.944616
大奖	2.3076919999999999	0.83757899999999996	26	3.290770
稻田	1.3461540000000001	0.56159099999999995	26	4.252308
地点	2.0769229999999999	1.0167820000000001	26	3.521539
东洋	3	1.0408329999999999	25	2.598462
动作	2.5	1.334166	26	3.098462
陡峭	2.8076919999999999	1.2655190000000001	26	2.790770
独力	3.64	1.0754840000000001	25	1.958462
对象	2.44	1.003328	25	3.158462
额头	1.3461540000000001	0.48516500000000001	26	4.252308
发火	2.8076919999999999	1.2655190000000001	26	2.790770
发酵	3.3461539999999999	1.16421	26	2.252308
反贪	3.12	1.1661900000000001	25	2.478462
方阵	2.6923080000000001	1.1582479999999999	26	2.906154
芳龄	2.6153849999999998	1.202561	26	2.983077
肥沃	3.1538460000000001	1.286618	26	2.444616
风帆	2.269231	1.150919	26	3.329231
俯冲	2.8846150000000002	1.0325470000000001	26	2.713847
富翁	2.1153849999999998	1.0325470000000001	26	3.483077
富裕	3.32	1.1803950000000001	25	2.278462
腹泻	1.8461540000000001	1.007663	26	3.752308
高尚	4	1.0583009999999999	26	1.598462
高危	3.68	1.144552	25	1.918462
共处	3.1666669999999999	1.167184	24	2.431795
关联	3.6	1.0801229999999999	25	1.998462
归天	3.1666669999999999	1.493949	24	2.431795
国庆	1.8461540000000001	0.833897	26	3.752308
和服	1.6923079999999999	0.88404700000000003	26	3.906154
和解	3.3461539999999999	1.16421	26	2.252308
滑行	2.3199999999999998	0.94516299999999998	25	3.278462
蝗虫	1.1923079999999999	0.401918	26	4.406154
昏迷	2.6538460000000001	1.129329	26	2.944616
活泼	3.4	1.1902379999999999	25	2.198462
获胜	2.6538460000000001	1.2943659999999999	26	2.944616
激进	3.769231	1.210213	26	1.829231
疾苦	3.538462	1.207668	26	2.060000
技巧	3.1666669999999999	1.274044	24	2.431795
家长	1.538462	0.50839100000000004	26	4.060000
兼任	3.0769229999999999	1.2937719999999999	26	2.521539
金钱	1.461538	0.64688599999999996	26	4.136924
经商	2.6923080000000001	1.225373	26	2.906154
救灾	2.3846150000000002	0.982931	26	3.213847
坎坷	4	1.1661900000000001	26	1.598462
骷髅	1.461538	0.50839100000000004	26	4.136924
来历	3.1153849999999998	1.107318	26	2.483077
历代	3.4230770000000001	1.101747	26	2.175385
连绵	3.6153849999999998	1.1688259999999999	26	1.983077
列表	2.44	0.96090200000000003	25	3.158462
麻痹	3.4230770000000001	1.2384850000000001	26	2.175385
马脚	2.9565220000000001	1.3644270000000001	23	2.641940
漫步	2.3846150000000002	0.85214699999999999	26	3.213847
毛病	3.2	1.4142140000000001	25	2.398462
美国	1.1923079999999999	0.401918	26	4.406154
面包	1.1153850000000001	0.32581300000000002	26	4.483077
明智	4.038462	0.91567500000000002	26	1.560000
耐性	3.6923080000000001	0.92819099999999999	26	1.906154
凝重	3.88	1.092398	25	1.718462
偶然	3.6	1.0801229999999999	25	1.998462
排行	2.72	1.339154	25	2.878462
牌匾	1.4230769999999999	0.70274199999999998	26	4.175385
攀升	3.16	1.2138089999999999	25	2.438462
盘问	2.538462	1.0669869999999999	26	3.060000
陪伴	3.038462	0.99922999999999995	26	2.560000
棚屋	1.9230769999999999	1.0553889999999999	26	3.675385
迫切	3.730769	1.150919	26	1.867693
铺张	3.76	0.83066200000000001	25	1.838462
其余	3.4782609999999998	1.2745610000000001	23	2.120201
情节	3.3076919999999999	1.225373	26	2.290770
囚禁	2.3461539999999999	1.129329	26	3.252308
取暖	2.1923080000000001	0.89528700000000005	26	3.406154
取巧	3.730769	1.0791729999999999	26	1.867693
诠释	3.8846150000000002	1.107318	26	1.713847
任性	3.64	1.2543260000000001	25	1.958462
容貌	2.461538	1.1395010000000001	26	3.136924
融化	3.269231	1.185165	26	2.329231
上位	3.76	1.0115989999999999	25	1.838462
身处	3.44	1.1575839999999999	25	2.158462
身体	1.461538	0.76056699999999999	26	4.136924
身影	2.2799999999999998	1.137248	25	3.318462
生母	1.1153850000000001	0.32581300000000002	26	4.483077
声带	1.8076920000000001	0.84943400000000002	26	3.790770
省城	1.5769230000000001	0.64330900000000002	26	4.021539
首席	2.5	1.208305	26	3.098462
受益	3.538462	1.207668	26	2.060000
输赢	2.6923080000000001	1.086986	26	2.906154
熟习	3.64	1.0360180000000001	25	1.958462
爽约	3.1538460000000001	1.37673	26	2.444616
睡袋	1.230769	0.58704000000000001	26	4.367693
抬头	1.8	0.95742700000000003	25	3.798462
特等	3.0416669999999999	1.232853	24	2.556795
头盔	1.0769230000000001	0.27174599999999999	26	4.521539
唾液	1.6	0.81649700000000003	25	3.998462
忘记	3.5	1.1747339999999999	26	2.098462
文本	2.3461539999999999	1.198075	26	3.252308
香浓	3.6923080000000001	1.257592	26	1.906154
协议	2.4	1.0408329999999999	25	3.198462
信差	2.461538	1.2403470000000001	26	3.136924
野餐	1.538462	0.58177400000000001	26	4.060000
臆测	4.04	1.1718930000000001	25	1.558462
印鉴	2.8076919999999999	1.2967409999999999	26	2.790770
罂粟	1.3846149999999999	0.69724699999999995	26	4.213847
迎击	3.1538460000000001	1.120439	26	2.444616
远行	3.1923080000000001	1.2006410000000001	26	2.406154
燥热	3	1.2649109999999999	26	2.598462
章鱼	1.230769	0.58704000000000001	26	4.367693
镇压	3.6153849999999998	1.1340870000000001	26	1.983077
主仆	2	0.69281999999999999	26	3.598462
壮举	3.9230770000000001	0.97665000000000002	26	1.675385
座标	2.4230770000000001	1.3615600000000001	26	3.175385
爱犬	1.965517	0.90564699999999998	29	3.632945
白眼	2.8275860000000002	1.28366	29	2.770876
办学	2.3793099999999998	1.1468529999999999	29	3.219152
宝物	3.1724139999999998	1.3381479999999999	29	2.426048
比重	3.3703699999999999	1.1815290000000001	27	2.228092
闭关	3.3214290000000002	1.21879	28	2.277033
不忍	3.3103449999999999	1.2277579999999999	29	2.288117
掺杂	3.25	0.88715100000000002	28	2.348462
抽奖	2.0344829999999998	1.051623	29	3.563979
出击	2.4482759999999999	1.120784	29	3.150186
出门	1.7241379999999999	1.031523	29	3.874324
处方	2.3448280000000001	1.110851	29	3.253634
此时	2.6551719999999999	1.142549	29	2.943290
措施	3.2068970000000001	1.264327	29	2.391565
打败	2.4137930000000001	1.086187	29	3.184669
打扰	2.6206900000000002	0.90292399999999995	29	2.977772
蛋白	2.4482759999999999	1.378047	29	3.150186
倒影	2.3214290000000002	1.1564179999999999	28	3.277033
得手	3.2758620000000001	1.1921330000000001	29	2.322600
灯饰	1.62069	0.67685200000000001	29	3.977772
典礼	2.1724139999999998	1.0024599999999999	29	3.426048
垫底	2.7931029999999999	1.0481039999999999	29	2.805359
定义	3.4285709999999998	1.399168	28	2.169891
动物	1.8275859999999999	0.96617699999999995	29	3.770876
端详	3.4827590000000002	0.98636000000000001	29	2.115703
耳目	2.925926	1.1410499999999999	27	2.672536
发达	3.7586210000000002	1.1229800000000001	29	1.839841
妨碍	3.2758620000000001	0.95978200000000002	29	2.322600
放松	2.9655170000000002	1.238742	29	2.632945
粉笔	1.37931	0.86246299999999998	29	4.219152
粉红	2.1034480000000002	0.97632099999999999	29	3.495014
辐射	3	1.224745	29	2.598462
钢铁	1.7241379999999999	1.13063	29	3.874324
个案	3	1.224745	29	2.598462
宫女	1.6551720000000001	0.76885199999999998	29	3.943290
挂心	3.88	0.97125300000000003	25	1.718462
呵欠	2.0344829999999998	1.0170950000000001	29	3.563979
黑心	3.3103449999999999	1.038662	29	2.288117
互动	3.2068970000000001	0.901559	29	2.391565
缓步	2.6551719999999999	1.110851	29	2.943290
晃动	2.0689660000000001	0.79870600000000003	29	3.529496
货柜	1.37931	0.86246299999999998	29	4.219152
家书	1.862069	0.91511699999999996	29	3.736393
健全	3.1034480000000002	1.144703	29	2.495014
叫号	2.6153849999999998	1.0228170000000001	26	2.983077
结局	2.9310339999999999	1.099709	29	2.667428
聚会	1.9310339999999999	0.79870600000000003	29	3.667428
军令	2	0.92581999999999998	29	3.598462
可口	3.3793099999999998	1.1775819999999999	29	2.219152
控制	3.4482759999999999	1.120784	29	2.150186
窟窿	2.3448280000000001	1.110851	29	3.253634
昆虫	1.62069	0.72770599999999996	29	3.977772
老爷	2.5172409999999998	1.2989200000000001	29	3.081221
利落	3.2413789999999998	0.95075799999999999	29	2.357083
良善	3.5	1.347151	28	2.098462
领悟	3.8965519999999998	1.144703	29	1.701910
麦穗	1.1724140000000001	0.38442599999999999	29	4.426048
冒火	3.2413789999999998	0.87240099999999998	29	2.357083
命运	4.5172410000000003	0.68768200000000002	29	1.081221
模拟	3.8275860000000002	0.84806400000000004	29	1.770876
纳税	1.7931029999999999	0.81850500000000004	29	3.805359
牛肉	1.137931	0.35093099999999999	29	4.460531
贫穷	3.1034480000000002	0.90019199999999999	29	2.495014
潜藏	3.6551719999999999	0.93640100000000004	29	1.943290
倾斜	2.6896550000000001	1.0036879999999999	29	2.908807
情报	3.1034480000000002	1.0469280000000001	29	2.495014
去年	1.7931029999999999	0.94033800000000001	29	3.805359
认为	3.5862069999999999	1.2397359999999999	29	2.012255
日照	2.2068970000000001	1.0481039999999999	29	3.391565
肉搏	2.5517240000000001	1.1828000000000001	29	3.046738
如今	3.1724139999999998	1.25553	29	2.426048
搔痒	2.2413789999999998	1.023131	29	3.357083
善事	2.9655170000000002	1.085053	29	2.632945
烧烤	1.896552	0.81699900000000003	29	3.701910
深刻	3.9310339999999999	0.84223499999999996	29	1.667428
市井	3.5172409999999998	0.87098799999999998	29	2.081221
手紧	3.4166669999999999	1.059806	24	2.181795
售价	2	0.886405	29	3.598462
摔跤	1.8275859999999999	0.88917999999999997	29	3.770876
爽快	3.2068970000000001	1.0134559999999999	29	2.391565
说话	2.0344829999999998	1.085053	29	3.563979
天幕	3.56	1.1575839999999999	25	2.038462
添加	3.2068970000000001	0.901559	29	2.391565
挑拨	3.137931	1.0597890000000001	29	2.460531
条约	2.3103449999999999	1.072495	29	3.288117
通畅	2.7586210000000002	1.0574619999999999	29	2.839841
通俗	3.4482759999999999	0.90971800000000003	29	2.150186
痛哭	1.896552	0.97632099999999999	29	3.701910
兔唇	1.7931029999999999	1.145778	29	3.805359
拖拉	3.75	0.79930500000000004	28	1.848462
危楼	2.1034480000000002	1.01224	29	3.495014
物价	2.6206900000000002	0.97884000000000004	29	2.977772
戏院	1.6551720000000001	0.85673200000000005	29	3.943290
相容	3.7407409999999999	0.98420600000000003	27	1.857721
香炉	1.3103450000000001	0.54139000000000004	29	4.288117
泄气	3.4482759999999999	1.020721	29	2.150186
新鲜	3.0344829999999998	0.98135300000000003	29	2.563979
凶宅	2.7241379999999999	1.436677	29	2.874324
胸口	1.7241379999999999	0.95978200000000002	29	3.874324
朽木	2.464286	1.2013	28	3.134176
虚伪	4.1034480000000002	0.97632099999999999	29	1.495014
叙述	3.137931	1.025536	29	2.460531
雪山	1.5172410000000001	0.68768200000000002	29	4.081221
腰果	1.37931	0.72770599999999996	29	4.219152
易碎	3	1.133893	29	2.598462
意向	3.862069	1.0597890000000001	29	1.736393
淫乱	3.4285709999999998	1.2598819999999999	28	2.169891
樱桃	1.37931	0.62185199999999996	29	4.219152
应付	3.4482759999999999	0.90971800000000003	29	2.150186
远足	2.862069	1.156477	29	2.736393
帐幕	2.3214290000000002	1.188013	28	3.277033
沼泽	1.7931029999999999	0.86103399999999997	29	3.805359
症结	3.2413789999999998	1.243703	29	2.357083
执勤	2.1034480000000002	1.144703	29	3.495014
指责	2.8275860000000002	1.0713459999999999	29	2.770876
置身	3.5	1.0715170000000001	28	2.098462
中邪	4.0689659999999996	0.99753400000000003	29	1.529496
重病	2.5517240000000001	1.1828000000000001	29	3.046738
赚钱	2.4482759999999999	1.212618	29	3.150186
追求	3.4482759999999999	1.020721	29	2.150186
综观	3.8695650000000001	0.91970099999999999	23	1.728897
棕色	1.6551720000000001	0.85673200000000005	29	3.943290
总结	2.5517240000000001	1.020721	29	3.046738
走神	3.5172409999999998	0.87098799999999998	29	2.081221
安逸	3.6896550000000001	1.0036879999999999	29	1.908807
办案	2.3103449999999999	1.038662	29	3.288117
部分	3.4137930000000001	1.052794	29	2.184669
参展	2.4137930000000001	1.086187	29	3.184669
诧异	3.8214290000000002	1.188013	28	1.777033
娼妓	2.214286	1.031258	28	3.384176
车主	1.5517240000000001	0.57235100000000005	29	4.046738
成人	1.6551720000000001	0.93640100000000004	29	3.943290
出错	2.9655170000000002	1.085053	29	2.632945
出口	1.896552	0.97632099999999999	29	3.701910
传承	3.5	1.170628	28	2.098462
此行	3.5172409999999998	1.2136340000000001	29	2.081221
代笔	2.3103449999999999	0.96745099999999995	29	3.288117
的士	1.5172410000000001	0.57449899999999998	29	4.081221
电路	2.0344829999999998	1.051623	29	3.563979
电筒	1.4827589999999999	0.91107000000000005	29	4.115703
都市	2.4137930000000001	1.018305	29	3.184669
堆肥	2.92	1.2220200000000001	25	2.678462
敦促	3.285714	1.150109	28	2.312748
发电	2.4137930000000001	0.98260700000000001	29	3.184669
风车	1.5517240000000001	0.98511099999999996	29	4.046738
副本	2.785714	1.066567	28	2.812748
感觉	4.3448279999999997	1.044573	29	1.253634
高级	3.862069	0.953345	29	1.736393
歌迷	1.9310339999999999	0.59347899999999998	29	3.667428
购买	2.0689660000000001	0.92315599999999998	29	3.529496
乖僻	3.7407409999999999	1.0951850000000001	27	1.857721
海马	1.6896549999999999	1.105294	29	3.908807
合格	2.9310339999999999	1.1931659999999999	29	2.667428
弘扬	3.8275860000000002	1.28366	29	1.770876
后门	2.6551719999999999	1.0098039999999999	29	2.943290
华侨	1.862069	0.78939999999999999	29	3.736393
坏处	3.3103449999999999	1.038662	29	2.288117
回应	3	1.1019460000000001	29	2.598462
火把	1.5862069999999999	0.86673599999999995	29	4.012255
机灵	3.5517240000000001	1.0884529999999999	29	2.046738
疾病	2.4482759999999999	1.1828000000000001	29	3.150186
疾风	3	1.253566	29	2.598462
建造	2.7241379999999999	1.161789	29	2.874324
津贴	2.285714	1.0837909999999999	28	3.312748
劲敌	2.9655170000000002	1.1796720000000001	29	2.632945
镜头	1.896552	0.81699900000000003	29	3.701910
俊男	2.2413789999999998	1.272095	29	3.357083
刊出	2.913043	1.1246430000000001	23	2.685419
康复	2.6896550000000001	0.96745099999999995	29	2.908807
可敬	3.6551719999999999	1.2327630000000001	29	1.943290
力量	3.2413789999999998	1.272095	29	2.357083
联合	3.0344829999999998	1.117483	29	2.563979
联想	3.862069	1.186957	29	1.736393
满意	3.2758620000000001	1.2217249999999999	29	2.322600
谩骂	2.6071430000000002	1.3427249999999999	28	2.991319
眉毛	1.3448279999999999	0.48372500000000002	29	4.253634
漠视	3.7931029999999999	1.0134559999999999	29	1.805359
谋杀	2.5172409999999998	1.3527929999999999	29	3.081221
牡丹	1.4827589999999999	1.056297	29	4.115703
耐用	3.1724139999999998	1.1972879999999999	29	2.426048
南瓜	1.1724140000000001	0.60172199999999998	29	4.426048
奴隶	2.0344829999999998	0.86531400000000003	29	3.563979
旁观	3.4827590000000002	0.82897100000000001	29	2.115703
佩剑	1.9310339999999999	0.88362200000000002	29	3.667428
品茶	2.2068970000000001	1.0134559999999999	29	3.391565
品酒	2.1724139999999998	1.0374749999999999	29	3.426048
乞求	3.3103449999999999	1.0036879999999999	29	2.288117
启蒙	3.862069	1.0929690000000001	29	1.736393
契机	4.2413790000000002	1.2146479999999999	29	1.357083
前面	2.5172409999999998	1.2711269999999999	29	3.081221
襁褓	2.5862069999999999	1.018305	29	3.012255
侵略	2.8275860000000002	1.25553	29	2.770876
清酒	1.7241379999999999	1.031523	29	3.874324
散热	3.0344829999999998	1.209568	29	2.563979
森严	3.6896550000000001	1.1983159999999999	29	1.908807
舍弃	3.2413789999999998	1.3537030000000001	29	2.357083
摄入	3.2413789999999998	1.154345	29	2.357083
摄氏	2.5517240000000001	1.152209	29	3.046738
升幅	3.3571430000000002	1.095928	28	2.241319
声势	3.5172409999999998	1.2136340000000001	29	2.081221
胜仗	2.4827590000000002	1.056297	29	3.115703
世俗	3.6206900000000002	0.94164700000000001	29	1.977772
侍奉	2.9285709999999998	1.119807	28	2.669891
视线	2.7586210000000002	1.2998670000000001	29	2.839841
首级	2.5517240000000001	1.055131	29	3.046738
殊荣	3.5172409999999998	1.18384	29	2.081221
水利	2.4482759999999999	1.212618	29	3.150186
私事	3	1.0350980000000001	29	2.598462
宋朝	1.6551720000000001	1.044573	29	3.943290
粟米	1.428571	0.74179799999999996	28	4.169891
胎生	2.2068970000000001	1.145778	29	3.391565
推销	2.8275860000000002	1.0713459999999999	29	2.770876
晚宴	2	0.98130700000000004	28	3.598462
危机	3.5862069999999999	1.180715	29	2.012255
下级	2.6206900000000002	1.082781	29	2.977772
咸蛋	1.4827589999999999	0.73779099999999997	29	4.115703
祥和	3.5517240000000001	0.98511099999999996	29	2.046738
心律	2.3448280000000001	1.289404	29	3.253634
序幕	3.0689660000000001	1.1317189999999999	29	2.529496
演绎	3.3103449999999999	1.2277579999999999	29	2.288117
赝品	2.4482759999999999	1.212618	29	3.150186
侥幸	3.8275860000000002	0.928477	29	1.770876
野心	3.9310339999999999	1.2227319999999999	29	1.667428
衣服	1.5517240000000001	0.73612	29	4.046738
衣着	2.7931029999999999	1.2065090000000001	29	2.805359
医术	3.137931	1.3017609999999999	29	2.460531
樱花	1.137931	0.35093099999999999	29	4.460531
幽怨	3.8275860000000002	0.88917999999999997	29	1.770876
早餐	1.5862069999999999	0.68228800000000001	29	4.012255
责任	3.2068970000000001	1.264327	29	2.391565
招摇	3.5862069999999999	1.180715	29	2.012255
遮丑	3.2758620000000001	1.031523	29	2.322600
正式	3.3793099999999998	1.2367520000000001	29	2.219152
正月	1.758621	1.023131	29	3.839841
支付	1.862069	0.83341500000000002	29	3.736393
支流	3.1724139999999998	1.136064	29	2.426048
芝麻	1.3103450000000001	0.71231299999999997	29	4.288117
织布	1.9310339999999999	0.99753400000000003	29	3.667428
侄女	1.5862069999999999	0.98260700000000001	29	4.012255
致富	3.1724139999999998	1.0374749999999999	29	2.426048
秩序	2.8965519999999998	1.175489	29	2.701910
中介	2.4285709999999998	1.03382	28	3.169891
种类	2.8571430000000002	1.0788979999999999	28	2.741319
周全	3.4827590000000002	1.056297	29	2.115703
状况	3.862069	1.156477	29	1.736393
姿态	3.3793099999999998	1.1152770000000001	29	2.219152
组别	3	1.037749	27	2.598462
薄雾	2.1739130000000002	0.83405799999999997	23	3.424549
本人	1.347826	0.83168500000000001	23	4.250636
标明	2.3043480000000001	1.1051439999999999	23	3.294114
兵家	2.8636360000000001	1.1252709999999999	22	2.734826
补充	2.6956519999999999	1.2945610000000001	23	2.902810
不甘	3.3913039999999999	1.2335879999999999	23	2.207158
不久	3.454545	1.1843129999999999	22	2.143917
簿记	2.8947370000000001	1.242521	19	2.703725
擦拭	1.8695649999999999	1.057628	23	3.728897
秤砣	1.1304350000000001	0.34434999999999999	23	4.468027
初版	2.4782609999999998	1.0387740000000001	23	3.120201
雏菊	1.7391300000000001	1.0961669999999999	23	3.859332
纯真	3.6956519999999999	1.1051439999999999	23	1.902810
单打	2.1739130000000002	0.88688299999999998	23	3.424549
到达	1.9565220000000001	0.975997	23	3.641940
登台	2.1739130000000002	0.98406300000000002	23	3.424549
电器	1.9565220000000001	0.92825599999999997	23	3.641940
玷污	3.5217390000000002	0.89795599999999998	23	2.076723
豆腐	1.1304350000000001	0.45769700000000002	23	4.468027
镀金	1.9565220000000001	0.56232199999999999	23	3.641940
兑换	2.5217390000000002	1.2383850000000001	23	3.076723
恩爱	2.913043	1.276111	23	2.685419
发行	2.4782609999999998	1.0387740000000001	23	3.120201
飞行	2.0434779999999999	0.975997	23	3.554984
浮躁	3.5217390000000002	1.0387740000000001	23	2.076723
父子	1.347826	0.486985	23	4.250636
公司	1.3913040000000001	0.49901099999999998	23	4.207158
恭维	3.2173910000000001	0.99802199999999996	23	2.381071
构成	3.045455	1.0900970000000001	22	2.553007
谷仓	1.4090910000000001	0.66612499999999997	22	4.189371
关键	3.3181820000000002	1.3587940000000001	22	2.280280
过期	2.1304349999999999	0.96786300000000003	23	3.468027
害羞	3	1.0444659999999999	23	2.598462
好汉	2.8260869999999998	1.11405	23	2.772375
合一	3.35	1.1821029999999999	20	2.248462
后院	1.5652170000000001	0.50687000000000004	23	4.033245
互相	3.4347829999999999	1.236788	23	2.163679
花店	1.347826	0.486985	23	4.250636
画作	1.6956519999999999	0.87566999999999995	23	3.902810
汇率	1.9090910000000001	1.0192939999999999	22	3.689371
婚纱	1.347826	0.486985	23	4.250636
火药	1.2608699999999999	0.54082399999999997	23	4.337592
获利	2.7391299999999998	1.009833	23	2.859332
悸动	3.8095240000000001	1.123345	21	1.788938
间隔	3	1.206045	23	2.598462
见面	1.913043	0.79275399999999996	23	3.685419
键盘	1.1304350000000001	0.34434999999999999	23	4.468027
僵尸	2.6190479999999998	1.657594	21	2.979414
讲究	3.6086960000000001	0.83878299999999995	23	1.989766
教训	3.086957	0.99604000000000004	23	2.511505
洁净	3	1	23	2.598462
金鱼	1.1304350000000001	0.34434999999999999	23	4.468027
尽头	3.454545	1.2238610000000001	22	2.143917
警惕	3.1304349999999999	1.1403490000000001	23	2.468027
敬语	3.1363639999999999	1.2457720000000001	22	2.462098
炯炯	3.947368	0.779864	19	1.651094
久等	3.3043480000000001	1.1051439999999999	23	2.294114
就是	3.1818179999999998	1.2203189999999999	22	2.416644
就坐	2.545455	1.1843129999999999	22	3.053007
看透	3.6956519999999999	0.92612499999999998	23	1.902810
孔子	1.478261	0.99405299999999996	23	4.120201
矿石	1.347826	0.486985	23	4.250636
拉车	2.1739130000000002	1.11405	23	3.424549
连任	2.4782609999999998	1.343996	23	3.120201
脸颊	1.3913040000000001	0.940944	23	4.207158
茅屋	1.6086959999999999	0.78271800000000002	23	3.989766
密林	2.1739130000000002	1.029217	23	3.424549
名媛	2.4782609999999998	0.94722399999999995	23	3.120201
募捐	2.2608700000000002	0.91539300000000001	23	3.337592
奈何	3.8636360000000001	1.0371870000000001	22	1.734826
内伤	3.3913039999999999	1.305204	23	2.207158
牛市	2.7391299999999998	1.053884	23	2.859332
捧场	3.0434779999999999	1.0650759999999999	23	2.554984
骗子	2.3913039999999999	1.2335879999999999	23	3.207158
奇怪	3.6086960000000001	1.1961729999999999	23	1.989766
脐带	1.3913040000000001	0.49901099999999998	23	4.207158
崎岖	3	1	23	2.598462
切除	2.2608700000000002	1.2142109999999999	23	3.337592
缺课	2.2173910000000001	1.0852949999999999	23	3.381071
柔弱	3.5217390000000002	1.201119	23	2.076723
烧伤	2.086957	0.84815499999999999	23	3.511505
射程	2.1739130000000002	1.072473	23	3.424549
申诉	2.3636360000000001	0.95346299999999995	22	3.234826
失控	3.2608700000000002	1.321755	23	2.337592
受聘	2.1739130000000002	1.029217	23	3.424549
汤圆	1.173913	0.49102600000000002	23	4.424549
桃花	1.1304350000000001	0.34434999999999999	23	4.468027
题名	2.347826	0.88465199999999999	23	3.250636
替代	2.6956519999999999	1.019571	23	2.902810
痛风	2.2173910000000001	1.277658	23	3.381071
投稿	2.0434779999999999	1.0215080000000001	23	3.554984
突发	3.5217390000000002	1.081647	23	2.076723
突兀	3.8695650000000001	0.96786300000000003	23	1.728897
外遇	2.7272729999999998	0.93512499999999998	22	2.871189
妄言	3.8260869999999998	0.98406300000000002	23	1.772375
无私	3.5217390000000002	1.16266	23	2.076723
咸鱼	1.652174	0.83168500000000001	23	3.946288
现代	2.6086960000000001	0.940944	23	2.989766
香蕉	1.1304350000000001	0.45769700000000002	23	4.468027
橡皮	1.2608699999999999	0.75180899999999995	23	4.337592
效果	3.1818179999999998	1.0527230000000001	22	2.416644
胁持	3	1.279204	23	2.598462
玄机	4.1363640000000004	0.94089400000000001	22	1.462098
玄学	4.3636359999999996	0.95346299999999995	22	1.234826
雪白	2.4347829999999999	1.03687	23	3.163679
佯装	3.2272729999999998	0.97256699999999996	22	2.371189
翼龙	2.5	1.424574	18	3.098462
阴谋	3.3043480000000001	1.2945610000000001	23	2.294114
应承	3.3181820000000002	1.3933979999999999	22	2.280280
映射	3.3181820000000002	1.249242	22	2.280280
雨水	1.4347829999999999	0.58976799999999996	23	4.163679
御医	2	1.0444659999999999	23	3.598462
允许	2.6956519999999999	1.0632189999999999	23	2.902810
杂草	1.3913040000000001	0.49901099999999998	23	4.207158
增加	2.6086960000000001	1.2335879999999999	23	2.989766
占地	2.4782609999999998	1.343996	23	3.120201
遮蔽	2.8695650000000001	1.217462	23	2.728897
震惊	3.3043480000000001	1.019571	23	2.294114
征询	2.913043	1.2027639999999999	23	2.685419
支援	3.086957	1.0834729999999999	23	2.511505
逐步	3.2727270000000002	0.98473200000000005	22	2.325735
捉住	1.913043	0.99604000000000004	23	3.685419
阻止	2.5217390000000002	1.081647	23	3.076723
坐椅	1.3913040000000001	0.65637599999999996	23	4.207158
办事	2.7826089999999999	1.0425720000000001	23	2.815853
包裹	1.7391300000000001	0.61919199999999996	23	3.859332
被动	3.5217390000000002	0.99405299999999996	23	2.076723
冰雕	1.4347829999999999	0.58976799999999996	23	4.163679
常任	3	1.0444659999999999	23	2.598462
呈报	2.9565220000000001	1.296087	23	2.641940
抽风	3.1818179999999998	1.0527230000000001	22	2.416644
触觉	2.8695650000000001	1.289973	23	2.728897
大家	2.6086960000000001	1.1175919999999999	23	2.989766
大楼	1.347826	0.486985	23	4.250636
订婚	1.5652170000000001	0.66237100000000004	23	4.033245
兜风	2.6956519999999999	1.1051439999999999	23	2.902810
兜售	2.5217390000000002	0.89795599999999998	23	3.076723
渡轮	1.7826090000000001	0.99802199999999996	23	3.815853
额外	3	1.128152	23	2.598462
凡人	2.913043	1.1246430000000001	23	2.685419
返工	2.6086960000000001	1.1175919999999999	23	2.989766
父母	1.2608699999999999	0.44897799999999999	23	4.337592
恭喜	2.7826089999999999	1.4128149999999999	23	2.815853
拐带	3	1	21	2.598462
跪拜	2.3043480000000001	1.1455360000000001	23	3.294114
国货	2	1.128152	23	3.598462
号令	3.2173910000000001	1.277658	23	2.381071
灰心	3.347826	0.98205200000000004	23	2.250636
彗星	1.521739	1.081647	23	4.076723
及早	3.5652170000000001	0.89575199999999999	23	2.033245
佳境	3.4347829999999999	1.3425240000000001	23	2.163679
架子	2.2173910000000001	0.95138800000000001	23	3.381071
肩膀	1.2608699999999999	0.54082399999999997	23	4.337592
交往	2.7391299999999998	1.053884	23	2.859332
角力	3.4761899999999999	0.98076700000000006	21	2.122272
节日	2	0.90453399999999995	23	3.598462
洁白	2.7826089999999999	1.0425720000000001	23	2.815853
解说	2.7391299999999998	1.17618	23	2.859332
戒严	2.8260869999999998	1.23038	23	2.772375
近期	3.4347829999999999	1.0798179999999999	23	2.163679
经文	2.2727270000000002	1.2414210000000001	22	3.325735
救援	2.4347829999999999	1.1211230000000001	23	3.163679
咀嚼	1.8695649999999999	1.099766	23	3.728897
卷发	1.4347829999999999	0.58976799999999996	23	4.163679
开销	2.5652170000000001	1.236788	23	3.033245
刊物	1.8695649999999999	0.96786300000000003	23	3.728897
馈赠	2.5652170000000001	1.0798179999999999	23	3.033245
老师	1.347826	0.57276800000000005	23	4.250636
乐章	2.2173910000000001	1.1660550000000001	23	3.381071
联军	2.6086960000000001	1.076152	23	2.989766
脸型	2.2173910000000001	1.1660550000000001	23	3.381071
良方	2.7391299999999998	1.0961669999999999	23	2.859332
邻居	1.7391300000000001	0.75180899999999995	23	3.859332
凛冽	3.7391299999999998	0.96377100000000004	23	1.859332
流失	3.3043480000000001	0.97397	23	2.294114
律动	3.5909089999999999	1.259595	22	2.007553
蒙受	3.454545	1.1009640000000001	22	2.143917
面世	3.347826	1.2652239999999999	23	2.250636
秒表	1.2608699999999999	0.44897799999999999	23	4.337592
墨鱼	1.2608699999999999	0.61919199999999996	23	4.337592
某种	3.913043	0.94930800000000004	23	1.685419
念经	2.454545	1.1433979999999999	22	3.143917
期限	2.5	1.336306	22	3.098462
气馁	3.4347829999999999	1.03687	23	2.163679
轻巧	3.347826	1.112274	23	2.250636
清澈	2.6086960000000001	1.1175919999999999	23	2.989766
请客	2.0434779999999999	1.0215080000000001	23	3.554984
球赛	1.7391300000000001	0.81001599999999996	23	3.859332
全貌	2.5217390000000002	1.0387740000000001	23	3.076723
却步	3.7619050000000001	0.83094900000000005	21	1.836557
日落	1.7391300000000001	0.91539300000000001	23	3.859332
日元	1.4347829999999999	0.72776700000000005	23	4.163679
入境	2.7391299999999998	1.2869060000000001	23	2.859332
锐气	3.7391299999999998	1.17618	23	1.859332
瑟缩	3.6086960000000001	1.0330509999999999	23	1.989766
沙丘	1.6086959999999999	0.65637599999999996	23	3.989766
射手	2.086957	0.99604000000000004	23	3.511505
呻吟	2.9565220000000001	1.1862189999999999	23	2.641940
升级	2.8260869999999998	1.1541300000000001	23	2.772375
蚀本	3.0555560000000002	1.3491709999999999	18	2.542906
氏族	2.4347829999999999	1.1211230000000001	23	3.163679
侍应	3.4347829999999999	1.1609590000000001	23	2.163679
疏散	2.6086960000000001	1.076152	23	2.989766
熟练	2.9565220000000001	1.1862189999999999	23	2.641940
丝巾	1.3043480000000001	0.470472	23	4.294114
私人	2.5909089999999999	1.181568	22	3.007553
泰国	1.086957	0.28810400000000003	23	4.511505
淘气	3	1.128152	23	2.598462
调教	3.4090910000000001	1.2212050000000001	22	2.189371
调戏	3.2608700000000002	1.2869060000000001	23	2.337592
通称	3.2608700000000002	1.17618	23	2.337592
同盟	2.5217390000000002	1.0387740000000001	23	3.076723
同情	3.2173910000000001	1.1660550000000001	23	2.381071
土地	1.4347829999999999	0.58976799999999996	23	4.163679
推理	3.0434779999999999	1.1069310000000001	23	2.554984
吞噬	3.2608700000000002	1.2142109999999999	23	2.337592
微妙	3.7391299999999998	1.2510859999999999	23	1.859332
文字	1.826087	0.77765200000000001	23	3.772375
消除	2.8695650000000001	1.217462	23	2.728897
携带	2.4782609999999998	1.122884	23	3.120201
心情	3.2608700000000002	1.2869060000000001	23	2.337592
学校	1.2608699999999999	0.54082399999999997	23	4.337592
巡查	2.8695650000000001	1.217462	23	2.728897
殉情	3.2173910000000001	1.1660550000000001	23	2.381071
盐湖	2	1.0871150000000001	23	3.598462
眼科	1.7391300000000001	1.053884	23	3.859332
揶揄	3.5238100000000001	0.98076700000000006	21	2.074652
液体	1.8695649999999999	0.81488099999999997	23	3.728897
异地	2.1739130000000002	1.11405	23	3.424549
阴历	1.913043	0.79275399999999996	23	3.685419
鹰爪	2.0434779999999999	1.1472599999999999	23	3.554984
优秀	3.1304349999999999	1.1795359999999999	23	2.468027
友情	2.913043	1.2399800000000001	23	2.685419
幼龄	2.7826089999999999	1.1263989999999999	23	2.815853
宇宙	2.5217390000000002	1.503619	23	3.076723
浴衣	1.5652170000000001	0.84348199999999995	23	4.033245
遭殃	3.3043480000000001	1.1051439999999999	23	2.294114
眨眼	1.6956519999999999	0.70290200000000003	23	3.902810
镇长	1.6956519999999999	0.92612499999999998	23	3.902810
知足	3.347826	1.2652239999999999	23	2.250636
质料	2.714286	1.0555969999999999	21	2.884176
终点	2.3913039999999999	1.2335879999999999	23	3.207158
装备	2	1.0444659999999999	23	3.598462
族谱	1.7391300000000001	0.91539300000000001	23	3.859332
钻头	1.521739	0.593109	23	4.076723
作战	2.7391299999999998	1.053884	23	2.859332
做主	2.7826089999999999	1.1263989999999999	23	2.815853
暗藏	3.5909089999999999	1.140555	22	2.007553
百货	2.5217390000000002	1.0387740000000001	23	3.076723
颁发	2.7391299999999998	1.2142109999999999	23	2.859332
暴光	2.9090910000000001	1.2690109999999999	22	2.689371
蝙蝠	1.521739	0.94722399999999995	23	4.076723
标竿	2.7826089999999999	1.1660550000000001	23	2.815853
层次	2.9565220000000001	1.296087	23	2.641940
查明	2.8695650000000001	1.289973	23	2.728897
差事	3.0434779999999999	1.1472599999999999	23	2.554984
掣肘	3.6842109999999999	1.2495609999999999	19	1.914251
充公	3.045455	1.326552	22	2.553007
愁苦	3.2173910000000001	1.3127530000000001	23	2.381071
刺刀	1.3043480000000001	0.55879599999999996	23	4.294114
错怪	2.8695650000000001	1.099766	23	2.728897
答谢	2.652174	1.0706279999999999	23	2.946288
弹头	2.086957	1.2399800000000001	23	3.511505
得力	3.2272729999999998	1.1097760000000001	22	2.371189
电镀	2.0909089999999999	0.92113199999999995	22	3.507553
订单	2	0.90453399999999995	23	3.598462
动人	3.7391299999999998	1.053884	23	1.859332
冻肉	1.652174	0.98205200000000004	23	3.946288
对于	3.7727270000000002	1.020356	22	1.825735
顿悟	3.6363639999999999	1.1358010000000001	22	1.962098
烦躁	2.8260869999999998	1.11405	23	2.772375
访问	2.2608700000000002	0.86431199999999997	23	3.337592
纷争	2.5652170000000001	1.03687	23	3.033245
粉嫩	2.7826089999999999	1.0425720000000001	23	2.815853
份量	2.6956519999999999	0.76483999999999996	23	2.902810
封锁	2.9565220000000001	1.1862189999999999	23	2.641940
高明	3.1304349999999999	1.391675	23	2.468027
弓箭	1.3913040000000001	0.72231500000000004	23	4.207158
归途	3.0434779999999999	1.1862189999999999	23	2.554984
寒酸	3.2173910000000001	1.0425720000000001	23	2.381071
旱灾	2	0.79772399999999999	23	3.598462
和声	3.3043480000000001	1.1455360000000001	23	2.294114
后辈	2.086957	0.84815499999999999	23	3.511505
话语	2.6956519999999999	1.019571	23	2.902810
回想	3.1363639999999999	1.2457720000000001	22	2.462098
活动	2.454545	1.1009640000000001	22	3.143917
活该	3.454545	1.29935	22	2.143917
剧场	2.1304349999999999	1.0137400000000001	23	3.468027
开门	1.6086959999999999	0.72231500000000004	23	3.989766
开心	2.6086960000000001	1.305204	23	2.989766
口气	3.0909089999999999	1.064988	22	2.507553
蜡烛	1.3043480000000001	0.76483999999999996	23	4.294114
练功	2.4782609999999998	0.94722399999999995	23	3.120201
量杯	1.681818	0.89370099999999997	22	3.916644
列入	3.3043480000000001	1.1845509999999999	23	2.294114
邻国	2.3043480000000001	1.019571	23	3.294114
流浪	2.7391299999999998	1.17618	23	2.859332
麻辣	2.3913039999999999	0.98807100000000003	23	3.207158
麻脸	2.3809520000000002	1.2440329999999999	21	3.217510
麻醉	2.3636360000000001	0.95346299999999995	22	3.234826
马力	2.8260869999999998	0.93673399999999996	23	2.772375
馒头	1.1304350000000001	0.34434999999999999	23	4.468027
蔓延	3.6818179999999998	0.94548399999999999	22	1.916644
每当	3.7727270000000002	1.192509	22	1.825735
拍摄	2.045455	0.898532	22	3.553007
骗局	2.6086960000000001	0.89132800000000001	23	2.989766
瓢虫	1.2608699999999999	0.61919199999999996	23	4.337592
祈祷	3.1739130000000002	1.23038	23	2.424549
祈求	3.5217390000000002	1.122884	23	2.076723
骑士	1.9565220000000001	1.1069310000000001	23	3.641940
旗杆	1.3043480000000001	0.55879599999999996	23	4.294114
弃子	3.285714	0.84515399999999996	21	2.312748
千米	1.913043	0.99604000000000004	23	3.685419
桥牌	1.826087	1.1541300000000001	23	3.772375
清兵	2	0.81649700000000003	22	3.598462
情况	3.347826	0.98205200000000004	23	2.250636
晴朗	2.347826	1.0706279999999999	23	3.250636
驱散	3.1304349999999999	1.099766	23	2.468027
曲调	2.5652170000000001	1.1609590000000001	23	3.033245
全民	2.0434779999999999	0.87792400000000004	23	3.554984
热情	3	1.314257	23	2.598462
如意	3.347826	0.98205200000000004	23	2.250636
弱势	2.6086960000000001	0.98807100000000003	23	2.989766
伤心	2.9565220000000001	1.223938	23	2.641940
赏金	1.9565220000000001	0.82452499999999995	23	3.641940
神圣	3.8695650000000001	1.289973	23	1.728897
生态	3.1304349999999999	1.3586210000000001	23	2.468027
实干	3.0952380000000002	1.2208509999999999	21	2.503224
授权	3.0476190000000001	1.1169690000000001	21	2.550843
属下	2.3043480000000001	0.87566999999999995	23	3.294114
水门	2.8888889999999998	1.323493	18	2.709573
水准	3.5	1.185227	22	2.098462
摊位	1.826087	0.65032699999999999	23	3.772375
痛骂	2.6956519999999999	1.1455360000000001	23	2.902810
屯兵	2.7619050000000001	1.091089	21	2.836557
未来	3.6363639999999999	1.1769799999999999	22	1.962098
文官	2.2608700000000002	1.053884	23	3.337592
闲人	2.6363639999999999	1.0930709999999999	22	2.962098
贤淑	3.5217390000000002	0.94722399999999995	23	2.076723
销售	2.086957	0.66831200000000002	23	3.511505
斜坡	1.7826090000000001	0.85048199999999996	23	3.815853
星象	2.9047619999999998	1.4108419999999999	21	2.693700
兴致	3.3913039999999999	1.1575500000000001	23	2.207158
胸部	1.652174	0.57276800000000005	23	3.946288
休眠	2.4347829999999999	0.66237100000000004	23	3.163679
学位	1.826087	0.88688299999999998	23	3.772375
烟民	1.6956519999999999	0.82212499999999999	23	3.902810
妖术	3.8260869999999998	1.266785	23	1.772375
义务	3.5217390000000002	1.309739	23	2.076723
引言	2.6956519999999999	1.1051439999999999	23	2.902810
应该	3.4285709999999998	1.121224	21	2.169891
遇见	2.652174	1.112274	23	2.946288
遇难	2.4782609999999998	1.201119	23	3.120201
造化	4.086957	1.0834729999999999	23	1.511505
炸弹	1.4090910000000001	0.59032600000000002	22	4.189371
展开	3.0909089999999999	1.064988	22	2.507553
战乱	2.347826	1.0706279999999999	23	3.250636
长相	2.4782609999999998	1.343996	23	3.120201
招牌	2.4782609999999998	1.122884	23	3.120201
珍藏	2.8695650000000001	1.099766	23	2.728897
整合	3.3181820000000002	0.94548399999999999	22	2.280280
正名	3.2272729999999998	1.1097760000000001	22	2.371189
汁液	1.913043	1.1246430000000001	23	3.685419
枝节	2.6	1.095445	20	2.998462
值日	2.3043480000000001	1.1455360000000001	23	3.294114
制服	1.6086959999999999	0.89132800000000001	23	3.989766
忠告	3.2727270000000002	0.98473200000000005	22	2.325735
重播	2.2173910000000001	1.0852949999999999	23	3.381071
重金	2.8260869999999998	1.1541300000000001	23	2.772375
主脑	2.9523809999999999	1.359272	21	2.646081
桌布	1.1304350000000001	0.34434999999999999	23	4.468027
安排	2.913043	1.1246430000000001	23	2.685419
斑马	1.3043480000000001	0.55879599999999996	23	4.294114
办公	2.652174	0.98205200000000004	23	2.946288
保护	3.086957	0.99604000000000004	23	2.511505
保障	3.5714290000000002	1.0281750000000001	21	2.027033
背光	2.6666669999999999	0.96609199999999995	21	2.931795
博览	3.3043480000000001	1.1051439999999999	23	2.294114
出狱	1.954545	0.99891700000000005	22	3.643917
出浴	1.8695649999999999	0.91970099999999999	23	3.728897
船长	1.347826	0.57276800000000005	23	4.250636
闯进	3.2173910000000001	1.2415719999999999	23	2.381071
辞退	2.2608700000000002	1.053884	23	3.337592
贷款	1.826087	0.83405799999999997	23	3.772375
当众	2.913043	1.1246430000000001	23	2.685419
倒立	1.8695649999999999	0.75704899999999997	23	3.728897
舵手	1.4347829999999999	0.58976799999999996	23	4.163679
发令	2.5217390000000002	1.081647	23	3.076723
饭盒	1.1304350000000001	0.34434999999999999	23	4.468027
飞驰	3.1304349999999999	1.0137400000000001	23	2.468027
吩咐	2.7391299999999998	1.0961669999999999	23	2.859332
粉碎	2.4782609999999998	1.16266	23	3.120201
封地	2.5238100000000001	0.98076700000000006	21	3.074652
疯狗	2.086957	1.3112470000000001	23	3.511505
父老	2.1304349999999999	1.1795359999999999	23	3.468027
赋诗	2.6086960000000001	1.1175919999999999	23	2.989766
盖章	1.6956519999999999	0.87566999999999995	23	3.902810
敢于	3.5652170000000001	1.27301	23	2.033245
感冒	1.5652170000000001	0.58976799999999996	23	4.033245
感染	2.347826	1.191206	23	3.250636
港口	1.4347829999999999	0.58976799999999996	23	4.163679
歌颂	3.1304349999999999	1.2542420000000001	23	2.468027
供词	2.3043480000000001	0.87566999999999995	23	3.294114
龟缩	3.5	0.945905	20	2.098462
好胜	3.3913039999999999	1.2699009999999999	23	2.207158
合法	2.652174	1.228772	23	2.946288
核实	2.8695650000000001	1.057628	23	2.728897
黑洞	2.6086960000000001	1.4377740000000001	23	2.989766
虹膜	2.3636360000000001	1.048602	22	3.234826
湖畔	1.6086959999999999	0.58302699999999996	23	3.989766
糊涂	3.3636360000000001	1.216766	22	2.234826
换人	2.3043480000000001	1.019571	23	3.294114
恍如	4.0454549999999996	0.84387299999999998	22	1.553007
回路	3	0.89442699999999997	21	2.598462
火炬	1.3043480000000001	0.76483999999999996	23	4.294114
饥荒	2.1304349999999999	0.96786300000000003	23	3.468027
基准	2.913043	1.276111	23	2.685419
集中	2.913043	1.1643589999999999	23	2.685419
伎俩	3.3913039999999999	1.1175919999999999	23	2.207158
佳丽	2.913043	1.0834729999999999	23	2.685419
建设	2.5652170000000001	1.3425240000000001	23	3.033245
剑客	1.8695649999999999	0.91970099999999999	23	3.728897
脚步	1.7391300000000001	0.91539300000000001	23	3.859332
叫卖	2.347826	0.98205200000000004	23	3.250636
接近	2.6956519999999999	0.97397	23	2.902810
精彩	3.086957	1.2027639999999999	23	2.511505
楷模	2.652174	1.191206	23	2.946288
砍伐	2.0434779999999999	0.87792400000000004	23	3.554984
看待	3.086957	1.040675	23	2.511505
刻画	2.6086960000000001	1.2335879999999999	23	2.989766
恐怖	3.6956519999999999	1.1845509999999999	23	1.902810
拉面	1.3043480000000001	0.70290200000000003	23	4.294114
蓝本	2.954545	1.1329389999999999	22	2.643917
牢固	3.1304349999999999	1.217462	23	2.468027
冷笑	2.5714290000000002	0.67612300000000003	21	3.027033
冷战	3	1.272418	22	2.598462
离别	2.4782609999999998	1.0387740000000001	23	3.120201
礼金	1.521739	0.593109	23	4.076723
例行	3.1739130000000002	0.98406300000000002	23	2.424549
秘诀	2.7272729999999998	1.279204	22	2.871189
描述	3.1363639999999999	1.1252709999999999	22	2.462098
牧童	1.3913040000000001	0.89132800000000001	23	4.207158
牧羊	1.478261	0.73047700000000004	23	4.120201
浓烟	1.6086959999999999	1.0330509999999999	23	3.989766
炮轰	2.454545	1.0107649999999999	22	3.143917
琵琶	1.347826	0.88465199999999999	23	4.250636
齐整	2.9090910000000001	1.0192939999999999	22	2.689371
起誓	3.0909089999999999	1.230915	22	2.507553
浅黄	2.045455	0.99891700000000005	22	3.553007
求助	2.7826089999999999	0.95138800000000001	23	2.815853
任务	2.3636360000000001	0.95346299999999995	22	3.234826
荣耀	3.2608700000000002	1.3888320000000001	23	2.337592
沙滩	1.2272730000000001	0.42893199999999998	22	4.371189
晌午	2.2608700000000002	1.009833	23	3.337592
水井	1.086957	0.28810400000000003	23	4.511505
搜身	2.2173910000000001	0.79524300000000003	23	3.381071
夙敌	3.2380949999999999	1.3001830000000001	21	2.360367
唆使	3.4782609999999998	0.94722399999999995	23	2.120201
所在	2.9047619999999998	1.3001830000000001	21	2.693700
台上	1.9565220000000001	0.82452499999999995	23	3.641940
贪欲	3.5	1.144344	22	2.098462
叹气	2.2272729999999998	1.020356	22	3.371189
腾空	3.1304349999999999	1.2542420000000001	23	2.468027
贴切	3.2727270000000002	1.315903	22	2.325735
偷渡	2.086957	0.94930800000000004	23	3.511505
颓废	3.5652170000000001	1.27301	23	2.033245
退隐	3.1363639999999999	1.206942	22	2.462098
外交	2.4782609999999998	1.2383850000000001	23	3.120201
外科	2.1739130000000002	1.11405	23	3.424549
五行	3.086957	1.5348390000000001	23	2.511505
馅饼	1.4090910000000001	0.90811600000000003	22	4.189371
效率	3.1304349999999999	0.96786300000000003	23	2.468027
写作	2.1304349999999999	0.75704899999999997	23	3.468027
休想	3.4761899999999999	1.249762	21	2.122272
修甲	1.7826090000000001	0.59973600000000005	23	3.815853
选项	2.545455	1.1843129999999999	22	3.053007
宴会	1.521739	0.593109	23	4.076723
验证	2.7391299999999998	1.2869060000000001	23	2.859332
秧苗	1.3913040000000001	0.78271800000000002	23	4.207158
仰望	2.8181820000000002	1.180652	22	2.780280
夜色	2.4347829999999999	1.1211230000000001	23	3.163679
已婚	1.7391300000000001	1.053884	23	3.859332
愠怒	3.4347829999999999	0.94513499999999995	23	2.163679
增进	3.2272729999999998	1.192509	22	2.371189
这种	3.45	1.2343759999999999	20	2.148462
蔗糖	1.2608699999999999	0.44897799999999999	23	4.337592
桎梏	3.5	1.336306	22	2.098462
瞩目	3.4782609999999998	1.16266	23	2.120201
驻扎	2.7391299999999998	1.053884	23	2.859332
祝贺	2.652174	1.3351440000000001	23	2.946288
专用	2.7826089999999999	1.277658	23	2.815853
撞车	1.7826090000000001	0.90234700000000001	23	3.815853
锥形	1.826087	0.88688299999999998	23	3.772375
字迹	1.826087	0.65032699999999999	23	3.772375
爱好	2.8846150000000002	0.90893000000000002	26	2.713847
凹凸	2.538462	1.3335900000000001	26	3.060000
斑鸠	1.461538	0.81145599999999996	26	4.136924
悲伤	2.9230770000000001	1.2937719999999999	26	2.675385
背负	3.6956519999999999	0.76483999999999996	23	1.902810
笨拙	3.0769229999999999	1.0553889999999999	26	2.521539
宾馆	1.538462	0.76056699999999999	26	4.060000
补考	2.1153849999999998	0.86380199999999996	26	3.483077
哺乳	1.769231	0.81523900000000005	26	3.829231
裁剪	2.04	0.84063500000000002	25	3.558462
采摘	1.9230769999999999	0.93479699999999999	26	3.675385
出版	2.6538460000000001	1.16421	26	2.944616
出去	2.538462	1.363254	26	3.060000
初衷	3.92	1.0770329999999999	25	1.678462
雏鸟	1.6538459999999999	0.56159099999999995	26	3.944616
捶背	1.5	0.76157699999999995	26	4.098462
纯情	3.9230770000000001	0.79614499999999999	26	1.675385
翠玉	2.16	0.98657700000000004	25	3.438462
打蜡	2.0416669999999999	0.69025300000000001	24	3.556795
蛋壳	1.3846149999999999	0.57109900000000002	26	4.213847
瞪视	2.6	0.95742700000000003	25	2.998462
吊销	2.6923080000000001	1.225373	26	2.906154
定论	3.4166669999999999	1.1389039999999999	24	2.181795
独居	2.038462	0.77360300000000004	26	3.560000
队长	2.038462	0.95836399999999999	26	3.560000
发誓	3.3461539999999999	1.2310099999999999	26	2.252308
废物	3.2916669999999999	0.99909400000000004	24	2.306795
风纪	3.9047619999999998	1.091089	21	1.693700
干柴	1.875	0.946963	24	3.723462
隔绝	3.6923080000000001	1.0107120000000001	26	1.906154
公事	2.8076919999999999	1.096147	26	2.790770
巩固	3.5	1.029563	26	2.098462
够用	3.4166669999999999	1.0179549999999999	24	2.181795
谷物	1.961538	0.87089700000000003	26	3.636924
骨科	1.8461540000000001	0.92486999999999997	26	3.752308
光彩	3.52	1.084743	25	2.078462
广告	2.9230770000000001	1.2303850000000001	26	2.675385
聒噪	3.5217390000000002	1.201119	23	2.076723
害怕	3.3076919999999999	1.192283	26	2.290770
行乞	2.461538	1.103839	26	3.136924
后备	3.454545	0.85786399999999996	22	2.143917
互助	2.961538	0.87089700000000003	26	2.636924
缓冲	3.32	0.98826400000000003	25	2.278462
唤醒	2.8333330000000001	1.00722	24	2.765129
羁留	3.4761899999999999	1.1670069999999999	21	2.122272
极端	3.8846150000000002	1.0325470000000001	26	1.713847
尖峰	3.125	0.85019199999999995	24	2.473462
降服	3.538462	0.98917200000000005	26	2.060000
郊外	2.4230770000000001	0.90213399999999999	26	3.175385
焦点	3.269231	1.115623	26	2.329231
街头	2.1538460000000001	1.286618	26	3.444616
静脉	2	1.2	26	3.598462
就绪	3.4166669999999999	1.0179549999999999	24	2.181795
举世	3.75	0.73721000000000003	24	1.848462
考古	2.3461539999999999	1.0933360000000001	26	3.252308
拷问	2.88	1.0132460000000001	25	2.718462
快速	3.0769229999999999	1.1635489999999999	26	2.521539
狂妄	3.730769	1.002305	26	1.867693
狼藉	3.52	1.1224970000000001	25	2.078462
类别	3.08	1.0770329999999999	25	2.518462
恋爱	3.269231	1.3132459999999999	26	2.329231
锣鼓	1.3461540000000001	0.68948100000000001	26	4.252308
麻油	1.230769	0.51440799999999998	26	4.367693
莽撞	3.1153849999999998	0.95192100000000002	26	2.483077
名气	3.44	0.91651499999999997	25	2.158462
目录	2.0769229999999999	0.84489400000000003	26	3.521539
目送	3	1.0198039999999999	26	2.598462
沐浴	1.8076920000000001	0.93890300000000004	26	3.790770
内疚	3.6153849999999998	1.0982499999999999	26	1.983077
内战	2.8	1	25	2.798462
牌九	2.347826	1.40158	23	3.250636
膀胱	1.3461540000000001	0.62879600000000002	26	4.252308
齐声	3	0.95742700000000003	25	2.598462
强暴	2.64	1.0754840000000001	25	2.958462
强调	3.44	0.91651499999999997	25	2.158462
抢劫	1.961538	1.0384899999999999	26	3.636924
青年	2.1538460000000001	0.96715300000000004	26	3.444616
软垫	1.8846149999999999	0.65280499999999997	26	3.713847
尚武	3.1428569999999998	1.0141849999999999	21	2.455605
少数	2.769231	0.99227799999999999	26	2.829231
射击	1.8846149999999999	0.81618199999999996	26	3.713847
失血	2.3076919999999999	0.970329	26	3.290770
时势	4	1	25	1.598462
诉苦	2.8846150000000002	0.99305299999999996	26	2.713847
所谓	4.1818179999999998	0.73266399999999998	22	1.416644
锁匠	1.6538459999999999	0.74524100000000004	26	3.944616
体检	2.3076919999999999	1.1582479999999999	26	3.290770
替身	2.3846150000000002	0.941357	26	3.213847
调解	3	1.0198039999999999	26	2.598462
停止	2.2000000000000002	1	25	3.398462
投诉	2.8846150000000002	1.142871	26	2.713847
完蛋	3.75	0.94408899999999996	24	1.848462
旺盛	3.461538	0.90468899999999997	26	2.136924
违抗	3.1538460000000001	0.88055899999999998	26	2.444616
伪善	3.6923080000000001	1.0107120000000001	26	1.906154
误差	3.12	1.0132460000000001	25	2.478462
夕照	2.9523809999999999	1.2440329999999999	21	2.646081
西医	1.9230769999999999	1.0167820000000001	26	3.675385
线圈	2.3076919999999999	1.192283	26	3.290770
宪兵	1.9230769999999999	1.0167820000000001	26	3.675385
献身	3.3333330000000001	0.86811499999999997	24	2.265129
写实	3.1153849999999998	1.1773499999999999	26	2.483077
心跳	1.961538	0.91567500000000002	26	3.636924
心仪	3.8461539999999999	0.96715300000000004	26	1.752308
宣扬	3.48	0.71414299999999997	25	2.118462
衍变	4.28	0.842615	25	1.318462
椅子	1.230769	0.51440799999999998	26	4.367693
永世	3.9565220000000001	0.82452499999999995	23	1.641940
优待	3.5769229999999999	0.98683600000000005	26	2.021539
油墨	1.8076920000000001	0.98058100000000004	26	3.790770
元老	2.538462	0.98917200000000005	26	3.060000
早操	1.8461540000000001	0.92486999999999997	26	3.752308
蚱蜢	1.36	0.90737699999999999	25	4.238462
摘录	2.6923080000000001	1.0107120000000001	26	2.906154
辗转	3.8461539999999999	0.78446499999999997	26	1.752308
湛蓝	2.7083330000000001	1.041703	24	2.890129
招待	2.6538460000000001	1.0561179999999999	26	2.944616
制止	2.44	1.0440309999999999	25	3.158462
中国	1.6153850000000001	0.982931	26	3.983077
专一	3.1538460000000001	1.0466059999999999	26	2.444616
壮观	3.5769229999999999	1.02657	26	2.021539
卓越	3.730769	1.185165	26	1.867693
自己	1.8461540000000001	0.833897	26	3.752308
昨天	2.0769229999999999	1.2624759999999999	26	3.521539
暗喻	4.3600000000000003	0.56862400000000002	25	1.238462
毙命	2.538462	1.2403470000000001	26	3.060000
材料	2.5833330000000001	1.2481869999999999	24	3.015129
菜刀	1.230769	0.51440799999999998	26	4.367693
糙米	1.461538	0.50839100000000004	26	4.136924
差距	3.538462	0.81145599999999996	26	2.060000
馋嘴	3	0.95742700000000003	25	2.598462
迟到	2.3461539999999999	1.129329	26	3.252308
垂涎	3.5769229999999999	0.85664799999999997	26	2.021539
刺绣	1.769231	0.76460099999999998	26	3.829231
带路	2.3913039999999999	1.0330509999999999	23	3.207158
待业	2.6538460000000001	1.0933360000000001	26	2.944616
德国	1.538462	0.90468899999999997	26	4.060000
订金	2.5769229999999999	1.101747	26	3.021539
冬菇	1.3076920000000001	0.54912499999999997	26	4.290770
段落	2.8076919999999999	1.096147	26	2.790770
队员	2.1153849999999998	0.99305299999999996	26	3.483077
法国	1.5	0.90553899999999998	26	4.098462
仿古	3.1153849999999998	1.2108479999999999	26	2.483077
纺织	2.12	0.92736200000000002	25	3.478462
费时	3.4	0.91287099999999999	25	2.198462
风化	3.6666669999999999	0.96308700000000003	24	1.931795
风能	2.72	1.137248	25	2.878462
凤梨	1.5	0.98994899999999997	26	4.098462
浮夸	4.1538459999999997	0.78446499999999997	26	1.444616
概括	4	0.63245600000000002	26	1.598462
稿费	1.730769	0.96156900000000001	26	3.867693
功效	3.1538460000000001	1.084152	26	2.444616
估计	3.8	0.76376299999999997	25	1.798462
鼓励	3.3076919999999999	1.257592	26	2.290770
光线	2.461538	1.1395010000000001	26	3.136924
归依	3.96	0.88881900000000003	25	1.638462
过分	3.5769229999999999	0.98683600000000005	26	2.021539
号召	3.6153849999999998	0.89786100000000002	26	1.983077
河马	1.4230769999999999	0.90213399999999999	26	4.175385
候补	2.961538	0.95836399999999999	26	2.636924
怀念	3.9230770000000001	1.1286480000000001	26	1.675385
缓和	3.6153849999999998	0.75243199999999999	26	1.983077
火星	1.72	1.0614459999999999	25	3.878462
饥饿	2.6538460000000001	1.0933360000000001	26	2.944616
积木	1.6538459999999999	0.74524100000000004	26	3.944616
集邮	1.88	0.97125300000000003	25	3.718462
焦土	2.5217390000000002	1.2745610000000001	23	3.076723
脚印	1.6153850000000001	0.75243199999999999	26	3.983077
境外	2.9230770000000001	0.93479699999999999	26	2.675385
局势	3.6923080000000001	0.92819099999999999	26	1.906154
聚积	3.347826	1.0272950000000001	23	2.250636
课堂	1.8846149999999999	0.86380199999999996	26	3.713847
控诉	3.038462	1.076319	26	2.560000
狂热	4	0.69281999999999999	26	1.598462
傀儡	3.0769229999999999	1.3243290000000001	26	2.521539
了得	4.0434780000000003	0.82452499999999995	23	1.554984
廉洁	3.1153849999999998	1.142871	26	2.483077
脸孔	2.1153849999999998	1.070586	26	3.483077
零售	2.269231	0.82741500000000001	26	3.329231
陆战	2.4	0.91287099999999999	25	3.198462
律师	1.6538459999999999	0.79710999999999999	26	3.944616
埋没	3.44	0.91651499999999997	25	2.158462
闹钟	1.269231	0.53349400000000002	26	4.329231
泥土	1.3076920000000001	0.67936600000000003	26	4.290770
逆境	3.8846150000000002	0.90893000000000002	26	1.713847
牛奶	1.3076920000000001	0.67936600000000003	26	4.290770
牛棚	1.3076920000000001	0.54912499999999997	26	4.290770
蹒跚	3.5769229999999999	1.02657	26	2.021539
泡影	3.961538	0.87089700000000003	26	1.636924
炮仗	1.88	0.92736200000000002	25	3.718462
剖析	3.92	0.57154799999999994	25	1.678462
谱写	3.3461539999999999	1.0561179999999999	26	2.252308
轻易	3.6	0.86602500000000004	25	1.998462
倾向	4.08	0.81240400000000002	25	1.518462
全部	3.16	1.4341079999999999	25	2.438462
泉眼	1.8461540000000001	0.833897	26	3.752308
热身	2.8846150000000002	0.86380199999999996	26	2.713847
忍受	3.6538460000000001	0.79710999999999999	26	1.944616
容纳	3.56	0.86986600000000003	25	2.038462
赛事	2.269231	1.0791729999999999	26	3.329231
舌头	1.3076920000000001	0.83757899999999996	26	4.290770
尸骸	1.6153850000000001	0.80383700000000002	26	3.983077
失实	3.7083330000000001	0.85867300000000002	24	1.890129
施工	2.538462	0.90468899999999997	26	3.060000
石膏	1.5769230000000001	0.70274199999999998	26	4.021539
时机	3.96	0.53851599999999999	25	1.638462
实用	3.6153849999999998	0.75243199999999999	26	1.983077
手掌	1.3461540000000001	0.56159099999999995	26	4.252308
水货	3.0416669999999999	0.85867300000000002	24	2.556795
水域	2.6923080000000001	1.289007	26	2.906154
私奔	3.24	1.16476	25	2.358462
斯文	3.769231	0.76460099999999998	26	1.829231
随从	3	0.93250500000000003	24	2.598462
锁定	3.44	0.96090200000000003	25	2.158462
甜品	2.038462	1.076319	26	3.560000
跳跃	2.6923080000000001	1.1582479999999999	26	2.906154
通风	2.7916669999999999	0.97709299999999999	24	2.806795
头胎	2.2799999999999998	1.0214369999999999	25	3.318462
无限	4.2307689999999996	1.0318020000000001	26	1.367693
五百	1.7083330000000001	0.99909400000000004	24	3.890129
洗手	1.5	0.86023300000000003	26	4.098462
下跌	2.8846150000000002	1.1773499999999999	26	2.713847
相遇	3.1538460000000001	0.96715300000000004	26	2.444616
香槟	1.4230769999999999	0.64330900000000002	26	4.175385
襄助	3.7619050000000001	0.70033999999999996	21	1.836557
谐音	3.1538460000000001	1.1555880000000001	26	2.444616
嗅觉	2.3076919999999999	1.289007	26	3.290770
学生	1.6153850000000001	0.75243199999999999	26	3.983077
押运	2.76	0.87939400000000001	25	2.838462
以前	3.5769229999999999	1.2384850000000001	26	2.021539
因果	4.1153849999999998	0.90893000000000002	26	1.483077
音乐	2.230769	1.0318020000000001	26	3.367693
营运	3.538462	0.85933800000000005	26	2.060000
硬拼	3.4583330000000001	0.93153300000000006	24	2.140129
庸碌	3.8846150000000002	0.90893000000000002	26	1.713847
犹豫	3.92	0.75938600000000001	25	1.678462
渊源	4.1538459999999997	0.833897	26	1.444616
砸碎	2.375	1.013496	24	3.223462
摘取	2.6	1.0408329999999999	25	2.998462
蟑螂	1.3076920000000001	0.67936600000000003	26	4.290770
长进	3.76	0.72341800000000001	25	1.838462
忠心	3.8461539999999999	0.96715300000000004	26	1.752308
种子	1.92	0.90921200000000002	25	3.678462
祝寿	2.6923080000000001	0.92819099999999999	26	2.906154
转变	3.6538460000000001	0.93562000000000001	26	1.944616
捉奸	2.68	1.10755	25	2.918462
作曲	2.0769229999999999	1.0553889999999999	26	3.521539
哀伤	3	1.3187610000000001	24	2.598462
安危	3.375	1.013496	24	2.223462
败北	2.6086960000000001	1.305204	23	2.989766
邦交	2.85	1.225819	20	2.748462
棒球	1.1666669999999999	0.481543	24	4.431795
保存	2.3333330000000001	1.307725	24	3.265129
抱负	3.4583330000000001	1.473805	24	2.140129
碧绿	2.375	1.1349199999999999	24	3.223462
壁画	1.3333330000000001	0.56466000000000005	24	4.265129
不快	2.913043	1.0834729999999999	23	2.685419
不能	1.913043	1.040675	23	3.685419
布匹	1.5	0.78018900000000002	24	4.098462
参数	2.875	1.329024	24	2.723462
车票	1.25	0.67566400000000004	24	4.348462
炽热	3.2083330000000001	1.284664	24	2.390129
打印	1.7083330000000001	1.041703	24	3.890129
道谢	2.1666669999999999	0.96308700000000003	24	3.431795
等同	2.7826089999999999	1.0425720000000001	23	2.815853
点头	1.5	0.65937999999999997	24	4.098462
电疗	2.2916669999999999	0.80645	24	3.306795
都行	3.2380949999999999	1.091089	21	2.360367
对角	2.5833330000000001	1.1389039999999999	24	3.015129
多谢	2.2916669999999999	1.1601790000000001	24	3.306795
恶化	2.8333330000000001	1.0901400000000001	24	2.765129
飞逝	4.0434780000000003	1.1069310000000001	23	1.554984
分居	1.875	0.79741399999999996	24	3.723462
肤色	1.625	0.82422600000000001	24	3.973462
附近	2.9583330000000001	1.0826359999999999	24	2.640129
富有	2.7916669999999999	1.2150920000000001	24	2.806795
岗位	1.875	0.85019199999999995	24	3.723462
歌剧	1.6666669999999999	0.76138700000000004	24	3.931795
各人	2.75	1.113162	24	2.848462
沟通	2.7916669999999999	1.102533	24	2.806795
海沟	2.2916669999999999	1.334465	24	3.306795
海水	1.4166669999999999	0.71728199999999998	24	4.181795
黑豹	1.375	0.646899	24	4.223462
红娘	2.0833330000000001	0.92861099999999996	24	3.515129
宏伟	3.5652170000000001	0.99206300000000003	23	2.033245
蝴蝶	1.125	0.33783200000000002	24	4.473462
幻灯	2.3043480000000001	1.019571	23	3.294114
汇款	1.4166669999999999	0.71728199999999998	24	4.181795
活力	3.2916669999999999	1.1601790000000001	24	2.306795
基金	1.7916669999999999	1.1412869999999999	24	3.806795
既定	3.545455	0.80043299999999995	22	2.053007
荚果	2.1818179999999998	1.006473	22	3.416644
假想	3.7826089999999999	1.1660550000000001	23	1.815853
驾照	1.1666669999999999	0.380693	24	4.431795
轿夫	1.5416669999999999	0.65800499999999995	24	4.056795
教授	1.4583330000000001	0.72106000000000003	24	4.140129
接纳	3.0416669999999999	1.041703	24	2.556795
境地	3.6666669999999999	1.0495000000000001	24	1.931795
坑洞	2.2272729999999998	1.2317940000000001	22	3.371189
宽限	3.3333330000000001	1.167184	24	2.265129
懒惰	2.9166669999999999	1.348644	24	2.681795
良知	3.4583330000000001	1.3824730000000001	24	2.140129
邻座	1.875	0.85019199999999995	24	3.723462
另外	3.2272729999999998	0.92230699999999999	22	2.371189
录像	1.5833330000000001	0.65386299999999997	24	4.015129
满足	3.375	1.244553	24	2.223462
冒失	3.5	1.0632189999999999	24	2.098462
每逢	3.2083330000000001	1.102533	24	2.390129
弥撒	3.2	1.1516580000000001	20	2.398462
勉励	3.625	0.96964799999999995	24	1.973462
名人	2	1.0215080000000001	24	3.598462
目击	1.9166669999999999	0.775532	24	3.681795
牧场	1.4166669999999999	0.583592	24	4.181795
评审	2.625	1.3452820000000001	24	2.973462
破例	2.6956519999999999	1.019571	23	2.902810
谦虚	2.9166669999999999	1.316011	24	2.681795
强权	3.25	1.293798	24	2.348462
确认	2.5	1.215838	24	3.098462
乳猪	1.25	0.53161000000000003	24	4.348462
丧失	3	1.0215080000000001	24	2.598462
砂砾	1.826087	1.029217	23	3.772375
傻笑	2	0.93250500000000003	24	3.598462
伤害	2.9583330000000001	1.2676289999999999	24	2.640129
神殿	2.7083330000000001	1.4288689999999999	24	2.890129
食宿	1.9166669999999999	1.059806	24	3.681795
视力	1.625	0.76966999999999997	24	3.973462
适应	3.0833330000000001	1.100066	24	2.515129
室温	2.2083330000000001	1.020621	24	3.390129
书展	1.5416669999999999	0.65800499999999995	24	4.056795
述职	2.9166669999999999	1.2128540000000001	24	2.681795
水桶	1.1666669999999999	0.380693	24	4.431795
搜寻	2.625	1.013496	24	2.973462
谈论	2.9583330000000001	0.90789600000000004	24	2.640129
疼痛	2.375	1.1349199999999999	24	3.223462
天坛	2.2083330000000001	1.250362	24	3.390129
停战	2.375	0.92372100000000001	24	3.223462
通信	2.5416669999999999	0.97709299999999999	24	3.056795
途径	3.5416669999999999	0.72106000000000003	24	2.056795
吐血	1.875	0.946963	24	3.723462
驼峰	1.625	0.96964799999999995	24	3.973462
瓦砾	1.7916669999999999	0.88362700000000005	24	3.806795
晚报	1.625	0.87538800000000005	24	3.973462
晚年	2.875	1.1156010000000001	24	2.723462
王牌	2.8333330000000001	1.203859	24	2.765129
闻讯	2.954545	1.0455019999999999	22	2.643917
西岸	2.2608700000000002	1.1368769999999999	23	3.337592
先祖	2.5	1.3513280000000001	24	3.098462
掀起	2.545455	1.1433979999999999	22	3.053007
相信	2.75	1.073394	24	2.848462
写意	4.0833329999999997	0.82970200000000005	24	1.515129
欣慰	3.4583330000000001	1.0623670000000001	24	2.140129
形态	3.2916669999999999	1.232853	24	2.306795
凶险	3.3333330000000001	1.307725	24	2.265129
穴位	2.0416669999999999	0.99909400000000004	24	3.556795
血癌	1.75	0.89685400000000004	24	3.848462
颜料	1.6666669999999999	1.00722	24	3.931795
要闻	2.4166669999999999	0.88054699999999997	24	3.181795
以便	3.4761899999999999	0.98076700000000006	21	2.122272
艺人	1.7916669999999999	0.88362700000000005	24	3.806795
引荐	2.7916669999999999	1.0623670000000001	24	2.806795
冤家	3.0416669999999999	1.232853	24	2.556795
月台	1.7391300000000001	1.053884	23	3.859332
展出	2.2916669999999999	0.85867300000000002	24	3.306795
肇事	2.7083330000000001	1.2676289999999999	24	2.890129
正负	2.75	1.2597449999999999	24	2.848462
直译	2.3913039999999999	1.076152	23	3.207158
钟声	1.5416669999999999	0.72106000000000003	24	4.056795
周转	3.2083330000000001	1.1412869999999999	24	2.390129
走读	2.4782609999999998	1.081647	23	3.120201
左手	1.125	0.33783200000000002	24	4.473462
做梦	2.5416669999999999	1.413573	24	3.056795
白饭	1.7083330000000001	1.041703	24	3.890129
抱歉	2.7916669999999999	1.2150920000000001	24	2.806795
本领	3	1.3187610000000001	24	2.598462
鼻涕	1.2083330000000001	0.41485100000000003	24	4.390129
辨认	2.9166669999999999	1.059806	24	2.681795
菠菜	1.0416669999999999	0.204124	24	4.556795
不够	3.6818179999999998	0.89370099999999997	22	1.916644
参见	3	0.83405799999999997	24	2.598462
残杀	2.7826089999999999	1.0425720000000001	23	2.815853
拆解	3	1.0215080000000001	24	2.598462
成果	2.7916669999999999	1.284664	24	2.806795
斥责	2.9166669999999999	1.1764600000000001	24	2.681795
酬劳	1.9583330000000001	0.90789600000000004	24	3.640129
除夕	1.3333330000000001	0.56466000000000005	24	4.265129
词典	1.2916669999999999	0.464306	24	4.306795
当代	2.6956519999999999	1.019571	23	2.902810
党羽	3.0833330000000001	0.97430799999999995	24	2.515129
电梯	1.375	0.87538800000000005	24	4.223462
凋谢	2.8333330000000001	1.203859	24	2.765129
懂事	3.2916669999999999	1.232853	24	2.306795
动荡	3.4583330000000001	1.1412869999999999	24	2.140129
耳鸣	2.0416669999999999	0.95458500000000002	24	3.556795
分贝	2.4166669999999999	1.316011	24	3.181795
服侍	2.913043	0.99604000000000004	23	2.685419
复原	3.086957	1.2399800000000001	23	2.511505
构思	4.0833329999999997	0.88054699999999997	24	1.515129
顾问	2.375	1.0555239999999999	24	3.223462
龟裂	2.6363639999999999	1.1358010000000001	22	2.962098
还击	2.8695650000000001	1.099766	23	2.728897
和好	2.75	1.0320940000000001	24	2.848462
后母	1.5	0.78018900000000002	24	4.098462
坏账	2.086957	0.99604000000000004	23	3.511505
黄昏	1.9166669999999999	1.1389039999999999	24	3.681795
际遇	3.8260869999999998	1.072473	23	1.772375
见证	3	1.128152	23	2.598462
健身	1.6666669999999999	0.56466000000000005	24	3.931795
进食	1.7916669999999999	0.93153300000000006	24	3.806795
禁忌	2.7916669999999999	1.020621	24	2.806795
惊人	3.347826	1.228772	23	2.250636
狙击	2.5	1.285369	24	3.098462
居心	3.7391299999999998	1.053884	23	1.859332
抉择	3.375	0.87538800000000005	24	2.223462
开市	3.1304349999999999	1.0137400000000001	23	2.468027
刊载	2.545455	1.2238610000000001	22	3.053007
恐慌	3.25	1.2597449999999999	24	2.348462
乐器	1.8695649999999999	1.0137400000000001	23	3.728897
黎明	2.2173910000000001	1.1660550000000001	23	3.381071
里边	2.4583330000000001	0.97709299999999999	24	3.140129
理财	2.5833330000000001	1.348644	24	3.015129
弥留	3.2916669999999999	1.041703	24	2.306795
棉花	1.1666669999999999	0.380693	24	4.431795
默许	2.8695650000000001	1.0137400000000001	23	2.728897
浓厚	3.6363639999999999	1.1358010000000001	22	1.962098
偶数	2.0833330000000001	1.2128540000000001	24	3.515129
叛徒	2.1666669999999999	1.0495000000000001	24	3.431795
配戴	2.3333330000000001	1.0495000000000001	24	3.265129
配偶	1.3333330000000001	0.56466000000000005	24	4.265129
屏息	2.7391299999999998	1.2510859999999999	23	2.859332
破产	2.375	1.1349199999999999	24	3.223462
齐全	2.7826089999999999	1.277658	23	2.815853
契合	3.5833330000000001	1.2128540000000001	24	2.015129
枪手	2	1.1239030000000001	20	3.598462
悄悄	3.4782609999999998	1.410015	23	2.120201
桥墩	1.375	0.76966999999999997	24	4.223462
切实	3.6363639999999999	1.0930709999999999	22	1.962098
囚车	1.5833330000000001	0.775532	24	4.015129
囚犯	1.3333330000000001	0.56466000000000005	24	4.265129
球技	3.1739130000000002	1.11405	23	2.424549
全场	2.347826	1.0272950000000001	23	3.250636
群体	2.8260869999999998	1.029217	23	2.772375
善终	3.454545	1.1433979999999999	22	2.143917
生路	3.5416669999999999	1.102533	24	2.056795
声母	2.0434779999999999	1.296087	23	3.554984
牲畜	1.8695649999999999	1.0137400000000001	23	3.728897
失声	2.5416669999999999	1.102533	24	3.056795
失业	1.75	0.94408899999999996	24	3.848462
实况	2.625	1.0959410000000001	24	2.973462
似乎	3.8	1.1964859999999999	20	1.798462
事业	3.1304349999999999	1.289973	23	2.468027
侍候	2.625	1.013496	24	2.973462
誓死	3.5833330000000001	1.380506	24	2.015129
鼠辈	3.4583330000000001	1.1412869999999999	24	2.140129
数值	2.375	1.0959410000000001	24	3.223462
水分	2.4166669999999999	1.059806	24	3.181795
水印	1.75	1.073394	24	3.848462
睡觉	1.25	0.442326	24	4.348462
顺应	3.25	1.0320940000000001	24	2.348462
酥软	3.1666669999999999	1.203859	24	2.431795
塔尖	1.9583330000000001	1.1220779999999999	24	3.640129
袒露	3.086957	1.1246430000000001	23	2.511505
调皮	3.1304349999999999	1.099766	23	2.468027
尾巴	1.652174	1.112274	23	3.946288
无法	3.3333330000000001	1.238278	21	2.265129
无聊	3.4166669999999999	1.1764600000000001	24	2.181795
无疑	3.454545	1.1843129999999999	22	2.143917
吓人	3.2083330000000001	1.020621	24	2.390129
先机	3.8695650000000001	1.099766	23	1.728897
显影	3.545455	1.0107649999999999	22	2.053007
谢幕	2.347826	1.112274	23	3.250636
渲染	3.7916669999999999	1.250362	24	1.806795
依赖	3.2916669999999999	1.1601790000000001	24	2.306795
艺术	3.4166669999999999	1.1764600000000001	24	2.181795
异常	3.75	0.89685400000000004	24	1.848462
意外	3.2083330000000001	1.0623670000000001	24	2.390129
勇气	3.6086960000000001	1.305204	23	1.989766
友爱	3.25	1.073394	24	2.348462
有趣	3.2916669999999999	1.0826359999999999	24	2.306795
右倾	3.0909089999999999	1.540225	22	2.507553
元帅	1.4166669999999999	0.583592	24	4.181795
园艺	2.5416669999999999	1.2150920000000001	24	3.056795
绽放	3	1.0871150000000001	23	2.598462
招供	2.75	1.113162	24	2.848462
照旧	2.8181820000000002	1.180652	22	2.780280
支票	1.3333330000000001	0.70196400000000003	24	4.265129
枝叶	1.25	0.442326	24	4.348462
知识	3.2083330000000001	1.284664	24	2.390129
执笔	2.125	1.075922	24	3.473462
植树	1.5416669999999999	0.58823000000000003	24	4.056795
致敏	3.3888889999999998	0.77754400000000001	18	2.209573
中层	3.2173910000000001	0.99802199999999996	23	2.381071
主张	3.2083330000000001	1.318074	24	2.390129
纵火	2.0833330000000001	0.88054699999999997	24	3.515129
作业	1.75	0.79399900000000001	24	3.848462
癌症	2.3461539999999999	1.0933360000000001	26	3.252308
案头	2.5217390000000002	1.122884	23	3.076723
报酬	2.038462	1.0384899999999999	26	3.560000
伯父	1.230769	0.51440799999999998	26	4.367693
博彩	2.3846150000000002	1.061204	26	3.213847
步骤	2.8846150000000002	1.142871	26	2.713847
采掘	2.3461539999999999	0.845804	26	3.252308
测定	2.6923080000000001	1.319674	26	2.906154
差劲	2.769231	1.1766970000000001	26	2.829231
车手	2.038462	1.0384899999999999	26	3.560000
称呼	2.2000000000000002	1.0801229999999999	25	3.398462
痴情	3	1.2649109999999999	26	2.598462
充饥	2.3076919999999999	1.049542	26	3.290770
充塞	3.0833330000000001	0.97430799999999995	24	2.515129
出路	2.961538	1.112862	26	2.636924
次日	1.730769	0.82741500000000001	26	3.867693
磋商	3.038462	1.112862	26	2.560000
挫败	2.6923080000000001	1.1582479999999999	26	2.906154
得奖	1.769231	0.86291099999999998	26	3.829231
动力	3.038462	1.3109010000000001	26	2.560000
读者	1.6153850000000001	0.80383700000000002	26	3.983077
对流	3.75	1.0320940000000001	24	1.848462
发掘	2.6153849999999998	0.85214699999999999	26	2.983077
法术	3.8	1.3228759999999999	25	1.798462
繁忙	2.730769	1.218448	26	2.867693
防水	2	0.938083	26	3.598462
废话	2.375	1.1349199999999999	24	3.223462
辅助	3.0769229999999999	0.97665000000000002	26	2.521539
高台	2.4166669999999999	1.1764600000000001	24	3.181795
故乡	2.038462	1.2159199999999999	26	3.560000
光头	1.269231	0.53349400000000002	26	4.329231
海盗	1.461538	0.58177400000000001	26	4.136924
海关	1.730769	0.72430300000000003	26	3.867693
好友	1.730769	0.72430300000000003	26	3.867693
患病	2.269231	1.002305	26	3.329231
会议	1.8846149999999999	0.81618199999999996	26	3.713847
慧眼	3.6923080000000001	0.92819099999999999	26	1.906154
伙食	2.1153849999999998	0.81618199999999996	26	3.483077
肌肉	1.4	0.86602500000000004	25	4.198462
基础	3.24	1.1284209999999999	25	2.358462
汲取	3.461538	0.85933800000000005	26	2.136924
佳肴	2.1923080000000001	0.93890300000000004	26	3.406154
艰难	3.0769229999999999	1.2303850000000001	26	2.521539
监测	2.538462	1.1740790000000001	26	3.060000
交涉	3.0769229999999999	0.93479699999999999	26	2.521539
郊区	1.8846149999999999	0.86380199999999996	26	3.713847
结晶	2.1153849999999998	0.90893000000000002	26	3.483077
结束	2.3076919999999999	1.225373	26	3.290770
金库	1.769231	0.76460099999999998	26	3.829231
尽责	3	1.1313709999999999	26	2.598462
精灵	3.1538460000000001	1.2551429999999999	26	2.444616
拘捕	2.1538460000000001	0.78446499999999997	26	3.444616
句法	3.347826	1.0706279999999999	23	2.250636
聚赌	2	0.91287099999999999	25	3.598462
决策	2.6923080000000001	0.970329	26	2.906154
咖啡	1.1923079999999999	0.49146600000000001	26	4.406154
开采	2.1153849999999998	0.76560700000000004	26	3.483077
可恶	3.0769229999999999	1.2624759999999999	26	2.521539
空闲	2.8846150000000002	1.395046	26	2.713847
口腔	1.3461540000000001	0.62879600000000002	26	4.252308
酷似	3.64	1.0754840000000001	25	1.958462
拉链	1.269231	0.45234400000000002	26	4.329231
腊月	1.6923079999999999	0.54912499999999997	26	3.906154
劳累	2.538462	1.1740790000000001	26	3.060000
了结	2.9230770000000001	0.89097999999999999	26	2.675385
立正	1.5	0.70710700000000004	26	4.098462
流星	1.6153850000000001	1.0228170000000001	26	3.983077
履历	2.538462	1.2403470000000001	26	3.060000
密码	1.8846149999999999	1.1773499999999999	26	3.713847
棉被	1.1538459999999999	0.367946	26	4.444616
面值	2.5	0.98994899999999997	26	3.098462
难道	4.0434780000000003	0.76741999999999999	23	1.554984
牛油	1.36	0.56862400000000002	25	4.238462
牌照	1.5	0.70710700000000004	26	4.098462
配搭	3.0769229999999999	1.0553889999999999	26	2.521539
匹配	3.1923080000000001	1.1668499999999999	26	2.406154
栖息	3	1.0198039999999999	26	2.598462
切入	3.461538	0.94787200000000005	26	2.136924
清净	2.961538	0.99922999999999995	26	2.636924
取代	2.769231	1.1066229999999999	26	2.829231
燃料	1.6538459999999999	0.74524100000000004	26	3.944616
肉眼	2.12	0.88128700000000004	25	3.478462
乳牛	1.5769230000000001	0.80860799999999999	26	4.021539
珊瑚	1.538462	0.85933800000000005	26	4.060000
上升	2.961538	1.182566	26	2.636924
身价	3.1538460000000001	1.1896990000000001	26	2.444616
事情	3.038462	1.3109010000000001	26	2.560000
适合	3.25	1.073394	24	2.348462
双打	2.52	1.0456259999999999	25	3.078462
丝毫	3.8333330000000001	1.0495000000000001	24	1.765129
坦克	1.230769	0.51440799999999998	26	4.367693
梯田	1.4230769999999999	0.57779400000000003	26	4.175385
体裁	3.2727270000000002	1.162174	22	2.325735
体罚	1.961538	0.59871700000000005	26	3.636924
湍流	3.1923080000000001	1.2335069999999999	26	2.406154
拓荒	2.92	1.15181	25	2.678462
巍峨	3.6538460000000001	0.97743800000000003	26	1.944616
瘟疫	2.4230770000000001	1.0648219999999999	26	3.175385
下次	2.88	1.3012809999999999	25	2.718462
相等	2.8461539999999999	1.2228589999999999	26	2.752308
邂逅	3.269231	1.0791729999999999	26	2.329231
心头	3.3846150000000002	0.89786100000000002	26	2.213847
性急	3.3461539999999999	0.97743800000000003	26	2.252308
巡逻	2	0.8	26	3.598462
雅致	3.3461539999999999	0.97743800000000003	26	2.252308
严惩	2.8	0.91287099999999999	25	2.798462
言行	2.6538460000000001	1.0561179999999999	26	2.944616
砚台	1.230769	0.42966900000000002	26	4.367693
洋服	2.0769229999999999	1.0167820000000001	26	3.521539
要点	3.08	0.95393899999999998	25	2.518462
饮食	2.0769229999999999	0.93479699999999999	26	3.521539
英姿	3.1923080000000001	0.89528700000000005	26	2.406154
佣工	2.1153849999999998	0.90893000000000002	26	3.483077
右边	1.6538459999999999	1.0933360000000001	26	3.944616
原稿	1.730769	0.77756999999999998	26	3.867693
约见	2.6923080000000001	1.0107120000000001	26	2.906154
仔细	2.96	1.2409669999999999	25	2.638462
再会	3	1.0583009999999999	26	2.598462
缜密	3.461538	1.1395010000000001	26	2.136924
镇痛	2.961538	0.91567500000000002	26	2.636924
仲夏	2.56	1.1930350000000001	25	3.038462
主厨	1.3461540000000001	0.56159099999999995	26	4.252308
组织	2.8076919999999999	1.0590269999999999	26	2.790770
熬夜	2	0.84852799999999995	26	3.598462
霸权	2.961538	0.91567500000000002	26	2.636924
保证	3.4	1.3228759999999999	25	2.198462
奔跑	1.6153850000000001	0.85214699999999999	26	3.983077
变革	3.1923080000000001	1.2967409999999999	26	2.406154
猜想	3.3461539999999999	1.198075	26	2.252308
参谋	3.230769	0.95111299999999999	26	2.367693
操心	3.1923080000000001	1.2335069999999999	26	2.406154
策略	3.3846150000000002	1.1688259999999999	26	2.213847
城池	2.3461539999999999	1.129329	26	3.252308
池水	1.6923079999999999	0.67936600000000003	26	3.906154
出线	3.04	1.059874	25	2.558462
春药	1.8076920000000001	1.0205580000000001	26	3.790770
代号	2.6153849999999998	0.941357	26	2.983077
单位	2.1153849999999998	0.90893000000000002	26	3.483077
第一	1.8461540000000001	1.31734	26	3.752308
碟子	1.3461540000000001	0.56159099999999995	26	4.252308
恩人	1.8846149999999999	0.76560700000000004	26	3.713847
发财	2.44	1.2274640000000001	25	3.158462
翻新	2.769231	1.0318020000000001	26	2.829231
泛指	4.2083329999999997	1.0623670000000001	24	1.390129
风扇	1.1923079999999999	0.401918	26	4.406154
夫人	1.3461540000000001	0.56159099999999995	26	4.252308
干扰	3.269231	1.0414490000000001	26	2.329231
工资	1.6923079999999999	0.67936600000000003	26	3.906154
官差	2.269231	1.0414490000000001	26	3.329231
光荣	3.3076919999999999	1.225373	26	2.290770
滚轮	1.8461540000000001	0.96715300000000004	26	3.752308
汉朝	1.769231	0.99227799999999999	26	3.829231
喝彩	2.6538460000000001	0.97743800000000003	26	2.944616
花市	1.8076920000000001	0.84943400000000002	26	3.790770
花园	1.461538	0.76056699999999999	26	4.136924
豁免	3.24	1.051982	25	2.358462
嫉妒	3.1538460000000001	1.405484	26	2.444616
夹心	2.84	0.85048999999999997	25	2.758462
甲组	2.8695650000000001	1.391675	23	2.728897
架设	3.24	1.16476	25	2.358462
间接	3.4230770000000001	0.98683600000000005	26	2.175385
减轻	3	1.1313709999999999	26	2.598462
奖励	2.6538460000000001	1.198075	26	2.944616
剿灭	2.4	0.91287099999999999	25	3.198462
结伴	2.230769	0.71036299999999997	26	3.367693
经历	3.2	1.154701	25	2.398462
矩阵	2.5769229999999999	0.98683600000000005	26	3.021539
锯齿	1.8076920000000001	0.89528700000000005	26	3.790770
科目	2.3461539999999999	0.93562000000000001	26	3.252308
恪守	3.6538460000000001	1.0561179999999999	26	1.944616
宽阔	3	1.095445	26	2.598462
困难	3.269231	1.2508459999999999	26	2.329231
邋遢	2.6538460000000001	1.0561179999999999	26	2.944616
厉害	3.3846150000000002	1.061204	26	2.213847
立足	3.3461539999999999	1.0933360000000001	26	2.252308
两地	2.7083330000000001	1.197068	24	2.890129
亮丽	3.5	0.86023300000000003	26	2.098462
猎奇	3.56	1.003328	25	2.038462
裂开	2.3461539999999999	0.93562000000000001	26	3.252308
领受	3.24	1.1284209999999999	25	2.358462
孪生	2.038462	0.82368799999999998	26	3.560000
乱世	3.28	0.979796	25	2.318462
麻绳	1.461538	0.64688599999999996	26	4.136924
庙宇	2.1538460000000001	1.2228589999999999	26	3.444616
谬误	3.32	0.80208100000000004	25	2.278462
南极	1.6923079999999999	1.049542	26	3.906154
内定	3.0416669999999999	1.0826359999999999	24	2.556795
农药	1.6538459999999999	0.89184300000000005	26	3.944616
脓疮	2.038462	0.82368799999999998	26	3.560000
牵强	3.538462	1.1395010000000001	26	2.060000
取悦	3.3461539999999999	1.0561179999999999	26	2.252308
染缸	2.2400000000000002	1.16476	25	3.358462
锐利	2.961538	1.076319	26	2.636924
山洪	1.6923079999999999	0.88404700000000003	26	3.906154
扇动	3.1153849999999998	1.306198	26	2.483077
上宾	2.4583330000000001	0.83297100000000002	24	3.140129
上任	2.6538460000000001	1.198075	26	2.944616
社会	3.230769	1.1066229999999999	26	2.367693
申报	2.8	1	25	2.798462
收兵	2.5217390000000002	0.94722399999999995	23	3.076723
收成	2.3076919999999999	1.0107120000000001	26	3.290770
首领	1.769231	0.71036299999999997	26	3.829231
首演	2.3461539999999999	0.93562000000000001	26	3.252308
输送	2.730769	0.96156900000000001	26	2.867693
厮杀	2.68	0.98826400000000003	25	2.918462
台风	1.538462	0.76056699999999999	26	4.060000
探讨	3.0769229999999999	1.0167820000000001	26	2.521539
停职	2.16	0.85048999999999997	25	3.438462
同窗	2.1923080000000001	1.0205580000000001	26	3.406154
团结	3.0769229999999999	1.4675990000000001	26	2.521539
退缩	3.0769229999999999	1.1286480000000001	26	2.521539
玩耍	2.538462	1.30325	26	3.060000
围观	2.4230770000000001	0.98683600000000005	26	3.175385
吻合	3.1923080000000001	0.89528700000000005	26	2.406154
午饭	1.5	0.64807400000000004	26	4.098462
稀有	3.269231	1.185165	26	2.329231
习俗	2.8846150000000002	1.395046	26	2.713847
下流	3.16	1.0279430000000001	25	2.438462
宪法	2	1.0583009999999999	26	3.598462
信封	1.3461540000000001	0.56159099999999995	26	4.252308
厌食	2.52	1.084743	25	3.078462
艳照	2.0769229999999999	0.93479699999999999	26	3.521539
移动	2.64	1.1503620000000001	25	2.958462
以来	4.125	1.1156010000000001	24	1.473462
椅背	1.8846149999999999	0.95192100000000002	26	3.713847
艺妓	1.8461540000000001	0.96715300000000004	26	3.752308
引渡	3	1.118034	25	2.598462
盈余	3.04	1.059874	25	2.558462
涌动	3.461538	0.98917200000000005	26	2.136924
有利	3.038462	1.2483839999999999	26	2.560000
羽翼	2.5769229999999999	1.02657	26	3.021539
玉器	1.538462	0.58177400000000001	26	4.060000
预见	3.5769229999999999	1.0648219999999999	26	2.021539
战争	2.1923080000000001	0.84943400000000002	26	3.406154
站立	1.68	0.62716300000000003	25	3.918462
长期	3.230769	1.1066229999999999	26	2.367693
珍视	3.4166669999999999	1.1764600000000001	24	2.181795
致函	2.7916669999999999	1.250362	24	2.806795
终生	2.8076919999999999	1.4702170000000001	26	2.790770
转折	3.3846150000000002	1.1340870000000001	26	2.213847
装修	1.8076920000000001	0.63367099999999998	26	3.790770
捉弄	2.9230770000000001	0.97665000000000002	26	2.675385
姿势	2.6153849999999998	1.1688259999999999	26	2.983077
综合	3.8	1.0801229999999999	25	1.798462
走狗	2.3199999999999998	1.0692680000000001	25	3.278462
最好	3.3846150000000002	1.2985199999999999	26	2.213847
爱护	2.8965519999999998	0.97632099999999999	29	2.701910
安装	1.8275859999999999	0.88917999999999997	29	3.770876
盎然	4.0370369999999998	0.89792400000000006	27	1.561425
拔河	1.3103450000000001	0.71231299999999997	29	4.288117
板凳	1.137931	0.35093099999999999	29	4.460531
保佑	3.6896550000000001	1.1983159999999999	29	1.908807
暴君	2.4482759999999999	1.1828000000000001	29	3.150186
悖论	3.481481	0.93522400000000006	27	2.116981
比赛	2.25	1.142609	28	3.348462
笔迹	2	1.0350980000000001	29	3.598462
秉公	3.4137930000000001	0.90700599999999998	29	2.184669
饼干	1.4137930000000001	0.77998400000000001	29	4.184669
刹车	1.862069	0.78939999999999999	29	3.736393
常规	3.535714	0.96156299999999995	28	2.062748
绰号	2.75	1.142609	28	2.848462
超人	2.8928569999999998	1.396803	28	2.705605
乘数	2.76	0.96953599999999995	25	2.838462
惩罚	2.8965519999999998	1.144703	29	2.701910
楚歌	3.518519	1.087353	27	2.079943
处长	2.0689660000000001	0.92315599999999998	29	3.529496
村民	1.4482759999999999	0.50612000000000001	29	4.150186
打牌	1.7241379999999999	0.921821	29	3.874324
袋鼠	1.1724140000000001	0.46820099999999998	29	4.426048
倒霉	3.3571430000000002	1.095928	28	2.241319
电波	3	1.2817400000000001	29	2.598462
定神	3.8461539999999999	0.78446499999999997	26	1.752308
对内	3.3928569999999998	1.13331	28	2.205605
放射	3.4827590000000002	0.91107000000000005	29	2.115703
飞天	3.5769229999999999	1.2057549999999999	26	2.021539
肺癌	1.5517240000000001	0.57235100000000005	29	4.046738
丰富	4	0.75592899999999996	29	1.598462
风力	2.4482759999999999	0.94816400000000001	29	3.150186
封建	3.714286	0.97589999999999999	28	1.884176
否决	2.5	0.98994899999999997	26	3.098462
服从	2.7931029999999999	0.94033800000000001	29	2.805359
干冰	1.4482759999999999	0.57235100000000005	29	4.150186
骨折	1.62069	0.86246299999999998	29	3.977772
馆长	1.785714	0.87589700000000004	28	3.812748
广泛	3.964286	1.070899	28	1.634176
行贿	2.2962959999999999	1.102962	27	3.302166
航路	2	0.78446499999999997	27	3.598462
豪迈	3.518519	0.84899800000000003	27	2.079943
狠毒	3.3103449999999999	1.1983159999999999	29	2.288117
后脑	1.5862069999999999	0.82450199999999996	29	4.012255
华贵	3.5714290000000002	0.99735099999999999	28	2.027033
机遇	3.461538	0.94787200000000005	26	2.136924
假期	2	0.75592899999999996	29	3.598462
巨额	3	1.154701	28	2.598462
空缺	3.1071430000000002	0.95604500000000003	28	2.491319
利润	2.4482759999999999	1.2417210000000001	29	3.150186
两手	2.2758620000000001	1.4613240000000001	29	3.322600
嘹亮	2.9310339999999999	1.032716	29	2.667428
玲珑	3.8571430000000002	0.80343200000000004	28	1.741319
轮廓	2.5172409999999998	1.121883	29	3.081221
脉搏	1.965517	0.98135300000000003	29	3.632945
媚俗	3.461538	1.0669869999999999	26	2.136924
门面	2.4137930000000001	1.1500699999999999	29	3.184669
蜜糖	1.9310339999999999	1.0667390000000001	29	3.667428
敏锐	3.3103449999999999	1.1371469999999999	29	2.288117
明快	3.535714	1.104943	28	2.062748
目前	3.0370370000000002	1.0183500000000001	27	2.561425
那么	4.1666670000000003	0.86811499999999997	24	1.431795
纳米	2.2413789999999998	1.2998670000000001	29	3.357083
品味	3.6785709999999998	0.81892299999999996	28	1.919891
平安	2.9310339999999999	1.0667390000000001	29	2.667428
奇幻	4.2413790000000002	0.78627400000000003	29	1.357083
千古	3.8846150000000002	0.86380199999999996	26	1.713847
迁出	2.6206900000000002	0.90292399999999995	29	2.977772
强壮	2.4482759999999999	1.297971	29	3.150186
敲击	1.9310339999999999	0.84223499999999996	29	3.667428
清朝	1.6896549999999999	1.038662	29	3.908807
球衣	1.3103450000000001	0.54139000000000004	29	4.288117
热潮	3.8214290000000002	0.61183200000000004	28	1.777033
热浪	3.1724139999999998	1.0713459999999999	29	2.426048
软弱	3.3448280000000001	1.044573	29	2.253634
杀戮	2.464286	1.070899	28	3.134176
删除	2.4137930000000001	1.086187	29	3.184669
伤寒	2.6551719999999999	1.261401	29	2.943290
逝世	1.758621	0.73945799999999995	29	3.839841
释怀	3.6206900000000002	1.1152770000000001	29	1.977772
耸立	3.3214290000000002	0.98332699999999995	28	2.277033
诉讼	2.035714	0.88116700000000003	28	3.562748
剔除	2.7241379999999999	1.161789	29	2.874324
蹄子	1.642857	0.67846700000000004	28	3.955605
天堂	3.8214290000000002	1.3067789999999999	28	1.777033
调动	2.8965519999999998	1.01224	29	2.701910
同等	3.2413789999999998	0.91242100000000004	29	2.357083
痛心	3.25	1.109721	28	2.348462
荼毒	3.7407409999999999	1.0225379999999999	27	1.857721
外患	3.2758620000000001	1.031523	29	2.322600
惋惜	3.6206900000000002	0.86246299999999998	29	1.977772
王后	1.7931029999999999	0.94033800000000001	29	3.805359
斡旋	3.8	0.64549699999999999	25	1.798462
下令	2.6071430000000002	0.95604500000000003	28	2.991319
嫌隙	3.4137930000000001	0.86673599999999995	29	2.184669
相机	1.2758620000000001	0.45485900000000001	29	4.322600
新闻	2	0.96362400000000004	29	3.598462
醒悟	3.2758620000000001	0.921821	29	2.322600
休闲	3.0689660000000001	1.0667390000000001	29	2.529496
修炼	4.0357139999999996	1.104943	28	1.562748
血汗	3.25	1.0046189999999999	28	2.348462
严肃	3.3448280000000001	1.110851	29	2.253634
页码	1.821429	0.772374	28	3.777033
异味	2.3103449999999999	1.038662	29	3.288117
毅力	3.4137930000000001	0.94556300000000004	29	2.184669
油压	2.464286	1.070899	28	3.134176
愚蠢	3.4482759999999999	0.98511099999999996	29	2.150186
造诣	3.6206900000000002	1.0492779999999999	29	1.977772
斟酌	3.8888889999999998	0.89155600000000002	27	1.709573
争端	3.3103449999999999	0.96745099999999995	29	2.288117
蒸汽	2.137931	1.0597890000000001	29	3.460531
正中	2.8888889999999998	0.97402200000000005	27	2.709573
之间	3.3461539999999999	0.79710999999999999	26	2.252308
直角	1.965517	1.148998	29	3.632945
直接	3.0689660000000001	0.88362200000000002	29	2.529496
至友	2.5517240000000001	1.1828000000000001	29	3.046738
治本	3.6206900000000002	1.1468529999999999	29	1.977772
重任	3.2068970000000001	1.176536	29	2.391565
追踪	2.7931029999999999	1.2065090000000001	29	2.805359
自满	3.6071430000000002	1.100144	28	1.991319
自我	3.464286	1.070899	28	2.134176
族群	2.5	0.96225000000000005	28	3.098462
组合	2.714286	0.89678999999999998	28	2.884176
座谈	2.1428569999999998	0.84827900000000001	28	3.455605
比分	2.6206900000000002	1.0492779999999999	29	2.977772
笔记	1.896552	1.01224	29	3.701910
笔试	1.8275859999999999	0.88917999999999997	29	3.770876
便利	3.25	1.0408329999999999	28	2.348462
补品	2.5862069999999999	1.2960719999999999	29	3.012255
常人	2.8965519999999998	0.97632099999999999	29	2.701910
场面	3	1.0741719999999999	27	2.598462
车窗	1.37931	0.62185199999999996	29	4.219152
诚实	3.3448280000000001	1.142549	29	2.253634
出卖	3.5172409999999998	1.153278	29	2.081221
出奇	4	0.96362400000000004	29	1.598462
炊具	1.62069	0.62185199999999996	29	3.977772
次序	2.7931029999999999	1.0481039999999999	29	2.805359
道理	3.785714	1.1974400000000001	28	1.812748
颠覆	3.8888889999999998	0.80064100000000005	27	1.709573
反对	3.0344829999999998	0.98135300000000003	29	2.563979
反方	2.5862069999999999	0.98260700000000001	29	3.012255
分化	3.4285709999999998	0.99735099999999999	28	2.169891
坟地	1.6551720000000001	0.76885199999999998	29	3.943290
丰收	2.7931029999999999	1.176536	29	2.805359
俸禄	2.4137930000000001	1.086187	29	3.184669
福利	3.1034480000000002	1.2054879999999999	29	2.495014
附录	2.2758620000000001	1.1921330000000001	29	3.322600
港币	1.37931	0.77523200000000003	29	4.219152
格言	2.785714	1.2868900000000001	28	2.812748
功力	3.538462	0.76056699999999999	26	2.060000
固定	2.8928569999999998	0.95604500000000003	28	2.705605
关怀	3.3103449999999999	0.92980200000000002	29	2.288117
光明	2.9310339999999999	1.2516	29	2.667428
光学	2.6071430000000002	1.2274419999999999	28	2.991319
国语	1.9310339999999999	0.88362200000000002	29	3.667428
过世	1.928571	0.81325000000000003	28	3.669891
还魂	3.8076919999999999	1.1320509999999999	26	1.790770
喊叫	2.5172409999999998	1.18384	29	3.081221
行事	3.214286	0.994695	28	2.384176
很多	3.6153849999999998	1.0228170000000001	26	1.983077
胡椒	1.4482759999999999	0.86957300000000004	29	4.150186
花卉	1.6896549999999999	0.96745099999999995	29	3.908807
花瓶	1.4482759999999999	0.827484	29	4.150186
回升	3.6428569999999998	0.91142100000000004	28	1.955605
回头	2.4827590000000002	1.2989200000000001	29	3.115703
会意	3.6551719999999999	0.897451	29	1.943290
活埋	2	1.133893	29	3.598462
机缘	3.8214290000000002	0.90486599999999995	28	1.777033
缉拿	2.4482759999999999	0.94816400000000001	29	3.150186
绩效	2.8275860000000002	1.136064	29	2.770876
尖酸	4.1111110000000002	0.84731900000000004	27	1.487351
讲解	2.7586210000000002	1.023131	29	2.839841
郊游	2	0.84515399999999996	29	3.598462
节省	3.1481479999999999	0.86396700000000004	27	2.450314
近视	2.035714	0.83808199999999999	28	3.562748
禁止	2.6428569999999998	1.026114	28	2.955605
惊喜	3.137931	1.0597890000000001	29	2.460531
惧怕	3.2758620000000001	1.031523	29	2.322600
开工	2.4137930000000001	1.086187	29	3.184669
矿坑	2.0344829999999998	1.209568	29	3.563979
愧疚	4	0.84515399999999996	29	1.598462
郎中	2	1.224745	29	3.598462
肋骨	1.7241379999999999	1.13063	29	3.874324
泪腺	1.857143	0.80343200000000004	28	3.741319
利害	4.0357139999999996	0.83808199999999999	28	1.562748
廉价	3.5862069999999999	0.86673599999999995	29	2.012255
敛财	3.035714	1.070899	28	2.562748
凉鞋	1.5862069999999999	1.210585	29	4.012255
劣势	3.6896550000000001	0.96745099999999995	29	1.908807
灵巧	3.8275860000000002	0.71058200000000005	29	1.770876
留意	3.6071430000000002	0.78595499999999996	28	1.991319
路边	2.1034480000000002	0.90019199999999999	29	3.495014
冒充	3.5	0.96225000000000005	28	2.098462
冒烟	2.0344829999999998	0.98135300000000003	29	3.563979
莫非	4.0833329999999997	0.92861099999999996	24	1.515129
暮色	2.6896550000000001	1.1983159999999999	29	2.908807
年轻	3	1.164965	29	2.598462
年长	2.7586210000000002	1.090713	29	2.839841
佩戴	2.4827590000000002	1.021927	29	3.115703
砒霜	1.6896549999999999	1.1681319999999999	29	3.908807
片面	3.9285709999999998	0.81325000000000003	28	1.669891
普及	3.7241379999999999	0.70186199999999999	29	1.874324
奇景	3.2592590000000001	1.0951850000000001	27	2.339203
浅见	3.785714	0.95673600000000003	28	1.812748
枪械	1.6551720000000001	1.0098039999999999	29	3.943290
上古	3.7407409999999999	1.227649	27	1.857721
设备	2.1785709999999998	1.1564179999999999	28	3.419891
社交	3.2758620000000001	1.161789	29	2.322600
势力	3.8275860000000002	0.96617699999999995	29	1.770876
水仙	2.1034480000000002	1.39757	29	3.495014
缩水	3.2068970000000001	1.0134559999999999	29	2.391565
提高	3.4827590000000002	1.056297	29	2.115703
提示	3.0689660000000001	0.96106499999999995	29	2.529496
体能	2.6551719999999999	1.0098039999999999	29	2.943290
同龄	2.4827590000000002	0.91107000000000005	29	3.115703
土匪	1.965517	1.117483	29	3.632945
退化	3.6785709999999998	0.94491099999999995	28	1.919891
外籍	2.285714	1.1818740000000001	28	3.312748
玩笑	3.2068970000000001	1.0816429999999999	29	2.391565
桅杆	2.464286	1.5270919999999999	28	3.134176
无益	3.8846150000000002	0.71144499999999999	26	1.713847
悟性	3.862069	0.953345	29	1.736393
项目	2.7241379999999999	1.0655829999999999	29	2.874324
雄风	3.9285709999999998	0.85758400000000001	28	1.669891
修身	3.3793099999999998	1.20753	29	2.219152
宿愿	3.8888889999999998	1.120897	27	1.709573
烟草	1.7931029999999999	1.0481039999999999	29	3.805359
杨柳	1.5172410000000001	0.94946200000000003	29	4.081221
仪表	2.5862069999999999	1.180715	29	3.012255
银行	1.4482759999999999	0.73612	29	4.150186
远见	3.7931029999999999	1.0481039999999999	29	1.805359
杂费	2.9285709999999998	1.119807	28	2.669891
憎恨	3.6428569999999998	1.1292180000000001	28	1.955605
赠送	2.6551719999999999	1.110851	29	2.943290
粘土	1.9310339999999999	0.99753400000000003	29	3.667428
长途	3.1428569999999998	1.1455	28	2.455605
真心	3.5862069999999999	1.1500699999999999	29	2.012255
正义	3.3448280000000001	1.203443	29	2.253634
正值	3	1.1221669999999999	28	2.598462
值班	2.3103449999999999	0.84951399999999999	29	3.288117
指望	3.8214290000000002	0.81892299999999996	28	1.777033
中药	1.758621	0.91242100000000004	29	3.839841
住宿	2.137931	1.156477	29	3.460531
注意	3.5172409999999998	0.91107000000000005	29	2.081221
追逐	3.0714290000000002	0.978607	28	2.527033
子爵	2.769231	1.3655090000000001	26	2.829231
作文	2	1.0350980000000001	29	3.598462
板斧	1.625	0.646899	24	3.973462
保安	1.625	0.76966999999999997	24	3.973462
变量	3.7083330000000001	1.041703	24	1.890129
秉性	3.6818179999999998	1.0861190000000001	22	1.916644
部下	2.1304349999999999	0.75704899999999997	23	3.468027
财政	2.4166669999999999	1.0179549999999999	24	3.181795
藏书	2.2608700000000002	1.0961669999999999	23	3.337592
察觉	3.25	0.98907100000000003	24	2.348462
岔开	2.7826089999999999	1.0852949999999999	23	2.815853
拆除	1.875	0.61237200000000003	24	3.723462
徜徉	3.8571430000000002	1.0141849999999999	21	1.741319
撤销	2.375	0.96964799999999995	24	3.223462
晨曦	2.5	1.0632189999999999	24	3.098462
尺寸	2.25	1.1515580000000001	24	3.348462
抽烟	1.375	0.57577900000000004	24	4.223462
臭味	2.3333330000000001	1.129319	24	3.265129
处刑	2.5217390000000002	1.081647	23	3.076723
春雨	2.0833330000000001	1.059806	24	3.515129
打更	2.2083330000000001	1.020621	24	3.390129
怠慢	3.4347829999999999	0.99206300000000003	23	2.163679
单独	2.3043480000000001	1.1051439999999999	23	3.294114
单调	3.3043480000000001	1.2223219999999999	23	2.294114
得罪	2.7916669999999999	0.83297100000000002	24	2.806795
地痞	1.875	0.61237200000000003	24	3.723462
弟子	1.7916669999999999	0.58823000000000003	24	3.806795
递增	2.6666669999999999	1.203859	24	2.931795
短路	3	1.0871150000000001	23	2.598462
断定	2.5	1.14208	24	3.098462
发呆	2.25	0.98907100000000003	24	3.348462
饭桶	2.3043480000000001	1.32921	23	3.294114
封号	2.8695650000000001	1.099766	23	2.728897
告诉	2.75	1.293798	24	2.848462
拱门	1.9090910000000001	0.61015900000000001	22	3.689371
谷底	2.5652170000000001	1.03687	23	3.033245
顾忌	3.2083330000000001	0.97709299999999999	24	2.390129
乖戾	3.875	0.85019199999999995	24	1.723462
观点	3.2083330000000001	1.350657	24	2.390129
归西	2.8260869999999998	1.266785	23	2.772375
果敢	2.625	1.0959410000000001	24	2.973462
海洋	1.4166669999999999	0.92861099999999996	24	4.181795
毫发	2.9583330000000001	0.99909400000000004	24	2.640129
后面	2.1666669999999999	1.0495000000000001	24	3.431795
黄泉	3.5416669999999999	1.3824730000000001	24	2.056795
机会	3	1.285369	24	2.598462
吉日	2.9583330000000001	1.4288689999999999	24	2.640129
见习	2.9583330000000001	1.0826359999999999	24	2.640129
交易	2.25	1.073394	24	3.348462
狡辩	2.75	1.1515580000000001	24	2.848462
劫持	2.0833330000000001	1.059806	24	3.515129
劫狱	1.9583330000000001	1.041703	24	3.640129
惊险	2.9583330000000001	1.334465	24	2.640129
绝版	2.125	0.89987899999999998	24	3.473462
卡车	1.2083330000000001	0.65800499999999995	24	4.390129
恳求	3.0434779999999999	1.1862189999999999	23	2.554984
空虚	3.6666669999999999	1.0901400000000001	24	1.931795
捆绑	2.0416669999999999	0.75060400000000005	24	3.556795
朗诵	2.0416669999999999	1.041703	24	3.556795
理由	2.9166669999999999	1.100066	24	2.681795
立方	2.7826089999999999	1.2415719999999999	23	2.815853
利益	3.3333330000000001	1.203859	24	2.265129
列车	1.3333330000000001	0.481543	24	4.265129
瞒骗	3.125	1.0347230000000001	24	2.473462
冒牌	2.8636360000000001	1.320009	22	2.734826
玫瑰	1.25	0.442326	24	4.348462
门楣	2.8636360000000001	1.2834270000000001	22	2.734826
面具	2.086957	1.040675	23	3.511505
抹布	1.5	0.88465199999999999	24	4.098462
囊括	3.4347829999999999	1.1609590000000001	23	2.163679
闹剧	2.9583330000000001	0.95458500000000002	24	2.640129
溺水	2	1.0215080000000001	24	3.598462
努力	2.8333330000000001	1.34056	24	2.765129
螃蟹	1.0833330000000001	0.28233000000000003	24	4.515129
泡饭	1.4583330000000001	0.58823000000000003	24	4.140129
启动	2.8333330000000001	1.129319	24	2.765129
起居	2.5	0.97801899999999997	24	3.098462
汽车	1.2916669999999999	0.85867300000000002	24	4.306795
强硬	3	1.3831279999999999	24	2.598462
瞧见	2.7916669999999999	1.2150920000000001	24	2.806795
清单	2.5	1.1795359999999999	24	3.098462
清晰	2.9166669999999999	1.2825470000000001	24	2.681795
闰年	2.0416669999999999	0.99909400000000004	24	3.556795
升任	2.8260869999999998	1.029217	23	2.772375
绳索	1.5833330000000001	1.100066	24	4.015129
世交	2.7916669999999999	1.250362	24	2.806795
视觉	2.347826	0.98205200000000004	23	3.250636
兽医	1.375	0.57577900000000004	24	4.223462
水管	1.0833330000000001	0.28233000000000003	24	4.515129
塌陷	2.125	0.89987899999999998	24	3.473462
特异	3.652174	0.93462199999999995	23	1.946288
图书	1.625	1.172604	24	3.973462
违法	2.7083330000000001	1.0826359999999999	24	2.890129
喂养	2.3333330000000001	1.274044	24	3.265129
温和	2.9583330000000001	0.90789600000000004	24	2.640129
午休	1.8333330000000001	0.81649700000000003	24	3.765129
误杀	2.6086960000000001	1.1175919999999999	23	2.989766
习武	2	0.93250500000000003	24	3.598462
席地	3.0833330000000001	1.2825470000000001	24	2.515129
卸任	2.7083330000000001	1.197068	24	2.890129
心事	3.3913039999999999	1.1961729999999999	23	2.207158
修养	3.25	1.113162	24	2.348462
许多	2.75	1.224745	24	2.848462
悬赏	2.4583330000000001	1.0623670000000001	24	3.140129
雅观	3.2727270000000002	0.82703199999999999	22	2.325735
眼镜	1.25	0.53161000000000003	24	4.348462
演技	3	1.2510859999999999	24	2.598462
阳寿	2.7083330000000001	1.4589799999999999	24	2.890129
药检	2.5	1.2510859999999999	24	3.098462
益处	3.1666669999999999	1.167184	24	2.431795
鸳鸯	2	1.243163	23	3.598462
月亮	1.375	0.87538800000000005	24	4.223462
阅历	3	1.0632189999999999	24	2.598462
运作	3.2173910000000001	0.99802199999999996	23	2.381071
灶台	1.5833330000000001	1.1389039999999999	24	4.015129
掌纹	1.5833330000000001	0.775532	24	4.015129
珍奇	3.347826	1.0272950000000001	23	2.250636
诊治	2.3333330000000001	0.86811499999999997	24	3.265129
阵容	2.5652170000000001	0.99206300000000003	23	3.033245
正直	2.5	1.215838	24	3.098462
直觉	3.375	1.209114	24	2.223462
专制	3.2173910000000001	1.0852949999999999	23	2.381071
转播	2.5416669999999999	1.2150920000000001	24	3.056795
自尽	2.3043480000000001	1.395929	23	3.294114
总之	3.4090910000000001	1.4026879999999999	22	2.189371
纵容	2.8333330000000001	0.86811499999999997	24	2.765129
按铃	1.7826090000000001	0.67126200000000003	23	3.815853
薄弱	3.2916669999999999	0.99909400000000004	24	2.306795
本性	3.8333330000000001	0.96308700000000003	24	1.765129
飙升	2.875	1.075922	24	2.723462
不满	2.913043	0.99604000000000004	23	2.685419
才华	3.0833330000000001	1.1389039999999999	24	2.515129
册封	3.3043480000000001	1.1051439999999999	23	2.294114
搀扶	2.3333330000000001	0.86811499999999997	24	3.265129
肠胃	1.5	0.78018900000000002	24	4.098462
朝气	3.2083330000000001	0.97709299999999999	24	2.390129
打鼓	1.625	0.76966999999999997	24	3.973462
单车	1.375	0.71093899999999999	24	4.223462
低能	3.0833330000000001	1.1764600000000001	24	2.515129
低下	2.9583330000000001	1.1601790000000001	24	2.640129
敌军	2.0833330000000001	0.97430799999999995	24	3.515129
惦念	3.5	1.14208	24	2.098462
毒计	3.125	1.075922	24	2.473462
繁琐	3.2916669999999999	1.041703	24	2.306795
方便	2.9583330000000001	1.041703	24	2.640129
访华	2.0833330000000001	0.97430799999999995	24	3.515129
分寸	3.0416669999999999	1.1220779999999999	24	2.556795
风铃	1.4166669999999999	0.583592	24	4.181795
风靡	3.4347829999999999	0.89575199999999999	23	2.163679
风沙	1.875	0.946963	24	3.723462
夫妇	1.5833330000000001	0.65386299999999997	24	4.015129
父亲	1.3333330000000001	0.56466000000000005	24	4.265129
付出	2.913043	1.1246430000000001	23	2.685419
附和	3.5	0.83405799999999997	24	2.098462
富足	2.7916669999999999	1.020621	24	2.806795
膏药	1.625	0.71093899999999999	24	3.973462
功臣	2.5	1.2510859999999999	24	3.098462
供电	2.125	1.1156010000000001	24	3.473462
关注	2.8333330000000001	1.0495000000000001	24	2.765129
官员	1.875	0.79741399999999996	24	3.723462
规例	2.8695650000000001	0.91970099999999999	23	2.728897
国籍	1.75	0.89685400000000004	24	3.848462
横跨	2.75	0.94408899999999996	24	2.848462
烘干	2.0833330000000001	0.65386299999999997	24	3.515129
幻想	3.75	1.4218789999999999	24	1.848462
皇后	1.5833330000000001	0.583592	24	4.015129
黄蜂	1.375	0.76966999999999997	24	4.223462
己任	3.3913039999999999	1.076152	23	2.207158
挤压	2.4583330000000001	1.1412869999999999	24	3.140129
家畜	2.0416669999999999	1.1220779999999999	24	3.556795
揭晓	3.25	1.0320940000000001	24	2.348462
节庆	2.5	1.2510859999999999	24	3.098462
进展	3.1666669999999999	1.167184	24	2.431795
剧院	1.7916669999999999	0.88362700000000005	24	3.806795
飓风	2.3333330000000001	1.167184	24	3.265129
绝缘	2.7916669999999999	0.97709299999999999	24	2.806795
磕头	1.6666669999999999	0.86811499999999997	24	3.931795
栏杆	1.2916669999999999	0.464306	24	4.306795
凌迟	2.9583330000000001	1.2676289999999999	24	2.640129
流汗	1.8333330000000001	0.86811499999999997	24	3.765129
聋哑	1.625	0.646899	24	3.973462
骆驼	1.4166669999999999	0.92861099999999996	24	4.181795
门户	2.75	1.1515580000000001	24	2.848462
密室	2.2916669999999999	1.041703	24	3.306795
墨水	1.5833330000000001	0.88054699999999997	24	4.015129
男孩	1.4583330000000001	0.77902800000000005	24	4.140129
农村	1.8333330000000001	1.0901400000000001	24	3.765129
农具	1.625	0.76966999999999997	24	3.973462
胚芽	2.2083330000000001	0.72106000000000003	24	3.390129
澎湃	3.7391299999999998	1.009833	23	1.859332
偏见	3.1666669999999999	1.00722	24	2.431795
片刻	3.2916669999999999	1.0826359999999999	24	2.306795
平房	1.4583330000000001	0.58823000000000003	24	4.140129
平滑	2.5416669999999999	1.020621	24	3.056795
钱币	1.3333330000000001	0.56466000000000005	24	4.265129
歉疚	3.3333330000000001	1.0901400000000001	24	2.265129
亲切	3	1.285369	24	2.598462
青蛙	1.4583330000000001	1.0623670000000001	24	4.140129
热中	3.6	1.095445	20	1.998462
睿智	3.75	0.84699000000000002	24	1.848462
纱布	1.25	0.442326	24	4.348462
商量	2.875	1.1156010000000001	24	2.723462
圣诞	1.9583330000000001	1.1220779999999999	24	3.640129
失信	3.2083330000000001	1.1412869999999999	24	2.390129
施法	3.35	1.1821029999999999	20	2.248462
示范	2.9166669999999999	0.92861099999999996	24	2.681795
硕士	1.9583330000000001	0.99909400000000004	24	3.640129
思虑	3.375	1.0959410000000001	24	2.223462
坦然	2.9166669999999999	1.1389039999999999	24	2.681795
逃生	2.75	1.188715	24	2.848462
特制	3.0416669999999999	1.0826359999999999	24	2.556795
天主	3.2083330000000001	1.350657	24	2.390129
通融	3.6666669999999999	1.203859	24	1.931795
投宿	2.375	0.92372100000000001	24	3.223462
投资	2.4166669999999999	1.1389039999999999	24	3.181795
图画	1.8333330000000001	0.76138700000000004	24	3.765129
图片	1.7916669999999999	0.93153300000000006	24	3.806795
徒弟	1.5833330000000001	0.82970200000000005	24	4.015129
武器	2	0.97801899999999997	24	3.598462
昔日	3.1739130000000002	1.23038	23	2.424549
下属	2.0833330000000001	0.82970200000000005	24	3.515129
线条	2.375	1.172604	24	3.223462
泄漏	2.8333330000000001	1.00722	24	2.765129
杏仁	1.2916669999999999	0.55003299999999999	24	4.306795
削发	2.25	0.94408899999999996	24	3.348462
血缘	2.375	1.438976	24	3.223462
讶异	3.0833330000000001	1.2128540000000001	24	2.515129
遥控	2.2916669999999999	0.90789600000000004	24	3.306795
业务	2.75	1.0320940000000001	24	2.848462
踊跃	3.2083330000000001	1.0623670000000001	24	2.390129
用药	2.2916669999999999	0.99909400000000004	24	3.306795
幽默	3.5416669999999999	1.102533	24	2.056795
幽雅	3.5416669999999999	1.0623670000000001	24	2.056795
右眼	1.25	0.53161000000000003	24	4.348462
愉快	2.7916669999999999	1.0623670000000001	24	2.806795
原子	3	1.537412	23	2.598462
在职	2.3333330000000001	0.81649700000000003	24	3.265129
赞成	2.5416669999999999	1.1787669999999999	24	3.056795
赞助	2.75	1.073394	24	2.848462
站长	1.875	0.99181399999999997	24	3.723462
长短	2.375	1.209114	24	3.223462
长官	1.9166669999999999	0.71728199999999998	24	3.681795
执法	2.5416669999999999	1.020621	24	3.056795
直率	3.125	1.1909989999999999	24	2.473462
质量	2.7083330000000001	1.1220779999999999	24	2.890129
装扮	2.4583330000000001	1.020621	24	3.140129
酌情	3.625	0.96964799999999995	24	1.973462
字母	1.7916669999999999	0.83297100000000002	24	3.806795
足够	2.9166669999999999	1.2825470000000001	24	2.681795
暧昧	3.5	1.1064080000000001	30	2.098462
安葬	1.7096769999999999	1.1013189999999999	31	3.888785
班底	3.035714	0.99933799999999995	28	2.562748
磅礴	3.9032260000000001	1.075634	31	1.695236
边际	3.5161289999999998	0.96162899999999996	31	2.082333
草稿	1.7241379999999999	0.64898599999999995	29	3.874324
草芥	3.2413789999999998	1.1229800000000001	29	2.357083
蟾蜍	1.2903230000000001	0.64257500000000001	31	4.308139
谄媚	3.4	1.1626369999999999	30	2.198462
磁碟	1.892857	1.030616	28	3.705605
道义	3.9677419999999999	0.98264499999999999	31	1.630720
等级	2.6896550000000001	1.1681319999999999	29	2.908807
低沉	3.3548390000000001	1.050346	31	2.243623
电阻	2.266667	1.1724810000000001	30	3.331795
督察	2.5161289999999998	0.99568999999999996	31	3.082333
妒忌	2.9032260000000001	1.350428	31	2.695236
端庄	3	1.1254630000000001	31	2.598462
多心	3.5517240000000001	0.94816400000000001	29	2.046738
犯人	1.387097	0.55841600000000002	31	4.211365
焚烧	1.5806450000000001	0.62043999999999999	31	4.017817
感动	3.225806	1.2572369999999999	31	2.372656
睾丸	1.258065	0.51431099999999996	31	4.340397
公证	2.774194	1.175009	31	2.824268
含冤	3.1333329999999999	0.97320399999999996	30	2.465129
行凶	2.3548390000000001	0.98483100000000001	31	3.243623
和谐	3.2903229999999999	1.2700009999999999	31	2.308139
后劲	3.3928569999999998	1.065947	28	2.205605
恢复	3.129032	1.0244329999999999	31	2.469430
活塞	1.870968	1.0244329999999999	31	3.727494
鸡屎	1.1612899999999999	0.45436900000000002	31	4.437172
计划	2.870968	1.0244329999999999	31	2.727494
寄信	1.6451610000000001	0.75491200000000003	31	3.953301
加倍	2.870968	1.147227	31	2.727494
奸臣	2	0.89442699999999997	31	3.598462
肩负	3.3666670000000001	1.033352	30	2.231795
将近	3.7241379999999999	0.95978200000000002	29	1.874324
交替	3.2068970000000001	0.94033800000000001	29	2.391565
届满	3.1785709999999998	1.0904830000000001	28	2.419891
经典	3.7096770000000001	0.97274700000000003	31	1.888785
精神	3.8	1.15669	30	1.798462
决胜	3.225806	1.1168309999999999	31	2.372656
恐惧	3.0645159999999998	1.181397	31	2.533946
跨栏	1.612903	0.76058800000000004	31	3.985559
宽衣	2.0967739999999999	0.87005100000000002	31	3.501688
浪费	2.6451609999999999	1.141589	31	2.953301
厘米	1.612903	1.0223310000000001	31	3.985559
遴选	3.3214290000000002	1.020297	28	2.277033
旅游	2.0322580000000001	0.94811599999999996	31	3.566204
妈妈	1.1666669999999999	0.46113300000000002	30	4.431795
美景	2.4333330000000002	1.0400039999999999	30	3.165129
妹夫	1.5333330000000001	0.89955300000000005	30	4.065129
蒙蔽	3.548387	0.88839599999999996	31	2.050075
秒钟	1.6	0.81367599999999995	30	3.998462
明亮	2.6129030000000002	1.145351	31	2.985559
明喻	3.6785709999999998	1.123934	28	1.919891
命案	2.129032	1.117794	31	3.469430
目睹	2.451613	1.2339290000000001	31	3.146849
殴打	1.677419	0.74775700000000001	31	3.921043
呕吐	1.5161290000000001	0.56985200000000003	31	4.082333
气泡	1.5806450000000001	0.764818	31	4.017817
欠债	2.225806	0.95602200000000004	31	3.372656
青草	1.322581	0.47519099999999997	31	4.275881
球队	1.4666669999999999	0.68144499999999997	30	4.131795
锐角	1.677419	0.83214999999999995	31	3.921043
砂石	1.5161290000000001	0.92631799999999997	31	4.082333
商场	1.451613	0.76762399999999997	31	4.146849
生病	2.3870969999999998	1.0223310000000001	31	3.211365
圣地	3.1666669999999999	1.1167480000000001	30	2.431795
食谱	1.774194	0.76200100000000004	31	3.824268
试验	2.7419349999999998	1.063571	31	2.856527
术士	3.0344829999999998	1.4010899999999999	29	2.563979
述说	3.0967739999999999	0.907555	31	2.501688
霜降	2.2000000000000002	1.030567	30	3.398462
水蛇	1.4193549999999999	0.80722499999999997	31	4.179107
水源	1.8064519999999999	0.749193	31	3.792010
死囚	1.741935	1.0317540000000001	31	3.856527
挑逗	3.6129030000000002	0.954897	31	1.985559
厅堂	1.774194	0.88354100000000002	31	3.824268
同胞	2.1612900000000002	0.96942499999999998	31	3.437172
突破	3.2903229999999999	1.2434780000000001	31	2.308139
椭圆	1.8064519999999999	0.87251999999999996	31	3.792010
外汇	2.2999999999999998	1.2077340000000001	30	3.298462
玩具	1.4666669999999999	0.62880999999999998	30	4.131795
威逼	3.3870969999999998	0.91932700000000001	31	2.211365
威吓	3.129032	1.05647	31	2.469430
围墙	1.5333330000000001	0.73029699999999997	30	4.065129
稳重	3.3548390000000001	1.252953	31	2.243623
问候	3.0666669999999998	1.0482610000000001	30	2.531795
武打	2.774194	1.0233829999999999	31	2.824268
西藏	1.129032	0.340777	31	4.469430
下降	2.6451609999999999	1.112007	31	2.953301
卸妆	1.935484	0.81385799999999997	31	3.662978
辛辣	2.451613	1.120676	31	3.146849
匈奴	1.9032260000000001	1.0117590000000001	31	3.695236
学童	1.677419	0.94470799999999999	31	3.921043
雪茄	1.2903230000000001	0.52874399999999999	31	4.308139
徇私	3.548387	0.850047	31	2.050075
演奏	2.322581	1.0766340000000001	31	3.275881
洋葱	1.1612899999999999	0.37387799999999999	31	4.437172
疑云	3.9333330000000002	0.86834500000000003	30	1.665129
意识	4.2903229999999999	0.97274700000000003	31	1.308139
影射	4	0.94686400000000004	30	1.598462
油画	1.8064519999999999	1.1081319999999999	31	3.792010
浴缸	1.225806	0.42502400000000001	31	4.372656
预想	3.8064520000000002	0.98045400000000005	31	1.792010
源自	4.0357139999999996	0.96156299999999995	28	1.562748
赠品	2	0.73029699999999997	31	3.598462
战机	1.8	1.063501	30	3.798462
长城	1.1612899999999999	0.37387799999999999	31	4.437172
照常	3.6206900000000002	1.1152770000000001	29	1.977772
箴言	2.8928569999999998	0.95604500000000003	28	2.705605
阵亡	2.2580650000000002	0.964978	31	3.340397
止渴	2.4	1.069966	30	3.198462
指定	2.7419349999999998	0.964978	31	2.856527
指控	3.0322580000000001	1.0160009999999999	31	2.566204
皱眉	1.4838709999999999	0.724383	31	4.114591
祝福	3.0645159999999998	1.1528369999999999	31	2.533946
筑巢	2.0967739999999999	0.78971899999999995	31	3.501688
转机	3.4333330000000002	0.97143100000000004	30	2.165129
装傻	2.733333	1.0806549999999999	30	2.865129
装置	2.0967739999999999	1.0117590000000001	31	3.501688
总统	1.2903230000000001	0.52874399999999999	31	4.308139
醉拳	2.0967739999999999	1.10619	31	3.501688
尊重	3.4193549999999999	1.148164	31	2.179107
按摩	2.1612900000000002	0.93440800000000002	31	3.437172
白热	3.6296300000000001	1.114525	27	1.968832
被害	2.8064520000000002	1.0138819999999999	31	2.792010
玻璃	1.258065	0.51431099999999996	31	4.340397
参考	3.3870969999999998	0.954897	31	2.211365
灿烂	3.548387	1.027577	31	2.050075
茶叶	1.129032	0.340777	31	4.469430
差异	3.451613	0.960511	31	2.146849
常温	2.5161289999999998	1.0605329999999999	31	3.082333
超度	4.0740740000000004	1.206582	27	1.524388
超重	2.1612900000000002	1.128325	31	3.437172
吵架	1.870968	0.846244	31	3.727494
吵闹	2.3548390000000001	1.050346	31	3.243623
冲劲	3.677419	0.83214999999999995	31	1.921043
喘息	2.3870969999999998	1.054433	31	3.211365
磁力	2.9354840000000002	1.314927	31	2.662978
此后	3.7586210000000002	1.154345	29	1.839841
刀剑	1.3548389999999999	0.66072600000000004	31	4.243623
诋毁	3.4838710000000002	0.99568999999999996	31	2.114591
抵达	2.5161289999999998	1.1216349999999999	31	3.082333
电脑	1.0967739999999999	0.300537	31	4.501688
定局	3.1612900000000002	1.213721	31	2.437172
短片	1.8064519999999999	0.79243699999999995	31	3.792010
发泄	3.2903229999999999	1.131181	31	2.308139
泛舟	2.4193549999999999	1.1768369999999999	31	3.179107
费解	3.548387	1.0595190000000001	31	2.050075
分秒	2.1666669999999999	1.085431	30	3.431795
尴尬	3.7419349999999998	0.81517899999999999	31	1.856527
挂念	3.5161289999999998	1.0605329999999999	31	2.082333
关照	3.225806	1.1462889999999999	31	2.372656
归功	3.6451609999999999	1.1985650000000001	31	1.953301
诡诈	3.8064520000000002	0.98045400000000005	31	1.792010
黑暗	2.225806	1.175009	31	3.372656
护照	1.2903230000000001	0.52874399999999999	31	4.308139
花甲	2.2068970000000001	1.2065090000000001	29	3.391565
诙谐	3.766667	0.89763400000000004	30	1.831795
挥霍	3.4193549999999999	0.95826900000000004	31	2.179107
祸患	3.2580650000000002	1.210172	31	2.340397
加刑	2.8387099999999998	1.0032209999999999	31	2.759752
健康	2.8666670000000001	1.1366419999999999	30	2.731795
介绍	2.7	1.022168	30	2.898462
金牌	1.3666670000000001	0.49013299999999999	30	4.231795
局促	3.5333329999999998	0.97320399999999996	30	2.065129
卡片	1.322581	0.47519099999999997	31	4.275881
慨叹	3.3	1.178836	30	2.298462
刻意	3.548387	1.027577	31	2.050075
垦荒	2.233333	1.0400039999999999	30	3.365129
快餐	1.5161290000000001	0.56985200000000003	31	4.082333
款待	2.677419	0.871286	31	2.921043
唠叨	2.677419	1.0766340000000001	31	2.921043
连锁	3.0666669999999998	1.201532	30	2.531795
灵感	3.9677419999999999	1.168585	31	1.630720
流程	2.870968	0.95714600000000005	31	2.727494
茫然	4.0645160000000002	0.85383399999999998	31	1.533946
梦境	3.5806450000000001	1.310832	31	2.017817
灭绝	2.7419349999999998	1.094463	31	2.856527
母舰	1.8333330000000001	0.87428099999999997	30	3.765129
奶粉	1.129032	0.340777	31	4.469430
恼火	3.3548390000000001	1.050346	31	2.243623
盘子	1.2903230000000001	0.46141399999999999	31	4.308139
泡茶	1.7096769999999999	0.90161100000000005	31	3.888785
漂浮	2.4838710000000002	1.0605329999999999	31	3.114591
平定	3.0645159999999998	1.2632099999999999	31	2.533946
仆役	1.9	0.95952599999999999	30	3.698462
企鹅	1.064516	0.24973100000000001	31	4.533946
强弱	3.5862069999999999	0.90700599999999998	29	2.012255
峭壁	1.612903	0.954897	31	3.985559
青春	3.3548390000000001	1.141589	31	2.243623
轻微	3.6333329999999999	0.99942500000000001	30	1.965129
情势	3.677419	0.97935700000000003	31	1.921043
雀斑	1.5806450000000001	0.80722499999999997	31	4.017817
日历	1.451613	0.76762399999999997	31	4.146849
如此	3.75	1.2360329999999999	28	1.848462
入夜	2.677419	1.221668	31	2.921043
赊账	2.4838710000000002	1.0605329999999999	31	3.114591
申辩	2.870968	1.258092	31	2.727494
生殖	2.129032	0.99136100000000005	31	3.469430
省却	3.464286	0.99933799999999995	28	2.134176
失火	2	1.032796	31	3.598462
实施	2.9354840000000002	0.89202000000000004	31	2.662978
事故	2.129032	0.95714600000000005	31	3.469430
手感	3.129032	1.284314	31	2.469430
双子	3.2916669999999999	1.1220779999999999	24	2.306795
水母	1.322581	0.79107899999999998	31	4.275881
水塘	1.225806	0.42502400000000001	31	4.372656
司仪	1.677419	0.83214999999999995	31	3.921043
思乡	3.6129030000000002	1.1158680000000001	31	1.985559
锁链	1.612903	0.91932700000000001	31	3.985559
他人	2.7419349999999998	1.1245069999999999	31	2.856527
踏实	3.4193549999999999	1.0574870000000001	31	2.179107
太多	3.1724139999999998	1.1670769999999999	29	2.426048
梯形	1.774194	0.95602200000000004	31	3.824268
提升	3.266667	1.0806549999999999	30	2.331795
天色	2.5806450000000001	1.2048289999999999	31	3.017817
条理	3.2903229999999999	1.070624	31	2.308139
调整	3.3666670000000001	1.217214	30	2.231795
同义	3.2	1.095445	30	2.398462
微笑	1.9677420000000001	0.79514700000000005	31	3.630720
无力	3.5161289999999998	1.15097	31	2.082333
系统	2.8	1.2148509999999999	30	2.798462
纤维	2.2580650000000002	1.063571	31	3.340397
香烟	1.225806	0.42502400000000001	31	4.372656
镶嵌	2.9677419999999999	1.2775989999999999	31	2.630720
向心	3.4	0.89442699999999997	30	2.198462
亚裔	1.8387100000000001	0.93440800000000002	31	3.759752
样子	3.1935479999999998	1.222548	31	2.404914
一切	3.7407409999999999	1.0225379999999999	27	1.857721
义演	2.6551719999999999	1.0782210000000001	29	2.943290
淤积	3.1333329999999999	1.195778	30	2.465129
怨言	3	1.183216	31	2.598462
在乎	3.3548390000000001	0.914636	31	2.243623
糟蹋	2.8666670000000001	0.89955300000000005	30	2.731795
张贴	1.9677420000000001	0.94811599999999996	31	3.630720
障碍	2.8064520000000002	1.046243	31	2.792010
遮掩	2.9354840000000002	1.09348	31	2.662978
知名	3.1333329999999999	0.97320399999999996	30	2.465129
直观	3.677419	1.0766340000000001	31	1.921043
致病	3.137931	0.87522	29	2.460531
中庭	2.5217390000000002	1.16266	23	3.076723
钟楼	1.4482759999999999	0.73612	29	4.150186
骤雨	1.741935	0.81517899999999999	31	3.856527
资源	3.1	1.124952	30	2.498462
纵情	3.8333330000000001	0.74663999999999997	30	1.765129
安慰	2.7916669999999999	1.020621	24	2.806795
白骨	2.2916669999999999	1.1220779999999999	24	3.306795
不对	2.4166669999999999	1.4116489999999999	24	3.181795
不再	3.5652170000000001	0.99206300000000003	23	2.033245
菜苗	1.9583330000000001	0.99909400000000004	24	3.640129
蚕豆	1.375	0.76966999999999997	24	4.223462
茶壶	1.5	0.72231500000000004	24	4.098462
痴心	3.75	0.98907100000000003	24	1.848462
臭氧	2.0416669999999999	1.232853	24	3.556795
窗口	2.1666669999999999	1.0901400000000001	24	3.431795
瓷器	1.5833330000000001	0.583592	24	4.015129
从政	2.9166669999999999	1.1389039999999999	24	2.681795
村镇	1.8333330000000001	0.86811499999999997	24	3.765129
大便	1.4166669999999999	0.65386299999999997	24	4.181795
低估	3.4347829999999999	1.199473	23	2.163679
叮当	3.4347829999999999	1.199473	23	2.163679
冬季	1.8333330000000001	0.91683099999999995	24	3.765129
动静	3.5833330000000001	1.0179549999999999	24	2.015129
惰性	3.2916669999999999	1.232853	24	2.306795
砝码	2.6956519999999999	1.1455360000000001	23	2.902810
帆布	1.6666669999999999	0.91683099999999995	24	3.931795
钢笔	1.1666669999999999	0.380693	24	4.431795
膈膜	3.3043480000000001	1.1455360000000001	23	2.294114
跟踪	3.0434779999999999	0.87792400000000004	23	2.554984
勾当	3.6666669999999999	1.129319	24	1.931795
规定	2.652174	1.3351440000000001	23	2.946288
合拍	3.25	1.0320940000000001	24	2.348462
衡量	3.5416669999999999	0.97709299999999999	24	2.056795
后来	3.625	1.209114	24	1.973462
后腿	2.2173910000000001	0.99802199999999996	23	3.381071
化验	2.6666669999999999	0.96308700000000003	24	2.931795
黄色	2.25	1.224745	24	3.348462
惠顾	3.086957	0.94930800000000004	23	2.511505
婚礼	1.8333330000000001	0.81649700000000003	24	3.765129
积分	2.545455	1.405	22	3.053007
急促	3.1666669999999999	0.96308700000000003	24	2.431795
价钱	2.5	1.2510859999999999	24	3.098462
价值	3.5416669999999999	1.318074	24	2.056795
矫形	2.913043	1.040675	23	2.685419
教主	2.625	1.244553	24	2.973462
解决	3.3333330000000001	1.274044	24	2.265129
禁欲	2.8695650000000001	1.1795359999999999	23	2.728897
旧事	3.3333330000000001	1.307725	24	2.265129
剧情	3.0833330000000001	1.348644	24	2.515129
爵士	2.4166669999999999	1.100066	24	3.181795
开腔	3.3	0.73269499999999999	20	2.298462
堪称	3.9583330000000001	0.99909400000000004	24	1.640129
考官	1.75	0.60791899999999999	24	3.848462
烤肉	1.625	0.76966999999999997	24	3.973462
孔雀	1.2083330000000001	0.41485100000000003	24	4.390129
劳苦	3.7391299999999998	0.81001599999999996	23	1.859332
老千	3.4347829999999999	1.1609590000000001	23	2.163679
雷电	1.5833330000000001	0.65386299999999997	24	4.015129
立场	3.5833330000000001	1.059806	24	2.015129
利息	2.4583330000000001	1.102533	24	3.140129
连累	3.3043480000000001	0.97397	23	2.294114
镰刀	1.5	0.78018900000000002	24	4.098462
量子	3.4782609999999998	1.343996	23	2.120201
轮回	4.0434780000000003	1.223938	23	1.554984
马厩	1.5416669999999999	0.58823000000000003	24	4.056795
蜜蜂	1.25	0.60791899999999999	24	4.348462
苗条	2.9583330000000001	1.041703	24	2.640129
民俗	3.2083330000000001	1.284664	24	2.390129
明天	2.3333330000000001	1.34056	24	3.265129
念诵	2.3913039999999999	0.89132800000000001	23	3.207158
女童	1.5833330000000001	0.583592	24	4.015129
配合	3.0833330000000001	1.059806	24	2.515129
披散	3.545455	1.056827	22	2.053007
品质	3.3333330000000001	1.4039280000000001	24	2.265129
品种	2.75	1.188715	24	2.848462
平静	3.2083330000000001	0.93153300000000006	24	2.390129
祈福	3.25	1.188715	24	2.348462
潜力	3.7083330000000001	0.99909400000000004	24	1.890129
蜻蜓	1.3333330000000001	0.86811499999999997	24	4.265129
惹祸	3.3333330000000001	1.0495000000000001	24	2.265129
仁兄	2.625	0.82422600000000001	24	2.973462
荣幸	3.625	0.87538800000000005	24	1.973462
撒娇	3.0416669999999999	1.0826359999999999	24	2.556795
色彩	2.9583330000000001	1.232853	24	2.640129
神话	3.6666669999999999	1.2394480000000001	24	1.931795
声望	3.8695650000000001	1.1403490000000001	23	1.728897
史诗	3.25	1.390965	24	2.348462
使命	3.6666669999999999	1.2394480000000001	24	1.931795
适宜	3.8333330000000001	1.0901400000000001	24	1.765129
收藏	2.5217390000000002	0.79025699999999999	23	3.076723
淑女	2.5416669999999999	0.93153300000000006	24	3.056795
水车	1.5416669999999999	0.65800499999999995	24	4.056795
睡衣	1.4166669999999999	0.71728199999999998	24	4.181795
体察	3.6956519999999999	0.82212499999999999	23	1.902810
调停	3.4782609999999998	1.122884	23	2.120201
铁桥	1.8333330000000001	0.91683099999999995	24	3.765129
童工	1.7083330000000001	0.85867300000000002	24	3.890129
望族	3.6818179999999998	1.129111	22	1.916644
温差	2.8333330000000001	1.167184	24	2.765129
吸热	3.2083330000000001	1.1412869999999999	24	2.390129
心计	3.8695650000000001	0.96786300000000003	23	1.728897
新潮	3.6666669999999999	1.0901400000000001	24	1.931795
新婚	2.0416669999999999	0.99909400000000004	24	3.556795
雄蜂	1.2916669999999999	0.75060400000000005	24	4.306795
严寒	2.3333330000000001	1.129319	24	3.265129
药材	1.9166669999999999	0.775532	24	3.681795
要人	3.5	0.945905	20	2.098462
液晶	1.9166669999999999	0.71728199999999998	24	3.681795
一样	3.4347829999999999	1.199473	23	2.163679
衣橱	1.375	0.494535	24	4.223462
医药	2.5416669999999999	1.020621	24	3.056795
遗书	2.0833330000000001	0.92861099999999996	24	3.515129
遗物	1.9166669999999999	1.0179549999999999	24	3.681795
营火	2.5909089999999999	0.79636600000000002	22	3.007553
营养	3.4782609999999998	1.201119	23	2.120201
勇夺	4	0.85280299999999998	23	1.598462
援兵	2.2916669999999999	0.80645	24	3.306795
云朵	1.625	0.646899	24	3.973462
噪音	2.4583330000000001	1.102533	24	3.140129
占据	3.5652170000000001	0.78775200000000001	23	2.033245
长笛	1.5416669999999999	0.88362700000000005	24	4.056795
照应	3.8333330000000001	0.86811499999999997	24	1.765129
窒息	3.0416669999999999	1.1601790000000001	24	2.556795
主题	3.7826089999999999	1.0852949999999999	23	1.815853
驻军	2.1739130000000002	0.83405799999999997	23	3.424549
装卸	2.0416669999999999	0.95458500000000002	24	3.556795
桌面	1.875	0.79741399999999996	24	3.723462
茁壮	3.5652170000000001	0.94513499999999995	23	2.033245
钻石	1.5	0.78018900000000002	24	4.098462
班级	2.3333330000000001	1.0495000000000001	24	3.265129
扮演	3.2083330000000001	1.250362	24	2.390129
绑匪	1.5833330000000001	0.50361	24	4.015129
报告	2.5217390000000002	1.081647	23	3.076723
暴晒	2.625	1.1349199999999999	24	2.973462
悲哀	3.7083330000000001	0.99909400000000004	24	1.890129
北面	2.375	1.244553	24	3.223462
查案	2.5416669999999999	0.97709299999999999	24	3.056795
柴油	1.375	0.57577900000000004	24	4.223462
乘法	2.375	1.3452820000000001	24	3.223462
吃饭	1.8333330000000001	1.00722	24	3.765129
吃惊	3.25	0.94408899999999996	24	2.348462
池塘	1.4166669999999999	0.65386299999999997	24	4.181795
赤足	2.25	0.98907100000000003	24	3.348462
璀璨	3.9583330000000001	0.85867300000000002	24	1.640129
存活	3.347826	1.0706279999999999	23	2.250636
搭车	2.0416669999999999	0.75060400000000005	24	3.556795
打工	2.1666669999999999	1.00722	24	3.431795
电话	1.5	0.83405799999999997	24	4.098462
独特	4.0416670000000003	0.85867300000000002	24	1.556795
对峙	3.2916669999999999	0.99909400000000004	24	2.306795
扉页	2.5	1.224745	22	3.098462
峰会	2.8333330000000001	0.96308700000000003	24	2.765129
蜂蜜	1.2916669999999999	0.464306	24	4.306795
福气	3.8333330000000001	1.167184	24	1.765129
复杂	3.6956519999999999	0.97397	23	1.902810
跟随	2.913043	0.94930800000000004	23	2.685419
公爵	2	0.90453399999999995	23	3.598462
官职	2.5652170000000001	1.27301	23	3.033245
锅盖	1.5833330000000001	0.775532	24	4.015129
汉奸	2.25	1.073394	24	3.348462
核弹	1.5	0.72231500000000004	24	4.098462
后果	3.75	0.89685400000000004	24	1.848462
会员	2.4583330000000001	1.250362	24	3.140129
混蛋	2.7916669999999999	1.1787669999999999	24	2.806795
稽查	2.7826089999999999	1.1263989999999999	23	2.815853
价格	2.125	1.1156010000000001	24	3.473462
坚决	3.347826	1.0272950000000001	23	2.250636
减价	2.125	0.99181399999999997	24	3.473462
剪彩	2.0833330000000001	1.0179549999999999	24	3.515129
简单	3.3333330000000001	1.167184	24	2.265129
简明	3.6666669999999999	1.129319	24	1.931795
酱油	1.625	0.92372100000000001	24	3.973462
叫苦	3.3333330000000001	1.167184	24	2.265129
捷径	3.4347829999999999	1.199473	23	2.163679
近日	3.2916669999999999	0.99909400000000004	24	2.306795
决断	3.5416669999999999	1.020621	24	2.056795
科技	3.0416669999999999	1.334465	24	2.556795
蝌蚪	1.3333330000000001	0.70196400000000003	24	4.265129
空壳	2.7727270000000002	1.1097760000000001	22	2.825735
快活	3.75	0.89685400000000004	24	1.848462
旷野	2.9166669999999999	1.2481869999999999	24	2.681795
扩张	3.7083330000000001	1.0826359999999999	24	1.890129
乐园	2.625	1.172604	24	2.973462
雷声	1.875	0.85019199999999995	24	3.723462
聊天	2.375	1.244553	24	3.223462
菱形	1.8333330000000001	1.167184	24	3.765129
零星	3.5217390000000002	0.94722399999999995	23	2.076723
留学	2	0.93250500000000003	24	3.598462
陋室	3	1.215838	24	2.598462
卵巢	1.625	0.76966999999999997	24	3.973462
论据	3.0434779999999999	1.1069310000000001	23	2.554984
螺旋	2.4166669999999999	1.1764600000000001	24	3.181795
蒙混	3.625	1.013496	24	1.973462
名号	3	1.215838	24	2.598462
男女	1.875	0.946963	24	3.723462
内力	4	1.1401749999999999	21	1.598462
年代	2.5217390000000002	0.99405299999999996	23	3.076723
念头	3.8333330000000001	0.96308700000000003	24	1.765129
凝结	3.5833330000000001	1.316011	24	2.015129
排外	3.6956519999999999	0.97397	23	1.902810
叛乱	2.75	1.2597449999999999	24	2.848462
皮鞭	1.5	0.93250500000000003	24	4.098462
匹敌	3.5	1.0215080000000001	24	2.098462
前往	2.913043	1.0834729999999999	23	2.685419
勤劳	3.0416669999999999	1.3014760000000001	24	2.556795
人祸	3.2916669999999999	1.232853	24	2.306795
丧命	2.4583330000000001	1.1787669999999999	24	3.140129
山泉	1.75	0.79399900000000001	24	3.848462
赏赐	2.8695650000000001	1.289973	23	2.728897
社员	2.2083330000000001	0.83297100000000002	24	3.390129
省略	3.347826	1.1524160000000001	23	2.250636
事迹	3	1.14208	24	2.598462
守望	3.4347829999999999	1.236788	23	2.163679
寿宴	2.3333330000000001	1.129319	24	3.265129
受孕	2.25	1.1515580000000001	24	3.348462
梳洗	2.1666669999999999	0.70196400000000003	24	3.431795
鼠疫	1.7916669999999999	1.102533	24	3.806795
四处	3.652174	1.0272950000000001	23	1.946288
四海	3.625	1.2790109999999999	24	1.973462
松弛	3.347826	0.98205200000000004	23	2.250636
台阶	2.25	1.2597449999999999	24	3.348462
太阳	1.3333330000000001	0.76138700000000004	24	4.265129
淘汰	2.8260869999999998	1.1541300000000001	23	2.772375
同步	3.3333330000000001	0.91683099999999995	24	2.265129
骰子	1.375	0.646899	24	4.223462
图鉴	2.3333330000000001	1.00722	24	3.265129
土著	2.6956519999999999	1.1455360000000001	23	2.902810
蔚蓝	3.2916669999999999	1.1601790000000001	24	2.306795
瞎子	2.0434779999999999	0.87792400000000004	23	3.554984
享受	3.5833330000000001	1.100066	24	2.015129
哮喘	2	0.65937999999999997	24	3.598462
刑警	1.5833330000000001	0.97430799999999995	24	4.015129
宣传	3.1666669999999999	1.167184	24	2.431795
掩饰	3.4583330000000001	1.1787669999999999	24	2.140129
佯攻	3.4347829999999999	1.0798179999999999	23	2.163679
以上	3.55	0.88704099999999997	20	2.048462
翌日	2.7916669999999999	1.020621	24	2.806795
阴凉	2.7916669999999999	0.88362700000000005	24	2.806795
英军	1.8695649999999999	0.86887300000000001	23	3.728897
影坛	2.4166669999999999	1.2128540000000001	24	3.181795
应当	3.8181820000000002	0.66449899999999995	22	1.780280
硬币	1.4583330000000001	0.65800499999999995	24	4.140129
幼稚	3.8333330000000001	1.00722	24	1.765129
鱼竿	1.25	0.442326	24	4.348462
雨伞	1.5416669999999999	1.0623670000000001	24	4.056795
遇险	3.0909089999999999	1.0192939999999999	22	2.507553
御赐	3.3333330000000001	1.0495000000000001	24	2.265129
炸鸡	1.4583330000000001	0.58823000000000003	24	4.140129
只顾	4	0.90453399999999995	23	1.598462
制订	3.1666669999999999	1.0901400000000001	24	2.431795
滞销	3.125	1.1539159999999999	24	2.473462
左脚	1.625	1.013496	24	3.973462
矮小	1.677419	0.70176400000000005	31	3.921043
巴结	2.9354840000000002	1.09348	31	2.662978
把握	3.5806450000000001	1.1187549999999999	31	2.017817
斑纹	1.935484	0.99784700000000004	31	3.662978
包抄	2.870968	1.087564	31	2.727494
背叛	2.6451609999999999	1.330373	31	2.953301
倍增	2.7096770000000001	1.3709739999999999	31	2.888785
本土	2.3666670000000001	1.159171	30	3.231795
表扬	1.9677420000000001	0.94811599999999996	31	3.630720
冰糖	1.225806	0.560338	31	4.372656
并且	3.75	1.142609	28	1.848462
病榻	2.4	1.2757689999999999	30	3.198462
仓促	3.0645159999999998	0.99784700000000004	31	2.533946
沉默	2.3548390000000001	0.98483100000000001	31	3.243623
赤子	3.035714	1.2013	28	2.562748
丑事	2.9032260000000001	1.075634	31	2.695236
出色	2.9354840000000002	1.12355	31	2.662978
船票	1.258065	0.444803	31	4.340397
创刊	2.4333330000000002	1.2507470000000001	30	3.165129
地球	1.4193549999999999	0.84751399999999999	31	4.179107
地狱	3.6129030000000002	1.2021489999999999	31	1.985559
吊灯	1.258065	0.444803	31	4.340397
定律	3.4137930000000001	1.1500699999999999	29	2.184669
洞窟	2.0322580000000001	1.110071	31	3.566204
短暂	3.5	1.0422130000000001	30	2.098462
婀娜	3.8387099999999998	1.0032209999999999	31	1.759752
飞吻	1.935484	0.77181500000000003	31	3.662978
风格	3.766667	1.222866	30	1.831795
夫子	2.9285709999999998	1.2744949999999999	28	2.669891
敷衍	3.129032	1.05647	31	2.469430
俯视	2.322581	1.2750710000000001	31	3.275881
负面	3.1935479999999998	1.1949719999999999	31	2.404914
改善	3.1724139999999998	1.0713459999999999	29	2.426048
感性	3.9354840000000002	1.0307109999999999	31	1.662978
钢筋	1.322581	0.79107899999999998	31	4.275881
股票	1.9032260000000001	1.075634	31	3.695236
呵斥	2.677419	1.0766340000000001	31	2.921043
赫然	4.0714290000000002	0.81325000000000003	28	1.527033
欢聚	2.0645159999999998	0.81385799999999997	31	3.533946
幻象	3.9032260000000001	1.0117590000000001	31	1.695236
换气	2.3103449999999999	0.84951399999999999	29	3.288117
荒岛	1.5806450000000001	0.92282900000000001	31	4.017817
回声	2.4838710000000002	1.15097	31	3.114591
及时	2.8275860000000002	1.1972879999999999	29	2.770876
纪念	3.0322580000000001	1.2243059999999999	31	2.566204
艰苦	2.7096770000000001	0.97274700000000003	31	2.888785
兼职	1.9677420000000001	0.94811599999999996	31	3.630720
交通	2.0333329999999998	1.033352	30	3.565129
巨大	2.548387	1.0905260000000001	31	3.050075
开除	2.0322580000000001	1.0482959999999999	31	3.566204
扣押	2.0967739999999999	0.78971899999999995	31	3.501688
枯燥	3.129032	1.310011	31	2.469430
列国	3.25	1.109721	28	2.348462
临海	2.0645159999999998	0.96386300000000003	31	3.533946
令郎	1.8275859999999999	0.84806400000000004	29	3.770876
流言	3.129032	1.05647	31	2.469430
吗啡	1.774194	0.99027500000000002	31	3.824268
门锁	1.1612899999999999	0.37387799999999999	31	4.437172
门诊	1.8387100000000001	0.77875000000000005	31	3.759752
绵力	3.7083330000000001	0.90789600000000004	24	1.890129
渺小	3.225806	1.1168309999999999	31	2.372656
明晚	1.5806450000000001	0.84751399999999999	31	4.017817
明月	1.4838709999999999	0.724383	31	4.114591
命苦	3.1612900000000002	1.213721	31	2.437172
漂流	2.451613	1.120676	31	3.146849
婆婆	1.4193549999999999	0.80722499999999997	31	4.179107
前辈	1.9032260000000001	0.78971899999999995	31	3.695236
前生	3.233333	1.165106	30	2.365129
钳制	3	1.133893	29	2.598462
桥头	1.5806450000000001	0.67202200000000001	31	4.017817
憔悴	2.6129030000000002	1.054433	31	2.985559
亲人	1.774194	0.84497199999999995	31	3.824268
去处	3.225806	1.1462889999999999	31	2.372656
劝解	2.6451609999999999	1.050346	31	2.953301
群众	2.1935479999999998	1.0776319999999999	31	3.404914
认罪	2.6129030000000002	1.0223310000000001	31	2.985559
弱智	2.6451609999999999	1.141589	31	2.953301
扫描	2.6129030000000002	1.2563820000000001	31	2.985559
善后	3.129032	1.1759230000000001	31	2.469430
声调	2.129032	0.92166300000000001	31	3.469430
失恋	2.0322580000000001	0.94811599999999996	31	3.566204
手册	1.677419	1.0452140000000001	31	3.921043
树脂	1.7096769999999999	1.070624	31	3.888785
塑胶	1.5161290000000001	0.76902400000000004	31	4.082333
谈天	3.266667	1.0148330000000001	30	2.331795
贴近	2.7	1.055364	30	2.898462
通过	2.6551719999999999	1.142549	29	2.943290
徒手	2.5161289999999998	1.091512	31	3.082333
拖延	2.9677419999999999	1.0482959999999999	31	2.630720
外资	2.2903229999999999	0.93785399999999997	31	3.308139
晚装	1.6	0.56324200000000002	30	3.998462
王室	1.9	0.95952599999999999	30	3.698462
王族	2.322581	1.0766340000000001	31	3.275881
位于	3.2413789999999998	1.2146479999999999	29	2.357083
温度	2.129032	1.087564	31	3.469430
无机	3.461538	1.0669869999999999	26	2.136924
县城	1.8064519999999999	0.90992099999999998	31	3.792010
象棋	1.225806	0.497305	31	4.372656
笑声	1.741935	0.81517899999999999	31	3.856527
新人	2.2580650000000002	1.0317540000000001	31	3.340397
信任	2.8333330000000001	1.176885	30	2.765129
信箱	1.322581	0.47519099999999997	31	4.275881
宿舍	1.322581	0.47519099999999997	31	4.275881
需要	3.3548390000000001	1.112007	31	2.243623
驯服	3.0666669999999998	0.86834500000000003	30	2.531795
衙门	1.774194	0.99027500000000002	31	3.824268
亚军	1.5	0.73108300000000004	30	4.098462
遗容	2.322581	1.0452140000000001	31	3.275881
疑惑	3.3	1.149213	30	2.298462
应战	3.0645159999999998	1.1528369999999999	31	2.533946
佣金	2.129032	0.99136100000000005	31	3.469430
忧愁	3.225806	1.407354	31	2.372656
鱼塘	1.4193549999999999	0.62043999999999999	31	4.179107
再见	2.5172409999999998	1.121883	29	3.081221
在场	2.4838710000000002	0.96162899999999996	31	3.114591
执导	3.0344829999999998	1.238742	29	2.563979
止血	1.7096769999999999	0.78288100000000005	31	3.888785
指挥	2.0645159999999998	0.92863600000000002	31	3.533946
志气	3.451613	1.2868230000000001	31	2.146849
治标	3.1428569999999998	0.97046299999999996	28	2.455605
重启	2.2903229999999999	1.1013189999999999	31	3.308139
重生	3.1333329999999999	1.195778	30	2.465129
助阵	2.7096770000000001	1.0064310000000001	31	2.888785
醉心	4	0.98130700000000004	28	1.598462
碍眼	3.2903229999999999	0.90161100000000005	31	2.308139
边沿	2.4666670000000002	1.1366419999999999	30	3.131795
便秘	1.8387100000000001	0.89802700000000002	31	3.759752
别墅	1.387097	0.715422	31	4.211365
不料	3.6896550000000001	0.89056400000000002	29	1.908807
布料	1.774194	1.0865750000000001	31	3.824268
采访	2.0322580000000001	0.98264499999999999	31	3.566204
采用	2.7419349999999998	1.1245069999999999	31	2.856527
承办	2.870968	0.92166300000000001	31	2.727494
除外	3.4827590000000002	1.056297	29	2.115703
触动	3.1935479999999998	1.222548	31	2.404914
纯粹	3.9677419999999999	1.0160009999999999	31	1.630720
祠堂	1.451613	0.50587899999999997	31	4.146849
刺杀	1.9677420000000001	1.0482959999999999	31	3.630720
代谢	2.9666670000000002	1.129032	30	2.631795
毒品	1.548387	0.92515599999999998	31	4.050075
恩惠	3.1612900000000002	1.067607	31	2.437172
防卫	2.451613	0.99460899999999997	31	3.146849
仿冒	2.774194	1.0233829999999999	31	2.824268
放荡	3.5806450000000001	0.95826900000000004	31	2.017817
枫叶	1.2903230000000001	0.78288100000000005	31	4.308139
奉告	3.129032	1.05647	31	2.469430
佛教	1.8387100000000001	0.93440800000000002	31	3.759752
否则	3.4666670000000002	0.97320399999999996	30	2.131795
扶助	2.6451609999999999	0.914636	31	2.953301
负担	2.9333330000000002	1.0806549999999999	30	2.665129
纲领	2.6	1.0372380000000001	30	2.998462
公尺	1.677419	1.0452140000000001	31	3.921043
公函	1.766667	0.81720000000000004	30	3.831795
惯性	2.8064520000000002	1.1949719999999999	31	2.792010
国民	1.935484	0.96386300000000003	31	3.662978
过境	2.4285709999999998	0.87891200000000003	28	3.169891
海床	2.5161289999999998	1.179575	31	3.082333
海滩	1.387097	0.49513800000000002	31	4.211365
行人	1.870968	1.087564	31	3.727494
贺卡	1.5806450000000001	1.1187549999999999	31	4.017817
花瓣	1.5161290000000001	1.0286230000000001	31	4.082333
花费	2.6451609999999999	0.95038199999999995	31	2.953301
回礼	2.1612900000000002	0.820438	31	3.437172
荟萃	3.4827590000000002	1.021927	29	2.115703
晦涩	3.9285709999999998	0.81325000000000003	28	1.669891
畸形	2.677419	1.1940710000000001	31	2.921043
激战	2.7096770000000001	1.0064310000000001	31	2.888785
极光	2	0.93094900000000003	31	3.598462
己见	3.5161289999999998	0.96162899999999996	31	2.082333
贱人	2.6206900000000002	1.1468529999999999	29	2.977772
交给	2.8666670000000001	1.1366419999999999	30	2.731795
焦虑	3.0645159999999998	1.3400369999999999	31	2.533946
教宗	2.535714	1.104943	28	3.062748
结账	1.774194	0.80455699999999997	31	3.824268
解析	2.8064520000000002	1.1081319999999999	31	2.792010
戒指	1.258065	0.444803	31	4.340397
金币	1.3548389999999999	0.66072600000000004	31	4.243623
禁闭	2.7096770000000001	1.0064310000000001	31	2.888785
开支	2.2580650000000002	0.92979400000000001	31	3.340397
苛求	3.2580650000000002	0.92979400000000001	31	2.340397
科学	3.1935479999999998	1.400461	31	2.404914
克星	2.9354840000000002	1.062559	31	2.662978
口味	2.8064520000000002	1.3271360000000001	31	2.792010
匮乏	3.3548390000000001	0.95038199999999995	31	2.243623
老伯	1.4838709999999999	0.724383	31	4.114591
力学	2.8387099999999998	1.3190090000000001	31	2.759752
炼钢	1.677419	0.79107899999999998	31	3.921043
料想	3.548387	1.0595190000000001	31	2.050075
烈焰	2.225806	1.1168309999999999	31	3.372656
临终	2.3333330000000001	1.0283340000000001	30	3.265129
铃声	1.6451610000000001	0.87743499999999996	31	3.953301
裸体	1.4838709999999999	0.724383	31	4.114591
盲点	3.0967739999999999	1.220788	31	2.501688
冒犯	3.3548390000000001	0.95038199999999995	31	2.243623
铭记	2.9677419999999999	1.110071	31	2.630720
木屋	1.2903230000000001	0.52874399999999999	31	4.308139
拿走	2.4838710000000002	1.179575	31	3.114591
内向	3.1612900000000002	1.1859390000000001	31	2.437172
披露	3.322581	1.0766340000000001	31	2.275881
瀑布	1.1612899999999999	0.45436900000000002	31	4.437172
气力	2.6896550000000001	1.1371469999999999	29	2.908807
弃婴	1.6451610000000001	0.914636	31	3.953301
铅球	1.258065	0.444803	31	4.340397
巧匠	2.6129030000000002	1.2295640000000001	31	2.985559
俏皮	2.9677419999999999	1.110071	31	2.630720
惬意	3.5161289999999998	1.207503	31	2.082333
清醒	2.5806450000000001	1.0574870000000001	31	3.017817
任何	3.6551719999999999	1.3699809999999999	29	1.943290
日记	1.4838709999999999	0.85131100000000004	31	4.114591
熔化	2.0645159999999998	0.92863600000000002	31	3.533946
三角	1.677419	0.83214999999999995	31	3.921043
诗人	1.741935	0.92979400000000001	31	3.856527
使用	2.677419	1.0452140000000001	31	2.921043
薯条	1.225806	0.42502400000000001	31	4.372656
他日	3.6896550000000001	1.1681319999999999	29	1.908807
特别	3.7	1.149213	30	1.898462
体贴	2.774194	1.0554520000000001	31	2.824268
天花	2.1724139999999998	1.1972879999999999	29	3.426048
调情	3.451613	1.2066129999999999	31	2.146849
退步	2.8064520000000002	1.1081319999999999	31	2.792010
蜕变	3.1	0.99481399999999998	30	2.498462
温驯	2.9677419999999999	1.0482959999999999	31	2.630720
午睡	1.7096769999999999	0.64257500000000001	31	3.888785
务必	3.2903229999999999	1.1886559999999999	31	2.308139
溪谷	1.8666670000000001	1.2242759999999999	30	3.731795
相对	3.5161289999999998	1.0605329999999999	31	2.082333
香气	2.129032	0.88475700000000002	31	3.469430
性格	3.0645159999999998	1.3646849999999999	31	2.533946
宿怨	3.4666670000000002	1.105888	30	2.131795
锈迹	2.2580650000000002	1.1245069999999999	31	3.340397
酗酒	2.0967739999999999	0.78971899999999995	31	3.501688
雪人	1.451613	0.72289700000000001	31	4.146849
窑洞	1.2903230000000001	0.46141399999999999	31	4.308139
营造	3.1612900000000002	0.89802700000000002	31	2.437172
在位	3.1333329999999999	1.195778	30	2.465129
早上	1.612903	0.80321900000000002	31	3.985559
展品	1.8064519999999999	0.83344099999999999	31	3.792010
真空	2.5161289999999998	1.15097	31	3.082333
挣脱	3.129032	1.087564	31	2.469430
殖民	2.4193549999999999	1.1187549999999999	31	3.179107
治安	2.5806450000000001	1.1187549999999999	31	3.017817
中叶	3.230769	1.0318020000000001	26	2.367693
准则	3.0967739999999999	1.1359239999999999	31	2.501688
灼热	2.7	0.95231100000000002	30	2.898462
咨询	2.6451609999999999	1.1704239999999999	31	2.953301
罪人	2.2580650000000002	1.1245069999999999	31	3.340397
包括	2.76	1.267544	25	2.838462
饱尝	2.84	0.98657700000000004	25	2.758462
保险	2	1.0215080000000001	24	3.598462
变态	3.3043480000000001	1.2945610000000001	23	2.294114
表白	2.3461539999999999	1.263085	26	3.252308
兵力	2.4230770000000001	1.0648219999999999	26	3.175385
财神	2.12	1.4809909999999999	25	3.478462
操练	2.1923080000000001	0.98058100000000004	26	3.406154
曾祖	1.6153850000000001	1.0228170000000001	26	3.983077
厂房	1.5	0.70710700000000004	26	4.098462
承认	2.4230770000000001	1.172112	26	3.175385
澄清	2.6538460000000001	1.3547640000000001	26	2.944616
踌躇	3.086957	1.2027639999999999	23	2.511505
出丑	3.0769229999999999	1.1635489999999999	26	2.521539
出价	2.2400000000000002	0.92556300000000002	25	3.358462
出境	1.9230769999999999	0.97665000000000002	26	3.675385
处罚	2.72	1.208305	25	2.878462
传令	2.5	0.98994899999999997	26	3.098462
传说	3.6923080000000001	1.289007	26	1.906154
啜泣	1.88	1.092398	25	3.718462
次等	3.3076919999999999	1.0107120000000001	26	2.290770
搭档	1.9230769999999999	0.84489400000000003	26	3.675385
嫡传	1.8846149999999999	1.107318	26	3.713847
典籍	2.038462	0.91567500000000002	26	3.560000
点灯	1.8461540000000001	1.120439	26	3.752308
碘酒	1.230769	0.58704000000000001	26	4.367693
儿女	1.4230769999999999	0.64330900000000002	26	4.175385
发狂	3.24	1.1284209999999999	25	2.358462
反弹	3.4166669999999999	0.92861099999999996	24	2.181795
反攻	2.769231	1.0318020000000001	26	2.829231
锋利	2.44	1.2274640000000001	25	3.158462
敷药	1.8846149999999999	0.99305299999999996	26	3.713847
浮现	3.8846150000000002	1.0325470000000001	26	1.713847
妇科	2.3076919999999999	1.192283	26	3.290770
告别	2.5769229999999999	1.101747	26	3.021539
官能	3.652174	0.98205200000000004	23	1.946288
贵姓	1.92	1.15181	25	3.678462
过客	3	1.1313709999999999	26	2.598462
海岸	1.8846149999999999	0.95192100000000002	26	3.713847
海峡	1.9230769999999999	0.89097999999999999	26	3.675385
寒假	1.8461540000000001	0.96715300000000004	26	3.752308
行动	3.1923080000000001	1.1668499999999999	26	2.406154
合理	3.6	1.154701	25	1.998462
回忆	3.6538460000000001	1.3547640000000001	26	1.944616
火山	1.230769	0.42966900000000002	26	4.367693
极权	3.7916669999999999	1.102533	24	1.806795
寄生	3.230769	0.90808299999999997	26	2.367693
加冕	2.92	0.90921200000000002	25	2.678462
缰绳	2.2000000000000002	1.1902379999999999	25	3.398462
接触	3	1.095445	26	2.598462
结合	3.461538	1.0669869999999999	26	2.136924
锦标	3.08	1.1874340000000001	25	2.518462
精华	3.96	1.2069240000000001	25	1.638462
窘境	3.269231	0.96156900000000001	26	2.329231
开恩	3.6086960000000001	1.2699009999999999	23	1.989766
课本	1.5	0.86023300000000003	26	4.098462
来信	1.8846149999999999	0.95192100000000002	26	3.713847
滥用	3.538462	1.0669869999999999	26	2.060000
历险	3.3076919999999999	0.970329	26	2.290770
伶俐	3.3076919999999999	1.225373	26	2.290770
灵性	4.1538459999999997	0.833897	26	1.444616
幔帐	2.5833330000000001	1.4116489999999999	24	3.015129
面相	2.64	1.319091	25	2.958462
呐喊	2	0.86602500000000004	25	3.598462
男人	1.230769	0.51440799999999998	26	4.367693
闹市	2.269231	1.002305	26	3.329231
宁愿	3.8461539999999999	1.084152	26	1.752308
扭伤	1.961538	0.87089700000000003	26	3.636924
暖气	1.769231	0.99227799999999999	26	3.829231
虐待	2.68	1.2490000000000001	25	2.918462
培训	2.3461539999999999	0.89184300000000005	26	3.252308
飘泊	3.5769229999999999	1.172112	26	2.021539
屏障	3.038462	1.3109010000000001	26	2.560000
歧途	3.4230770000000001	0.90213399999999999	26	2.175385
气量	4.375	0.57577900000000004	24	1.223462
器官	1.8846149999999999	0.99305299999999996	26	3.713847
穷人	2.1153849999999998	1.1773499999999999	26	3.483077
如果	4.4166670000000003	0.88054699999999997	24	1.181795
洒脱	3.5769229999999999	1.02657	26	2.021539
上演	3.36	1.1503620000000001	25	2.238462
生肖	1.8076920000000001	0.89528700000000005	26	3.790770
失窃	2.038462	0.91567500000000002	26	3.560000
市镇	1.68	0.74833099999999997	25	3.918462
事务	2.8076919999999999	1.1320509999999999	26	2.790770
树林	1.4230769999999999	0.57779400000000003	26	4.175385
送货	1.769231	0.76460099999999998	26	3.829231
讨伐	3.08	0.95393899999999998	25	2.518462
污水	1.4230769999999999	0.50383100000000003	26	4.175385
无耻	3.730769	1.0791729999999999	26	1.867693
误会	3.269231	1.150919	26	2.329231
蜥蜴	1.1538459999999999	0.46409499999999998	26	4.444616
洗雪	4.2857139999999996	1.1019460000000001	21	1.312748
仙人	3.84	1.344123	25	1.758462
相近	3.375	1.013496	24	2.223462
香艳	3.6153849999999998	1.1688259999999999	26	1.983077
想法	3.730769	1.2824260000000001	26	1.867693
心醉	3.9230770000000001	1.1635489999999999	26	1.675385
信奉	3.5769229999999999	1.101747	26	2.021539
性质	3.4230770000000001	1.3014779999999999	26	2.175385
许久	3.0833330000000001	0.97430799999999995	24	2.515129
选举	2.038462	0.99922999999999995	26	3.560000
延长	3.038462	1.182566	26	2.560000
演变	3.461538	1.1395010000000001	26	2.136924
仰角	2.8	1.2583059999999999	25	2.798462
腰带	1.269231	0.45234400000000002	26	4.329231
遗照	1.461538	0.70601800000000003	26	4.136924
屹立	3.461538	1.207668	26	2.136924
抑制	3.3461539999999999	1.198075	26	2.252308
右手	1.1538459999999999	0.367946	26	4.444616
圆滑	3.8846150000000002	1.070586	26	1.713847
栽培	2.961538	0.99922999999999995	26	2.636924
针线	1.461538	0.85933800000000005	26	4.136924
真实	3.3461539999999999	1.2943659999999999	26	2.252308
镇定	3.1153849999999998	1.1773499999999999	26	2.483077
知音	3.269231	1.150919	26	2.329231
忠贞	3.5	1.2727919999999999	26	2.098462
周到	3.6538460000000001	1.263085	26	1.944616
专注	3.3461539999999999	1.198075	26	2.252308
追忆	3.8461539999999999	1.1555880000000001	26	1.752308
走失	2.230769	1.0318020000000001	26	3.367693
足迹	2.5769229999999999	1.3014779999999999	26	3.021539
组队	2.0769229999999999	0.688365	26	3.521539
遵照	2.8461539999999999	1.2551429999999999	26	2.752308
安静	2.92	1.2220200000000001	25	2.678462
百姓	2	1.0801229999999999	25	3.598462
伴郎	1.6538459999999999	0.93562000000000001	26	3.944616
表象	3.8076919999999999	1.2006410000000001	26	1.790770
病历	1.6153850000000001	0.89786100000000002	26	3.983077
波及	3.8	0.95742700000000003	25	1.798462
才能	3.5769229999999999	1.2703720000000001	26	2.021539
谗言	3.4230770000000001	1.2384850000000001	26	2.175385
猖狂	3.76	1.051982	25	1.838462
车箱	1.4230769999999999	0.50383100000000003	26	4.175385
撤职	2.461538	1.1740790000000001	26	3.136924
冲锋	2.6538460000000001	1.0561179999999999	26	2.944616
出生	2.1153849999999998	0.86380199999999996	26	3.483077
出席	2	0.84852799999999995	26	3.598462
磁铁	1.6923079999999999	1.1582479999999999	26	3.906154
打动	3.461538	1.0669869999999999	26	2.136924
担任	3.0769229999999999	1.0167820000000001	26	2.521539
得救	2.5	0.94868300000000005	26	3.098462
的确	3.3043480000000001	1.2223219999999999	23	2.294114
敌意	3.3076919999999999	1.1582479999999999	26	2.290770
地震	1.3846149999999999	0.63730200000000004	26	4.213847
地主	1.8076920000000001	0.80096100000000003	26	3.790770
动词	3.3076919999999999	1.3789629999999999	26	2.290770
堵塞	2.6	1.118034	25	2.998462
度过	3.44	1.003328	25	2.158462
对骂	2.3846150000000002	1.1340870000000001	26	3.213847
恶运	3.6923080000000001	1.289007	26	1.906154
仿生	3.3913039999999999	1.305204	23	2.207158
飞弛	3.375	1.0959410000000001	24	2.223462
封条	1.6923079999999999	0.92819099999999999	26	3.906154
烽火	2.4230770000000001	1.390628	26	3.175385
夫妻	1.5	0.70710700000000004	26	4.098462
伏法	2.75	1.359348	24	2.848462
干部	2.1923080000000001	1.096147	26	3.406154
干线	2.92	1.2884100000000001	25	2.678462
革职	2.4230770000000001	0.945434	26	3.175385
阁下	2.16	1.106044	25	3.438462
根治	2.84	1.143095	25	2.758462
贡品	2.1923080000000001	1.1668499999999999	26	3.406154
规则	2.72	1.369915	25	2.878462
闺秀	2.3199999999999998	1.2819259999999999	25	3.278462
后盾	3.12	1.092398	25	2.478462
后勤	2.3076919999999999	1.0107120000000001	26	3.290770
候选	2.5769229999999999	1.172112	26	3.021539
回味	3.730769	0.96156900000000001	26	1.867693
混合	3.269231	1.115623	26	2.329231
记述	2.769231	1.142198	26	2.829231
甲子	2.2727270000000002	1.162174	22	3.325735
江山	3.28	1.45831	25	2.318462
叫喊	2.1538460000000001	1.007663	26	3.444616
阶段	3.3846150000000002	1.061204	26	2.213847
揭露	3.1153849999999998	1.107318	26	2.483077
解脱	3.6923080000000001	1.1582479999999999	26	1.906154
锦衣	2.72	1.339154	25	2.878462
举办	2.6538460000000001	1.0561179999999999	26	2.944616
绝对	3.25	1.293798	24	2.348462
客官	1.8461540000000001	0.833897	26	3.752308
口碑	3.3846150000000002	1.235376	26	2.213847
宽恕	3.6153849999999998	1.235376	26	1.983077
礼节	3.038462	1.2483839999999999	26	2.560000
流行	3.8076919999999999	1.0590269999999999	26	1.790770
旅费	1.961538	0.77360300000000004	26	3.636924
满座	2.0769229999999999	1.2303850000000001	26	3.521539
门路	3.5	1.2409669999999999	26	2.098462
免疫	3.16	1.2806249999999999	25	2.438462
女孩	1.3461540000000001	0.62879600000000002	26	4.252308
爬山	1.6538459999999999	0.89184300000000005	26	3.944616
胚胎	2.269231	1.2508459999999999	26	3.329231
批次	2.769231	1.210213	26	2.829231
劈柴	1.6153850000000001	0.982931	26	3.983077
频繁	3.2	1.1902379999999999	25	2.398462
评定	2.92	0.90921200000000002	25	2.678462
破坏	2.6538460000000001	1.0561179999999999	26	2.944616
魄力	3.8461539999999999	1.1555880000000001	26	1.752308
切磋	3.269231	1.002305	26	2.329231
请愿	3.12	1.0535650000000001	25	2.478462
躯壳	2.3461539999999999	1.198075	26	3.252308
仁厚	3.3076919999999999	1.1582479999999999	26	2.290770
乳房	1.269231	0.60383399999999998	26	4.329231
撒谎	3.1923080000000001	1.3570329999999999	26	2.406154
时差	2.3846150000000002	1.2673410000000001	26	3.213847
识别	2.8846150000000002	1.142871	26	2.713847
拾荒	2.6	1.224745	25	2.998462
食粮	1.84	1.143095	25	3.758462
室内	1.730769	0.96156900000000001	26	3.867693
受难	3.16	1.2138089999999999	25	2.438462
疏远	3.36	1.1860299999999999	25	2.238462
说谎	3	1.232883	26	2.598462
嘶叫	2.3846150000000002	1.202561	26	3.213847
四周	2.68	1.3140270000000001	25	2.918462
松鼠	1.0769230000000001	0.27174599999999999	26	4.521539
素描	2.12	1.092398	25	3.478462
套房	1.6666669999999999	0.96308700000000003	24	3.931795
贴身	2.5769229999999999	1.02657	26	3.021539
托管	2.461538	1.028816	26	3.136924
拖鞋	1.1153850000000001	0.32581300000000002	26	4.483077
网络	2.8076919999999999	1.2335069999999999	26	2.790770
位列	3.038462	0.87089700000000003	26	2.560000
虾米	1.5769230000000001	0.945434	26	4.021539
巷子	1.730769	1.115623	26	3.867693
橡树	1.3461540000000001	0.79710999999999999	26	4.252308
宵禁	2.3846150000000002	1.202561	26	3.213847
笑骂	2.76	1.331666	25	2.838462
新年	1.769231	1.1066229999999999	26	3.829231
修补	2.3846150000000002	1.0982499999999999	26	3.213847
阎王	2.64	1.704895	25	2.958462
药物	1.6538459999999999	0.74524100000000004	26	3.944616
依照	3.269231	1.002305	26	2.329231
银币	1.3846149999999999	0.57109900000000002	26	4.213847
用兵	3.04	1.098484	25	2.558462
诱导	3.538462	1.2721880000000001	26	2.060000
迂腐	3.84	1.0279430000000001	25	1.758462
余波	3.5833330000000001	1.1389039999999999	24	2.015129
原始	3.269231	1.3433600000000001	26	2.329231
招租	2.3076919999999999	0.970329	26	3.290770
支出	2.4230770000000001	1.172112	26	3.175385
肢体	1.8076920000000001	1.0205580000000001	26	3.790770
制裁	3.3076919999999999	1.0107120000000001	26	2.290770
主妇	2.038462	0.91567500000000002	26	3.560000
紫红	2.1153849999999998	1.336471	26	3.483077
总和	2.36	1.113553	25	3.238462
走散	2.6153849999999998	0.982931	26	2.983077
座位	1.538462	0.50839100000000004	26	4.060000
挨饿	2	0.86602500000000004	25	3.598462
爱情	3.4	1.4142140000000001	25	2.198462
安祥	2.9583330000000001	1.2676289999999999	24	2.640129
把戏	3.24	1.2	25	2.358462
包厢	1.44	0.86986600000000003	25	4.158462
报社	1.44	0.71180500000000002	25	4.158462
卑职	3.2083330000000001	1.0623670000000001	24	2.390129
北约	1.8421050000000001	0.83421000000000001	19	3.756357
背后	2.4583330000000001	1.0623670000000001	24	3.140129
背脊	1.76	1.0908709999999999	25	3.838462
便餐	1.92	0.90921200000000002	25	3.678462
遍布	3.4166669999999999	1.316011	24	2.181795
标本	2	1.0801229999999999	25	3.598462
波浪	1.76	1.0115989999999999	25	3.838462
脖子	1.1599999999999999	0.374166	25	4.438462
不然	4.052632	1.0259780000000001	19	1.545830
不幸	3.36	1.2543260000000001	25	2.238462
草书	2	1.0801229999999999	25	3.598462
倡议	3	1.14208	24	2.598462
成本	2.52	1.1944319999999999	25	3.078462
成长	3.5416669999999999	1.2150920000000001	24	2.056795
冲动	3.5833330000000001	1.0179549999999999	24	2.015129
冲破	3.12	1.092398	25	2.478462
次要	3.32	1.10755	25	2.278462
打雷	1.6	0.76376299999999997	25	3.998462
佃农	1.6956519999999999	1.1051439999999999	23	3.902810
而今	3.5833330000000001	1.2128540000000001	24	2.015129
发愁	3.0833330000000001	1.380506	24	2.515129
发慌	3.12	1.235584	25	2.478462
发射	2.125	1.1909989999999999	24	3.473462
范畴	3.7826089999999999	0.85048199999999996	23	1.815853
俘虏	1.88	1.3012809999999999	25	3.718462
干掉	3.1304349999999999	1.391675	23	2.468027
古板	3.24	1.051982	25	2.358462
诡计	3.125	1.1156010000000001	24	2.473462
国家	1.72	1.339154	25	3.878462
含蓄	3.36	1.1503620000000001	25	2.238462
何谓	4	0.81649700000000003	19	1.598462
轰动	3.0416669999999999	1.0826359999999999	24	2.556795
候鸟	1.68	0.85244699999999995	25	3.918462
画面	2.72	1.3076700000000001	25	2.878462
籍贯	1.68	0.98826400000000003	25	3.918462
继承	2.76	1.422439	25	2.838462
家事	2.68	1.2819259999999999	25	2.918462
建功	3.0833330000000001	1.1389039999999999	24	2.515129
僵硬	2.6	1.154701	25	2.998462
讲师	1.56	0.71180500000000002	25	4.038462
今昔	3.4090910000000001	1.007547	22	2.189371
卷轴	1.8333330000000001	0.91683099999999995	24	3.765129
决斗	2.48	1.1944319999999999	25	3.118462
军人	1.1200000000000001	0.439697	25	4.478462
亢奋	3.32	1.215182	25	2.278462
蓝鲸	1.1599999999999999	0.374166	25	4.438462
老早	3.76	1.0115989999999999	25	1.838462
冷清	3.32	1.144552	25	2.278462
零用	2.6190479999999998	1.2440329999999999	21	2.979414
蒙古	1.1599999999999999	0.374166	25	4.438462
妙计	3.12	1.268858	25	2.478462
明朝	1.4583330000000001	0.77902800000000005	24	4.140129
默祷	3.5	1.1033550000000001	24	2.098462
某些	4.3043480000000001	0.82212499999999999	23	1.294114
叛逆	3.28	1.208305	25	2.318462
朋友	1.6666669999999999	0.86811499999999997	24	3.931795
评论	1.9166669999999999	1.0179549999999999	24	3.681795
棋子	1.8695649999999999	1.1403490000000001	23	3.728897
气候	2.2916669999999999	0.99909400000000004	24	3.306795
墙壁	1.32	0.47609499999999999	25	4.278462
情人	2.36	1.1503620000000001	25	3.238462
区分	2.913043	1.1246430000000001	23	2.685419
去向	3.2083330000000001	1.2150920000000001	24	2.390129
犬齿	1.8695649999999999	1.1403490000000001	23	3.728897
筛选	2.8260869999999998	1.266785	23	2.772375
山羊	1.04	0.2	25	4.558462
商榷	3.5	1.1033550000000001	24	2.098462
商议	3.08	1.15181	25	2.518462
上书	2.7826089999999999	1.277658	23	2.815853
师父	1.72	0.93630500000000005	25	3.878462
蔬菜	1.84	1.2138089999999999	25	3.758462
耍弄	3.52	1.084743	25	2.078462
水塔	1.5416669999999999	0.58823000000000003	24	4.056795
睡意	3.16	1.374773	25	2.438462
颂赞	3.28	1.3076700000000001	25	2.318462
太空	2.72	1.2754080000000001	25	2.878462
淘金	2.9583330000000001	1.2676289999999999	24	2.640129
特辑	2.5833330000000001	1.2128540000000001	24	3.015129
庭园	1.48	0.585947	25	4.118462
顽童	2.2083330000000001	1.2150920000000001	24	3.390129
围困	3.25	1.073394	24	2.348462
味蕾	2.56	1.293574	25	3.038462
伍长	2.545455	1.335496	22	3.053007
务农	2.12	0.88128700000000004	25	3.478462
先驱	2.72	1.2754080000000001	25	2.878462
霰弹	1.6666669999999999	0.81649700000000003	24	3.931795
新奇	3.75	1.0320940000000001	24	1.848462
熊市	2.5909089999999999	1.4362349999999999	22	3.007553
虚名	3.52	1.084743	25	2.078462
悬崖	1.56	0.86986600000000003	25	4.038462
熏陶	3.8	0.95742700000000003	25	1.798462
烟囱	1.32	0.55677600000000005	25	4.278462
延时	3.16	1.0677080000000001	25	2.438462
研究	3.08	1.2220200000000001	25	2.518462
研习	3.08	1.2220200000000001	25	2.518462
野兽	1.72	0.93630500000000005	25	3.878462
异物	2.88	1.3329169999999999	25	2.718462
有关	3.4583330000000001	1.318074	24	2.140129
愿意	3.3333330000000001	1.307725	24	2.265129
韵律	3.36	1.3808210000000001	25	2.238462
炸药	1.36	0.489898	25	4.238462
张开	3.0434779999999999	1.1069310000000001	23	2.554984
长子	1.4	0.5	25	4.198462
兆头	3.88	0.97125300000000003	25	1.718462
着陆	2.3199999999999998	1.0692680000000001	25	3.278462
着手	3.0416669999999999	1.3014760000000001	24	2.556795
政见	2.7916669999999999	1.1787669999999999	24	2.806795
值钱	3	1.443376	25	2.598462
指南	2.5652170000000001	1.1211230000000001	23	3.033245
置业	2.454545	1.1843129999999999	22	3.143917
住院	1.72	0.89069299999999996	25	3.878462
转型	3.44	1.1575839999999999	25	2.158462
准许	2.9583330000000001	1.2676289999999999	24	2.640129
奏乐	2.2400000000000002	0.92556300000000002	25	3.358462
足球	1.1200000000000001	0.33166200000000001	25	4.478462
作乐	3.16	1.143095	25	2.438462
做作	3.875	1.0347230000000001	24	1.723462
拜师	2.2000000000000002	1.0408329999999999	25	3.398462
暴力	2.64	1.350309	25	2.958462
本身	3.0909089999999999	1.1509450000000001	22	2.507553
操纵	3.44	1.1930350000000001	25	2.158462
钞票	1.32	0.47609499999999999	25	4.278462
朝代	2.2799999999999998	1.0614459999999999	25	3.318462
朝鲜	1.1200000000000001	0.33166200000000001	25	4.478462
撤退	2.56	1.121011	25	3.038462
称赞	2.96	1.2069240000000001	25	2.638462
出身	2.92	1.255654	25	2.678462
床垫	1.2	0.408248	25	4.398462
吹牛	3.16	1.2476640000000001	25	2.438462
纯正	3.44	1.293574	25	2.158462
蠢材	2.4166669999999999	1.1764600000000001	24	3.181795
答应	2.76	1.1284209999999999	25	2.838462
打火	2.125	1.075922	24	3.473462
打捞	1.92	1.0770329999999999	25	3.678462
大臣	1.72	0.89069299999999996	25	3.878462
待人	2.96	1.4282859999999999	25	2.638462
道场	2.1304349999999999	1.289973	23	3.468027
定期	2.72	1.137248	25	2.878462
毒打	2.08	1.037625	25	3.518462
多种	3.2608700000000002	0.91539300000000001	23	2.337592
扼杀	3.24	1.267544	25	2.358462
发型	1.88	1.0132460000000001	25	3.718462
放羊	1.375	0.494535	24	4.223462
肺炎	1.52	0.77028099999999999	25	4.078462
分工	2.88	1.1661900000000001	25	2.718462
奋斗	3.52	1.357694	25	2.078462
伏兵	2.2799999999999998	1.137248	25	3.318462
胳膊	1.08	0.27688699999999999	25	4.518462
桂冠	2.2916669999999999	1.1220779999999999	24	3.306795
果树	1.72	0.93630500000000005	25	3.878462
过时	3.28	1.208305	25	2.318462
化痰	2.48	1.0456259999999999	25	3.118462
怀旧	3.36	1.2543260000000001	25	2.238462
荒唐	3.48	1.1590229999999999	25	2.118462
会费	1.6666669999999999	0.481543	24	3.931795
会见	2.6	1.290994	25	2.998462
或许	3.9583330000000001	0.90789600000000004	24	1.640129
冀望	4.12	0.97125300000000003	25	1.478462
假冒	2.9583330000000001	0.95458500000000002	24	2.640129
尖刀	1.6666669999999999	0.91683099999999995	24	3.931795
坚强	3.16	1.3127580000000001	25	2.438462
教堂	1.52	0.77028099999999999	25	4.078462
景象	2.64	1.350309	25	2.958462
纠正	2.7916669999999999	1.1412869999999999	24	2.806795
考生	1.56	0.76811499999999999	25	4.038462
恐吓	2.84	1.4047540000000001	25	2.758462
枯井	1.75	0.79399900000000001	24	3.848462
兰花	1.1200000000000001	0.33166200000000001	25	4.478462
篮子	1.28	0.73711099999999996	25	4.318462
雷同	3.2083330000000001	1.250362	24	2.390129
练习	2.64	1.319091	25	2.958462
卖弄	3.36	1.2543260000000001	25	2.238462
漫画	1.88	0.92736200000000002	25	3.718462
描写	3.08	0.95393899999999998	25	2.518462
藐视	3.44	0.96090200000000003	25	2.158462
名牌	2	1.0871150000000001	23	3.598462
那天	3.5	1.0215080000000001	24	2.098462
溺爱	3	1.0408329999999999	25	2.598462
年糕	1.32	0.55677600000000005	25	4.278462
娘家	1.72	0.79162299999999997	25	3.878462
喷泉	1.36	0.75718799999999997	25	4.238462
片酬	2.12	1.0535650000000001	25	3.478462
沏茶	1.64	0.75718799999999997	25	3.958462
前景	3.625	1.2790109999999999	24	1.973462
窃笑	2.625	1.1349199999999999	24	2.973462
劝阻	2.64	1.1503620000000001	25	2.958462
缺德	3	1.2510859999999999	24	2.598462
容忍	2.875	1.1539159999999999	24	2.723462
入狱	1.76	0.83066200000000001	25	3.838462
撒网	2	1	23	3.598462
杀菌	1.88	0.83266600000000002	25	3.718462
上路	3.045455	1.174218	22	2.553007
蛇蝎	2.875	1.5126280000000001	24	2.723462
设立	3	1.279204	23	2.598462
神学	3.0434779999999999	1.3973439999999999	23	2.554984
生涯	3.36	1.1860299999999999	25	2.238462
省悟	3.3043480000000001	1.4904170000000001	23	2.294114
失守	3.0434779999999999	1.296087	23	2.554984
首长	1.76	0.96953599999999995	25	3.838462
瘦弱	2.2400000000000002	1.0908709999999999	25	3.358462
舒适	2.96	1.2069240000000001	25	2.638462
说客	2.16	0.898146	25	3.438462
四散	3.4	1.2732060000000001	20	2.198462
送客	2.3199999999999998	0.94516299999999998	25	3.278462
踏入	2.875	1.1156010000000001	24	2.723462
太公	2.0434779999999999	1.1069310000000001	23	3.554984
态度	3.32	1.3453619999999999	25	2.278462
贪污	2.12	1.3329169999999999	25	3.478462
搪瓷	2.3181820000000002	1.249242	22	3.280280
体面	3.12	1.092398	25	2.478462
体坛	2.25	1.113162	24	3.348462
铜器	1.72	0.93630500000000005	25	3.878462
推卸	3.4	1.0408329999999999	25	2.198462
为期	3.3333330000000001	1.110555	21	2.265129
污秽	3.2	1.2583059999999999	25	2.398462
相片	1.6666669999999999	0.91683099999999995	24	3.931795
巷战	2.045455	0.898532	22	3.553007
心疼	3.08	1.2884100000000001	25	2.518462
凶狠	3.12	1.3329169999999999	25	2.478462
宣誓	2.3333330000000001	0.86811499999999997	24	3.265129
一般	3.625	1.1349199999999999	24	1.973462
轶事	2.8260869999999998	1.3021720000000001	23	2.772375
意境	3.875	1.361345	24	1.723462
余韵	3.7391299999999998	1.17618	23	1.859332
早晨	1.8	0.81649700000000003	25	3.798462
早点	1.9166669999999999	1.0179549999999999	24	3.681795
章节	2.25	1.224745	24	3.348462
找到	2.8	1.2583059999999999	25	2.798462
贞操	3	1.4719599999999999	25	2.598462
侦探	1.68	0.85244699999999995	25	3.918462
智商	2.88	1.42361	25	2.718462
稚嫩	3.04	1.2409669999999999	25	2.558462
中庸	3.6666669999999999	1.0901400000000001	24	1.931795
忠烈	3.2083330000000001	1.318074	24	2.390129
主观	3.92	1.3820269999999999	25	1.678462
贮存	2.4583330000000001	1.0623670000000001	24	3.140129
铸造	2.2799999999999998	1.24231	25	3.318462
钻研	3.28	1.4294519999999999	25	2.318462
昨晚	2	1	25	3.598462
作主	2.875	1.2269620000000001	24	2.723462
安置	2.538462	0.98917200000000005	26	3.060000
办报	3.1538460000000001	1.1555880000000001	26	2.444616
崩溃	3	1.2961480000000001	26	2.598462
比较	3.1153849999999998	1.1773499999999999	26	2.483077
鄙人	2.0769229999999999	1.0553889999999999	26	3.521539
猜测	3.230769	1.242826	26	2.367693
裁判	2.038462	1.076319	26	3.560000
仓惶	3.538462	0.98917200000000005	26	2.060000
藏族	1.6538459999999999	0.845804	26	3.944616
颤栗	2.730769	1.115623	26	2.867693
乘客	1.6538459999999999	0.97743800000000003	26	3.944616
程度	3.9230770000000001	1.092633	26	1.675385
逞强	2.961538	1.182566	26	2.636924
丑化	3.3076919999999999	1.1582479999999999	26	2.290770
刺激	3.1153849999999998	1.1773499999999999	26	2.483077
从良	3.12	1.4525840000000001	25	2.478462
达观	3.7916669999999999	1.102533	24	1.806795
鞑靼	3.1428569999999998	1.2761549999999999	21	2.455605
登山	1.6923079999999999	0.78837699999999999	26	3.906154
低调	3.1923080000000001	0.93890300000000004	26	2.406154
顶点	2.48	1.1944319999999999	25	3.118462
法定	2.9230770000000001	1.197433	26	2.675385
防盗	2.52	1.1944319999999999	25	3.078462
放牧	2.1153849999999998	0.99305299999999996	26	3.483077
佛经	2.3846150000000002	1.416388	26	3.213847
赶路	2.0769229999999999	0.84489400000000003	26	3.521539
公路	1.5769230000000001	0.75752600000000003	26	4.021539
功德	4	1.0583009999999999	26	1.598462
固执	3.1923080000000001	1.2967409999999999	26	2.406154
喝酒	1.5769230000000001	0.64330900000000002	26	4.021539
河流	1.5769230000000001	0.70274199999999998	26	4.021539
洪水	1.769231	1.0318020000000001	26	3.829231
吼叫	2.2799999999999998	1.1000000000000001	25	3.318462
花生	1.3461540000000001	0.79710999999999999	26	4.252308
回归	3.3846150000000002	0.89786100000000002	26	2.213847
回收	2.625	1.1349199999999999	24	2.973462
混乱	3.3461539999999999	1.3547640000000001	26	2.252308
祸害	3.230769	0.99227799999999999	26	2.367693
记者	1.6153850000000001	0.85214699999999999	26	3.983077
监禁	2.5	1.104536	26	3.098462
兼顾	3.3076919999999999	1.086986	26	2.290770
接合	3.461538	1.207668	26	2.136924
揭幕	2.9230770000000001	1.0167820000000001	26	2.675385
戒心	3.5	1.1033550000000001	24	2.098462
句号	1.8076920000000001	1.1668499999999999	26	3.790770
空战	2.3846150000000002	1.0228170000000001	26	3.213847
叩头	1.6153850000000001	0.85214699999999999	26	3.983077
酷刑	2.6923080000000001	1.086986	26	2.906154
宽敞	2.769231	1.1066229999999999	26	2.829231
狂暴	3.230769	1.1766970000000001	26	2.367693
老树	1.9230769999999999	1.0553889999999999	26	3.675385
了解	3.5	1.0677080000000001	26	2.098462
雷池	3.88	1.092398	25	1.718462
亮光	2.0769229999999999	0.89097999999999999	26	3.521539
烈士	1.769231	0.86291099999999998	26	3.829231
领带	1.3461540000000001	0.56159099999999995	26	4.252308
密探	2.68	1.029563	25	2.918462
缅怀	3.5	1.104536	26	2.098462
面孔	2.2799999999999998	1.137248	25	3.318462
鸣谢	3.1153849999999998	1.107318	26	2.483077
内奸	2.3846150000000002	1.1688259999999999	26	3.213847
尿频	2.1923080000000001	1.096147	26	3.406154
派对	2.3461539999999999	1.017539	26	3.252308
咆哮	2.4230770000000001	1.0648219999999999	26	3.175385
片断	3.1538460000000001	1.31734	26	2.444616
婆妈	3.2	1.154701	25	2.398462
起草	2.8461539999999999	1.120439	26	2.752308
气派	3.230769	1.394495	26	2.367693
巧合	3.3461539999999999	1.16421	26	2.252308
曲奇	2.16	1.491085	25	3.438462
痊愈	2.5769229999999999	1.172112	26	3.021539
然后	3.6923080000000001	1.225373	26	1.906154
染色	2.269231	1.185165	26	3.329231
任命	2.76	1.331666	25	2.838462
扫地	1.730769	0.77756999999999998	26	3.867693
扫墓	1.8076920000000001	0.84943400000000002	26	3.790770
砂锅	1.3846149999999999	0.63730200000000004	26	4.213847
生命	3.1538460000000001	1.405484	26	2.444616
实力	3.730769	1.3728130000000001	26	1.867693
事先	3.76	1.1284209999999999	25	1.838462
收容	3.038462	0.95836399999999999	26	2.560000
暑假	1.8076920000000001	0.98058100000000004	26	3.790770
衰老	2.8076919999999999	1.1320509999999999	26	2.790770
水球	1.8333330000000001	0.81649700000000003	24	3.765129
水银	1.461538	0.85933800000000005	26	4.136924
思念	3.769231	1.1066229999999999	26	1.829231
苏联	1.6538459999999999	0.89184300000000005	26	3.944616
溯源	3.75	1.1515580000000001	24	1.848462
涕泣	2.4230770000000001	1.101747	26	3.175385
通知	2.5769229999999999	1.101747	26	3.021539
同党	2.6923080000000001	1.1582479999999999	26	2.906154
退烧	1.9166669999999999	0.82970200000000005	24	3.681795
脱落	2.730769	1.115623	26	2.867693
文风	4.038462	1.0384899999999999	26	1.560000
蚊虫	1.8076920000000001	0.80096100000000003	26	3.790770
系列	3.6153849999999998	1.1340870000000001	26	1.983077
仙境	3.8461539999999999	1.0466059999999999	26	1.752308
雄厚	3.6153849999999998	1.235376	26	1.983077
熊掌	1.461538	0.81145599999999996	26	4.136924
叙旧	3	1.0198039999999999	26	2.598462
烟幕	2.72	1.3076700000000001	25	2.878462
殃及	3.6538460000000001	0.89184300000000005	26	1.944616
耀眼	2.6923080000000001	1.289007	26	2.906154
叶酸	2.230769	1.142198	26	3.367693
已故	2.3461539999999999	0.97743800000000003	26	3.252308
因缘	3.6153849999999998	1.202561	26	1.983077
映照	3.64	0.99498699999999995	25	1.958462
慵懒	3.2	1.154701	25	2.398462
用途	3.04	1.1357820000000001	25	2.558462
鱼雷	1.76	0.87939400000000001	25	3.838462
元首	2.038462	0.82368799999999998	26	3.560000
陨石	1.8076920000000001	1.0590269999999999	26	3.790770
运动	2.5769229999999999	1.2384850000000001	26	3.021539
蕴含	4.1153849999999998	0.95192100000000002	26	1.483077
灾民	2.1923080000000001	0.98058100000000004	26	3.406154
载货	2.3846150000000002	1.0982499999999999	26	3.213847
正餐	1.8076920000000001	0.749359	26	3.790770
执行	3.3076919999999999	1.1231819999999999	26	2.290770
职位	2.5769229999999999	1.02657	26	3.021539
重量	2.2400000000000002	1.2342340000000001	25	3.358462
桌椅	1.3461540000000001	0.56159099999999995	26	4.252308
资历	3.538462	1.103839	26	2.060000
子宫	1.6923079999999999	0.78837699999999999	26	3.906154
子夜	2.7826089999999999	1.2044060000000001	23	2.815853
暗示	3.8461539999999999	0.78446499999999997	26	1.752308
翱翔	3.16	1.2476640000000001	25	2.438462
备课	2.4230770000000001	0.85664799999999997	26	3.175385
本色	3.6153849999999998	1.3587320000000001	26	1.983077
彩色	2.3846150000000002	0.941357	26	3.213847
承担	3.538462	1.028816	26	2.060000
吃亏	3.538462	1.207668	26	2.060000
冲力	3.36	1.113553	25	2.238462
丑态	3.3076919999999999	1.049542	26	2.290770
磁场	2.9230770000000001	1.5211330000000001	26	2.675385
大雾	1.961538	0.99922999999999995	26	3.636924
大众	2.8846150000000002	1.0325470000000001	26	2.713847
道别	2.538462	0.98917200000000005	26	3.060000
敌视	3.3461539999999999	1.129329	26	2.252308
恶毒	3.3461539999999999	1.129329	26	2.252308
发觉	3.5769229999999999	0.945434	26	2.021539
非凡	3.92	0.99666100000000002	25	1.678462
纷扰	3.8461539999999999	1.2228589999999999	26	1.752308
腹肌	1.6538459999999999	0.74524100000000004	26	3.944616
格子	2.038462	0.87089700000000003	26	3.560000
工头	2.1923080000000001	0.89528700000000005	26	3.406154
共识	3.269231	1.3132459999999999	26	2.329231
滚水	2.9565220000000001	1.1862189999999999	23	2.641940
过敏	2.6153849999999998	1.0982499999999999	26	2.983077
海量	3.5	1.2409669999999999	26	2.098462
罕见	3.4230770000000001	1.1374740000000001	26	2.175385
好学	3.230769	1.0698669999999999	26	2.367693
胡闹	3.3461539999999999	1.0933360000000001	26	2.252308
荒谬	4	1.0198039999999999	26	1.598462
基地	2.5769229999999999	1.0648219999999999	26	3.021539
计算	2.961538	1.182566	26	2.636924
技术	3.5	1.104536	26	2.098462
寄宿	2.269231	0.96156900000000001	26	3.329231
家访	1.961538	0.82368799999999998	26	3.636924
舰艇	1.5769230000000001	0.945434	26	4.021539
酵素	2.5769229999999999	1.3615600000000001	26	3.021539
结石	2.038462	0.99922999999999995	26	3.560000
浸透	3.3076919999999999	1.1582479999999999	26	2.290770
卷入	3.5	1.1747339999999999	26	2.098462
军营	1.961538	0.82368799999999998	26	3.636924
刻苦	3.769231	0.71036299999999997	26	1.829231
肯定	3.1153849999999998	1.142871	26	2.483077
苦涩	3.1538460000000001	1.1896990000000001	26	2.444616
况且	3.8461539999999999	1.2551429999999999	26	1.752308
劳作	2.84	1.143095	25	2.758462
老鼠	1.269231	0.72430300000000003	26	4.329231
泪水	1.5769230000000001	0.70274199999999998	26	4.021539
理解	3.6538460000000001	1.0561179999999999	26	1.944616
力气	3.1923080000000001	1.1668499999999999	26	2.406154
獠牙	2.6153849999999998	1.2985199999999999	26	2.983077
领略	3.68	1.144552	25	1.918462
流沙	2.230769	0.99227799999999999	26	3.367693
笼罩	3.76	1.2342340000000001	25	1.838462
陋习	3.3461539999999999	1.263085	26	2.252308
喽罗	3.2272729999999998	1.377777	22	2.371189
录影	2.269231	1.002305	26	3.329231
沦落	3.76	0.87939400000000001	25	1.838462
落日	1.6538459999999999	0.74524100000000004	26	3.944616
麻雀	1.1538459999999999	0.46409499999999998	26	4.444616
谋反	3.230769	1.142198	26	2.367693
木门	1.5	0.64807400000000004	26	4.098462
幕后	3.24	1.16476	25	2.358462
内乱	3.48	1.3266500000000001	25	2.118462
派别	3.375	1.4084369999999999	24	2.223462
判官	2.5	1.0677080000000001	26	3.098462
碰头	2.5	0.98994899999999997	26	3.098462
脾气	3.269231	1.185165	26	2.329231
偏心	3.3846150000000002	1.202561	26	2.213847
齐名	3.36	1.1860299999999999	25	2.238462
气压	2.769231	1.42289	26	2.829231
求生	3.3076919999999999	1.1231819999999999	26	2.290770
酋长	2.1538460000000001	0.92486999999999997	26	3.444616
人质	2.1153849999999998	0.86380199999999996	26	3.483077
荣辱	3.961538	0.91567500000000002	26	1.636924
赛马	2	0.84852799999999995	26	3.598462
骚扰	3.24	1.0115989999999999	25	2.358462
烧毁	2.36	0.95218999999999998	25	3.238462
哨子	1.8846149999999999	1.0325470000000001	26	3.713847
省长	1.6923079999999999	0.970329	26	3.906154
盛放	3.24	1.267544	25	2.358462
盛世	3.3846150000000002	1.3587320000000001	26	2.213847
十足	3.96	1.098484	25	1.638462
士兵	1.5769230000000001	0.64330900000000002	26	4.021539
手心	1.6538459999999999	0.89184300000000005	26	3.944616
输家	2.769231	1.305609	26	2.829231
树龄	2.6923080000000001	1.1582479999999999	26	2.906154
丝带	1.730769	0.87442299999999995	26	3.867693
塔楼	1.8846149999999999	0.81618199999999996	26	3.713847
踏足	3.4230770000000001	1.172112	26	2.175385
汤匙	1.4230769999999999	0.75752600000000003	26	4.175385
提出	3.269231	1.002305	26	2.329231
调味	2.8076919999999999	1.1668499999999999	26	2.790770
听众	2.1538460000000001	1.120439	26	3.444616
妥善	3.8076919999999999	1.1320509999999999	26	1.790770
挖苦	3.6538460000000001	1.0933360000000001	26	1.944616
万幸	3.961538	1.0384899999999999	26	1.636924
卫兵	1.6923079999999999	0.54912499999999997	26	3.906154
味道	3.1923080000000001	1.2006410000000001	26	2.406154
温习	3.1153849999999998	1.107318	26	2.483077
西瓜	1.538462	0.94787200000000005	26	4.060000
小人	3.269231	1.150919	26	2.329231
兴趣	3.538462	0.98917200000000005	26	2.060000
严重	3.9230770000000001	0.89097999999999999	26	1.675385
样本	2.6923080000000001	1.225373	26	2.906154
要塞	2.6666669999999999	1.0901400000000001	24	2.931795
夜盲	2.6	1.224745	25	2.998462
疑问	3.5	1.3928389999999999	26	2.098462
姻缘	3.230769	1.3358950000000001	26	2.367693
拥戴	3.4	1.224745	25	2.198462
邮购	2.3461539999999999	0.845804	26	3.252308
余力	3.72	0.979796	25	1.878462
宇航	2.4230770000000001	1.1374740000000001	26	3.175385
冤仇	3.5769229999999999	1.2057549999999999	26	2.021539
元气	4.08	0.86216800000000005	25	1.518462
原因	3.6	1.4719599999999999	25	1.998462
约束	3.64	0.99498699999999995	25	1.958462
战斗	2.5769229999999999	0.945434	26	3.021539
正宗	3.8076919999999999	1.1320509999999999	26	1.790770
治病	2.5769229999999999	1.0648219999999999	26	3.021539
中秋	1.9230769999999999	1.092633	26	3.675385
衷心	3.461538	1.028816	26	2.136924
洲际	3.4	1.224745	25	2.198462
阻碍	3.6923080000000001	1.192283	26	1.906154
奥妙	3.5555560000000002	0.97402200000000005	27	2.042906
白痴	2.3703699999999999	1.005682	27	3.228092
班房	1.961538	0.77360300000000004	26	3.636924
搬家	1.518519	0.89315199999999995	27	4.079943
悲愤	2.8518520000000001	1.231125	27	2.746610
毕生	3.269231	1.218448	26	2.329231
编写	2.2592590000000001	0.98420600000000003	27	3.339203
标枪	1.52	0.91833200000000004	25	4.078462
兵役	2.074074	1.0349999999999999	27	3.524388
驳船	2.1818179999999998	1.2203189999999999	22	3.416644
布施	3.25	0.94408899999999996	24	2.348462
城墙	1.1481479999999999	0.362014	27	4.450314
橙汁	1.074074	0.26688000000000001	27	4.524388
充军	2.7407409999999999	1.0225379999999999	27	2.857721
穿越	3.7777780000000001	1.154701	27	1.820684
创伤	3.0370370000000002	1.2241629999999999	27	2.561425
吹嘘	3.4074070000000001	1.2171609999999999	27	2.191055
炊烟	1.8148150000000001	1.001423	27	3.783647
从业	2.7037040000000001	0.95332700000000004	27	2.894758
答案	2.1538460000000001	0.96715300000000004	26	3.444616
代价	3.5	1.1401749999999999	26	2.098462
地址	1.8148150000000001	1.039121	27	3.783647
典当	2.461538	1.0669869999999999	26	3.136924
电池	1.2222219999999999	0.42365900000000001	27	4.376240
吊唁	2.9230770000000001	1.3243290000000001	26	2.675385
对话	2.8518520000000001	1.1669719999999999	27	2.746610
对调	3.1153849999999998	1.2108479999999999	26	2.483077
恩怨	3.518519	1.1221669999999999	27	2.079943
发愣	2.8888889999999998	1.368136	27	2.709573
发明	3.2	1.0408329999999999	25	2.398462
方圆	3.3703699999999999	1.1485160000000001	27	2.228092
分钟	2.4074070000000001	1.0834159999999999	27	3.191055
附注	2.1851850000000002	0.92141399999999996	27	3.413277
复数	2.7037040000000001	1.324759	27	2.894758
改革	3.461538	1.2403470000000001	26	2.136924
干涸	2.4074070000000001	1.0473140000000001	27	3.191055
革命	3.518519	1.1221669999999999	27	2.079943
公敌	3.1481479999999999	1.06351	27	2.450314
股市	2.481481	1.2206669999999999	27	3.116981
国旗	1.2222219999999999	0.640513	27	4.376240
过错	3.1851850000000002	1.177907	27	2.413277
好意	3.1481479999999999	1.0267090000000001	27	2.450314
鸿毛	3.16	1.2806249999999999	25	2.438462
呼应	3.5	0.98994899999999997	26	2.098462
幻灭	4.1111110000000002	1.0500309999999999	27	1.487351
昏暗	2.5555560000000002	1.120897	27	3.042906
机密	3.0370370000000002	1.192331	27	2.561425
跻身	3.5833330000000001	0.97430799999999995	24	2.015129
加油	3.269231	1.0414490000000001	26	2.329231
假日	2	0.84852799999999995	26	3.598462
交代	3.1481479999999999	1.199478	27	2.450314
节目	1.888889	0.84731900000000004	27	3.709573
景观	2.2222219999999999	1.154701	27	3.376240
拘留	2.0370370000000002	1.0554429999999999	27	3.561425
可能	3.7916669999999999	0.88362700000000005	24	1.806795
腊肠	1.518519	0.97548299999999999	27	4.079943
来往	3.2592590000000001	0.94431900000000002	27	2.339203
礼貌	2.7407409999999999	1.227649	27	2.857721
林地	1.888889	0.97402200000000005	27	3.709573
凌霄	3.9565220000000001	1.1069310000000001	23	1.641940
流畅	3.4	1.0408329999999999	25	2.198462
隆重	3.3333330000000001	1.037749	27	2.265129
马贼	2.125	1.075922	24	3.473462
免费	2.2592590000000001	1.1959090000000001	27	3.339203
面粉	1.1481479999999999	0.601518	27	4.450314
民营	2.461538	1.1395010000000001	26	3.136924
哪怕	4.2916670000000003	0.75060400000000005	24	1.306795
纳豆	2.1304349999999999	1.3586210000000001	23	3.468027
内容	3	1.1661900000000001	26	2.598462
泥泞	2.2962959999999999	1.2030350000000001	27	3.302166
啤酒	1.2222219999999999	0.80064100000000005	27	4.376240
恰当	3.5	0.86023300000000003	26	2.098462
潜能	3.7407409999999999	1.258589	27	1.857721
强身	2.925926	1.0349999999999999	27	2.672536
樵夫	1.4444440000000001	0.640513	27	4.154018
劝说	3.0370370000000002	1.0183500000000001	27	2.561425
雀巢	2.36	1.0754840000000001	25	3.238462
柔软	3	1.0741719999999999	27	2.598462
肉类	2.2592590000000001	1.1633039999999999	27	3.339203
润滑	2.8076919999999999	1.0205580000000001	26	2.790770
撒旦	2.6666669999999999	1.493949	24	2.931795
神志	4.0740740000000004	0.78082399999999996	27	1.524388
盛情	3.6666669999999999	1	27	1.931795
寿命	2.5925929999999999	1.185141	27	3.005869
水泥	1.3333330000000001	0.67936600000000003	27	4.265129
抬举	3.538462	0.98917200000000005	26	2.060000
炭火	1.7407410000000001	1.0951850000000001	27	3.857721
提倡	3.3333330000000001	1.2403470000000001	27	2.265129
头晕	2.2962959999999999	1.265361	27	3.302166
透彻	3.88	0.83266600000000002	25	1.718462
团长	2.1111110000000002	1.086042	27	3.487351
挖掘	2.6296300000000001	1.2136450000000001	27	2.968832
外国	2.518519	1.0513859999999999	27	3.079943
晚节	3.72	1.0214369999999999	25	1.878462
王国	2.6666669999999999	1.1093999999999999	27	2.931795
文盲	2.3703699999999999	1.2754529999999999	27	3.228092
问罪	2.96	1.306395	25	2.638462
犀牛	1.2222219999999999	0.50636999999999999	27	4.376240
锡纸	1.2592589999999999	0.52569299999999997	27	4.339203
夏天	1.8461540000000001	1.007663	26	3.752308
罅隙	3.714286	0.95618300000000001	21	1.884176
肖像	2.7407409999999999	1.0951850000000001	27	2.857721
消暑	3.0370370000000002	1.0183500000000001	27	2.561425
协助	3.074074	1.238048	27	2.524388
信念	4.2962959999999999	0.91208999999999996	27	1.302166
信誉	3.4444439999999998	1.2810250000000001	27	2.154018
演化	4.0370369999999998	0.93978200000000001	27	1.561425
谣言	3.1481479999999999	1.350319	27	2.450314
逸事	3.6	1	25	1.998462
音讯	3.1538460000000001	1.084152	26	2.444616
迎合	3.5555560000000002	1.0500309999999999	27	2.042906
臃肿	2.461538	1.0669869999999999	26	3.136924
渔村	1.8148150000000001	0.92141399999999996	27	3.783647
远方	3.8148149999999998	1.177907	27	1.783647
长度	2.4074070000000001	1.0473140000000001	27	3.191055
着色	2.875	0.89987899999999998	24	2.723462
志向	3.7407409999999999	1.1633039999999999	27	1.857721
制伏	2.7037040000000001	1.0308630000000001	27	2.894758
重点	2.7407409999999999	1.227649	27	2.857721
重视	3.1923080000000001	1.1668499999999999	26	2.406154
骤变	3.4444439999999998	1.086042	27	2.154018
珠峰	1.962963	1.192331	27	3.635499
逐出	3.16	0.85048999999999997	25	2.438462
自卑	3.2592590000000001	1.3182910000000001	27	2.339203
挨打	2.2222219999999999	0.97402200000000005	27	3.376240
暗号	3.0370370000000002	1.1596249999999999	27	2.561425
伴侣	1.888889	0.75106799999999996	27	3.709573
报答	3.3703699999999999	1.079464	27	2.228092
本剧	2.961538	1.0384899999999999	26	2.636924
比武	2.3333330000000001	1.0741719999999999	27	3.265129
表带	2	1.154701	25	3.598462
病毒	2.6923080000000001	1.192283	26	2.906154
播放	2.518519	1.0141450000000001	27	3.079943
才貌	3.2592590000000001	1.288786	27	2.339203
测验	2.7037040000000001	1.102962	27	2.894758
臣服	3.1153849999999998	1.107318	26	2.483077
呈现	3.3461539999999999	1.2943659999999999	26	2.252308
迟钝	3.1851850000000002	1.2101189999999999	27	2.413277
持械	2.5833330000000001	1.316011	24	3.015129
辞职	2.1111110000000002	1.120897	27	3.487351
凑数	2.9629629999999998	1.0912759999999999	27	2.635499
挡风	2.3846150000000002	1.0982499999999999	26	3.213847
倒闭	2.481481	1.3117920000000001	27	3.116981
冬天	1.6666669999999999	1.1093999999999999	27	3.931795
躲避	2.7037040000000001	1.0675209999999999	27	2.894758
恶劣	3.481481	1.0513859999999999	27	2.116981
房间	1.6296299999999999	0.92603999999999997	27	3.968832
飞越	3.4444439999999998	0.84731900000000004	27	2.154018
分娩	1.961538	0.82368799999999998	26	3.636924
蜂巢	1.7037040000000001	0.724028	27	3.894758
福分	3.8076919999999999	1.2335069999999999	26	1.790770
附加	3.1538460000000001	1.2228589999999999	26	2.444616
复兴	3.6296300000000001	0.92603999999999997	27	1.968832
丐帮	2.3076919999999999	1.049542	26	3.290770
甘甜	2.7777780000000001	1.310705	27	2.820684
感伤	3.7407409999999999	1.0225379999999999	27	1.857721
各种	3.75	1.073394	24	1.848462
根茎	1.730769	0.66679500000000003	26	3.867693
恭迎	3.269231	1.002305	26	2.329231
还债	2.0370370000000002	0.85401700000000003	27	3.561425
海狮	1.4074070000000001	0.69388899999999998	27	4.191055
酣睡	2.518519	1.0141450000000001	27	3.079943
好恶	3.4	1.224745	25	2.198462
狠心	3.1111110000000002	1.2195	27	2.487351
惠及	3.730769	0.96156900000000001	26	1.867693
火柴	1.481481	0.75296200000000002	27	4.116981
火锅	1.7037040000000001	1.1372979999999999	27	3.894758
伙计	2.2962959999999999	0.91208999999999996	27	3.302166
击球	2.2222219999999999	1.0500309999999999	27	3.376240
计较	3.5925929999999999	0.88835500000000001	27	2.005869
季刊	2	0.979796	26	3.598462
寄居	2.518519	1.1221669999999999	27	3.079943
夹击	2.769231	1.242826	26	2.829231
奸细	2.1481479999999999	0.98853800000000003	27	3.450314
检查	2.6923080000000001	1.0107120000000001	26	2.906154
狡猾	3.518519	1.2821370000000001	27	2.079943
届时	3.2962959999999999	1.170628	27	2.302166
警醒	3.518519	1.2206669999999999	27	2.079943
久违	3.7777780000000001	1.086042	27	1.820684
口才	3.2592590000000001	1.258589	27	2.339203
苦楚	3.6296300000000001	1.0432250000000001	27	1.968832
垃圾	2.2592590000000001	1.0225379999999999	27	3.339203
来宾	2.1111110000000002	0.89155600000000002	27	3.487351
劳工	1.8518520000000001	0.76980000000000004	27	3.746610
离间	3.538462	0.98917200000000005	26	2.060000
立国	2.925926	1.1742729999999999	27	2.672536
良师	2.4074070000000001	0.930643	27	3.191055
两岸	2.4074070000000001	0.97109199999999996	27	3.191055
料理	2.6538460000000001	1.0933360000000001	26	2.944616
令尊	2.0370370000000002	1.0183500000000001	27	3.561425
旅行	2.0370370000000002	1.0183500000000001	27	3.561425
麦片	1.2222219999999999	0.42365900000000001	27	4.376240
麋鹿	1.3333330000000001	0.877058	27	4.265129
秘鲁	1.481481	0.84899800000000003	27	4.116981
魔王	3.1111110000000002	1.0500309999999999	27	2.487351
末日	3.5555560000000002	1.1875420000000001	27	2.042906
呢喃	3.375	1.209114	24	2.223462
农夫	1.5555559999999999	0.640513	27	4.042906
迁怒	3.481481	1.0513859999999999	27	2.116981
遣返	2.7777780000000001	1.0500309999999999	27	2.820684
倩影	3.6296300000000001	1.114525	27	1.968832
强制	3	1.4411529999999999	27	2.598462
翘首	3.4230770000000001	1.101747	26	2.175385
侵华	2.038462	1.112862	26	3.560000
青铜	2.0769229999999999	1.1635489999999999	26	3.521539
扔掉	2.2592590000000001	1.0951850000000001	27	3.339203
赛车	1.6923079999999999	0.61768800000000001	26	3.906154
散布	3.230769	1.1066229999999999	26	2.367693
煽动	3.3076919999999999	1.0107120000000001	26	2.290770
少爷	2.2962959999999999	0.86889899999999998	27	3.302166
舍下	3.12	1.092398	25	2.478462
生日	2.1851850000000002	1.2101189999999999	27	3.413277
史前	3	1.2403470000000001	27	2.598462
视频	2.3703699999999999	1.1485160000000001	27	3.228092
收缩	2.9230770000000001	1.1286480000000001	26	2.675385
他乡	2.8518520000000001	1.231125	27	2.746610
泰然	3.9230770000000001	1.092633	26	1.675385
毯子	1.2592589999999999	0.44657599999999997	27	4.339203
停车	1.925926	0.99714700000000001	27	3.672536
同居	2	0.877058	27	3.598462
外泄	3.0833330000000001	0.97430799999999995	24	2.515129
委任	2.5555560000000002	1.086042	27	3.042906
握拳	1.8148150000000001	1.001423	27	3.783647
无情	3.5555560000000002	1.086042	27	2.042906
吸吮	2.2592590000000001	1.0225379999999999	27	3.339203
嘻笑	2.4444439999999998	1.0127390000000001	27	3.154018
细节	3.2222219999999999	1.2810250000000001	27	2.376240
响亮	2.925926	1.1410499999999999	27	2.672536
销魂	3.9629629999999998	0.89792400000000006	27	1.635499
须知	3.08	1.2884100000000001	25	2.518462
咬噬	3.125	1.2619	24	2.473462
夜晚	1.7037040000000001	0.82344600000000001	27	3.894758
医学	2.2592590000000001	1.1633039999999999	27	3.339203
盈利	2.5925929999999999	1.152231	27	3.005869
优势	2.7407409999999999	1.3182910000000001	27	2.857721
鱼缸	1.2222219999999999	0.42365900000000001	27	4.376240
咋舌	3.2	1.0801229999999999	25	2.398462
灾难	3.1111110000000002	1.086042	27	2.487351
暂停	2.6666669999999999	1.1766970000000001	27	2.931795
张望	2.7777780000000001	1.0500309999999999	27	2.820684
长大	3.1481479999999999	1.199478	27	2.450314
值得	3.6538460000000001	1.0933360000000001	26	1.944616
指尖	1.5925929999999999	0.84394899999999995	27	4.005869
中队	2.730769	0.91903000000000001	26	2.867693
中原	2.6538460000000001	1.129329	26	2.944616
钟爱	3.3703699999999999	1.114525	27	2.228092
滋生	3.4230770000000001	1.172112	26	2.175385
凹陷	2.230769	0.99227799999999999	26	3.367693
白酒	1.3076920000000001	0.67936600000000003	26	4.290770
鸨母	2.7083330000000001	1.2676289999999999	24	2.890129
北方	2.44	0.91651499999999997	25	3.158462
本部	3.12	1.0535650000000001	25	2.478462
绷带	1.3461540000000001	0.68948100000000001	26	4.252308
别人	2.96	1.2069240000000001	25	2.638462
采光	2.538462	1.1395010000000001	26	3.060000
参观	2.6923080000000001	1.1582479999999999	26	2.906154
侧面	2.96	1.1357820000000001	25	2.638462
拆毁	2.269231	1.002305	26	3.329231
炒饭	1.269231	0.45234400000000002	26	4.329231
出众	3.44	1.083205	25	2.158462
初中	1.5769230000000001	0.57779400000000003	26	4.021539
除草	1.538462	0.90468899999999997	26	4.060000
处事	3.769231	0.90808299999999997	26	1.829231
唇膏	1.1538459999999999	0.367946	26	4.444616
词语	2.4230770000000001	1.101747	26	3.175385
辞世	2.1923080000000001	1.1320509999999999	26	3.406154
从容	3.6153849999999998	0.982931	26	1.983077
大战	3.36	1.1503620000000001	25	2.238462
代用	3.68	0.9	25	1.918462
淡化	3.8	0.86602500000000004	25	1.798462
灯光	1.769231	0.76460099999999998	26	3.829231
敌人	2.461538	0.98917200000000005	26	3.136924
点将	2.9565220000000001	1.260529	23	2.641940
鼎盛	3.6923080000000001	1.257592	26	1.906154
订价	2.6	1.0408329999999999	25	2.998462
发育	3.1923080000000001	1.1668499999999999	26	2.406154
方案	2.5769229999999999	1.101747	26	3.021539
方针	3.1538460000000001	1.4336610000000001	26	2.444616
放学	1.8461540000000001	0.73170000000000002	26	3.752308
非礼	2.9230770000000001	0.93479699999999999	26	2.675385
粪便	1.3076920000000001	0.83757899999999996	26	4.290770
奉承	3.5769229999999999	1.2057549999999999	26	2.021539
付款	1.730769	0.77756999999999998	26	3.867693
改写	3.1923080000000001	1.096147	26	2.406154
告急	3.6	1	25	1.998462
归去	3.12	1.1661900000000001	25	2.478462
豪放	3.461538	1.2403470000000001	26	2.136924
合适	3.64	0.90737699999999999	25	1.958462
哄骗	2.9230770000000001	0.93479699999999999	26	2.675385
户口	1.461538	0.85933800000000005	26	4.136924
划分	3.0416669999999999	1.1601790000000001	24	2.556795
灰烬	2.230769	1.142198	26	3.367693
祭祖	1.8846149999999999	0.71144499999999999	26	3.713847
家人	1.6538459999999999	0.74524100000000004	26	3.944616
阶梯	2.2799999999999998	1.24231	25	3.318462
金属	1.8076920000000001	0.89528700000000005	26	3.790770
举重	1.8	0.81649700000000003	25	3.798462
巨匠	3.769231	1.210213	26	1.829231
君主	2.0769229999999999	1.092633	26	3.521539
可以	3.7826089999999999	0.99802199999999996	23	1.815853
苦战	3.461538	1.0669869999999999	26	2.136924
窥探	3.1923080000000001	1.1668499999999999	26	2.406154
擂台	2.269231	0.87442299999999995	26	3.329231
炼狱	4.2692310000000004	0.91903000000000001	26	1.329231
亮相	2.72	1.0214369999999999	25	2.878462
凌晨	1.6538459999999999	0.62879600000000002	26	3.944616
柳树	1.0769230000000001	0.27174599999999999	26	4.521539
露宿	2.1153849999999998	0.76560700000000004	26	3.483077
马路	1.3461540000000001	0.56159099999999995	26	4.252308
矛盾	3.961538	0.87089700000000003	26	1.636924
媒体	2.3461539999999999	0.97743800000000003	26	3.252308
蒙福	4.1176469999999998	0.78121300000000005	17	1.480815
妙法	4.1500000000000004	0.81272800000000001	20	1.448462
年幼	2.230769	0.65162500000000001	26	3.367693
牛犊	1.6923079999999999	0.73589300000000002	26	3.906154
排列	3	1.1313709999999999	26	2.598462
聘礼	2.038462	0.82368799999999998	26	3.560000
其中	3.8181820000000002	0.73266399999999998	22	1.780280
前行	2.6153849999999998	1.1688259999999999	26	2.983077
前脚	2.1739130000000002	0.88688299999999998	23	3.424549
枪决	1.961538	0.87089700000000003	26	3.636924
屈服	3.3846150000000002	1.0228170000000001	26	2.213847
雀跃	3.3461539999999999	1.2310099999999999	26	2.252308
舢板	1.7391300000000001	1.053884	23	3.859332
上级	2.1538460000000001	1.084152	26	3.444616
施主	2.4230770000000001	1.101747	26	3.175385
时代	3.44	1.121011	25	2.158462
实验	2.3461539999999999	0.97743800000000003	26	3.252308
事变	3.36	1.1860299999999999	25	2.238462
是否	3.5	1.0632189999999999	24	2.098462
树立	3.6153849999999998	1.061204	26	1.983077
天使	3.52	1.3266500000000001	25	2.078462
挑剔	3.461538	1.0669869999999999	26	2.136924
调剂	3.72	0.842615	25	1.878462
投缘	3.730769	1.2508459999999999	26	1.867693
脱险	3.3076919999999999	1.192283	26	2.290770
妄想	4.08	1.0770329999999999	25	1.518462
物质	2.92	1.3820269999999999	25	2.678462
洗劫	2.6923080000000001	1.1231819999999999	26	2.906154
戏曲	1.6153850000000001	0.69724699999999995	26	3.983077
限定	3.44	1.1575839999999999	25	2.158462
歇息	2.461538	0.94787200000000005	26	3.136924
压榨	3.230769	1.2746040000000001	26	2.367693
夜市	1.538462	0.58177400000000001	26	4.060000
仪容	2.461538	1.103839	26	3.136924
倚赖	3.6	1.0801229999999999	25	1.998462
意义	4.08	1.15181	25	1.518462
隐蔽	3.038462	1.112862	26	2.560000
隐瞒	3.3076919999999999	1.225373	26	2.290770
影印	2.2916669999999999	1.197068	24	3.306795
邮件	1.5	0.64807400000000004	26	4.098462
预约	2.3846150000000002	1.0982499999999999	26	3.213847
缘分	3.961538	1.2159199999999999	26	1.636924
越野	2.461538	1.028816	26	3.136924
赞同	2.8846150000000002	0.90893000000000002	26	2.713847
早期	3.1923080000000001	1.1320509999999999	26	2.406154
造谣	3.269231	1.218448	26	2.329231
战略	3.538462	1.363254	26	2.060000
招兵	2.6	1.1902379999999999	25	2.998462
照料	2.8076919999999999	0.98058100000000004	26	2.790770
正面	3	1.290994	25	2.598462
纸质	1.44	0.50662300000000005	25	4.158462
致电	2.269231	0.96156900000000001	26	3.329231
珠宝	1.3461540000000001	0.56159099999999995	26	4.252308
竹竿	1.1538459999999999	0.367946	26	4.444616
主见	3.6153849999999998	1.0982499999999999	26	1.983077
转化	3.9166669999999999	0.775532	24	1.681795
转换	3.4583330000000001	0.97709299999999999	24	2.140129
滋味	3.3846150000000002	1.061204	26	2.213847
走动	2.230769	0.76460099999999998	26	3.367693
醉汉	1.6153850000000001	0.85214699999999999	26	3.983077
把手	2.1153849999999998	1.275207	26	3.483077
半天	2.769231	1.0698669999999999	26	2.829231
报名	2.1153849999999998	0.86380199999999996	26	3.483077
必要	3.25	1.293798	24	2.348462
兵器	1.8076920000000001	0.63367099999999998	26	3.790770
采矿	1.730769	0.82741500000000001	26	3.867693
超越	3.8461539999999999	0.88055899999999998	26	1.752308
丑话	3.52	0.87178	25	2.078462
出勤	2.3461539999999999	0.79710999999999999	26	3.252308
淳朴	3.5	1.2727919999999999	26	2.098462
慈悲	3.76	1.2	25	1.838462
刺探	3.52	1.2288209999999999	25	2.078462
促销	2.461538	0.98917200000000005	26	3.136924
搭讪	2.6538460000000001	1.16421	26	2.944616
达成	3.24	1.16476	25	2.358462
大概	3.92	0.95393899999999998	25	1.678462
胆小	3.1923080000000001	0.98058100000000004	26	2.406154
雕像	1.8846149999999999	0.86380199999999996	26	3.713847
冻结	3.2083330000000001	1.318074	24	2.390129
蹲伏	2.6315789999999999	1.256562	19	2.966883
发髻	1.769231	0.99227799999999999	26	3.829231
伐木	1.730769	0.91903000000000001	26	3.867693
肥壮	2.1923080000000001	1.096147	26	3.406154
废气	2.4	1.118034	25	3.198462
蜂拥	3.16	0.98657700000000004	25	2.438462
逢迎	3.72	1.137248	25	1.878462
腐烂	2.5769229999999999	1.1374740000000001	26	3.021539
妇孺	1.8846149999999999	0.86380199999999996	26	3.713847
改良	3.3846150000000002	0.80383700000000002	26	2.213847
高楼	1.8461540000000001	0.96715300000000004	26	3.752308
各式	3.6086960000000001	0.98807100000000003	23	1.989766
苟活	4.1923079999999997	0.749359	26	1.406154
乖巧	3.3076919999999999	1.086986	26	2.290770
关闭	2.12	0.92736200000000002	25	3.478462
瑰丽	3.6	1.2583059999999999	25	1.998462
贵人	2.9230770000000001	1.197433	26	2.675385
耗尽	3.3076919999999999	1.192283	26	2.290770
话剧	1.961538	0.77360300000000004	26	3.636924
坏死	2.92	1.2220200000000001	25	2.678462
荒凉	2.8846150000000002	1.070586	26	2.713847
回合	3.0416669999999999	0.99909400000000004	24	2.556795
继续	3.44	1.121011	25	2.158462
加速	2.769231	1.0698669999999999	26	2.829231
奸商	2.5	1.3038400000000001	26	3.098462
经营	3.230769	1.1066229999999999	26	2.367693
净水	2.1538460000000001	0.92486999999999997	26	3.444616
聚焦	3.3846150000000002	0.982931	26	2.213847
均匀	3.0769229999999999	0.97665000000000002	26	2.521539
开导	3.8076919999999999	0.98058100000000004	26	1.790770
靠近	2.72	0.842615	25	2.878462
扣杀	2.5217390000000002	0.99405299999999996	23	3.076723
辣椒	1.1538459999999999	0.367946	26	4.444616
浪花	1.5	0.86023300000000003	26	4.098462
怜悯	3.538462	1.028816	26	2.060000
联手	2.961538	0.95836399999999999	26	2.636924
灵魂	4.2307689999999996	1.210213	26	1.367693
漏水	1.9230769999999999	0.89097999999999999	26	3.675385
绿化	2.2000000000000002	1.0408329999999999	25	3.398462
漫长	3.72	1.137248	25	1.878462
忙乱	3.36	1.1860299999999999	25	2.238462
磨坊	2.08	1.4118550000000001	25	3.518462
农场	1.4230769999999999	0.50383100000000003	26	4.175385
喷漆	1.6923079999999999	0.61768800000000001	26	3.906154
烹饪	1.6923079999999999	0.78837699999999999	26	3.906154
皮具	1.56	0.58309500000000003	25	4.038462
脾胃	1.6923079999999999	0.78837699999999999	26	3.906154
平稳	3.269231	1.115623	26	2.329231
铺路	1.9230769999999999	0.74420799999999998	26	3.675385
其间	4.0999999999999996	1.0208360000000001	20	1.498462
丘陵	1.769231	0.95111299999999999	26	3.829231
权利	3.3846150000000002	1.2673410000000001	26	2.213847
绕道	2.5769229999999999	1.0648219999999999	26	3.021539
日裔	2.2173910000000001	1.277658	23	3.381071
溶化	2.5769229999999999	0.90213399999999999	26	3.021539
伞兵	1.56	1.0440309999999999	25	4.038462
上诉	2.3846150000000002	1.0228170000000001	26	3.213847
史料	2.6	1.290994	25	2.998462
始祖	3.038462	1.341067	26	2.560000
顺眼	3.5769229999999999	1.172112	26	2.021539
说明	2.9230770000000001	1.2624759999999999	26	2.675385
死结	3.1739130000000002	1.23038	23	2.424549
算命	2.8846150000000002	1.366072	26	2.713847
调节	3.269231	1.0791729999999999	26	2.329231
突袭	3.16	1.2138089999999999	25	2.438462
徒劳	3.8	1.0801229999999999	25	1.798462
臀部	1.3846149999999999	0.63730200000000004	26	4.213847
唾弃	3.12	1.1298969999999999	25	2.478462
往日	3.3076919999999999	1.1582479999999999	26	2.290770
往事	3.269231	1.3728130000000001	26	2.329231
违反	2.8461539999999999	1.1896990000000001	26	2.752308
味精	1.3076920000000001	0.83757899999999996	26	4.290770
温柔	3.5769229999999999	1.172112	26	2.021539
文书	2.3076919999999999	1.049542	26	3.290770
下身	1.913043	0.94930800000000004	23	3.685419
夏日	1.8846149999999999	0.90893000000000002	26	3.713847
相处	3.3076919999999999	1.1231819999999999	26	2.290770
邪教	2.72	1.3076700000000001	25	2.878462
腥红	3.038462	1.2159199999999999	26	2.560000
修女	1.769231	1.142198	26	3.829231
眼泪	1.4230769999999999	0.75752600000000003	26	4.175385
隐晦	4.1153849999999998	0.86380199999999996	26	1.483077
印象	3.8461539999999999	1.1896990000000001	26	1.752308
用品	2.6666669999999999	1.129319	24	2.931795
幼童	1.6923079999999999	0.61768800000000001	26	3.906154
余生	3.5769229999999999	1.02657	26	2.021539
玉露	3.7272729999999998	1.2414210000000001	22	1.871189
育婴	2.12	0.88128700000000004	25	3.478462
园丁	1.8461540000000001	1.0466059999999999	26	3.752308
原本	3.6666669999999999	1.0495000000000001	24	1.931795
岳父	1.4	0.86602500000000004	25	4.198462
增值	3.04	1.2409669999999999	25	2.558462
站稳	2.52	1.2288209999999999	25	3.078462
长征	2.8333330000000001	1.34056	24	2.765129
蛰伏	3.652174	1.1524160000000001	23	1.946288
诊所	1.5	0.70710700000000004	26	4.098462
只有	3.7727270000000002	1.020356	22	1.825735
周边	2.8260869999999998	1.11405	23	2.772375
注射	1.961538	0.77360300000000004	26	3.636924
注视	2.461538	1.4207259999999999	26	3.136924
子民	2.44	1.1930350000000001	25	3.158462
宗族	2.6153849999999998	1.202561	26	2.983077
阻力	3.347826	1.1524160000000001	23	2.250636
坐垫	1.44	0.71180500000000002	25	4.158462
安全	3.04	1.2069240000000001	25	2.558462
暗算	3	1.0801229999999999	25	2.598462
遨游	4.24	0.77888800000000002	25	1.358462
懊恼	3.16	1.2476640000000001	25	2.438462
把脉	2.16	1.2138089999999999	25	3.438462
保镖	1.48	0.585947	25	4.118462
堡垒	2.2400000000000002	1.3	25	3.358462
被褥	1.84	1.3127580000000001	25	3.758462
辈分	3	1.1902379999999999	25	2.598462
本能	3.72	1.0214369999999999	25	1.878462
逼真	3.68	1.1803950000000001	25	1.918462
便壶	1.56	1.121011	25	4.038462
补助	2.84	1.2806249999999999	25	2.758462
不凡	3.88	1.1298969999999999	25	1.718462
不祥	3.875	1.1156010000000001	24	1.723462
残余	3.08	1.037625	25	2.518462
策动	3.375	0.96964799999999995	24	2.223462
朝拜	2.8	0.95742700000000003	25	2.798462
痴呆	2.48	1.084743	25	3.118462
船坞	1.8	0.95742700000000003	25	3.798462
催眠	2.88	1.268858	25	2.718462
打探	2.72	0.979796	25	2.878462
电费	1.32	0.55677600000000005	25	4.278462
跌倒	1.64	0.81035000000000001	25	3.958462
动乱	3.08	1.255654	25	2.518462
乏味	3.5	1.14208	24	2.098462
翻录	3.0434779999999999	1.223938	23	2.554984
反光	2.2000000000000002	1.0408329999999999	25	3.398462
反思	3.4	1.0801229999999999	25	2.198462
分散	3.28	1.24231	25	2.318462
疯癫	2.96	1.4282859999999999	25	2.638462
各地	3	1.215838	24	2.598462
宫殿	1.32	0.47609499999999999	25	4.278462
固体	1.68	0.85244699999999995	25	3.918462
关门	1.52	0.71414299999999997	25	4.078462
海藻	1.44	0.71180500000000002	25	4.158462
河道	1.84	1.106044	25	3.758462
宏大	4.04	0.84063500000000002	25	1.558462
喉咙	1.36	0.56862400000000002	25	4.238462
呼唤	3.2	1.1902379999999999	25	2.398462
画质	3.12	1.2013879999999999	25	2.478462
夹缝	2.76	0.96953599999999995	25	2.838462
甲虫	1.28	0.54160299999999995	25	4.318462
驾驶	2.2000000000000002	1.1902379999999999	25	3.398462
间谍	2.36	1.3808210000000001	25	3.238462
建交	3.0416669999999999	0.85867300000000002	24	2.556795
金色	1.92	1.037625	25	3.678462
金牙	1.6	1	25	3.998462
尽力	3.68	1.029563	25	1.918462
精细	3.625	1.1349199999999999	24	1.973462
镜子	1.4	0.5	25	4.198462
开设	3.52	0.82259800000000005	25	2.078462
考试	1.88	1.0535650000000001	25	3.718462
客机	1.84	1.2476640000000001	25	3.758462
劳驾	3.4	0.91287099999999999	25	2.198462
棱镜	2.08	1.1874340000000001	25	3.518462
理科	2.3199999999999998	1.0692680000000001	25	3.278462
疗效	3.2916669999999999	1.1220779999999999	24	2.306795
路轨	1.76	0.59721599999999997	25	3.838462
蚂蚁	1.08	0.27688699999999999	25	4.518462
名单	2.12	1.0535650000000001	25	3.478462
明显	3.64	1.0360180000000001	25	1.958462
木偶	1.88	1.1298969999999999	25	3.718462
木纹	2.48	1.004988	25	3.118462
目标	3.3043480000000001	1.2223219999999999	23	2.294114
鸟类	2.2799999999999998	1.2754080000000001	25	3.318462
怒吼	3	1.2583059999999999	25	2.598462
派兵	3.04	1.0198039999999999	25	2.558462
疲劳	3.32	1.2490000000000001	25	2.278462
寝室	1.4	0.5	25	4.198462
球迷	2.1666669999999999	1.129319	24	3.431795
区别	3.52	1.084743	25	2.078462
渠道	3.16	1.106044	25	2.438462
权威	3.8	1.0408329999999999	25	1.798462
人民	2.72	1.208305	25	2.878462
善良	3.6	1.0801229999999999	25	1.998462
尚且	3.9047619999999998	1.044259	21	1.693700
舍命	3.52	1.2288209999999999	25	2.078462
审慎	3.56	0.86986600000000003	25	2.038462
盛装	3.08	1.115049	25	2.518462
刷牙	1.28	0.458258	25	4.318462
私欲	3.64	1.220656	25	1.958462
夙怨	4.0833329999999997	1.0179549999999999	24	1.515129
素养	3.92	1.15181	25	1.678462
讨债	2.2000000000000002	1.0408329999999999	25	3.398462
调控	3.32	0.94516299999999998	25	2.278462
挺直	2.8	1.2583059999999999	25	2.798462
铜钱	1.44	0.82056899999999999	25	4.158462
危急	3.4	1.1902379999999999	25	2.198462
未知	4	1.279204	23	1.598462
文具	1.76	0.92556300000000002	25	3.838462
纹理	2.88	1.092398	25	2.718462
紊乱	4.12	0.92736200000000002	25	1.478462
稳妥	3.8	0.70710700000000004	25	1.798462
熙攘	3.4	1.0801229999999999	25	2.198462
下凡	3.6818179999999998	1.041353	22	1.916644
相貌	2.4	1.1902379999999999	25	3.198462
销量	2.6	1.118034	25	2.998462
写照	3.16	1.0677080000000001	25	2.438462
性情	3.72	1.137248	25	1.878462
虚空	4.28	0.89069299999999996	25	1.318462
绚烂	3.68	1.10755	25	1.918462
寻觅	3.2	1.154701	25	2.398462
岩壁	2	1.0408329999999999	25	3.598462
盐分	2.44	1.121011	25	3.158462
衍生	3.84	0.94339799999999996	25	1.758462
眼睛	1.1200000000000001	0.33166200000000001	25	4.478462
邀请	3	1.118034	25	2.598462
摇篮	2.2000000000000002	1.1902379999999999	25	3.398462
也许	4.0909089999999999	1.1509450000000001	22	1.507553
移植	2.9583330000000001	1.2676289999999999	24	2.640129
疫苗	1.68	0.9	25	3.918462
硬朗	3.24	1.0115989999999999	25	2.358462
幽灵	3.88	1.3329169999999999	25	1.718462
熨斗	1.1599999999999999	0.374166	25	4.438462
着急	3.36	1.220656	25	2.238462
着迷	3.56	1.0440309999999999	25	2.038462
着想	3.5416669999999999	0.88362700000000005	24	2.056795
直通	3.16	1.1789829999999999	25	2.438462
忠义	3.44	1.2609520000000001	25	2.158462
专辑	1.92	0.90921200000000002	25	3.678462
装甲	1.92	0.95393899999999998	25	3.678462
字典	1.2	0.408248	25	4.398462
罪犯	2.08	0.99666100000000002	25	3.518462
按揭	3.12	1.1298969999999999	25	2.478462
败类	3.28	1.0614459999999999	25	2.318462
包场	2.6	1.0408329999999999	25	2.998462
必需	3.75	0.94408899999999996	24	1.848462
毕业	1.92	0.90921200000000002	25	3.678462
剥削	3.6	1.1902379999999999	25	1.998462
车祸	1.76	0.72341800000000001	25	3.838462
承继	3.24	1.051982	25	2.358462
迟早	3.5217390000000002	1.0387740000000001	23	2.076723
传奇	3.88	1.1661900000000001	25	1.718462
次数	2.375	1.209114	24	3.223462
摧毁	3	1.3844369999999999	25	2.598462
呆板	3.4	0.95742700000000003	25	2.198462
倒塌	2.48	1.084743	25	3.118462
道教	2.4583330000000001	1.250362	24	3.140129
底牌	3.16	1.106044	25	2.438462
点滴	3.6956519999999999	1.1845509999999999	23	1.902810
电讯	2.76	1.0115989999999999	25	2.838462
吊桥	1.76	0.96953599999999995	25	3.838462
俄语	1.8	0.81649700000000003	25	3.798462
分行	3.1739130000000002	1.072473	23	2.424549
坟墓	1.52	0.585947	25	4.078462
粉末	1.96	1.0198039999999999	25	3.638462
风湿	2.56	1.003328	25	3.038462
风味	3.625	0.96964799999999995	24	1.973462
浮冰	2.5217390000000002	1.2745610000000001	23	3.076723
符咒	3.16	1.4047540000000001	25	2.438462
干净	2.72	1.173314	25	2.878462
干预	3.44	1.121011	25	2.158462
格斗	2.4	1	25	3.198462
过奖	3.4	1.0408329999999999	25	2.198462
湖水	1.8	1.1902379999999999	25	3.798462
环岛	2.2000000000000002	1.3228759999999999	25	3.398462
缓刑	2.72	1.24231	25	2.878462
毁坏	3	1.118034	25	2.598462
火警	1.92	1.037625	25	3.678462
极地	2.4166669999999999	1.100066	24	3.181795
监犯	2.08	1.0770329999999999	25	3.518462
介意	3.72	0.79162299999999997	25	1.878462
芥蒂	3.8	1.0408329999999999	25	1.798462
巨星	3.2083330000000001	1.0623670000000001	24	2.390129
军队	1.68	0.9	25	3.918462
口径	3.28	0.89069299999999996	25	2.318462
葵花	1.56	0.96090200000000003	25	4.038462
昆布	2.9375	1.5692349999999999	16	2.660962
喇叭	1.36	0.489898	25	4.238462
愣住	3.24	1.0908709999999999	25	2.358462
轮流	3.2	1.0408329999999999	25	2.398462
盲人	1.36	0.489898	25	4.238462
磨损	3.16	1.1789829999999999	25	2.438462
谋生	3.36	0.86023300000000003	25	2.238462
奶油	1.72	1.0214369999999999	25	3.878462
难度	3.88	0.92736200000000002	25	1.718462
内心	3.92	1.0770329999999999	25	1.678462
娘胎	2.68	1.0692680000000001	25	2.918462
排骨	1.36	0.56862400000000002	25	4.238462
彷徨	3.96	0.78951499999999997	25	1.638462
批评	3.16	1.1789829999999999	25	2.438462
片段	3.04	1.2069240000000001	25	2.558462
剽窃	3.16	1.2806249999999999	25	2.438462
拼盘	2.5416669999999999	1.1787669999999999	24	3.056795
匍匐	2.52	1.084743	25	3.078462
齐心	3.76	0.83066200000000001	25	1.838462
乞丐	1.52	0.87178	25	4.078462
迁徙	3.12	1.1661900000000001	25	2.478462
轻生	3.28	0.89069299999999996	25	2.318462
热血	3.32	1.3453619999999999	25	2.278462
蠕动	2.8	0.91287099999999999	25	2.798462
少妇	1.92	1.2220200000000001	25	3.678462
神韵	4.16	0.8	25	1.438462
审讯	2.72	1.1000000000000001	25	2.878462
升天	3.76	1.0115989999999999	25	1.838462
圣母	3.2083330000000001	1.413573	24	2.390129
圣书	3.28	1.5684389999999999	25	2.318462
失策	3.64	0.75718799999999997	25	1.958462
湿度	2.84	1.143095	25	2.758462
实行	3.48	1.004988	25	2.118462
市价	3.12	1.3012809999999999	25	2.478462
手腕	2.125	1.2269620000000001	24	3.473462
首饰	1.92	0.99666100000000002	25	3.678462
树干	1.68	0.9	25	3.918462
数据	2.6	1.118034	25	2.998462
苔藓	1.52	1.004988	25	4.078462
太医	1.76	0.87939400000000001	25	3.838462
陶艺	2.3199999999999998	1.0692680000000001	25	3.278462
提神	3.6	1.1902379999999999	25	1.998462
提问	2.8	1.224745	25	2.798462
天井	2.2000000000000002	1.224745	25	3.398462
天气	2.76	1.1284209999999999	25	2.838462
田地	1.56	0.91651499999999997	25	4.038462
田鸡	1.625	0.92372100000000001	24	3.973462
眺望	3.32	1.1803950000000001	25	2.278462
通讯	2.84	0.98657700000000004	25	2.758462
头筹	3.625	1.0555239999999999	24	1.973462
头领	2.5833330000000001	1.2128540000000001	24	3.015129
完成	3.12	1.2013879999999999	25	2.478462
亡命	3.64	1.1503620000000001	25	1.958462
位置	2.84	1.2476640000000001	25	2.758462
涡轮	2.16	1.143095	25	3.438462
无故	3.96	1.1718930000000001	25	1.638462
舞步	2.36	0.99498699999999995	25	3.238462
消息	2.84	0.98657700000000004	25	2.758462
小产	2.6	1.2583059999999999	25	2.998462
亵渎	3.48	1.1590229999999999	25	2.118462
辛苦	3.48	1.294862	25	2.118462
信鸽	1.64	1.113553	25	3.958462
炫耀	3.6	1	25	1.998462
勋章	2	1.118034	25	3.598462
颜面	3.4	1.1902379999999999	25	2.198462
疑犯	2.44	1.1575839999999999	25	3.158462
印痕	2.8	1.2583059999999999	25	2.798462
有时	3.7391299999999998	1.1368769999999999	23	1.859332
孕吐	2.2083330000000001	1.0623670000000001	24	3.390129
针孔	1.72	0.979796	25	3.878462
真挚	3.84	0.98657700000000004	25	1.758462
政党	2.64	0.90737699999999999	25	2.958462
钟意	3.52	0.96263500000000002	25	2.078462
重犯	2.2799999999999998	1.208305	25	3.318462
主动	3.16	1.0279430000000001	25	2.438462
驻留	3.16	1.143095	25	2.438462
专题	2.84	1.2138089999999999	25	2.758462
追兵	2.64	1.1503620000000001	25	2.958462
准备	3.4	1.1902379999999999	25	2.198462
白天	2.0645159999999998	0.99784700000000004	31	3.533946
背囊	2.0967739999999999	0.97825799999999996	31	3.501688
捕猎	2.1935479999999998	0.83344099999999999	31	3.404914
不孕	2.1612900000000002	1.2408809999999999	31	3.437172
参与	3	1.21106	31	2.598462
插班	2.4838710000000002	0.85131100000000004	31	3.114591
茶花	1.4838709999999999	0.62561800000000001	31	4.114591
车站	1.6451610000000001	0.914636	31	3.953301
臣民	2.7096770000000001	1.160274	31	2.888785
崇敬	3.5333329999999998	1.105888	30	2.065129
宠物	1.9677420000000001	0.79514700000000005	31	3.630720
出殡	2	0.87098799999999998	30	3.598462
搓洗	2	0.83045500000000005	30	3.598462
搭配	3.2580650000000002	0.99892400000000003	31	2.340397
打坐	2.3870969999999998	1.2563820000000001	31	3.211365
大胆	3.6666669999999999	1.2129570000000001	30	1.931795
单向	3.1071430000000002	1.165532	28	2.491319
当初	3.733333	1.1724810000000001	30	1.865129
到底	4.0769229999999999	0.93479699999999999	26	1.521539
嘟囔	3	1.1744399999999999	30	2.598462
放大	2.6451609999999999	0.98483100000000001	31	2.953301
氛围	3.5806450000000001	1.088552	31	2.017817
风月	4	0.98130700000000004	28	1.598462
父爱	2.870968	1.2039359999999999	31	2.727494
干货	2.8571430000000002	1.2387060000000001	28	2.741319
工作	2.3666670000000001	0.88991799999999999	30	3.231795
恭贺	3.0322580000000001	0.87498100000000001	31	2.566204
瓜葛	3.5161289999999998	1.15097	31	2.082333
行业	3.0967739999999999	1.1648989999999999	31	2.501688
环境	3.4193549999999999	1.025482	31	2.179107
会场	2.1612900000000002	1.157491	31	3.437172
会长	2.0322580000000001	1.1397040000000001	31	3.566204
即将	3.8064520000000002	0.94584500000000005	31	1.792010
嘉宾	2.1612900000000002	1.035914	31	3.437172
间歇	3.7	0.83665999999999996	30	1.898462
健谈	2.9	1.1551979999999999	30	2.698462
教室	1.387097	0.55841600000000002	31	4.211365
接吻	1.7096769999999999	0.86385000000000001	31	3.888785
解渴	2.6451609999999999	0.83858600000000005	31	2.953301
戒备	3.0322580000000001	1.0482959999999999	31	2.566204
界定	3.548387	1.0905260000000001	31	2.050075
矜持	3.266667	1.142693	30	2.331795
开花	1.741935	0.68155399999999999	31	3.856527
看病	1.935484	0.85383399999999998	31	3.662978
口岸	2.269231	1.150919	26	3.329231
困乏	3.0333329999999998	0.99942500000000001	30	2.565129
来去	3.4666670000000002	1.1366419999999999	30	2.131795
老幼	2.2580650000000002	0.964978	31	3.340397
冷酷	3.1612900000000002	1.1859390000000001	31	2.437172
离心	3.7241379999999999	1.0655829999999999	29	1.874324
理睬	3	0.85634900000000003	31	2.598462
帘子	1.451613	0.67521399999999998	31	4.146849
劣质	3.0322580000000001	0.94811599999999996	31	2.566204
领教	3.7	0.95231100000000002	30	1.898462
伦理	3.5806450000000001	1.2851509999999999	31	2.017817
码头	1.5806450000000001	0.62043999999999999	31	4.017817
谋略	3.7	0.91538600000000003	30	1.898462
纳闷	3.774194	0.71692299999999998	31	1.824268
内幕	3.4333330000000002	1.104328	30	2.165129
宁静	3.322581	0.97935700000000003	31	2.275881
扭曲	3.7096770000000001	1.070624	31	1.888785
弄堂	2.0645159999999998	0.85383399999999998	31	3.533946
扑空	3.3666670000000001	0.88991799999999999	30	2.231795
气枪	1.4838709999999999	0.62561800000000001	31	4.114591
前途	3.6666669999999999	0.99423600000000001	30	1.931795
桥梁	1.5	0.86103399999999997	30	4.098462
切开	2.2580650000000002	0.92979400000000001	31	3.340397
荣光	3.870968	1.231312	31	1.727494
色盲	1.8	0.66436399999999995	30	3.798462
麝香	1.6333329999999999	0.85028700000000002	30	3.965129
伸展	2.8064520000000002	1.046243	31	2.792010
疏忽	3.451613	0.99460899999999997	31	2.146849
曙光	3.3870969999999998	1.1740930000000001	31	2.211365
树叶	1.2903230000000001	0.52874399999999999	31	4.308139
数量	2.548387	1.3124709999999999	31	3.050075
肆虐	3.8666670000000001	0.77607899999999996	30	1.731795
送礼	2.6333329999999999	0.96430499999999997	30	2.965129
孙女	1.3	0.46609200000000001	30	4.298462
琐碎	3.8064520000000002	0.83344099999999999	31	1.792010
檀香	1.9032260000000001	1.10619	31	3.695236
套装	2.0967739999999999	0.94356899999999999	31	3.501688
天台	1.4	0.67466499999999996	30	4.198462
土葬	1.870968	0.67042000000000002	31	3.727494
妥协	3.5806450000000001	0.84751399999999999	31	2.017817
外力	3.6551719999999999	1.142549	29	1.943290
王妃	1.677419	0.90873899999999996	31	3.921043
往来	3.3548390000000001	0.83858600000000005	31	2.243623
问鼎	3.4482759999999999	1.120784	29	2.150186
无关	3.677419	1.0766340000000001	31	1.921043
武将	1.8387100000000001	0.687836	31	3.759752
洗澡	1.451613	0.56796199999999997	31	4.146849
心术	3.8387099999999998	0.96942499999999998	31	1.759752
信号	3.0666669999999998	1.142693	30	2.531795
信心	3.5806450000000001	1.2048289999999999	31	2.017817
凶猛	2.870968	1.117794	31	2.727494
絮叨	3.1	0.95952599999999999	30	2.498462
宣布	2.733333	1.0148330000000001	30	2.865129
湮没	3.5666669999999998	0.81720000000000004	30	2.031795
扬名	3.548387	1.027577	31	2.050075
羊肉	1.1612899999999999	0.37387799999999999	31	4.437172
依从	3.5161289999999998	0.92631799999999997	31	2.082333
易燃	2.1	0.88473599999999997	30	3.498462
迎娶	2.0645159999999998	0.81385799999999997	31	3.533946
拥有	3.0645159999999998	1.0307109999999999	31	2.533946
有喜	3	1.1744399999999999	30	2.598462
语文	2.1612900000000002	1.157491	31	3.437172
原谅	3.225806	1.0233829999999999	31	2.372656
栽赃	2.8387099999999998	1.0032209999999999	31	2.759752
宰相	1.4193549999999999	0.56416299999999997	31	4.179107
斋戒	2.5806450000000001	1.025482	31	3.017817
招呼	2.8	0.92475499999999999	30	2.798462
真假	3.5	1	28	2.098462
振奋	3.5806450000000001	1.0574870000000001	31	2.017817
争斗	2.9677419999999999	1.1967699999999999	31	2.630720
整齐	2.4193549999999999	1.148164	31	3.179107
正统	3.322581	1.1940710000000001	31	2.275881
证明	3.0666669999999998	1.25762	30	2.531795
证物	2	0.93094900000000003	31	3.598462
致力	3.7419349999999998	1.094463	31	1.856527
中止	2.9666670000000002	0.80871700000000002	30	2.631795
州长	1.677419	0.83214999999999995	31	3.921043
姿色	3.1333329999999999	1.2242759999999999	30	2.465129
纵横	3.25	1.0408329999999999	28	2.348462
坐下	1.7096769999999999	0.78288100000000005	31	3.888785
败坏	3.5333329999999998	0.81930700000000001	30	2.065129
拜访	2.266667	0.86834500000000003	30	3.331795
半夜	2.225806	1.0865750000000001	31	3.372656
伴唱	2.1935479999999998	0.83344099999999999	31	3.404914
贝壳	1.387097	0.55841600000000002	31	4.211365
本金	2	0.90971800000000003	30	3.598462
比如	3.9354840000000002	0.81385799999999997	31	1.662978
必定	3.3666670000000001	1.3514569999999999	30	2.231795
边境	1.870968	0.76341099999999995	31	3.727494
沉睡	2.5161289999999998	0.99568999999999996	31	3.082333
乘坐	2.266667	0.98026500000000005	30	3.331795
吃力	3.733333	0.73968	30	1.865129
抽屉	1.387097	0.49513800000000002	31	4.211365
绸缎	1.3548389999999999	0.79784699999999997	31	4.243623
出访	2.677419	1.0452140000000001	31	2.921043
措辞	3.322581	1.012821	31	2.275881
导电	2.5666669999999998	1.135124	30	3.031795
杜撰	3.3333330000000001	1.154701	30	2.265129
躲藏	2.870968	1.087564	31	2.727494
范围	3.5806450000000001	1.1187549999999999	31	2.017817
贩毒	1.8387100000000001	1.035914	31	3.759752
非洲	1.451613	0.72289700000000001	31	4.146849
浮游	3.0689660000000001	0.752664	29	2.529496
雇主	1.7096769999999999	0.73907800000000001	31	3.888785
关心	3.3870969999999998	1.0223310000000001	31	2.211365
观察	2.8064520000000002	1.137815	31	2.792010
官僚	2.5666669999999998	1.222866	30	3.031795
滚动	2.451613	0.99460899999999997	31	3.146849
海豚	1.2903230000000001	0.78288100000000005	31	4.308139
憨笑	2.7096770000000001	0.82435999999999998	31	2.888785
韩国	1.451613	0.62389700000000003	31	4.146849
汗腺	1.935484	0.92863600000000002	31	3.662978
号哭	2.9310339999999999	0.96106499999999995	29	2.667428
河边	1.9032260000000001	0.70023000000000002	31	3.695236
核心	3.1935479999999998	1.0776319999999999	31	2.404914
寂寞	3.8064520000000002	1.1667430000000001	31	1.792010
甲壳	1.8666670000000001	1.074255	30	3.731795
假设	4.1666670000000003	1.1167480000000001	30	1.431795
剪影	2.4827590000000002	1.121883	29	3.115703
将军	1.548387	0.76762399999999997	31	4.050075
焦耳	2.8888889999999998	1.4232499999999999	27	2.709573
结怨	3.7419349999999998	0.77320699999999998	31	1.856527
疥癣	2.3793099999999998	1.2653000000000001	29	3.219152
就此	3.9629629999999998	1.0554429999999999	27	1.635499
开船	1.870968	0.49946200000000002	31	3.727494
苦瓜	1.2903230000000001	0.64257500000000001	31	4.308139
垮台	3	0.81649700000000003	31	2.598462
乐曲	1.677419	0.65253799999999995	31	3.921043
连体	2.677419	1.1071610000000001	31	2.921043
潦倒	3.6	1.069966	30	1.998462
临别	2.9354840000000002	0.96386300000000003	31	2.662978
领袖	2.2580650000000002	1.153769	31	3.340397
炉火	1.9677420000000001	0.87498100000000001	31	3.630720
炉灶	1.3548389999999999	0.66072600000000004	31	4.243623
陆续	3.8064520000000002	0.90992099999999998	31	1.792010
落败	3.225806	1.2030430000000001	31	2.372656
蛮横	3.1935479999999998	1.137815	31	2.404914
慢慢	3.6896550000000001	1.1371469999999999	29	1.908807
米饭	1.2903230000000001	0.52874399999999999	31	4.308139
密切	3.6451609999999999	0.87743499999999996	31	1.953301
腼腆	3.451613	1.178663	31	2.146849
明朗	3.129032	1.284314	31	2.469430
耐热	2.6666669999999999	1.2129570000000001	30	2.931795
内情	3.8	0.96132099999999998	30	1.798462
钮扣	1.2903230000000001	0.64257500000000001	31	4.308139
女色	3	1.183216	31	2.598462
派遣	2.9032260000000001	1.0441849999999999	31	2.695236
跑步	1.548387	0.76762399999999997	31	4.050075
赔偿	2.5161289999999998	1.0605329999999999	31	3.082333
僻静	3.1612900000000002	1.1859390000000001	31	2.437172
栖身	3.1333329999999999	1.1366419999999999	30	2.465129
奇妙	4.0645160000000002	0.81385799999999997	31	1.533946
乾坤	4.3103449999999999	0.92980200000000002	29	1.288117
强奸	1.774194	0.76200100000000004	31	3.824268
琴弦	1.451613	0.80988499999999997	31	4.146849
确诊	2.5161289999999998	0.99568999999999996	31	3.082333
熔岩	1.741935	0.89322400000000002	31	3.856527
儒教	3.0645159999999998	1.289328	31	2.533946
省力	3.233333	1.0400039999999999	30	2.365129
石阶	1.5161290000000001	0.81121200000000004	31	4.082333
始末	3.5806450000000001	1.0574870000000001	31	2.017817
世人	3.1935479999999998	1.1949719999999999	31	2.404914
树敌	3.2903229999999999	1.0064310000000001	31	2.308139
衰微	3.7586210000000002	0.95075799999999999	29	1.839841
税收	2.0322580000000001	1.0160009999999999	31	3.566204
饲养	2.225806	0.88354100000000002	31	3.372656
碎片	2.3666670000000001	1.0662	30	3.231795
螳螂	1.225806	0.61696399999999996	31	4.372656
特价	2.774194	1.0554520000000001	31	2.824268
体态	2.6451609999999999	0.83858600000000005	31	2.953301
投机	3.7096770000000001	0.97274700000000003	31	1.888785
透过	3.4666670000000002	1.2242759999999999	30	2.131795
拓展	3.5666669999999998	1.006302	30	2.031795
亡国	2.2580650000000002	0.964978	31	3.340397
污点	2.9666670000000002	1.188547	30	2.631795
西方	2.6451609999999999	1.2792809999999999	31	2.953301
吸引	3.8387099999999998	1.128325	31	1.759752
席位	2.3666670000000001	0.96430499999999997	30	3.231795
喜好	3.4	1.2484470000000001	30	2.198462
鲜奶	1.548387	0.72289700000000001	31	4.050075
想到	3.6	1.1626369999999999	30	1.998462
选择	3.322581	0.94470799999999999	31	2.275881
压力	3.7096770000000001	1.2163759999999999	31	1.888785
押韵	3.0344829999999998	1.148998	29	2.563979
牙刷	1.1612899999999999	0.45436900000000002	31	4.437172
摇摆	3.0322580000000001	0.91228200000000004	31	2.566204
议定	3.233333	1.0400039999999999	30	2.365129
意思	4.0333329999999998	1.0980650000000001	30	1.565129
迎头	3.5	0.83887	28	2.098462
营地	1.870968	1.05647	31	3.727494
庸才	2.9032260000000001	1.075634	31	2.695236
优雅	3.548387	1.120676	31	2.050075
雨天	1.5161290000000001	0.56985200000000003	31	4.082333
原罪	3.774194	0.92049499999999995	31	1.824268
跃升	3.4285709999999998	1.069045	28	2.169891
云雾	2.0322580000000001	0.83601700000000001	31	3.566204
造就	3.548387	0.99460899999999997	31	2.050075
哲理	3.8	1.3235269999999999	30	1.798462
忠孝	3.0666669999999998	1.0148330000000001	30	2.531795
重返	3.137931	0.953345	29	2.460531
注定	3.733333	0.98026500000000005	30	1.865129
装束	2.3333330000000001	1.0283340000000001	30	3.265129
宗旨	3.2580650000000002	1.3654729999999999	31	2.340397
白发	1.52	0.585947	25	4.078462
白蚁	1.44	0.91651499999999997	25	4.158462
本来	3.8333330000000001	1.0901400000000001	24	1.765129
宾客	2	0.76376299999999997	25	3.598462
殡仪	2.68	1.10755	25	2.918462
拨款	2.52	1.084743	25	3.078462
伯乐	2.96	1.306395	25	2.638462
布鞋	1.36	0.56862400000000002	25	4.238462
步履	2.92	1.037625	25	2.678462
残存	3.96	0.93452299999999999	25	1.638462
成效	3.6	1.2583059999999999	25	1.998462
城镇	1.88	0.88128700000000004	25	3.718462
出使	3.5	0.83405799999999997	24	2.098462
出世	2.625	1.172604	24	2.973462
辞令	3.6086960000000001	0.940944	23	1.989766
歹徒	1.92	0.70237700000000003	25	3.678462
道路	1.88	0.97125300000000003	25	3.718462
淀粉	1.28	0.458258	25	4.318462
顶撞	3.08	1.0770329999999999	25	2.518462
冬眠	2.6	1.0801229999999999	25	2.998462
耳膜	1.36	0.56862400000000002	25	4.238462
发妻	1.84	1.0677080000000001	25	3.758462
法则	3.52	1.084743	25	2.078462
反省	3.96	1.098484	25	1.638462
分析	4	1	25	1.598462
风云	3.0416669999999999	1.1601790000000001	24	2.556795
根据	4.0434780000000003	1.0215080000000001	23	1.554984
梗塞	3.48	0.96263500000000002	25	2.118462
更加	4.125	0.85019199999999995	24	1.473462
工匠	1.9166669999999999	0.82970200000000005	24	3.681795
孤独	3.8	1.4719599999999999	25	1.798462
光棍	2.2083330000000001	1.250362	24	3.390129
广阔	3.5416669999999999	1.1412869999999999	24	2.056795
捍卫	3.8	1.0801229999999999	25	1.798462
黑道	3.1666669999999999	1.129319	24	2.431795
喉舌	2.04	0.97809299999999999	25	3.558462
弧形	2.36	1.1860299999999999	25	3.238462
活跃	3.75	1.0320940000000001	24	1.848462
货舱	1.4	0.5	25	4.198462
加价	3.0416669999999999	0.95458500000000002	24	2.556795
加剧	4.125	0.89987899999999998	24	1.473462
嫁妆	2.08	0.70237700000000003	25	3.518462
芥末	1.4	0.70710700000000004	25	4.198462
进军	3.5909089999999999	1.007547	22	2.007553
居民	2.2000000000000002	1.118034	25	3.398462
菊花	1.2	0.408248	25	4.398462
决心	3.68	1.029563	25	1.918462
乐观	3.76	0.96953599999999995	25	1.838462
零乱	3.2083330000000001	1.1787669999999999	24	2.390129
令堂	1.96	1.098484	25	3.638462
流水	2.2400000000000002	1.422439	25	3.358462
鲁莽	3.92	0.90921200000000002	25	1.678462
旅途	3.28	0.93630500000000005	25	2.318462
忙碌	3.48	1.3266500000000001	25	2.118462
梅毒	2.2000000000000002	1.290994	25	3.398462
媒人	1.72	0.67823299999999997	25	3.878462
名士	2.875	0.89987899999999998	24	2.723462
模糊	3.88	0.88128700000000004	25	1.718462
嫩芽	2	0.76376299999999997	25	3.598462
年迈	2.76	1.267544	25	2.838462
佩服	3.72	1.1000000000000001	25	1.878462
霹雳	3.25	1.1515580000000001	24	2.348462
漂亮	2.88	1.235584	25	2.718462
侨民	2.2799999999999998	0.842615	25	3.318462
巧手	3.36	1.220656	25	2.238462
亲密	3.2083330000000001	1.0623670000000001	24	2.390129
情歌	2.2000000000000002	0.91287099999999999	25	3.398462
让步	3.9166669999999999	0.71728199999999998	24	1.681795
任用	3.3043480000000001	1.019571	23	2.294114
伤感	3.64	1.1503620000000001	25	1.958462
赏脸	3.92	1.0770329999999999	25	1.678462
稍后	4.086957	0.66831200000000002	23	1.511505
石化	3.1363639999999999	1.2457720000000001	22	2.462098
使唤	3.347826	1.191206	23	2.250636
式样	3.4090910000000001	0.90811600000000003	22	2.189371
室友	1.84	0.85048999999999997	25	3.758462
书写	2.2916669999999999	0.80645	24	3.306795
赎金	2.04	0.78951499999999997	25	3.558462
熟睡	2.4166669999999999	1.1389039999999999	24	3.181795
提灯	2.25	0.84699000000000002	24	3.348462
田径	2.2799999999999998	1.173314	25	3.318462
跳舞	1.84	0.85048999999999997	25	3.758462
通话	2.3199999999999998	1.0692680000000001	25	3.278462
头昏	2.4166669999999999	1.100066	24	3.181795
投手	2.8	1.118034	25	2.798462
碗筷	1.24	0.43589	25	4.358462
威信	3.64	1.1503620000000001	25	1.958462
无缝	3.3181820000000002	0.94548399999999999	22	2.280280
无礼	3.36	1.113553	25	2.238462
无恙	3.52	1.2288209999999999	25	2.078462
无知	3.5833330000000001	1.1389039999999999	24	2.015129
喜欢	3.32	1.3140270000000001	25	2.278462
系数	3.2083330000000001	1.559798	24	2.390129
纤弱	3.4	1.0801229999999999	25	2.198462
闲聊	2.7916669999999999	0.93153300000000006	24	2.806795
萧瑟	3.84	0.898146	25	1.758462
谢意	3.347826	1.228772	23	2.250636
修改	3.125	1.2269620000000001	24	2.473462
血液	1.44	0.86986600000000003	25	4.158462
氧化	3.25	1.224745	24	2.348462
遗迹	2.4	1.2583059999999999	25	3.198462
阴天	1.8	0.86602500000000004	25	3.798462
应验	4.125	0.946963	24	1.473462
优先	3.2083330000000001	1.0623670000000001	24	2.390129
游离	4.1818179999999998	0.85280299999999998	22	1.416644
有意	3.76	0.87939400000000001	25	1.838462
与会	3.65	0.87509400000000004	20	1.948462
玉石	1.84	0.98657700000000004	25	3.758462
约会	2.88	1.1661900000000001	25	2.718462
越南	1.32	0.690411	25	4.278462
造型	2.8	1.2583059999999999	25	2.798462
账户	2.12	1.2013879999999999	25	3.478462
拯救	3.52	0.91833200000000004	25	2.078462
职业	2.3199999999999998	1.1803950000000001	25	3.278462
重伤	2.4166669999999999	1.059806	24	3.181795
周薪	2.25	0.98907100000000003	24	3.348462
蛛网	1.68	0.9	25	3.918462
主将	2.16	0.98657700000000004	25	3.438462
转车	3.04	1.098484	25	2.558462
资讯	2.68	1.3759840000000001	25	2.918462
滋养	3.52	1.084743	25	2.078462
自豪	3.75	1.326978	24	1.848462
总部	2.12	0.83266600000000002	25	3.478462
钻戒	1.2	0.408248	25	4.398462
白吃	3.375	0.92372100000000001	24	2.223462
帮凶	2.48	0.82259800000000005	25	3.118462
保留	3.44	1.1575839999999999	25	2.158462
闭塞	3.625	0.82422600000000001	24	1.973462
冰箱	1.24	0.43589	25	4.358462
布告	2.5416669999999999	1.2150920000000001	24	3.056795
参战	2.88	1.092398	25	2.718462
苍穹	3.32	1.40594	25	2.278462
场地	2.2000000000000002	1.0801229999999999	25	3.398462
畜生	3	1.1033550000000001	24	2.598462
打开	2.6818179999999998	1.2105239999999999	22	2.916644
大同	3.3913039999999999	1.339577	23	2.207158
待续	3.75	1.113162	24	1.848462
电影	1.64	0.63770400000000005	25	3.958462
定居	2.72	1.0614459999999999	25	2.878462
发球	2.454545	0.85786399999999996	22	3.143917
帆船	1.36	0.86023300000000003	25	4.238462
肥皂	1.24	0.66332500000000005	25	4.358462
复印	2.0833330000000001	1.0179549999999999	24	3.515129
甘泉	2.1666669999999999	1.2394480000000001	24	3.431795
割裂	3.3333330000000001	1.00722	24	2.265129
革新	3.9583330000000001	0.85867300000000002	24	1.640129
格局	3.92	0.99666100000000002	25	1.678462
格调	4.16	0.85048999999999997	25	1.438462
更新	3.52	1.3266500000000001	25	2.078462
工场	2.0833330000000001	0.97430799999999995	24	3.515129
公堂	2.36	1.220656	25	3.238462
公主	1.64	0.86023300000000003	25	3.958462
古诗	1.84	0.898146	25	3.758462
国王	1.56	0.82056899999999999	25	4.038462
和局	3.9565220000000001	0.76741999999999999	23	1.641940
后事	3.64	0.95218999999999998	25	1.958462
滑梯	1.64	0.99498699999999995	25	3.958462
欢笑	3.16	1.106044	25	2.438462
货车	1.24	0.43589	25	4.358462
激励	3.96	1.0198039999999999	25	1.638462
急切	4	0.86602500000000004	25	1.598462
疾走	2.72	0.89069299999999996	25	2.878462
家电	1.96	0.93452299999999999	25	3.638462
家业	3.25	1.1515580000000001	24	2.348462
简介	2.84	1.106044	25	2.758462
建材	2	0.76376299999999997	25	3.598462
焦距	3.1304349999999999	0.91970099999999999	23	2.468027
街道	1.68	0.62716300000000003	25	3.918462
截断	3.0416669999999999	0.99909400000000004	24	2.556795
旧时	4.086957	0.59643199999999996	23	1.511505
沮丧	3.72	1.1000000000000001	25	1.878462
举报	3.04	1.098484	25	2.558462
据点	2.68	1.215182	25	2.918462
捐赠	2.72	1.1000000000000001	25	2.878462
刻薄	3.76	0.87939400000000001	25	1.838462
枯萎	3	1.290994	25	2.598462
喇嘛	1.75	1.0320940000000001	24	3.848462
蜡像	1.6	0.86602500000000004	25	3.998462
拦截	3.3043480000000001	0.97397	23	2.294114
篱笆	1.4583330000000001	0.58823000000000003	24	4.140129
利己	4.125	0.679674	24	1.473462
涟漪	3.6666669999999999	1.203859	24	1.931795
量化	3.8	0.95742700000000003	25	1.798462
磷光	2.9047619999999998	1.3001830000000001	21	2.693700
六月	1.8	1	25	3.798462
轮船	1.36	0.86023300000000003	25	4.238462
盲目	3.9583330000000001	0.85867300000000002	24	1.640129
美德	3.8	0.95742700000000003	25	1.798462
敏捷	3.52	1.1590229999999999	25	2.078462
名誉	3.5833330000000001	1.1389039999999999	24	2.015129
抹黑	4.0416670000000003	0.90789600000000004	24	1.556795
默契	4.125	0.85019199999999995	24	1.473462
母乳	1.68	0.94516299999999998	25	3.918462
难关	3.48	0.87178	25	2.118462
难民	2	1	25	3.598462
牌坊	1.92	0.75938600000000001	25	3.678462
屁股	1.24	0.83066200000000001	25	4.358462
其次	4	0.89442699999999997	21	1.598462
钱包	1.24	0.52281299999999997	25	4.358462
欠缺	4.16	0.898146	25	1.438462
巧妇	2.88	1.0132460000000001	25	2.718462
巧妙	3.8333330000000001	0.96308700000000003	24	1.765129
怯懦	3.92	0.90921200000000002	25	1.678462
钦差	2.2799999999999998	1.0214369999999999	25	3.318462
清凉	3.24	1.2342340000000001	25	2.358462
秋波	4	0.83405799999999997	24	1.598462
深闺	3.48	1.1590229999999999	25	2.118462
石头	1.24	0.83066200000000001	25	4.358462
实践	3.5833330000000001	1.100066	24	2.015129
水壶	1.28	0.458258	25	4.318462
死心	3.9565220000000001	0.87792400000000004	23	1.641940
摊贩	2.2400000000000002	1.0115989999999999	25	3.358462
谈判	3.3333330000000001	1.00722	24	2.265129
探访	3.3333330000000001	1.0495000000000001	24	2.265129
糖果	1.44	0.76811499999999999	25	4.158462
特工	1.96	1.1357820000000001	25	3.638462
提名	3.16	1.106044	25	2.438462
提醒	3.4583330000000001	1.0623670000000001	24	2.140129
通告	2.56	1.083205	25	3.038462
推敲	4.04	0.93452299999999999	25	1.558462
袜子	1.2	0.408248	25	4.398462
蚊帐	1.24	0.43589	25	4.358462
问世	3.9166669999999999	0.71728199999999998	24	1.681795
息怒	4	0.83405799999999997	24	1.598462
稀少	3.6	1.154701	25	1.998462
显眼	3.6666669999999999	0.76138700000000004	24	1.931795
陷阱	2.64	0.95218999999999998	25	2.958462
向前	2.84	1.0279430000000001	25	2.758462
校订	3.25	0.89685400000000004	24	2.348462
协定	3.08	0.95393899999999998	25	2.518462
星空	1.92	1.1874340000000001	25	3.678462
嘘声	2.7916669999999999	0.88362700000000005	24	2.806795
熏鱼	1.72	1.0614459999999999	25	3.878462
训练	2.88	1.2013879999999999	25	2.718462
已往	4.1428570000000002	0.91025900000000004	21	1.455605
隐形	3.3181820000000002	0.89370099999999997	22	2.280280
语法	3.25	1.1515580000000001	24	2.348462
炸伤	2.48	1.1224970000000001	25	3.118462
整天	2.9565220000000001	1.1472599999999999	23	2.641940
之前	3.5	1.011835	22	2.098462
肢解	2.8	0.91287099999999999	25	2.798462
纸币	1.28	0.458258	25	4.318462
重地	2.96	1.1357820000000001	25	2.638462
重温	3.75	0.67566400000000004	24	1.848462
咒骂	3.28	1.0614459999999999	25	2.318462
主修	3.44	1.2274640000000001	25	2.158462
子弹	1.2	0.408248	25	4.398462
岸边	1.826087	0.77765200000000001	23	3.772375
摆脱	3.1739130000000002	1.23038	23	2.424549
半生	3.7	1.0310950000000001	20	1.898462
本年	2.0952380000000002	1.044259	21	3.503224
变异	3.4347829999999999	1.3082290000000001	23	2.163679
波长	2.913043	1.3112470000000001	23	2.685419
补救	3	1	23	2.598462
禅师	2.1739130000000002	1.029217	23	3.424549
缠绵	3.347826	1.0706279999999999	23	2.250636
蝉联	2.652174	1.112274	23	2.946288
潮流	3.5217390000000002	1.2383850000000001	23	2.076723
翅膀	1.5	0.74001300000000003	22	4.098462
仇视	3.3043480000000001	0.92612499999999998	23	2.294114
出力	2.913043	0.90015400000000001	23	2.685419
纯洁	3.6086960000000001	1.0330509999999999	23	1.989766
戳穿	2.8695650000000001	1.0137400000000001	23	2.728897
赐福	3.3181820000000002	1.129111	22	2.280280
促进	3.3043480000000001	1.1845509999999999	23	2.294114
达到	3.3913039999999999	1.305204	23	2.207158
打包	2	0.73854900000000001	23	3.598462
打消	3.1304349999999999	0.96786300000000003	23	2.468027
打造	2.7391299999999998	1.2142109999999999	23	2.859332
当权	2.9565220000000001	1.1862189999999999	23	2.641940
导读	2.5909089999999999	1.140555	22	3.007553
得知	2.7391299999999998	1.1368769999999999	23	2.859332
底线	3.4782609999999998	1.3774010000000001	23	2.120201
地带	2.7391299999999998	1.1368769999999999	23	2.859332
电光	2.6818179999999998	1.0861190000000001	22	2.916644
电毯	1.6956519999999999	1.1845509999999999	23	3.902810
定罪	3.0434779999999999	0.87792400000000004	23	2.554984
冬泳	1.3913040000000001	0.72231500000000004	23	4.207158
斗争	3.3913039999999999	0.89132800000000001	23	2.207158
豆芽	1.3913040000000001	0.78271800000000002	23	4.207158
鳄鱼	1.086957	0.28810400000000003	23	4.511505
发报	2.7619050000000001	0.83094900000000005	21	2.836557
方舟	2.9523809999999999	1.283596	21	2.646081
放任	3.5652170000000001	0.84348199999999995	23	2.033245
分红	2.347826	0.77510699999999999	23	3.250636
服务	3.5652170000000001	1.199473	23	2.033245
腐朽	3.5652170000000001	1.03687	23	2.033245
副业	2.652174	0.88465199999999999	23	2.946288
橄榄	1.5652170000000001	0.84348199999999995	23	4.033245
高手	3.045455	1.0900970000000001	22	2.553007
羔羊	1.681818	1.129111	22	3.916644
工价	2.913043	1.040675	23	2.685419
行李	1.6363639999999999	0.78954199999999997	22	3.962098
黑云	2.714286	1.1892370000000001	21	2.884176
红茶	1.4347829999999999	0.58976799999999996	23	4.163679
洪流	2.7826089999999999	1.3469329999999999	23	2.815853
后悔	3.5217390000000002	1.081647	23	2.076723
灰尘	1.913043	0.99604000000000004	23	3.685419
火坑	2.8636360000000001	1.355604	22	2.734826
祭坛	2.2272729999999998	0.81250999999999995	22	3.371189
坚持	3.8695650000000001	0.75704899999999997	23	1.728897
见闻	3.3043480000000001	0.76483999999999996	23	2.294114
结交	2.913043	0.90015400000000001	23	2.685419
结识	3	0.95346299999999995	23	2.598462
结扎	1.9565220000000001	0.82452499999999995	23	3.641940
进行	3.5652170000000001	0.84348199999999995	23	2.033245
近来	3.3636360000000001	0.72673100000000002	22	2.234826
竞选	2.5652170000000001	1.0798179999999999	23	3.033245
拒绝	2.1739130000000002	1.11405	23	3.424549
剧变	3.6956519999999999	0.97397	23	1.902810
绝技	3	0.95346299999999995	23	2.598462
快感	3.5909089999999999	1.05375	22	2.007553
快攻	3.3684210000000001	1.011628	19	2.230041
累赘	3.3913039999999999	0.98807100000000003	23	2.207158
棱角	2.6086960000000001	1.1175919999999999	23	2.989766
礼仪	2.913043	1.040675	23	2.685419
路人	2.2608700000000002	1.053884	23	3.337592
貌似	3.8260869999999998	0.71682199999999996	23	1.772375
萌芽	3.2173910000000001	0.95138800000000001	23	2.381071
谜语	2.347826	1.300654	23	3.250636
民房	1.6956519999999999	1.0632189999999999	23	3.902810
民女	2.347826	0.88465199999999999	23	3.250636
鸟笼	1.7272730000000001	0.88273500000000005	22	3.871189
排挤	3.6086960000000001	0.83878299999999995	23	1.989766
派系	3.5217390000000002	1.122884	23	2.076723
频道	2.8181820000000002	1.435481	22	2.780280
屏幕	1.913043	1.1643589999999999	23	3.685419
扑面	3.4090910000000001	0.959121	22	2.189371
期待	3.6956519999999999	1.019571	23	1.902810
侵犯	3.2173910000000001	1.1263989999999999	23	2.381071
顷刻	3.4347829999999999	1.03687	23	2.163679
屈膝	2.5	1.185227	22	3.098462
认命	3.652174	1.0272950000000001	23	1.946288
容许	3.3913039999999999	1.076152	23	2.207158
弱点	2.8695650000000001	1.289973	23	2.728897
善忘	3.3043480000000001	0.82212499999999999	23	2.294114
涉嫌	3.5652170000000001	1.1609590000000001	23	2.033245
生动	3.8260869999999998	0.93673399999999996	23	1.772375
使女	2.7368420000000002	1.2841819999999999	19	2.861620
首次	2.1363639999999999	1.1668210000000001	22	3.462098
搜查	2.7826089999999999	1.2415719999999999	23	2.815853
随时	3.4347829999999999	1.03687	23	2.163679
吞咽	1.9090910000000001	0.75017999999999996	22	3.689371
外伤	2.0434779999999999	1.0650759999999999	23	3.554984
万恶	3.9090910000000001	0.86789799999999995	22	1.689371
侮辱	3.4347829999999999	1.1211230000000001	23	2.163679
虾酱	1.6086959999999999	0.58302699999999996	23	3.989766
现在	2.347826	0.98205200000000004	23	3.250636
消防	2	0.79772399999999999	23	3.598462
心寒	4	0.90453399999999995	23	1.598462
削弱	3.3043480000000001	0.97397	23	2.294114
咽喉	1.521739	0.593109	23	4.076723
眼球	1.347826	0.77510699999999999	23	4.250636
养子	1.7272730000000001	0.82703199999999999	22	3.871189
义肢	1.8636360000000001	1.1252709999999999	22	3.734826
忆起	3.7727270000000002	0.86914400000000003	22	1.825735
抑止	3.7272729999999998	0.98473200000000005	22	1.871189
粘液	2.1363639999999999	1.0371870000000001	22	3.462098
张力	3.6956519999999999	1.1051439999999999	23	1.902810
昭雪	3.2272729999999998	0.81250999999999995	22	2.371189
哲学	3.8695650000000001	1.455533	23	1.728897
真理	3.8695650000000001	1.3247420000000001	23	1.728897
旨意	3.5652170000000001	1.1609590000000001	23	2.033245
质感	3.5217390000000002	0.89795599999999998	23	2.076723
中肯	3.4347829999999999	0.72776700000000005	23	2.163679
重新	3.1818179999999998	1.006473	22	2.416644
重要	3.2608700000000002	1.1368769999999999	23	2.337592
主力	3	0.90453399999999995	23	2.598462
砖墙	1.7391300000000001	1.17618	23	3.859332
壮大	3.2173910000000001	0.95138800000000001	23	2.381071
嘴唇	1.3043480000000001	0.70290200000000003	23	4.294114
安分	3.2608700000000002	1.009833	23	2.337592
暗淡	3.3636360000000001	0.95346299999999995	22	2.234826
疤痕	1.913043	1.040675	23	3.685419
班机	1.7272730000000001	0.98473200000000005	22	3.871189
半路	3.3636360000000001	0.65795199999999998	22	2.234826
暴躁	3.454545	0.96250000000000002	22	2.143917
标准	3.3181820000000002	1.249242	22	2.280280
表示	3.4347829999999999	0.84348199999999995	23	2.163679
别针	1.454545	0.67098199999999997	22	4.143917
捕食	2.3043480000000001	0.92612499999999998	23	3.294114
残疾	2.086957	0.66831200000000002	23	3.511505
超级	3.9565220000000001	0.87792400000000004	23	1.641940
撤兵	2.5217390000000002	1.0387740000000001	23	3.076723
创口	2.045455	0.84387299999999998	22	3.553007
创世	4.1578949999999999	0.83421000000000001	19	1.440567
锤子	1.347826	0.647281	23	4.250636
粗鄙	3.6363639999999999	0.902138	22	1.962098
粗略	3.5217390000000002	0.94722399999999995	23	2.076723
翠绿	2.2173910000000001	0.67126200000000003	23	3.381071
担心	3.5217390000000002	0.79025699999999999	23	2.076723
蛋卷	1.4347829999999999	0.50687000000000004	23	4.163679
当时	3.2608700000000002	1.009833	23	2.337592
德行	3.6956519999999999	1.019571	23	1.902810
登记	2.1818179999999998	0.85280299999999998	22	3.416644
电视	1.2173909999999999	0.51843499999999998	23	4.381071
短期	3.3043480000000001	0.87566999999999995	23	2.294114
峨眉	2.2999999999999998	1.128576	20	3.298462
乏力	3.3913039999999999	0.89132800000000001	23	2.207158
阀门	1.6086959999999999	0.65637599999999996	23	3.989766
反常	3.5652170000000001	0.99206300000000003	23	2.033245
肺腑	3.0909089999999999	1.064988	22	2.507553
费心	3.6086960000000001	0.940944	23	1.989766
丰盈	3.4285709999999998	1.0281750000000001	21	2.169891
俯卧	2.5217390000000002	0.94722399999999995	23	3.076723
复诊	1.9565220000000001	0.56232199999999999	23	3.641940
割舍	3.3333330000000001	0.85634900000000003	21	2.265129
工蜂	1.619048	0.80474800000000002	21	3.979414
顾客	1.6086959999999999	0.940944	23	3.989766
瓜分	3.086957	0.90015400000000001	23	2.511505
光洁	3.4090910000000001	0.90811600000000003	22	2.189371
国债	1.6956519999999999	0.63495000000000001	23	3.902810
寒风	2.4782609999999998	0.89795599999999998	23	3.120201
行劫	3.5	1.0981270000000001	18	2.098462
合约	2.1304349999999999	0.96786300000000003	23	3.468027
猴子	1.173913	0.49102600000000002	23	4.424549
胡同	1.5652170000000001	0.66237100000000004	23	4.033245
护送	2.7391299999999998	1.0961669999999999	23	2.859332
化解	3.4782609999999998	0.94722399999999995	23	2.120201
化妆	2.0434779999999999	0.63805500000000004	23	3.554984
霍乱	2.5909089999999999	1.05375	22	3.007553
鸡汤	2.0476190000000001	0.97345700000000002	21	3.550843
基石	2.9090910000000001	1.477098	22	2.689371
监视	2.652174	1.0706279999999999	23	2.946288
建树	3.55	0.88704099999999997	20	2.048462
界限	3.3636360000000001	1.1358010000000001	22	2.234826
酒壶	1.4347829999999999	0.72776700000000005	23	4.163679
开办	3.086957	0.79275399999999996	23	2.511505
课程	2	0.85280299999999998	23	3.598462
枯干	2.7727270000000002	1.2698640000000001	22	2.825735
哭闹	2.1739130000000002	0.93673399999999996	23	3.424549
亏欠	3.347826	1.0272950000000001	23	2.250636
例会	1.9565220000000001	0.76741999999999999	23	3.641940
亮点	3.2608700000000002	1.009833	23	2.337592
轮胎	1.3043480000000001	0.70290200000000003	23	4.294114
卖国	3	1.154701	22	2.598462
密谋	3.2608700000000002	1.0961669999999999	23	2.337592
名将	2.2727270000000002	1.162174	22	3.325735
懦夫	2.8636360000000001	1.1252709999999999	22	2.734826
排除	3.4347829999999999	0.94513499999999995	23	2.163679
披肩	1.9090910000000001	0.75017999999999996	22	3.689371
疲乏	3.3913039999999999	0.83878299999999995	23	2.207158
偏食	2.9047619999999998	1.044259	21	2.693700
漂白	2.913043	0.90015400000000001	23	2.685419
拼命	3.3809520000000002	0.92066199999999998	21	2.217510
朴实	3.347826	0.98205200000000004	23	2.250636
曝光	3.1739130000000002	0.88688299999999998	23	2.424549
奇特	3.913043	0.79275399999999996	23	1.685419
气味	2.8695650000000001	1.2542420000000001	23	2.728897
牵扯	3.4782609999999998	0.84582199999999996	23	2.120201
去世	1.913043	1.0834729999999999	23	3.685419
全员	2.0434779999999999	0.975997	23	3.554984
忍心	3.652174	0.83168500000000001	23	1.946288
任职	2.5714290000000002	0.97833700000000001	21	3.027033
荣誉	3.2727270000000002	1.420323	22	2.325735
锐意	3.9523809999999999	1.023533	21	1.646081
散文	2.5652170000000001	1.1609590000000001	23	3.033245
扫黄	2.3043480000000001	1.019571	23	3.294114
擅长	3.4782609999999998	0.89795599999999998	23	2.120201
射箭	1.521739	0.51075400000000004	23	4.076723
身份	2.6956519999999999	1.2223219999999999	23	2.902810
盛大	3.6956519999999999	1.019571	23	1.902810
仕女	1.9523809999999999	0.92066199999999998	21	3.646081
手术	1.7826090000000001	0.79524300000000003	23	3.815853
硕果	3.0434779999999999	1.1862189999999999	23	2.554984
素色	3	1.167748	23	2.598462
胎记	1.5652170000000001	0.72776700000000005	23	4.033245
套餐	2.6190479999999998	1.0712699999999999	21	2.979414
团队	2.0434779999999999	0.76741999999999999	23	3.554984
脱身	3.2608700000000002	1.009833	23	2.337592
陀螺	1.7272730000000001	1.162174	22	3.871189
危难	3.4782609999999998	0.89795599999999998	23	2.120201
畏惧	3.652174	0.88465199999999999	23	1.946288
温室	2.4782609999999998	1.081647	23	3.120201
卧病	2.3043480000000001	0.87566999999999995	23	3.294114
小巷	1.6956519999999999	0.76483999999999996	23	3.902810
小学	1.478261	0.66534800000000005	23	4.120201
幸免	3.5217390000000002	0.84582199999999996	23	2.076723
性能	3.545455	1.056827	22	2.053007
淫荡	3.652174	1.112274	23	1.946288
影评	2.652174	1.112274	23	2.946288
油漆	1.4347829999999999	0.50687000000000004	23	4.163679
鱿鱼	1.521739	0.73047700000000004	23	4.076723
愚昧	3.652174	0.83168500000000001	23	1.946288
育儿	2.8695650000000001	1.057628	23	2.728897
月初	2.4782609999999998	0.73047700000000004	23	3.120201
赞美	3.5217390000000002	1.16266	23	2.076723
账单	1.7826090000000001	0.90234700000000001	23	3.815853
争吵	2.8260869999999998	1.11405	23	2.772375
支行	2.2000000000000002	0.83350900000000006	20	3.398462
致谢	2.8695650000000001	1.0137400000000001	23	2.728897
竹林	1.478261	0.66534800000000005	23	4.120201
主使	3.2727270000000002	0.98473200000000005	22	2.325735
作乱	3.347826	1.0706279999999999	23	2.250636
盎司	2.6296300000000001	1.4973860000000001	27	2.968832
白干	3.3461539999999999	1.0561179999999999	26	2.252308
白兔	1.4074070000000001	1.009922	27	4.191055
白云	1.3846149999999999	0.85214699999999999	26	4.213847
柏油	2.0370370000000002	0.80772600000000006	27	3.561425
班长	2	0.83204999999999996	27	3.598462
本乡	2.925926	1.1410499999999999	27	2.672536
蓖麻	1.888889	1.2506409999999999	27	3.709573
便宜	3.2962959999999999	1.2030350000000001	27	2.302166
标点	2.3703699999999999	0.88353099999999996	27	3.228092
别扭	3.518519	1.1221669999999999	27	2.079943
裁员	2.5925929999999999	1.366052	27	3.005869
曾经	3	1.1435439999999999	27	2.598462
查访	2.8888889999999998	1.1875420000000001	27	2.709573
朝圣	3.1481479999999999	1.231125	27	2.450314
车程	2.6666669999999999	1.1093999999999999	27	2.931795
陈皮	1.7037040000000001	1.0308630000000001	27	3.894758
成立	3.1851850000000002	1.177907	27	2.413277
承诺	3.481481	1.2821370000000001	27	2.116981
处境	3.6666669999999999	1.1093999999999999	27	1.931795
粗野	3.1538460000000001	1.120439	26	2.444616
大夫	2.3076919999999999	1.1231819999999999	26	3.290770
大脑	1.5925929999999999	0.69388899999999998	27	4.005869
耽误	3.2962959999999999	1.1372979999999999	27	2.302166
当兵	2.2222219999999999	1.0500309999999999	27	3.376240
党派	2.6296300000000001	1.114525	27	2.968832
等待	3.2962959999999999	1.0308630000000001	27	2.302166
蝶泳	2.074074	1.238048	27	3.524388
跺脚	1.962963	1.125969	27	3.635499
法力	4.2	1.118034	25	1.398462
烦忧	3.5925929999999999	1.152231	27	2.005869
肤浅	3.68	0.94516299999999998	25	1.918462
伏击	2.9629629999999998	1.0912759999999999	27	2.635499
幅度	3.4074070000000001	1.0473140000000001	27	2.191055
鸽子	1.3703700000000001	0.68770200000000004	27	4.228092
公告	2.2592590000000001	0.94431900000000002	27	3.339203
攻击	3.1851850000000002	1.177907	27	2.413277
观战	3	1.1093999999999999	27	2.598462
罐头	1.6666669999999999	0.78446499999999997	27	3.931795
果园	1.5555559999999999	0.57735000000000003	27	4.042906
蛤蟆	1.3333330000000001	0.67936600000000003	27	4.265129
汉堡	1.481481	0.70001999999999998	27	4.116981
黑钱	3.4	0.86602500000000004	25	2.198462
厚礼	3.230769	1.1066229999999999	26	2.367693
花盆	1.481481	0.75296200000000002	27	4.116981
会聚	3.48	0.87178	25	2.118462
混账	3.518519	1.0513859999999999	27	2.079943
计时	2.8148149999999998	1.001423	27	2.783647
架空	3.6923080000000001	0.92819099999999999	26	1.906154
饯别	3.038462	1.1482429999999999	26	2.560000
结巴	2.1111110000000002	1.120897	27	3.487351
浸染	3.2592590000000001	1.0951850000000001	27	2.339203
橘子	1.4444440000000001	0.80064100000000005	27	4.154018
开张	3.1111110000000002	1.2506409999999999	27	2.487351
可怕	3.6923080000000001	1.086986	26	1.906154
口臭	2	0.89442699999999997	26	3.598462
口吻	3.4230770000000001	1.101747	26	2.175385
拉扯	2.7407409999999999	1.1633039999999999	27	2.857721
勒索	2.8846150000000002	1.142871	26	2.713847
冷箭	3.4074070000000001	1.009922	27	2.191055
凌乱	3.5925929999999999	1.0473140000000001	27	2.005869
陵墓	1.7407410000000001	1.0594840000000001	27	3.857721
领养	2.5925929999999999	1.009922	27	3.005869
龙虾	1.2222219999999999	0.640513	27	4.376240
脉象	3.6153849999999998	1.1688259999999999	26	1.983077
木鱼	1.925926	0.99714700000000001	27	3.672536
那些	4.3043480000000001	0.82212499999999999	23	1.294114
爬虫	2.2962959999999999	1.0308630000000001	27	3.302166
盘旋	3.0370370000000002	1.0912759999999999	27	2.561425
配方	3	1.208941	27	2.598462
皮肤	1.461538	0.70601800000000003	26	4.136924
飘渺	4.2307689999999996	0.71036299999999997	26	1.367693
骑兵	1.888889	0.75106799999999996	27	3.709573
虔诚	4.0740740000000004	0.99714700000000001	27	1.524388
请求	3.2592590000000001	1.0225379999999999	27	2.339203
去除	2.88	1.092398	25	2.718462
全力	3.3703699999999999	1.2449330000000001	27	2.228092
缺点	3.2592590000000001	1.1633039999999999	27	2.339203
上班	2.4230770000000001	1.0648219999999999	26	3.175385
圣像	2.8148149999999998	1.2101189999999999	27	2.783647
圣旨	2.3076919999999999	1.1231819999999999	26	3.290770
湿疹	1.962963	0.979854	27	3.635499
使馆	2	0.877058	27	3.598462
市长	1.518519	0.75296200000000002	27	4.079943
适当	3.8076919999999999	1.0205580000000001	26	1.790770
死守	3.4074070000000001	1.0834159999999999	27	2.191055
苏醒	2.925926	1.1068290000000001	27	2.672536
素颜	2.3461539999999999	0.845804	26	3.252308
随军	2.92	1.037625	25	2.678462
统率	3.6	1	25	1.998462
偷生	3.875	1.0347230000000001	24	1.723462
头饰	2.1851850000000002	1.1447890000000001	27	3.413277
完美	3.6	1.2583059999999999	25	1.998462
晚上	1.962963	0.75861599999999996	27	3.635499
无理	3.481481	1.087353	27	2.116981
妩媚	3.5555560000000002	1.1875420000000001	27	2.042906
武术	2.1111110000000002	0.84731900000000004	27	3.487351
吸力	3.32	1.2490000000000001	25	2.278462
习作	3.1304349999999999	1.1795359999999999	23	2.468027
遐想	4.3076920000000003	0.88404700000000003	26	1.290770
弦乐	2.769231	1.210213	26	2.829231
萧条	3.9629629999999998	0.75861599999999996	27	1.635499
小声	2.9230770000000001	1.0553889999999999	26	2.675385
协会	2.4074070000000001	1.0834159999999999	27	3.191055
辛劳	3.24	1.0115989999999999	25	2.358462
形势	3.7407409999999999	1.129758	27	1.857721
序言	2.1481479999999999	0.98853800000000003	27	3.450314
学界	3.2222219999999999	1.154701	27	2.376240
压缩	2.961538	0.99922999999999995	26	2.636924
掩护	3.1851850000000002	1.1447890000000001	27	2.413277
央求	3.0769229999999999	0.97665000000000002	26	2.521539
扬言	3.1851850000000002	1.110684	27	2.413277
洋酒	1.8518520000000001	0.94883300000000004	27	3.746610
药房	1.6666669999999999	0.73379899999999998	27	3.931795
迎接	2.769231	0.99227799999999999	26	2.829231
友人	2.0370370000000002	0.80772600000000006	27	3.561425
愚弄	3.7037040000000001	0.95332700000000004	27	1.894758
运营	3.44	1.121011	25	2.158462
赞叹	2.8076919999999999	1.1668499999999999	26	2.790770
长假	2.481481	1.0141450000000001	27	3.116981
中风	2.4074070000000001	1.278799	27	3.191055
重赏	3.0370370000000002	1.1596249999999999	27	2.561425
猪肉	1.2222219999999999	0.50636999999999999	27	4.376240
准时	2.8148149999999998	0.96225000000000005	27	2.783647
拜托	3.4444439999999998	1.1875420000000001	27	2.154018
包车	2.1851850000000002	0.735738	27	3.413277
孢子	2.2222219999999999	1.0127390000000001	27	3.376240
备战	3.1851850000000002	1.1447890000000001	27	2.413277
财产	2.6153849999999998	1.1688259999999999	26	2.983077
测量	2.961538	1.0384899999999999	26	2.636924
仇人	2.7407409999999999	1.227649	27	2.857721
传染	3.074074	1.206582	27	2.524388
丛书	2.538462	1.103839	26	3.060000
弹弓	1.481481	0.89315199999999995	27	4.116981
当地	2.5925929999999999	0.84394899999999995	27	3.005869
等价	3.32	1.0692680000000001	25	2.278462
电台	1.7777780000000001	0.75106799999999996	27	3.820684
店铺	1.8518520000000001	0.86396700000000004	27	3.746610
貂皮	1.4074070000000001	0.84394899999999995	27	4.191055
碉堡	1.7407410000000001	0.98420600000000003	27	3.857721
动工	3.2	1.118034	25	2.398462
发生	3.961538	0.77360300000000004	26	1.636924
发声	2.925926	1.268734	27	2.672536
仿佛	4.5599999999999996	0.58309500000000003	25	1.038462
费神	4.0370369999999998	0.64934800000000004	27	1.561425
府上	2.3333330000000001	0.96076899999999998	27	3.265129
负责	3.8518520000000001	0.98853800000000003	27	1.746610
复苏	3.2592590000000001	1.0225379999999999	27	2.339203
肝火	3.6666669999999999	1.037749	27	1.931795
高傲	3.925926	0.99714700000000001	27	1.672536
高考	1.8461540000000001	0.92486999999999997	26	3.752308
根源	3.72	0.93630500000000005	25	1.878462
官方	2.6296300000000001	1.0432250000000001	27	2.968832
轨迹	2.9629629999999998	1.125969	27	2.635499
韩文	1.7037040000000001	1.0308630000000001	27	3.894758
和平	3.3333330000000001	1.037749	27	2.265129
欢呼	2.8888889999999998	1.154701	27	2.709573
寰宇	3.2173910000000001	1.1660550000000001	23	2.381071
换取	3.24	0.77888800000000002	25	2.358462
积极	3.8461539999999999	1.007663	26	1.752308
技艺	3.1111110000000002	1.2506409999999999	27	2.487351
坚硬	3.0769229999999999	1.4120360000000001	26	2.521539
俭朴	3.518519	0.89315199999999995	27	2.079943
将士	2.2222219999999999	1.0127390000000001	27	3.376240
讲座	2.2222219999999999	0.89155600000000002	27	3.376240
降落	2.6153849999999998	0.941357	26	2.983077
借助	3.6153849999999998	1.0228170000000001	26	1.983077
金发	2.0370370000000002	1.1596249999999999	27	3.561425
进士	2	1.037749	27	3.598462
科幻	4	0.938083	26	1.598462
裤子	1.3703700000000001	0.68770200000000004	27	4.228092
拉锯	2.96	1.059874	25	2.638462
拦阻	3.481481	0.84899800000000003	27	2.116981
良心	4.1111110000000002	1.0500309999999999	27	1.487351
鳞片	2.074074	1.1410499999999999	27	3.524388
乱动	3.0833330000000001	1.2825470000000001	24	2.515129
美食	2.518519	1.087353	27	3.079943
模范	3.038462	1.076319	26	2.560000
能够	3.68	1.10755	25	1.918462
怕事	3.7407409999999999	0.94431900000000002	27	1.857721
培养	3.6	0.86602500000000004	25	1.998462
贫血	2.4444439999999998	1.1875420000000001	27	3.154018
泼妇	2.6296300000000001	1.3344009999999999	27	2.968832
普遍	3.56	1.2274640000000001	25	2.038462
起锚	2.5769229999999999	1.0648219999999999	26	3.021539
签收	2.074074	0.78082399999999996	27	3.524388
浅显	4	0.69281999999999999	26	1.598462
倾诉	3.1111110000000002	1.154701	27	2.487351
清洁	2.6666669999999999	1.1435439999999999	27	2.931795
秋收	2.2962959999999999	0.91208999999999996	27	3.302166
求婚	2	0.91986599999999996	27	3.598462
饶恕	3.7407409999999999	1.0951850000000001	27	1.857721
杀害	2.5	0.86023300000000003	26	3.098462
沙哑	2.5555560000000002	1.120897	27	3.042906
上报	2.7037040000000001	1.1372979999999999	27	2.894758
涉案	2.8518520000000001	1.2920970000000001	27	2.746610
升学	2.3333330000000001	1.2709779999999999	27	3.265129
圣餐	3.3636360000000001	0.95346299999999995	22	2.234826
胜券	3.5	0.90553899999999998	26	2.098462
失败	3.4444439999999998	1.086042	27	2.154018
师徒	2	0.96076899999999998	27	3.598462
石碑	1.4074070000000001	0.57239399999999996	27	4.191055
示威	3.2592590000000001	1.0594840000000001	27	2.339203
售卖	2.7407409999999999	1.1633039999999999	27	2.857721
水泵	1.4074070000000001	0.84394899999999995	27	4.191055
塑造	4.0370369999999998	0.89792400000000006	27	1.561425
随意	4.0769229999999999	1.0167820000000001	26	1.521539
瘫痪	2.6153849999999998	1.1688259999999999	26	2.983077
炭笔	1.925926	1.206582	27	3.672536
探病	2.7037040000000001	1.265361	27	2.894758
桃树	1.3333330000000001	0.73379899999999998	27	4.265129
题目	2.3461539999999999	1.263085	26	3.252308
体统	4	0.89442699999999997	26	1.598462
天明	2.8461539999999999	1.120439	26	2.752308
跳远	1.7037040000000001	0.99285199999999996	27	3.894758
退学	2.074074	0.99714700000000001	27	3.524388
褪色	2.7407409999999999	1.1633039999999999	27	2.857721
歪曲	3.6538460000000001	1.16421	26	1.944616
外币	2.1111110000000002	0.93369999999999997	27	3.487351
网友	2.4230770000000001	0.90213399999999999	26	3.175385
武断	3.7777780000000001	1.0500309999999999	27	1.820684
武林	3.4074070000000001	1.30853	27	2.191055
物业	2.2592590000000001	1.1633039999999999	27	3.339203
小城	2.7037040000000001	0.95332700000000004	27	2.894758
校服	1.538462	0.90468899999999997	26	4.060000
姓名	1.730769	1.115623	26	3.867693
胸怀	4	0.91986599999999996	27	1.598462
血管	1.8518520000000001	1.0990800000000001	27	3.746610
讯息	3.0370370000000002	1.0554429999999999	27	2.561425
验血	2.1538460000000001	1.120439	26	3.444616
英文	1.5925929999999999	0.930643	27	4.005869
幼苗	2.074074	0.87380400000000003	27	3.524388
余地	3.769231	1.0698669999999999	26	1.829231
援助	3.1851850000000002	0.735738	27	2.413277
札记	2.6	1.0801229999999999	25	2.998462
正确	3.44	1.3564659999999999	25	2.158462
重建	3	1	27	2.598462
轴心	2.6	1.224745	25	2.998462
昼间	2.56	1.003328	25	3.038462
主菜	2.4166669999999999	1.2128540000000001	24	3.181795
专线	2.925926	1.1410499999999999	27	2.672536
壮丁	2.2222219999999999	1.086042	27	3.376240
拙劣	3.961538	0.95836399999999999	26	1.636924
桌子	1.2962959999999999	0.724028	27	4.302166
资料	2.518519	1.087353	27	3.079943
自嘲	3.6296300000000001	1.3052600000000001	27	1.968832
尊敬	3.6666669999999999	0.91986599999999996	27	1.931795
爱心	2.913043	1.2027639999999999	23	2.685419
安睡	2.8260869999999998	0.98406300000000002	23	2.772375
报道	2.2173910000000001	1.1263989999999999	23	3.381071
鄙视	3.1739130000000002	1.11405	23	2.424549
币值	2.5652170000000001	1.3082290000000001	23	3.033245
才干	3.347826	1.191206	23	2.250636
仓库	1.4347829999999999	0.66237100000000004	23	4.163679
草案	2.5	1.185227	22	3.098462
查核	3.0434779999999999	1.4609540000000001	23	2.554984
刹那	3.3181820000000002	1.3933979999999999	22	2.280280
搀杂	3.454545	1.1843129999999999	22	2.143917
成熟	2.9565220000000001	1.223938	23	2.641940
程式	3.15	1.4608939999999999	20	2.448462
出兵	2.1739130000000002	1.072473	23	3.424549
出处	2.7391299999999998	1.17618	23	2.859332
处分	2.086957	1.276111	23	3.511505
春天	1.7826090000000001	0.90234700000000001	23	3.815853
打劫	2.045455	0.95005099999999998	22	3.553007
带兵	2.4347829999999999	1.236788	23	3.163679
丹田	3.4347829999999999	1.4717359999999999	23	2.163679
倒戈	3.1739130000000002	1.23038	23	2.424549
道德	3.5652170000000001	1.1211230000000001	23	2.033245
独有	2.7826089999999999	1.3802669999999999	23	2.815853
对比	2.954545	1.2140949999999999	22	2.643917
赋税	2.6956519999999999	1.32921	23	2.902810
赋予	3.454545	1.2238610000000001	22	2.143917
甘草	1.818182	1.0970249999999999	22	3.780280
肛门	1.4347829999999999	0.84348199999999995	23	4.163679
高度	2.2173910000000001	1.277658	23	3.381071
公愤	3.4782609999999998	0.79025699999999999	23	2.120201
共同	2.6818179999999998	1.249242	22	2.916644
姑爷	1.4347829999999999	0.78775200000000001	23	4.163679
海绵	1.6956519999999999	1.019571	23	3.902810
行家	3.0434779999999999	1.260529	23	2.554984
花钱	2.0909089999999999	1.1509450000000001	22	3.507553
环节	2.9565220000000001	1.0215080000000001	23	2.641940
集结	2.8260869999999998	1.23038	23	2.772375
家属	1.7391300000000001	0.81001599999999996	23	3.859332
简陋	2.8695650000000001	0.91970099999999999	23	2.728897
交叉	3.3043480000000001	1.1455360000000001	23	2.294114
杰出	3.086957	1.2027639999999999	23	2.511505
结论	2.6086960000000001	1.4058040000000001	23	2.989766
解雇	2.086957	1.2027639999999999	23	3.511505
近况	2.913043	1.040675	23	2.685419
景仰	3.7272729999999998	1.162174	22	1.871189
竞逐	3.6086960000000001	1.0330509999999999	23	1.989766
聚变	3.75	1.0195460000000001	20	1.848462
苦恼	3	1.309307	22	2.598462
苦役	2.8181820000000002	1.2587360000000001	22	2.780280
磊落	3.454545	1.1843129999999999	22	2.143917
里面	2.8260869999999998	1.402989	23	2.772375
连环	3.1739130000000002	1.1928639999999999	23	2.424549
怜恤	3.454545	1.335496	22	2.143917
联系	2.8695650000000001	0.96786300000000003	23	2.728897
两旁	2.6818179999999998	1.3587940000000001	22	2.916644
裂痕	2.5217390000000002	1.410015	23	3.076723
留神	3.3181820000000002	1.170525	22	2.280280
轮班	2.4090910000000001	1.140555	22	3.189371
民兵	1.7391300000000001	0.96377100000000004	23	3.859332
摸索	3.3043480000000001	1.395929	23	2.294114
抹杀	3.4347829999999999	1.27301	23	2.163679
牧师	1.9090910000000001	1.0192939999999999	22	3.689371
耐力	3.2173910000000001	1.0852949999999999	23	2.381071
泥沙	2.0434779999999999	1.223938	23	3.554984
怒骂	2.5217390000000002	1.16266	23	3.076723
疟疾	2.347826	1.368765	23	3.250636
葡萄	1.5652170000000001	0.94513499999999995	23	4.033245
凄美	4.0476190000000001	1.283596	21	1.550843
奇异	3.5714290000000002	1.164965	21	2.027033
枪战	1.7727269999999999	0.75162200000000001	22	3.825735
蔷薇	2	1.309307	22	3.598462
情形	3.7826089999999999	1.2415719999999999	23	1.815853
裙子	1.681818	1.2105239999999999	22	3.916644
肉身	2.045455	1.174218	22	3.553007
善于	3.5652170000000001	1.1609590000000001	23	2.033245
伸长	2.8181820000000002	1.3322510000000001	22	2.780280
升空	2.5	1.1019460000000001	22	3.098462
胜任	3	1.167748	23	2.598462
时间	3.1818179999999998	1.5003610000000001	22	2.416644
双方	1.954545	0.84387299999999998	22	3.643917
死人	1.4347829999999999	0.78775200000000001	23	4.163679
死亡	2.2272729999999998	1.2317940000000001	22	3.371189
太子	1.7391300000000001	0.91539300000000001	23	3.859332
堂兄	1.7826090000000001	1.0425720000000001	23	3.815853
藤蔓	1.954545	1.1329389999999999	22	3.643917
天梯	2.9565220000000001	1.4609540000000001	23	2.641940
跳伞	1.521739	0.73047700000000004	23	4.076723
退避	2.8260869999999998	1.3366229999999999	23	2.772375
文学	3.0952380000000002	1.338087	21	2.503224
稳固	2.8260869999999998	1.266785	23	2.772375
巫术	3.4285709999999998	1.567528	21	2.169891
诬告	2.9565220000000001	1.1472599999999999	23	2.641940
午后	1.9565220000000001	0.82452499999999995	23	3.641940
物流	2.1304349999999999	1.2542420000000001	23	3.468027
西药	2.3043480000000001	1.32921	23	3.294114
洗衣	1.826087	1.1541300000000001	23	3.772375
下颚	1.3913040000000001	0.72231500000000004	23	4.207158
箱子	1.6086959999999999	0.98807100000000003	23	3.989766
校园	1.826087	1.072473	23	3.772375
形成	3.9090910000000001	1.1088	22	1.689371
宿主	3.3636360000000001	1.216766	22	2.234826
喧哗	2.7826089999999999	1.2044060000000001	23	2.815853
旋风	2.7272729999999998	1.162174	22	2.871189
选拔	2.652174	1.0272950000000001	23	2.946288
烟花	2	1.128152	23	3.598462
言谈	2.7727270000000002	1.151885	22	2.825735
吆喝	2.9565220000000001	1.1472599999999999	23	2.641940
业绩	2.5652170000000001	1.0798179999999999	23	3.033245
蚁穴	2.0434779999999999	1.1069310000000001	23	3.554984
殷勤	3.6086960000000001	0.98807100000000003	23	1.989766
英雄	2.3043480000000001	1.1845509999999999	23	3.294114
羽绒	1.818182	0.90692399999999995	22	3.780280
狱卒	2.1428569999999998	1.38873	21	3.455605
原价	2.4782609999999998	1.2745610000000001	23	3.120201
窄小	2.6086960000000001	1.1575500000000001	23	2.989766
沼气	2.347826	1.300654	23	3.250636
阵痛	3.086957	1.2027639999999999	23	2.511505
直线	1.913043	1.1643589999999999	23	3.685419
止痛	2.3043480000000001	1.1455360000000001	23	3.294114
治疗	2.5217390000000002	1.201119	23	3.076723
周末	1.7727269999999999	0.92230699999999999	22	3.825735
自传	2	1.112697	22	3.598462
恣意	3.8181820000000002	0.95799199999999995	22	1.780280
宗教	2.8	1.399248	20	2.798462
按钮	1.6086959999999999	0.89132800000000001	23	3.989766
芭蕾	2.0434779999999999	1.296087	23	3.554984
白费	3.3043480000000001	0.87566999999999995	23	2.294114
傍晚	2.5217390000000002	1.16266	23	3.076723
笔直	2.1739130000000002	1.11405	23	3.424549
必须	3.0434779999999999	1.1069310000000001	23	2.554984
闭幕	2.2608700000000002	1.2510859999999999	23	3.337592
标语	2.0434779999999999	1.0650759999999999	23	3.554984
别名	2.4782609999999998	1.309739	23	3.120201
敞开	3.1304349999999999	1.0137400000000001	23	2.468027
超模	2.3636360000000001	1.2552920000000001	22	3.234826
持有	2.913043	1.1643589999999999	23	2.685419
赤裸	2.6956519999999999	1.1845509999999999	23	2.902810
宠儿	3.0434779999999999	1.223938	23	2.554984
出让	3.0476190000000001	1.0712699999999999	21	2.550843
穿过	3.0434779999999999	1.3306960000000001	23	2.554984
春节	1.7391300000000001	1.053884	23	3.859332
蛋黄	1.652174	0.98205200000000004	23	3.946288
癫狂	3.7727270000000002	1.020356	22	1.825735
点心	2.1739130000000002	1.3021720000000001	23	3.424549
赌场	2	1.128152	23	3.598462
缎带	2.5217390000000002	1.473079	23	3.076723
丰满	3.4090910000000001	1.181568	22	2.189371
风暴	2.9090910000000001	1.3769910000000001	22	2.689371
该死	3.45	1.145931	20	2.148462
钙化	2.8695650000000001	1.1795359999999999	23	2.728897
歌声	2.2173910000000001	0.99802199999999996	23	3.381071
灌木	1.7826090000000001	0.90234700000000001	23	3.815853
寒微	4.1363640000000004	0.560226	22	1.462098
豪爽	3.5217390000000002	1.0387740000000001	23	2.076723
号码	1.913043	0.84815499999999999	23	3.685419
合照	2.086957	1.2399800000000001	23	3.511505
火海	3.2608700000000002	1.053884	23	2.337592
季度	2.4347829999999999	1.27301	23	3.163679
家族	2.086957	0.94930800000000004	23	3.511505
坚定	3.347826	1.2652239999999999	23	2.250636
鉴赏	3.2608700000000002	1.2510859999999999	23	2.337592
角度	3.5217390000000002	1.081647	23	2.076723
介怀	3.75	0.85069600000000001	20	1.848462
进口	2.7826089999999999	1.0852949999999999	23	2.815853
经书	2.3333330000000001	1.4259500000000001	21	3.265129
鲸鱼	1.545455	0.96250000000000002	22	4.053007
静候	3.1304349999999999	1.1795359999999999	23	2.468027
救命	2.5652170000000001	1.03687	23	3.033245
凯旋	2.8260869999999998	1.435022	23	2.772375
可耻	3.454545	0.85786399999999996	22	2.143917
狂欢	3.1304349999999999	1.3586210000000001	23	2.468027
离题	3.5238100000000001	1.209093	21	2.074652
理想	4.4347830000000004	0.84348199999999995	23	1.163679
连队	2.4782609999999998	1.122884	23	3.120201
淋巴	2.1428569999999998	0.96362400000000004	21	3.455605
零度	2.2727270000000002	1.315903	22	3.325735
落难	3.3181820000000002	0.838727	22	2.280280
买入	2.3043480000000001	1.019571	23	3.294114
慢性	3.6086960000000001	1.0330509999999999	23	1.989766
毛虫	1.9565220000000001	1.260529	23	3.641940
煤矿	1.3043480000000001	0.470472	23	4.294114
美丽	3.6086960000000001	1.076152	23	1.989766
末梢	3.3043480000000001	1.2945610000000001	23	2.294114
年薪	1.9090910000000001	1.0192939999999999	22	3.689371
酿制	2.652174	0.98205200000000004	23	2.946288
暖炉	1.9565220000000001	1.223938	23	3.641940
欧盟	1.826087	1.072473	23	3.772375
欧洲	1.7391300000000001	1.009833	23	3.859332
磐石	2.8181820000000002	1.2587360000000001	22	2.780280
盼望	3.7826089999999999	0.85048199999999996	23	1.815853
批判	3.4347829999999999	1.1211230000000001	23	2.163679
偏僻	2.8181820000000002	1.006473	22	2.780280
拼音	2.1304349999999999	1.1795359999999999	23	3.468027
千禧	3.1363639999999999	1.206942	22	2.462098
铅笔	1.6086959999999999	0.940944	23	3.989766
强迫	3.4782609999999998	0.89795599999999998	23	2.120201
倾吐	3.5	1.2630269999999999	22	2.098462
球员	1.7391300000000001	1.0961669999999999	23	3.859332
取缔	3.086957	0.94930800000000004	23	2.511505
肉丸	2.045455	1.2901560000000001	22	3.553007
桑树	1.7826090000000001	1.277658	23	3.815853
骚动	3.5652170000000001	0.99206300000000003	23	2.033245
深夜	2.5217390000000002	1.122884	23	3.076723
审判	2.6956519999999999	1.2945610000000001	23	2.902810
生锈	2.2173910000000001	1.2044060000000001	23	3.381071
盛况	3.1304349999999999	0.96786300000000003	23	2.468027
世仇	3.2727270000000002	1.077113	22	2.325735
视窗	2.9565220000000001	1.223938	23	2.641940
数字	1.6956519999999999	0.82212499999999999	23	3.902810
双数	2.2272729999999998	1.34277	22	3.371189
素质	3.8260869999999998	0.83405799999999997	23	1.772375
虽然	4.1428570000000002	0.91025900000000004	21	1.455605
同化	3.7826089999999999	1.2415719999999999	23	1.815853
头发	1.6086959999999999	1.076152	23	3.989766
投奔	3.4782609999999998	0.89795599999999998	23	2.120201
透支	3.1363639999999999	1.0371870000000001	22	2.462098
秃鹰	1.7391300000000001	1.17618	23	3.859332
图谋	3.6086960000000001	0.940944	23	1.989766
晚饭	1.826087	0.98406300000000002	23	3.772375
惟独	3.3636360000000001	1.1769799999999999	22	2.234826
维持	3.3043480000000001	0.97397	23	2.294114
我军	2.1304349999999999	1.1403490000000001	23	3.468027
乌龟	1.521739	0.99405299999999996	23	4.076723
无罪	2.9090910000000001	1.3059970000000001	22	2.689371
消毒	2.5217390000000002	1.309739	23	3.076723
小巧	3.347826	1.300654	23	2.250636
校规	2.1739130000000002	1.072473	23	3.424549
心思	4.0434780000000003	0.76741999999999999	23	1.554984
心态	3.6956519999999999	1.1455360000000001	23	1.902810
宣称	2.954545	1.0900970000000001	22	2.643917
摇晃	3.045455	1.0455019999999999	22	2.553007
疑心	3.652174	0.93462199999999995	23	1.946288
淫威	3.7391299999999998	1.009833	23	1.859332
拥挤	2.6956519999999999	1.1455360000000001	23	2.902810
油灯	1.652174	0.88465199999999999	23	3.946288
有劳	3.6956519999999999	0.470472	23	1.902810
韵母	2.5217390000000002	1.6478520000000001	23	3.076723
造福	3.4782609999999998	0.79025699999999999	23	2.120201
造价	2.6956519999999999	1.2945610000000001	23	2.902810
长辈	1.8695649999999999	1.1403490000000001	23	3.728897
中毒	2.086957	0.99604000000000004	23	3.511505
中断	2.913043	1.040675	23	2.685419
中暑	2.086957	0.90015400000000001	23	3.511505
肘弯	2.4782609999999998	1.3774010000000001	23	3.120201
注重	3.3913039999999999	1.0330509999999999	23	2.207158
祖宗	1.9565220000000001	1.1069310000000001	23	3.641940
嘴巴	1.4347829999999999	1.03687	23	4.163679
挨着	2.3846150000000002	0.982931	26	3.213847
庇佑	3.6153849999999998	0.982931	26	1.983077
陛下	2.0769229999999999	1.2937719999999999	26	3.521539
冰镇	2	1.0408329999999999	25	3.598462
博弈	3	1.3564659999999999	26	2.598462
不朽	4	0.8	26	1.598462
猜忌	3.16	1.2806249999999999	25	2.438462
彩绘	1.8076920000000001	0.89528700000000005	26	3.790770
残忍	3	1.3856409999999999	26	2.598462
仓鼠	1.3461540000000001	0.56159099999999995	26	4.252308
产品	2.72	1.1000000000000001	25	2.878462
抄写	2.1923080000000001	0.80096100000000003	26	3.406154
朝夕	2.96	1.337909	25	2.638462
车辆	1.269231	0.45234400000000002	26	4.329231
充气	2.36	0.75718799999999997	25	3.238462
储君	2.4166669999999999	1.1764600000000001	24	3.181795
次货	2.72	1.0614459999999999	25	2.878462
聪明	3.038462	1.182566	26	2.560000
地铁	1.0769230000000001	0.27174599999999999	26	4.521539
凋零	3.230769	1.305609	26	2.367693
夺目	3.461538	1.0669869999999999	26	2.136924
发烧	1.8461540000000001	0.833897	26	3.752308
繁衍	2.6538460000000001	1.0933360000000001	26	2.944616
犯罪	2.3846150000000002	0.982931	26	3.213847
方块	1.961538	0.99922999999999995	26	3.636924
方丈	2	0.89442699999999997	26	3.598462
飞碟	2.1153849999999998	1.1773499999999999	26	3.483077
分批	3.4	0.95742700000000003	25	2.198462
奉陪	3.5769229999999999	0.90213399999999999	26	2.021539
刚才	2.961538	1.341067	26	2.636924
功劳	2.52	1.1944319999999999	25	3.078462
功用	3.1923080000000001	1.1320509999999999	26	2.406154
孤寂	3.5	1.2727919999999999	26	2.098462
辜负	3.48	0.91833200000000004	25	2.118462
跪下	1.769231	0.95111299999999999	26	3.829231
海鲜	1.6923079999999999	0.61768800000000001	26	3.906154
涵盖	3.625	1.4084369999999999	24	1.973462
汉子	2.04	0.78951499999999997	25	3.558462
胡言	3.3913039999999999	0.98807100000000003	23	2.207158
户籍	1.6923079999999999	0.78837699999999999	26	3.906154
哗然	3.76	1.2342340000000001	25	1.838462
机师	2.269231	1.185165	26	3.329231
基本	3.48	1.1944319999999999	25	2.118462
记号	2.538462	1.028816	26	3.060000
兼具	3.24	0.92556300000000002	25	2.358462
剪接	3.0769229999999999	1.2303850000000001	26	2.521539
舰长	1.44	0.50662300000000005	25	4.158462
接力	2.96	1.1357820000000001	25	2.638462
剧团	1.9230769999999999	0.84489400000000003	26	3.675385
据说	4	0.97801899999999997	24	1.598462
可乐	1.3461540000000001	0.62879600000000002	26	4.252308
克制	3.1923080000000001	1.0590269999999999	26	2.406154
领土	1.8076920000000001	0.89528700000000005	26	3.790770
龙眼	1.6086959999999999	0.89132800000000001	23	3.989766
龙舟	1.3846149999999999	0.57109900000000002	26	4.213847
埋伏	3.269231	1.0414490000000001	26	2.329231
美术	2.6	1.354006	25	2.998462
糜烂	3.4230770000000001	1.2057549999999999	26	2.175385
魔鬼	3.4230770000000001	1.3615600000000001	26	2.175385
墨汁	1.461538	0.50839100000000004	26	4.136924
排斥	3.5769229999999999	1.101747	26	2.021539
盘点	2.8260869999999998	1.1541300000000001	23	2.772375
偏激	3.48	0.96263500000000002	25	2.118462
枪毙	1.6538459999999999	0.74524100000000004	26	3.944616
巧遇	2.8461539999999999	1.084152	26	2.752308
榕树	1.461538	0.81145599999999996	26	4.136924
孺子	3.0416669999999999	1.232853	24	2.556795
嗓子	1.961538	1.076319	26	3.636924
色狼	1.961538	0.82368799999999998	26	3.636924
涉及	3.6	1.0408329999999999	25	1.998462
深奥	4.038462	0.77360300000000004	26	1.560000
圣经	2	1.0583009999999999	26	3.598462
狮子	1.1923079999999999	0.49146600000000001	26	4.406154
实物	2.8076919999999999	1.096147	26	2.790770
手动	2.6	1	25	2.998462
守门	2.0769229999999999	0.97665000000000002	26	3.521539
输血	1.8461540000000001	0.92486999999999997	26	3.752308
水晶	1.6923079999999999	0.78837699999999999	26	3.906154
松绑	2.5	1.104536	26	3.098462
损失	3.1153849999999998	1.070586	26	2.483077
特点	3.769231	0.90808299999999997	26	1.829231
挑战	3.1923080000000001	1.0590269999999999	26	2.406154
跳级	2.92	1.115049	25	2.678462
挺胸	1.6923079999999999	0.73589300000000002	26	3.906154
通常	3.1666669999999999	1.0901400000000001	24	2.431795
头版	2.4583330000000001	1.284664	24	3.140129
头条	2.1153849999999998	0.99305299999999996	26	3.483077
危言	3.36	1.113553	25	2.238462
微小	3.269231	1.115623	26	2.329231
纬度	2.538462	1.363254	26	3.060000
舞蹈	1.9230769999999999	1.0553889999999999	26	3.675385
细菌	2.038462	1.112862	26	3.560000
匣子	1.6	0.57735000000000003	25	3.998462
下等	3.48	1.004988	25	2.118462
先生	1.9230769999999999	0.89097999999999999	26	3.675385
乡愁	3.961538	1.341067	26	1.636924
香味	2.6923080000000001	1.1231819999999999	26	2.906154
效劳	3.5	1.104536	26	2.098462
邪恶	3.6538460000000001	1.2310099999999999	26	1.944616
卸货	1.8846149999999999	0.76560700000000004	26	3.713847
蟹黄	1.461538	0.64688599999999996	26	4.136924
熊猫	1.1153850000000001	0.32581300000000002	26	4.483077
旋转	2.5769229999999999	0.98683600000000005	26	3.021539
牙科	1.6538459999999999	0.89184300000000005	26	3.944616
言论	3.269231	1.150919	26	2.329231
岩石	1.3461540000000001	0.62879600000000002	26	4.252308
要命	3.5416669999999999	1.020621	24	2.056795
吟诗	2.6538460000000001	1.0561179999999999	26	2.944616
黝黑	2.1538460000000001	0.833897	26	3.444616
予以	4.0833329999999997	0.92861099999999996	24	1.515129
玉女	3.038462	0.95836399999999999	26	2.560000
原则	3.3846150000000002	1.1688259999999999	26	2.213847
月刊	1.8461540000000001	0.543493	26	3.752308
越战	2.6363639999999999	1.328997	22	2.962098
争夺	3.0769229999999999	1.1635489999999999	26	2.521539
之后	3.730769	1.002305	26	1.867693
知会	3.4583330000000001	1.102533	24	2.140129
主犯	1.8846149999999999	0.71144499999999999	26	3.713847
助理	1.6923079999999999	0.54912499999999997	26	3.906154
著书	2.44	1.121011	25	3.158462
子嗣	2	0.86602500000000004	25	3.598462
纵向	3.038462	1.341067	26	2.560000
租户	1.6923079999999999	0.73589300000000002	26	3.906154
阻挠	3.1923080000000001	1.2006410000000001	26	2.406154
拜见	2.8846150000000002	1.107318	26	2.713847
避免	3.0833330000000001	1.2128540000000001	24	2.515129
变脸	2.72	1.24231	25	2.878462
财主	2.1153849999999998	0.95192100000000002	26	3.483077
草鞋	1.3846149999999999	0.75243199999999999	26	4.213847
查询	2.8846150000000002	1.2108479999999999	26	2.713847
唱歌	1.730769	1.0414490000000001	26	3.867693
打算	3.461538	1.4759610000000001	26	2.136924
大树	1.6923079999999999	1.086986	26	3.906154
担保	3.4230770000000001	1.1374740000000001	26	2.175385
刀伤	1.769231	0.99227799999999999	26	3.829231
底薪	2.230769	1.0318020000000001	26	3.367693
法律	3.1923080000000001	1.386196	26	2.406154
翻身	2.5416669999999999	1.1412869999999999	24	3.056795
奉命	3.4	1.154701	25	2.198462
告假	2.52	1.1590229999999999	25	3.078462
隔间	3.038462	1.2800240000000001	26	2.560000
隔音	2.8461539999999999	1.2228589999999999	26	2.752308
公义	3.5416669999999999	1.3824730000000001	24	2.056795
构图	3.04	1.2741009999999999	25	2.558462
孤立	3.1923080000000001	1.2335069999999999	26	2.406154
古寺	1.6	0.76376299999999997	25	3.998462
拐杖	1.4	0.81649700000000003	25	4.198462
广大	3.6538460000000001	1.2310099999999999	26	1.944616
含意	4.038462	1.076319	26	1.560000
毫无	3.4782609999999998	1.2745610000000001	23	2.120201
好人	2.76	1.16476	25	2.838462
烘托	3.6153849999999998	1.235376	26	1.983077
胡扯	3.4	1.224745	25	2.198462
虎口	2.5217390000000002	1.122884	23	3.076723
茴香	1.5769230000000001	0.80860799999999999	26	4.021539
极限	3.48	1.262273	25	2.118462
加码	3.28	1.208305	25	2.318462
架构	3.3846150000000002	1.2673410000000001	26	2.213847
建议	3.269231	1.0414490000000001	26	2.329231
僵持	3.6153849999999998	0.982931	26	1.983077
交织	3.68	1.215182	25	1.918462
觉悟	3.538462	1.2721880000000001	26	2.060000
结盟	3.230769	1.1066229999999999	26	2.367693
解毒	2.730769	1.3132459999999999	26	2.867693
借出	2.84	1.0279430000000001	25	2.758462
酒鬼	1.8846149999999999	0.76560700000000004	26	3.713847
就寝	2.269231	1.0791729999999999	26	3.329231
卷曲	2.9230770000000001	1.2937719999999999	26	2.675385
军火	1.8461540000000001	0.73170000000000002	26	3.752308
开动	2.961538	1.2159199999999999	26	2.636924
可惜	3.4	1.290994	25	2.198462
溃疡	2.48	1.294862	25	3.118462
蜡笔	1.269231	0.60383399999999998	26	4.329231
来客	2.3076919999999999	0.970329	26	3.290770
立志	3.6538460000000001	1.2310099999999999	26	1.944616
例如	3.56	1.003328	25	2.038462
莲藕	1.4230769999999999	0.70274199999999998	26	4.175385
凉快	2.6923080000000001	1.257592	26	2.906154
两极	3.2	1.118034	25	2.398462
列席	2.9230770000000001	1.0553889999999999	26	2.675385
领巾	1.769231	0.90808299999999997	26	3.829231
陆地	1.6538459999999999	1.017539	26	3.944616
录音	1.961538	0.82368799999999998	26	3.636924
矛头	3.0769229999999999	1.3243290000000001	26	2.521539
模仿	3.4230770000000001	1.172112	26	2.175385
木匠	1.5769230000000001	0.80860799999999999	26	4.021539
能干	3.461538	1.207668	26	2.136924
酿酒	2.269231	1.0791729999999999	26	3.329231
盘踞	3.3461539999999999	0.97743800000000003	26	2.252308
碰面	2.4230770000000001	1.1374740000000001	26	3.175385
譬如	3.72	0.93630500000000005	25	1.878462
签名	1.6923079999999999	0.73589300000000002	26	3.906154
切忌	3.3846150000000002	1.1688259999999999	26	2.213847
琴谱	1.8076920000000001	0.93890300000000004	26	3.790770
清早	1.9230769999999999	0.89097999999999999	26	3.675385
穷苦	2.8076919999999999	1.1668499999999999	26	2.790770
求情	3.12	1.2013879999999999	25	2.478462
驱使	3.6153849999999998	1.202561	26	1.983077
去路	3.3461539999999999	1.129329	26	2.252308
热狗	1.8076920000000001	1.1320509999999999	26	3.790770
人情	3.461538	1.207668	26	2.136924
身手	2.8846150000000002	1.275207	26	2.713847
升压	3.3846150000000002	1.2985199999999999	26	2.213847
尸体	1.5769230000000001	0.75752600000000003	26	4.021539
守护	3.5	1.104536	26	2.098462
首都	1.6923079999999999	0.92819099999999999	26	3.906154
四季	2.1153849999999998	0.99305299999999996	26	3.483077
汤碗	1.461538	0.64688599999999996	26	4.136924
体会	3.56	1.121011	25	2.038462
填补	3.2	1.1902379999999999	25	2.398462
停电	1.5769230000000001	0.64330900000000002	26	4.021539
透明	2.769231	1.142198	26	2.829231
屠杀	2.0769229999999999	0.93479699999999999	26	3.521539
歪理	3.4230770000000001	1.101747	26	2.175385
万岁	3.8695650000000001	1.1403490000000001	23	1.728897
网球	1.1538459999999999	0.46409499999999998	26	4.444616
违规	2.9230770000000001	1.1286480000000001	26	2.675385
窝心	3.88	0.97125300000000003	25	1.718462
稀释	2.8846150000000002	1.107318	26	2.713847
膝盖	1.3846149999999999	0.75243199999999999	26	4.213847
嬉笑	2.538462	1.0669869999999999	26	3.060000
席卷	3.76	0.87939400000000001	25	1.838462
心窝	3.1538460000000001	1.120439	26	2.444616
刑法	2.461538	1.2403470000000001	26	3.136924
幸亏	3.769231	1.0318020000000001	26	1.829231
牙痛	1.6923079999999999	0.67936600000000003	26	3.906154
炎热	2.269231	1.2508459999999999	26	3.329231
沿途	2.6923080000000001	1.1582479999999999	26	2.906154
依靠	3.6538460000000001	0.89184300000000005	26	1.944616
议席	2.961538	1.076319	26	2.636924
英镑	1.6923079999999999	0.88404700000000003	26	3.906154
营救	2.6923080000000001	1.1582479999999999	26	2.906154
有效	3.269231	1.2508459999999999	26	2.329231
预感	3.6538460000000001	1.2310099999999999	26	1.944616
月底	2	0.979796	26	3.598462
增强	2.88	1.235584	25	2.718462
占星	3.7916669999999999	1.3824730000000001	24	1.806795
长久	3.16	1.143095	25	2.438462
致歉	2.5	1.104536	26	3.098462
重罚	2.6923080000000001	1.1231819999999999	26	2.906154
住户	1.769231	0.81523900000000005	26	3.829231
专横	3.4230770000000001	0.98683600000000005	26	2.175385
庄稼	1.5769230000000001	0.70274199999999998	26	4.021539
资格	3.1923080000000001	1.2967409999999999	26	2.406154
自从	3.7916669999999999	1.020621	24	1.806795
总管	2.3076919999999999	1.049542	26	3.290770
最后	2.961538	1.2483839999999999	26	2.636924
靶场	1.7391300000000001	0.96377100000000004	23	3.859332
褒奖	2.8636360000000001	1.1252709999999999	22	2.734826
保密	2.652174	1.368765	23	2.946288
被捕	1.9565220000000001	0.87792400000000004	23	3.641940
逼供	2.3333330000000001	1.0165299999999999	21	3.265129
逼迫	3.347826	1.191206	23	2.250636
比试	2.652174	1.191206	23	2.946288
镖客	2.086957	1.1246430000000001	23	3.511505
财经	3.3043480000000001	1.2945610000000001	23	2.294114
尝试	3.2173910000000001	0.99802199999999996	23	2.381071
出产	3.1304349999999999	0.96786300000000003	23	2.468027
出轨	2.6190479999999998	1.1169690000000001	21	2.979414
出家	2.3043480000000001	1.019571	23	3.294114
处世	4.086957	0.90015400000000001	23	1.511505
脆弱	3	1.069045	22	2.598462
搭建	2.5217390000000002	0.99405299999999996	23	3.076723
大麻	1.5909089999999999	0.959121	22	4.007553
代表	3.086957	0.94930800000000004	23	2.511505
殆尽	3.8181820000000002	1.0527230000000001	22	1.780280
但愿	4	0.87287199999999998	22	1.598462
弹匣	1.478261	0.89795599999999998	23	4.120201
底价	2.5652170000000001	1.1609590000000001	23	3.033245
地步	3.9	1.2523660000000001	20	1.698462
电压	2.3043480000000001	1.2945610000000001	23	3.294114
殿宇	2.2173910000000001	0.99802199999999996	23	3.381071
顶尖	2.7391299999999998	1.321755	23	2.859332
冬至	1.7391300000000001	1.1368769999999999	23	3.859332
斗气	3.1428569999999998	1.0623419999999999	21	2.455605
短促	3.652174	1.0706279999999999	23	1.946288
短见	3.4347829999999999	1.03687	23	2.163679
堕落	3.6956519999999999	1.2589600000000001	23	1.902810
番茄	1.086957	0.28810400000000003	23	4.511505
范例	2.65	1.089423	20	2.948462
风骚	3.7727270000000002	1.066004	22	1.825735
风水	3.6086960000000001	1.3730899999999999	23	1.989766
讽刺	3.4090910000000001	1.2212050000000001	22	2.189371
服药	1.6956519999999999	0.55879599999999996	23	3.902810
各方	3.2	1.1964859999999999	20	2.398462
工会	1.8636360000000001	0.99021199999999998	22	3.734826
公德	3.2727270000000002	1.2414210000000001	22	2.325735
公开	2.4090910000000001	0.85407100000000002	22	3.189371
古董	1.7391300000000001	1.1368769999999999	23	3.859332
股东	2.045455	0.898532	22	3.553007
观光	2.5652170000000001	1.1609590000000001	23	3.033245
规章	2.1739130000000002	1.072473	23	3.424549
和善	2.913043	1.2399800000000001	23	2.685419
虎穴	2.7619050000000001	1.2611410000000001	21	2.836557
户主	1.5652170000000001	0.72776700000000005	23	4.033245
挥手	1.521739	0.79025699999999999	23	4.076723
回暖	3	1.1401749999999999	21	2.598462
击败	2.454545	1.0107649999999999	22	3.143917
脊椎	1.173913	0.38755299999999998	23	4.424549
记载	2.0434779999999999	0.975997	23	3.554984
监狱	1.347826	0.93462199999999995	23	4.250636
见谅	3.3913039999999999	1.076152	23	2.207158
剑道	2.7391299999999998	1.452815	23	2.859332
胶囊	1.5	0.74001300000000003	22	4.098462
觉醒	3.8095240000000001	1.0304880000000001	21	1.788938
竭力	3.545455	1.056827	22	2.053007
解散	2.3043480000000001	1.1845509999999999	23	3.294114
警觉	3.6363639999999999	0.902138	22	1.962098
就要	3.9444439999999998	1.161754	18	1.654018
捐躯	2.454545	0.91168499999999997	22	3.143917
倔强	3.1739130000000002	1.1541300000000001	23	2.424549
扩建	2.4347829999999999	1.1609590000000001	23	3.163679
牢记	3.1818179999999998	1.006473	22	2.416644
乐趣	3.652174	0.93462199999999995	23	1.946288
冷气	2.1739130000000002	0.88688299999999998	23	3.424549
理念	4.2608699999999997	0.86431199999999997	23	1.337592
吝啬	3.347826	1.191206	23	2.250636
迷你	3.4761899999999999	1.077917	21	2.122272
觅食	2.454545	0.91168499999999997	22	3.143917
蔑视	3.5	1.185227	22	2.098462
民怨	3.3181820000000002	1.2105239999999999	22	2.280280
明理	3.4782609999999998	0.99405299999999996	23	2.120201
墓碑	1.347826	0.71406000000000003	23	4.250636
柠檬	1.1304350000000001	0.45769700000000002	23	4.468027
配音	2.1304349999999999	0.91970099999999999	23	3.468027
盆地	2.1818179999999998	1.0970249999999999	22	3.416644
皮带	1.3043480000000001	0.470472	23	4.294114
皮鞋	1.1304350000000001	0.34434999999999999	23	4.468027
漂泊	3.2727270000000002	0.88273500000000005	22	2.325735
妻子	1.4347829999999999	0.58976799999999996	23	4.163679
气节	3.6190479999999998	1.465476	21	1.979414
趣事	3.1739130000000002	1.029217	23	2.424549
忍让	3.454545	0.96250000000000002	22	2.143917
容量	2.7619050000000001	0.99522699999999997	21	2.836557
赏月	2.086957	0.79275399999999996	23	3.511505
慎重	3.454545	1.29935	22	2.143917
世界	3.4285709999999998	1.434274	21	2.169891
事主	2.473684	1.073334	19	3.124778
水力	2.714286	1.1019460000000001	21	2.884176
司机	1.521739	0.79025699999999999	23	4.076723
素食	2.3043480000000001	0.82212499999999999	23	3.294114
缩小	2.913043	1.1643589999999999	23	2.685419
逃避	3.4347829999999999	0.99206300000000003	23	2.163679
透露	3.1304349999999999	1.0137400000000001	23	2.468027
托运	2.0434779999999999	0.47465400000000002	23	3.554984
违约	2.3913039999999999	0.89132800000000001	23	3.207158
武士	2	0.95346299999999995	23	3.598462
夏令	2.9090910000000001	1.2690109999999999	22	2.689371
先进	3.3181820000000002	1.249242	22	2.280280
消遣	3.3913039999999999	1.1575500000000001	23	2.207158
心志	3.954545	1.0900970000000001	22	1.643917
形容	4.0434780000000003	0.76741999999999999	23	1.554984
眩晕	2.6956519999999999	1.0632189999999999	23	2.902810
阳台	1.2608699999999999	0.68869999999999998	23	4.337592
依恋	3.6956519999999999	1.0632189999999999	23	1.902810
移居	2.652174	0.98205200000000004	23	2.946288
抑扬	3.7727270000000002	1.2698640000000001	22	1.825735
易地	3	1.105542	19	2.598462
音波	3	1.2344269999999999	22	2.598462
引发	3.7826089999999999	0.99802199999999996	23	1.815853
永恒	4.3333329999999997	1.064581	21	1.265129
怨恨	3.5652170000000001	1.0798179999999999	23	2.033245
杂志	1.4347829999999999	0.58976799999999996	23	4.163679
站岗	1.7272730000000001	0.63108500000000001	22	3.871189
鹧鸪	1.347826	0.647281	23	4.250636
知道	2.9090910000000001	1.1509450000000001	22	2.689371
致辞	2.3913039999999999	1.1961729999999999	23	3.207158
众人	2.6086960000000001	1.2335879999999999	23	2.989766
煮饭	1.7826090000000001	1.0425720000000001	23	3.815853
住持	2.2727270000000002	0.88273500000000005	22	3.325735
作用	3.6363639999999999	1.048602	22	1.962098
绊倒	2.0434779999999999	0.63805500000000004	23	3.554984
鼻孔	1.1304350000000001	0.34434999999999999	23	4.468027
编辑	2.9565220000000001	1.0650759999999999	23	2.641940
贬低	3.5217390000000002	0.94722399999999995	23	2.076723
冰凉	2.2173910000000001	1.1660550000000001	23	3.381071
捕捉	2.3636360000000001	1.002162	22	3.234826
惭愧	3.5652170000000001	1.1211230000000001	23	2.033245
潮水	1.5652170000000001	0.58976799999999996	23	4.033245
车速	1.8695649999999999	0.91970099999999999	23	3.728897
成员	2.652174	0.88465199999999999	23	2.946288
诚意	3.5	1.144344	22	2.098462
驰名	3.8421050000000001	0.95818999999999999	19	1.756357
丑陋	3.0434779999999999	1.223938	23	2.554984
储存	2.347826	0.98205200000000004	23	3.250636
猝死	2.086957	1.0834729999999999	23	3.511505
大计	3.5789469999999999	1.017393	19	2.019515
大戏	3.1428569999999998	1.1526369999999999	21	2.455605
带动	3.4782609999999998	0.94722399999999995	23	2.120201
档案	1.6956519999999999	0.55879599999999996	23	3.902810
殿下	2.454545	1.5032430000000001	22	3.143917
东部	2.454545	1.405	22	3.143917
毒气	1.6956519999999999	0.70290200000000003	23	3.902810
夺取	2.913043	1.3112470000000001	23	2.685419
发根	2.1052629999999999	0.87526099999999996	19	3.493199
方寸	3.6086960000000001	1.2335879999999999	23	1.989766
放弃	3.086957	0.99604000000000004	23	2.511505
封印	3.3181820000000002	1.4271640000000001	22	2.280280
扶手	1.347826	0.486985	23	4.250636
讣闻	2.2777780000000001	1.406102	18	3.320684
覆盖	3.1739130000000002	1.1541300000000001	23	2.424549
改动	2.7391299999999998	1.1368769999999999	23	2.859332
赶到	2.7727270000000002	1.066004	22	2.825735
高调	3.7272729999999998	1.031957	22	1.871189
根基	3.2608700000000002	1.2142109999999999	23	2.337592
工商	2.6956519999999999	1.2223219999999999	23	2.902810
故人	2.4347829999999999	1.1211230000000001	23	3.163679
挂彩	2.913043	1.1246430000000001	23	2.685419
过去	3.5217390000000002	1.2383850000000001	23	2.076723
函数	2.9047619999999998	1.546116	21	2.693700
悍匪	2.1739130000000002	0.98406300000000002	23	3.424549
行踪	3.0434779999999999	1.3306960000000001	23	2.554984
好客	3.4782609999999998	1.0387740000000001	23	2.120201
浩瀚	4	0.92581999999999998	22	1.598462
滑稽	3.3913039999999999	0.83878299999999995	23	2.207158
环顾	3.0476190000000001	0.97345700000000002	21	2.550843
激情	3.4347829999999999	1.0798179999999999	23	2.163679
羁绊	3.954545	1.0455019999999999	22	1.643917
集资	2.6086960000000001	1.076152	23	2.989766
驾车	1.7826090000000001	0.85048199999999996	23	3.815853
讲话	1.826087	1.029217	23	3.772375
奖券	1.7826090000000001	0.95138800000000001	23	3.815853
降温	2.1739130000000002	1.11405	23	3.424549
轿车	1.347826	0.88465199999999999	23	4.250636
解剖	2.347826	0.98205200000000004	23	3.250636
戒律	3.1363639999999999	1.1668210000000001	22	2.462098
金融	3.3913039999999999	1.2699009999999999	23	2.207158
经济	3.4347829999999999	1.3082290000000001	23	2.163679
旧闻	2.6956519999999999	1.1051439999999999	23	2.902810
决赛	1.9565220000000001	1.1862189999999999	23	3.641940
苦笑	2.3913039999999999	0.98807100000000003	23	3.207158
篮球	1.2173909999999999	0.51843499999999998	23	4.381071
类比	3.7272729999999998	0.76729700000000001	22	1.871189
俚语	3	1.374369	19	2.598462
沥青	1.4347829999999999	0.50687000000000004	23	4.163679
掠夺	2.8695650000000001	1.2542420000000001	23	2.728897
茅厕	1.5652170000000001	0.84348199999999995	23	4.033245
盟国	2.1739130000000002	1.1541300000000001	23	3.424549
渺茫	4.2608699999999997	1.009833	23	1.337592
明星	2.0434779999999999	0.87792400000000004	23	3.554984
鸣叫	2.2608700000000002	0.91539300000000001	23	3.337592
品评	3.454545	0.96250000000000002	22	2.143917
婆媳	1.7826090000000001	1.0425720000000001	23	3.815853
普通	3.3636360000000001	1.0930709999999999	22	2.234826
棋盘	1.4347829999999999	0.50687000000000004	23	4.163679
麒麟	2.045455	1.3619760000000001	22	3.553007
牵制	3.5217390000000002	0.94722399999999995	23	2.076723
敲诈	2.9565220000000001	1.1472599999999999	23	2.641940
驱逐	2.6818179999999998	1.0861190000000001	22	2.916644
热闹	3	1.314257	23	2.598462
撒种	2.1818179999999998	1.0970249999999999	22	3.416644
散步	1.826087	1.029217	23	3.772375
上进	3.4090910000000001	1.140555	22	2.189371
深海	2.4347829999999999	1.27301	23	3.163679
胜败	2.6956519999999999	1.2589600000000001	23	2.902810
失陪	3	1.183216	21	2.598462
石榴	1.2727269999999999	0.70250000000000001	22	4.325735
视点	3.3181820000000002	0.89370099999999997	22	2.280280
熟食	1.7826090000000001	0.85048199999999996	23	3.815853
酸雨	2.0909089999999999	1.1509450000000001	22	3.507553
堂皇	3.8571430000000002	1.0141849999999999	21	1.741319
讨论	2.9565220000000001	1.0215080000000001	23	2.641940
调子	3.2727270000000002	1.077113	22	2.325735
听觉	2.5217390000000002	1.441892	23	3.076723
突出	3.3043480000000001	1.1845509999999999	23	2.294114
团体	2.5652170000000001	1.0798179999999999	23	3.033245
外地	2.347826	1.191206	23	3.250636
外围	3.0909089999999999	1.0192939999999999	22	2.507553
呜呼	4.2105259999999998	0.85498200000000002	19	1.387936
无悔	3.714286	1.007118	21	1.884176
物资	2.347826	1.1524160000000001	23	3.250636
香水	1.6086959999999999	1.076152	23	3.989766
小心	3.2727270000000002	0.88273500000000005	22	2.325735
信件	1.5652170000000001	0.66237100000000004	23	4.033245
信息	3.2173910000000001	1.1263989999999999	23	2.381071
杏林	2.3913039999999999	1.1175919999999999	23	3.207158
虚拟	3.8695650000000001	1.2542420000000001	23	1.728897
悬挂	2.5217390000000002	1.201119	23	3.076723
伊朗	1.478261	0.79025699999999999	23	4.120201
英俊	3.4347829999999999	1.1211230000000001	23	2.163679
悠久	3.3043480000000001	1.1051439999999999	23	2.294114
邮轮	1.6086959999999999	0.83878299999999995	23	3.989766
犹如	4.1818179999999998	0.90692399999999995	22	1.416644
元年	3.1363639999999999	1.1668210000000001	22	2.462098
跃动	3.4090910000000001	1.0980110000000001	22	2.189371
云层	2.4347829999999999	1.3082290000000001	23	3.163679
责备	3.086957	1.0834729999999999	23	2.511505
珍贵	3.347826	1.1524160000000001	23	2.250636
支配	3.3043480000000001	1.2945610000000001	23	2.294114
只求	3.6111110000000002	1.0369010000000001	18	1.987351
中年	2.714286	1.270545	21	2.884176
捉拿	2.6818179999999998	0.99457399999999996	22	2.916644
宗师	3	1.309307	22	2.598462
做东	3.2608700000000002	1.0961669999999999	23	2.337592
败军	2.5294120000000002	0.96091199999999999	34	3.069050
薄饼	1.470588	0.825183	34	4.127874
豹子	1.3333330000000001	0.59511899999999995	33	4.265129
爆竹	1.485714	0.701739	35	4.112748
杯子	1.3142860000000001	0.52978499999999995	35	4.284176
北岸	2.6470590000000001	1.0697589999999999	34	2.951403
本周	2.1428569999999998	1.088519	35	3.455605
禀告	2.9428570000000001	1.2353339999999999	35	2.655605
病态	3.2285710000000001	1.214755	35	2.369891
布丁	1.8285709999999999	0.95442400000000005	35	3.769891
常识	3.4	1.217519	35	2.198462
嫦娥	2.3142860000000001	1.2781290000000001	35	3.284176
沉醉	3.7272729999999998	0.91079399999999999	33	1.871189
成败	3.4857140000000002	1.0108649999999999	35	2.112748
成语	2.8	1.106133	35	2.798462
筹备	3	1.2126779999999999	35	2.598462
处女	1.8857139999999999	0.96318800000000004	35	3.712748
慈善	2.6470590000000001	1.2764139999999999	34	2.951403
存货	2.4	1.0346919999999999	35	3.198462
导弹	1.4571430000000001	0.560612	35	4.141319
冬装	1.8	0.67736499999999999	35	3.798462
逗留	3	1.16316	35	2.598462
独裁	3	1.2833779999999999	35	2.598462
俄国	1.558824	0.99059799999999998	34	4.039638
恶果	3.5714290000000002	1.118973	35	2.027033
发病	2.7352940000000001	1.1094310000000001	34	2.863168
反差	3.545455	1.1750240000000001	33	2.053007
分裂	3.2571430000000001	1.196634	35	2.341319
付账	1.714286	0.66736700000000004	35	3.884176
赴约	2.0294120000000002	0.90404099999999998	34	3.569050
告白	2.7428569999999999	1.120474	35	2.855605
工具	2.5	1.0801229999999999	34	3.098462
工人	1.8285709999999999	0.92309300000000005	35	3.769891
工艺	3.4285709999999998	1.1449560000000001	35	2.169891
供应	3.2424240000000002	1.031695	33	2.356038
焊接	1.9117649999999999	0.93314900000000001	34	3.686697
好色	2.7714289999999999	1.113704	35	2.827033
糊口	3.558824	1.1062129999999999	34	2.039638
互通	3.1212119999999999	1.0827500000000001	33	2.477250
华人	1.8285709999999999	0.89066100000000004	35	3.769891
汇合	3.0882350000000001	1.1110370000000001	34	2.510227
继母	1.6	0.81167900000000004	35	3.998462
家务	2.3142860000000001	0.75814899999999996	35	3.284176
监考	1.8823529999999999	0.80771700000000002	34	3.716109
搅扰	3.441176	0.99059799999999998	34	2.157286
接济	2.8857140000000001	1.207122	35	2.712748
竭尽	3.4848479999999999	1.2530269999999999	33	2.113614
界线	2.6857139999999999	1.1316679999999999	35	2.912748
京剧	1.714286	0.92581999999999998	35	3.884176
就算	4.25	0.94408899999999996	24	1.348462
看法	3.5	1.107823	34	2.098462
咳嗽	1.8285709999999999	1.070616	35	3.769891
口角	2.4705879999999998	1.0797110000000001	34	3.127874
框架	3	1.325736	34	2.598462
离婚	1.6	0.73564700000000005	35	3.998462
礼服	1.628571	0.68966000000000005	35	3.969891
荔枝	1.3142860000000001	0.75814899999999996	35	4.284176
刘海	1.8285709999999999	1.0427820000000001	35	3.769891
流感	2	0.829156	33	3.598462
漏网	2.969697	1.0150380000000001	33	2.628765
迈进	3.606061	0.96628800000000004	33	1.992401
毛笔	1.3142860000000001	0.67612300000000003	35	4.284176
名片	1.714286	0.89348700000000003	35	3.884176
慕名	3.371429	1.0869740000000001	35	2.227033
能力	3.6470590000000001	1.2764139999999999	34	1.951403
拍戏	2.0857139999999998	0.701739	35	3.512748
排练	2.4571429999999999	0.98048199999999996	35	3.141319
拚命	3.1428569999999998	1.191708	35	2.455605
平庸	3.657143	1.1617139999999999	35	1.941319
启发	3.7352940000000001	1.0242169999999999	34	1.863168
强大	3.4117649999999999	1.131308	34	2.186697
抢修	2.285714	0.98731400000000002	35	3.312748
清楚	3.342857	1.1617139999999999	35	2.255605
认证	3	1.0846519999999999	35	2.598462
日程	2.6857139999999999	1.1316679999999999	35	2.912748
设定	3.657143	0.93754599999999999	35	1.941319
申请	2.8125	0.965117	32	2.785962
失眠	2.2571430000000001	1.196634	35	3.341319
施肥	2.0857139999999998	1.0108649999999999	35	3.512748
时兴	3.8235290000000002	0.96830300000000002	34	1.774933
释然	4.1764710000000003	0.93648600000000004	34	1.421991
收费	2.1714289999999998	1.20014	35	3.427033
守夜	2	0.98473200000000005	34	3.598462
死神	3.1428569999999998	1.517406	35	2.455605
蓑衣	1.823529	1.0289919999999999	34	3.774933
锁头	1.84375	1.0809009999999999	32	3.754712
坦承	3.4285709999999998	1.118973	35	2.169891
讨厌	3.371429	1.2853410000000001	35	2.227033
土法	3.730769	0.91903000000000001	26	1.867693
外衣	1.657143	0.76477099999999998	35	3.941319
忘我	4	1.057188	35	1.598462
胃口	3.1470590000000001	1.1840440000000001	34	2.451403
卧床	2.2285710000000001	0.97273799999999999	35	3.369891
希望	4.1714289999999998	0.95442400000000005	35	1.427033
习惯	3.441176	1.210839	34	2.157286
喜庆	2.7941180000000001	1.2004900000000001	34	2.804344
下届	2.8484850000000002	1.1758299999999999	33	2.749977
显现	3.628571	0.97273799999999999	35	1.969891
线性	3.96875	1.0620849999999999	32	1.629712
象形	3.6470590000000001	1.2030860000000001	34	1.951403
潇洒	3.558824	1.133276	34	2.039638
校长	1.4	0.55306599999999995	35	4.198462
心灵	3.9428570000000001	1.1867620000000001	35	1.655605
羞愧	3.4	1.1167180000000001	35	2.198462
寻找	3.0909089999999999	1.259058	33	2.507553
训话	2.8	1.2319279999999999	35	2.798462
鸭蛋	1.181818	0.583874	33	4.416644
腌制	2.2352940000000001	0.92306500000000002	34	3.363168
羊奶	1.342857	0.48159400000000002	35	4.255605
洋人	2.1470590000000001	0.78363400000000005	34	3.451403
养病	2.5428570000000001	1.066684	35	3.055605
摇曳	3.575758	1.118881	33	2.022704
引诱	3.3823530000000002	1.128547	34	2.216109
油轮	1.428571	0.65465399999999996	35	4.169891
幼儿	1.7428570000000001	0.78000199999999997	35	3.855605
孕妇	1.428571	0.69813700000000001	35	4.169891
运河	1.857143	0.912103	35	3.741319
长矛	1.628571	1.002518	35	3.969891
蜘蛛	1.3529409999999999	0.69117200000000001	34	4.245521
挚友	2.5428570000000001	1.120474	35	3.055605
中心	2.969697	1.1587940000000001	33	2.628765
主婚	2.6363639999999999	1.19421	33	2.962098
嘱咐	3.0857139999999998	1.094678	35	2.512748
作风	3.714286	1.177521	35	1.884176
跋涉	3.3030300000000001	1.1587940000000001	33	2.295432
半死	3.6470590000000001	1.0410470000000001	34	1.951403
保持	3.4285709999999998	1.118973	35	2.169891
奔驰	2.030303	1.2370540000000001	33	3.568159
婢女	2.2571430000000001	1.3359920000000001	35	3.341319
鞭打	2.0882350000000001	0.99598100000000001	34	3.510227
博爱	3.5294120000000002	1.1866760000000001	34	2.069050
布景	2.8787880000000001	1.2185440000000001	33	2.719674
超市	1.514286	0.74246900000000005	35	4.084176
陈述	3.0285709999999999	1.0977440000000001	35	2.569891
趁机	3.5142859999999998	1.1471560000000001	35	2.084176
出租	2.2727270000000002	1.068665	33	3.325735
除恶	2.941176	1.179141	34	2.657286
传授	3.1428569999999998	1.309307	35	2.455605
醇厚	3.7714289999999999	1.0595699999999999	35	1.827033
粗俗	3.2571430000000001	1.3359920000000001	35	2.341319
存折	1.8857139999999999	1.2781290000000001	35	3.712748
盗窃	2.4	1.217519	35	3.198462
悼念	3.058824	1.1531560000000001	34	2.539638
抵制	3.2285710000000001	1.002518	35	2.369891
奠定	3.8857140000000001	1.1825060000000001	35	1.712748
洞穴	1.8285709999999999	1.1242179999999999	35	3.769891
独处	2.714286	1.4052720000000001	35	2.884176
发现	2.8857140000000001	1.300937	35	2.712748
法网	3.4571429999999999	1.146423	35	2.141319
愤怒	2.8857140000000001	1.300937	35	2.712748
概况	3.4285709999999998	1.118973	35	2.169891
果仁	1.7428570000000001	1.066684	35	3.855605
过节	2.3235290000000002	1.173459	34	3.274933
海底	2.2000000000000002	1.079215	35	3.398462
寒冷	2.628571	1.262251	35	2.969891
嚎哭	2.6	1.1682060000000001	35	2.998462
好奇	3.4848479999999999	1.202113	33	2.113614
浩大	3.9142860000000002	1.2454959999999999	35	1.684176
哄动	3.5806450000000001	1.088552	31	2.017817
忽略	3.5142859999999998	1.197336	35	2.084176
嘉奖	2.9142860000000002	1.2454959999999999	35	2.684176
剪刀	1.4571430000000001	1.066684	35	4.141319
矫健	3.3142860000000001	1.1316679999999999	35	2.284176
锦囊	2.6764709999999998	1.342106	34	2.921991
景物	2.5428570000000001	1.0100340000000001	35	3.055605
迥异	3.8484850000000002	1.064225	33	1.749977
鞠躬	2.2571430000000001	1.2682279999999999	35	3.341319
开发	3.714286	1.1000380000000001	35	1.884176
客观	4	1.057188	35	1.598462
老虎	1.285714	0.75034999999999996	35	4.312748
老实	3.6	0.97618700000000003	35	1.998462
理论	3.6764709999999998	1.0066619999999999	34	1.921991
连接	3.1142859999999999	1.1053729999999999	35	2.484176
凉亭	1.676471	0.94454099999999996	34	3.921991
猎人	1.485714	0.78107899999999997	35	4.112748
留级	2.4285709999999998	1.1703619999999999	35	3.169891
楼房	1.514286	0.612201	35	4.084176
麻疹	1.7272730000000001	0.83937200000000001	33	3.871189
马夫	1.7352939999999999	0.99419000000000002	34	3.863168
卖艺	2.7352940000000001	1.1094310000000001	34	2.863168
毛巾	1.3142860000000001	0.67612300000000003	35	4.284176
懵懂	4	0.887625	34	1.598462
名义	3.9117649999999999	1.239933	34	1.686697
拟定	3.8285710000000002	1.224402	35	1.769891
牛郎	2.2727270000000002	1.3293029999999999	33	3.325735
牛乳	1.485714	0.81786800000000004	35	4.112748
拍手	1.6	0.81167900000000004	35	3.998462
袍子	1.9142859999999999	1.094678	35	3.684176
赔罪	3.1714289999999998	1.248192	35	2.427033
盆栽	1.7428570000000001	0.91852999999999996	35	3.855605
批发	2.7428569999999999	1.2912110000000001	35	2.855605
批准	3.1142859999999999	1.300937	35	2.484176
票价	2.285714	1.0729679999999999	35	3.312748
平反	3.4117649999999999	1.1836679999999999	34	2.186697
期刊	2.2285710000000001	1.113704	35	3.369891
旗帜	1.7058819999999999	0.759961	34	3.892580
起伏	3.6	1.0346919999999999	35	1.998462
怯场	3.4	1.0346919999999999	35	2.198462
拳法	2.393939	1.058873	33	3.204523
人像	2.0571429999999999	1.0273570000000001	35	3.541319
丧假	2.6969699999999999	1.3106500000000001	33	2.901492
森林	1.6	0.81167900000000004	35	3.998462
沙发	1.4	0.65079100000000001	35	4.198462
释义	3.714286	1.0729679999999999	35	1.884176
受制	3.7428569999999999	1.0939099999999999	35	1.855605
水产	2.2285710000000001	1.0869740000000001	35	3.369891
水缸	1.4	0.60390900000000003	35	4.198462
死党	2.657143	1.1867620000000001	35	2.941319
随便	3.8857140000000001	0.96318800000000004	35	1.712748
胎儿	1.8	1.106133	35	3.798462
题材	3.1428569999999998	1.3534889999999999	35	2.455605
天窗	1.84375	0.95408700000000002	32	3.754712
同学	1.8857139999999999	1.022437	35	3.712748
头目	2.285714	1.1000380000000001	35	3.312748
投胎	3.5	1.5225580000000001	34	2.098462
团圆	3.1142859999999999	1.207122	35	2.484176
推崇	3.7352940000000001	1.2627250000000001	34	1.863168
推荐	2.9714290000000001	1.2944610000000001	35	2.627033
完整	2.9142860000000002	1.4826729999999999	35	2.684176
顽强	3.6857139999999999	1.207122	35	1.912748
宛如	3.9428570000000001	1.2353339999999999	35	1.655605
威胁	3.4571429999999999	1.196634	35	2.141319
唯一	3.0882350000000001	1.3787929999999999	34	2.510227
猥琐	3.558824	1.049998	34	2.039638
唏嘘	3.6875	0.99798200000000004	32	1.910962
奚落	3.6764709999999998	1.065167	34	1.921991
瞎说	3.4285709999999998	1.35659	35	2.169891
心脏	1.657143	1.083102	35	3.941319
兴旺	3.4705879999999998	0.99194599999999999	34	2.127874
幸福	3.4571429999999999	1.3137920000000001	35	2.141319
遗失	2.8857140000000001	1.1316679999999999	35	2.712748
印堂	2.4	1.241441	35	3.198462
庸俗	3.7352940000000001	1.136417	34	1.863168
鱼鳞	1.628571	1.214755	35	3.969891
逾期	3.0857139999999998	1.4010800000000001	35	2.512748
杂食	2.5142859999999998	1.121224	35	3.084176
债主	2	1.0289919999999999	35	3.598462
毡帽	1.606061	0.99810399999999999	33	3.992401
蒸发	3.285714	1.2964070000000001	35	2.312748
正派	3.2571430000000001	1.0100340000000001	35	2.341319
证人	1.9428570000000001	1.1099250000000001	35	3.655605
朱红	2.424242	1.275498	33	3.174220
主管	2.1428569999999998	1.033067	35	3.455605
住口	2.8235290000000002	1.3810530000000001	34	2.774933
自主	3.1764709999999998	1.4028240000000001	34	2.421991
奏效	3.371429	1.330319	35	2.227033
祖传	3.0571429999999999	1.282068	35	2.541319
安顿	2.6333329999999999	0.96430499999999997	30	2.965129
报失	3	1.069045	29	2.598462
必败	2.2999999999999998	1.118805	30	3.298462
标题	1.566667	0.67891100000000004	30	4.031795
表弟	1.233333	0.43018299999999998	30	4.365129
并肩	2.5333329999999998	0.97320399999999996	30	3.065129
病人	1.5	0.68228800000000001	30	4.098462
菜谱	1.5333330000000001	0.81930700000000001	30	4.065129
禅修	3.4482759999999999	1.212618	29	2.150186
厂长	1.4666669999999999	0.68144499999999997	30	4.131795
抄袭	2.2413789999999998	1.1229800000000001	29	3.357083
带病	2.4482759999999999	0.86957300000000004	29	3.150186
待定	3.3	1.149213	30	2.298462
弹簧	1.4482759999999999	0.68588899999999997	29	4.150186
倒叙	2.8333330000000001	1.019917	30	2.765129
灯笼	1.3333330000000001	0.80229600000000001	30	4.265129
钓竿	1.4	0.56324200000000002	30	4.198462
动情	3.5333329999999998	1.1366419999999999	30	2.065129
度假	2	1.0170950000000001	30	3.598462
对白	2.1	0.71196700000000002	30	3.498462
干果	1.6333329999999999	0.92785700000000004	30	3.965129
供求	2.6896550000000001	1.0036879999999999	29	2.908807
构造	2.8	1.030567	30	2.798462
估算	3.3	0.95231100000000002	30	2.298462
故障	2.2999999999999998	0.95231100000000002	30	3.298462
瓜果	1.5333330000000001	0.57134600000000002	30	4.065129
关于	3.464286	1.0357369999999999	28	2.134176
规划	3.0333329999999998	1.188547	30	2.565129
鬼魂	3.5714290000000002	1.525792	28	2.027033
黑手	3.4827590000000002	1.153278	29	2.115703
浑身	2.6666669999999999	0.88408699999999996	30	2.931795
基因	2.5333329999999998	1.3060430000000001	30	3.065129
既然	3.6206900000000002	0.94164700000000001	29	1.977772
礁石	1.6333329999999999	0.92785700000000004	30	3.965129
解释	2.8666670000000001	1.008014	30	2.731795
经过	3.2068970000000001	0.86103399999999997	29	2.391565
君子	2.8214290000000002	1.123934	28	2.777033
开始	2.4333330000000002	1.072648	30	3.165129
慷慨	2.8333330000000001	1.019917	30	2.765129
烤鸭	1.3	0.46609200000000001	30	4.298462
瞌睡	2.1333329999999999	0.97320399999999996	30	3.465129
苦海	3.9	1.061879	30	1.698462
阔别	3.3666670000000001	0.92785700000000004	30	2.231795
累及	3.8260869999999998	0.93673399999999996	23	1.772375
利刃	2.6206900000000002	1.082781	29	2.977772
撩乱	3.52	0.91833200000000004	25	2.078462
燎原	3.6333329999999999	0.96430499999999997	30	1.965129
领导	1.7931029999999999	0.86103399999999997	29	3.805359
骡子	1.5	0.77681900000000004	30	4.098462
麦芽	1.4666669999999999	0.50741599999999998	30	4.131795
脉冲	3.1034480000000002	1.0469280000000001	29	2.495014
美军	1.766667	0.62606200000000001	30	3.831795
迷路	2.0333329999999998	0.99942500000000001	30	3.565129
魔术	2.2999999999999998	1.2077340000000001	30	3.298462
泥浆	1.566667	0.67891100000000004	30	4.031795
年假	1.7241379999999999	0.75102599999999997	29	3.874324
宁可	3.6666669999999999	1.0283340000000001	30	1.931795
奴役	2.8333330000000001	1.147211	30	2.765129
讴歌	3.233333	1.278019	30	2.365129
攀登	1.933333	0.63968400000000003	30	3.665129
配给	3.4137930000000001	0.90700599999999998	29	2.184669
癖好	2.733333	0.90718699999999997	30	2.865129
旗袍	1.3	0.46609200000000001	30	4.298462
汽水	1.3333330000000001	0.54667200000000005	30	4.265129
亲情	2.733333	1.311312	30	2.865129
亲热	2.9	1.2415229999999999	30	2.698462
仁慈	3.1666669999999999	1.176885	30	2.431795
砂糖	1.433333	0.50400699999999998	30	4.165129
商人	1.766667	0.85836000000000001	30	3.831795
盛事	3	1.1141719999999999	30	2.598462
饰物	1.9666669999999999	0.80871700000000002	30	3.631795
释放	3.3666670000000001	1.159171	30	2.231795
首脑	2.1034480000000002	0.90019199999999999	29	3.495014
顺从	3.1	1.0938699999999999	30	2.498462
司令	1.433333	0.56832099999999997	30	4.165129
袒护	3	1.1141719999999999	30	2.598462
提前	2.5862069999999999	0.94556300000000004	29	3.012255
体魄	2.6666669999999999	1.1841870000000001	30	2.931795
田螺	1.3333330000000001	0.47946299999999997	30	4.265129
通宵	1.8666670000000001	0.89955300000000005	30	3.731795
同伴	1.862069	0.58089500000000005	29	3.736393
偷窃	1.8333330000000001	0.83390799999999998	30	3.765129
投入	3.0333329999999998	1.0980650000000001	30	2.565129
蛙人	2.461538	1.2721880000000001	26	3.136924
外传	3.3571430000000002	1.2236640000000001	28	2.241319
蟋蟀	1.3	0.53498299999999999	30	4.298462
洗尘	3.266667	1.2298960000000001	30	2.331795
洗礼	3.5517240000000001	1.1828000000000001	29	2.046738
险阻	3.2068970000000001	1.176536	29	2.391565
现役	2.5	1.074789	30	3.098462
向往	3.3	1.149213	30	2.298462
蝎子	1.266667	0.52083000000000002	30	4.331795
信赖	3.1	1.268994	30	2.498462
悬殊	3.6333329999999999	1.0662	30	1.965129
旋律	3	1.253566	29	2.598462
哑巴	1.4666669999999999	0.57134600000000002	30	4.131795
颜色	1.7931029999999999	0.81850500000000004	29	3.805359
遥望	3.233333	1.1943349999999999	30	2.365129
咬牙	1.896552	0.93902799999999997	29	3.701910
倚重	3.3103449999999999	1.072495	29	2.288117
阴沉	3.4	0.93218299999999998	30	2.198462
泳池	1.433333	0.56832099999999997	30	4.165129
用处	2.7931029999999999	1.2065090000000001	29	2.805359
用功	2.9310339999999999	1.1317189999999999	29	2.667428
用刑	2.3666670000000001	1.033352	30	3.231795
邮差	1.5	0.68228800000000001	30	4.098462
圆梦	3.0689660000000001	1.099709	29	2.529496
月食	1.566667	0.81720000000000004	30	4.031795
运转	3.0344829999999998	1.0170950000000001	29	2.563979
葬礼	1.733333	0.691492	30	3.865129
粘膜	2.5	0.90019199999999999	30	3.098462
占卜	2.8275860000000002	1.3381479999999999	29	2.770876
榛子	1.566667	0.77385400000000004	30	4.031795
阵风	2.6206900000000002	1.0146710000000001	29	2.977772
正常	2.862069	1.156477	29	2.736393
证件	1.4666669999999999	0.50741599999999998	30	4.131795
症状	2.4	0.81367599999999995	30	3.198462
止咳	2	0.98260700000000001	30	3.598462
纸袋	1.5333330000000001	0.77607899999999996	30	4.065129
重逢	2.9666670000000002	1.2994250000000001	30	2.631795
周围	2.8666670000000001	1.074255	30	2.731795
紫色	1.3333330000000001	0.54667200000000005	30	4.265129
左侧	1.7	0.74971299999999996	30	3.898462
作息	2.3666670000000001	1.0662	30	3.231795
版权	2.6666669999999999	1.2129570000000001	30	2.931795
半空	3.1	1.1846719999999999	30	2.498462
包办	3.0344829999999998	1.1796720000000001	29	2.563979
参拜	2.6551719999999999	1.110851	29	2.943290
沧海	3.3333330000000001	1.3476250000000001	30	2.265129
草药	1.8666670000000001	0.68144499999999997	30	3.731795
草纸	1.733333	0.82768200000000003	30	3.865129
嘲笑	2.9333330000000002	1.33735	30	2.665129
成分	2.766667	1.278019	30	2.831795
承受	3.2413789999999998	1.243703	29	2.357083
出现	2.8965519999999998	1.2054879999999999	29	2.701910
厨师	1.3	0.46609200000000001	30	4.298462
打赌	2.766667	1.1943349999999999	30	2.831795
捣乱	2.8666670000000001	1.195778	30	2.731795
到期	2.6	1.191927	30	2.998462
抵押	2.5333329999999998	1.2793680000000001	30	3.065129
地利	3.3928569999999998	1.196887	28	2.205605
帝王	1.6333329999999999	0.88991799999999999	30	3.965129
典范	3.1	1.2415229999999999	30	2.498462
丢脸	3.1	1.1551979999999999	30	2.498462
反叛	3.1333329999999999	1.1366419999999999	30	2.465129
犯法	2.0666669999999998	1.0148330000000001	30	3.531795
服役	2.2999999999999998	1.149213	30	3.298462
妇女	1.433333	0.56832099999999997	30	4.165129
高中	1.5	0.57235100000000005	30	4.098462
耿直	3.233333	1.135124	30	2.365129
勾引	3.035714	1.2013	28	2.562748
古语	2.733333	1.0806549999999999	30	2.865129
顾念	3.6071430000000002	1.100144	28	1.991319
拐卖	2.2000000000000002	1.063501	30	3.398462
观众	1.6	0.968468	30	3.998462
光年	2.3333330000000001	1.3217890000000001	30	3.265129
果酱	1.6	0.62145499999999998	30	3.998462
海啸	1.6666669999999999	0.71115899999999999	30	3.931795
合力	3.3	1.149213	30	2.298462
虹吸	3.04	1.2069240000000001	25	2.558462
后裔	2.266667	0.90718699999999997	30	3.331795
悔改	2.9	1.061879	30	2.698462
火箭	1.4666669999999999	0.62880999999999998	30	4.131795
激流	2.8666670000000001	1.195778	30	2.731795
急躁	2.9333330000000002	1.142693	30	2.665129
假说	3.5333329999999998	1.105888	30	2.065129
奸夫	1.9	0.75885599999999998	30	3.698462
借贷	2.4	1.2205140000000001	30	3.198462
筋斗	2.8666670000000001	1.3060430000000001	30	2.731795
筋骨	1.9666669999999999	0.85028700000000002	30	3.631795
井水	1.3666670000000001	0.55605300000000002	30	4.231795
眷顾	3.1724139999999998	1.1972879999999999	29	2.426048
决意	3.6	1.1325890000000001	30	1.998462
勘探	2.6	1.101723	30	2.998462
可贵	3.3666670000000001	1.217214	30	2.231795
累积	3.0333329999999998	1.159171	30	2.565129
理性	3.3333330000000001	1.295439	30	2.265129
连长	1.5333330000000001	0.73029699999999997	30	4.065129
莲花	1.3333330000000001	0.84418199999999999	30	4.265129
量刑	2.6206900000000002	1.1152770000000001	29	2.977772
踉跄	3.3666670000000001	1.376736	30	2.231795
凌辱	3.1333329999999999	1.3321829999999999	30	2.465129
领地	2.1	0.92288899999999996	30	3.498462
留堂	2.6923080000000001	1.086986	26	2.906154
留心	3	1.144703	30	2.598462
论文	1.566667	0.67891100000000004	30	4.031795
盲肠	1.6	0.85500600000000004	30	3.998462
盟军	2.1666669999999999	0.698932	30	3.431795
猛烈	3.266667	1.112107	30	2.331795
秘密	2.8275860000000002	1.364576	29	2.770876
排泄	1.857143	0.80343200000000004	28	3.741319
批斗	2.4333330000000002	0.89763400000000004	30	3.165129
拼图	1.862069	0.87522	29	3.736393
凭空	3.766667	0.97143100000000004	30	1.831795
歧视	3.2	1.297212	30	2.398462
启事	2.7241379999999999	0.95978200000000002	29	2.874324
起诉	2.5	1.1064080000000001	30	3.098462
器材	1.5333330000000001	0.68144499999999997	30	4.065129
擒拿	2.4	1.069966	30	3.198462
青松	1.6896549999999999	0.71231299999999997	29	3.908807
求职	1.9666669999999999	0.96430499999999997	30	3.631795
圈套	2.766667	1.2507470000000001	30	2.831795
全盛	3.4827590000000002	0.98636000000000001	29	2.115703
全新	2.5925929999999999	1.2483610000000001	27	3.005869
群岛	1.933333	0.98026500000000005	30	3.665129
韧带	1.8	0.76112400000000002	30	3.798462
少林	1.7407410000000001	0.81299999999999994	27	3.857721
声浪	2.7586210000000002	1.0574619999999999	29	2.839841
诗歌	1.8333330000000001	0.98552700000000004	30	3.765129
手指	1.4	0.56324200000000002	30	4.198462
熟悉	3.137931	1.1251709999999999	29	2.460531
搜集	2.9666670000000002	1.159171	30	2.631795
太平	3.3214290000000002	1.188013	28	2.277033
糖水	1.5	0.73108300000000004	30	4.098462
天空	1.433333	0.72793200000000002	30	4.165129
透视	2.7241379999999999	1.1921330000000001	29	2.874324
挽救	2.9	1.295882	30	2.698462
闻名	3.3448280000000001	1.261401	29	2.253634
诬蔑	3.1666669999999999	1.3152509999999999	30	2.431795
无害	2.9	1.2134309999999999	30	2.698462
细则	2.8	1.2429110000000001	30	2.798462
限额	2.5517240000000001	1.2417210000000001	29	3.046738
骁勇	3.6	1.1325890000000001	30	1.998462
笑话	2.2758620000000001	1.0985879999999999	29	3.322600
鞋带	1.3	0.46609200000000001	30	4.298462
星期	2.233333	1.006302	30	3.365129
腥臭	2.4	1.0034419999999999	30	3.198462
雄狮	1.5333330000000001	0.86036599999999996	30	4.065129
修正	3.137931	1.186957	29	2.460531
宣泄	3.25	1.1745760000000001	28	2.348462
亚洲	1.6	0.77013200000000004	30	3.998462
艳阳	2.3333330000000001	1.1841870000000001	30	3.265129
样板	2.3333330000000001	0.84418199999999999	30	3.265129
窈窕	3.7	0.98785699999999999	30	1.898462
医生	1.3666670000000001	0.55605300000000002	30	4.231795
佚名	2.9310339999999999	1.1317189999999999	29	2.667428
引擎	2.0344829999999998	0.98135300000000003	29	3.563979
召集	2.733333	1.112107	30	2.865129
召募	2.8965519999999998	1.175489	29	2.701910
真相	2.8275860000000002	1.136064	29	2.770876
镇静	3.1333329999999999	1.195778	30	2.465129
芝士	1.6333329999999999	0.76488999999999996	30	3.965129
痔疮	1.4666669999999999	0.50741599999999998	30	4.131795
中午	1.9666669999999999	1.0662	30	3.631795
重压	3.1333329999999999	1.074255	30	2.465129
子孙	1.9	0.84486300000000003	30	3.698462
租约	2.4827590000000002	1.056297	29	3.115703
摆设	2.84	1.1789829999999999	25	2.758462
比例	2.4230770000000001	1.2057549999999999	26	3.175385
贬值	2.84	1.143095	25	2.758462
步兵	1.44	0.65064100000000002	25	4.158462
部门	2.3076919999999999	1.086986	26	3.290770
嘈杂	2.84	0.898146	25	2.758462
草木	2.0769229999999999	1.2624759999999999	26	3.521539
差别	3.538462	1.207668	26	2.060000
畅快	3.3076919999999999	1.1231819999999999	26	2.290770
畅谈	2.961538	1.2483839999999999	26	2.636924
朝廷	2.2400000000000002	0.87939400000000001	25	3.358462
称职	3.0769229999999999	1.2303850000000001	26	2.521539
丞相	1.6	0.57735000000000003	25	3.998462
筹码	2.769231	1.242826	26	2.829231
储物	2.3461539999999999	1.16421	26	3.252308
触手	2.84	1.374773	25	2.758462
雌性	1.6153850000000001	0.85214699999999999	26	3.983077
窜改	3.230769	1.0698669999999999	26	2.367693
担架	1.3461540000000001	0.56159099999999995	26	4.252308
法文	2.1153849999999998	1.107318	26	3.483077
翻版	2.8461539999999999	1.007663	26	2.752308
反胃	2.3461539999999999	1.129329	26	3.252308
飞禽	2.0769229999999999	1.197433	26	3.521539
分期	2.3076919999999999	1.0107120000000001	26	3.290770
奋战	3.4230770000000001	0.90213399999999999	26	2.175385
糕点	1.3846149999999999	0.63730200000000004	26	4.213847
共振	3.44	1.1930350000000001	25	2.158462
雇员	1.6923079999999999	0.73589300000000002	26	3.906154
皈依	3.7826089999999999	0.99802199999999996	23	1.815853
海报	1.6923079999999999	0.67936600000000003	26	3.906154
汗水	1.5769230000000001	0.80860799999999999	26	4.021539
豪门	3.038462	1.112862	26	2.560000
花招	3.730769	1.150919	26	1.867693
划船	1.461538	0.76056699999999999	26	4.136924
环抱	2.3461539999999999	1.017539	26	3.252308
浣熊	1.538462	1.207668	26	4.060000
慌忙	3.1153849999999998	1.2108479999999999	26	2.483077
会谈	2.6923080000000001	1.1582479999999999	26	2.906154
火鸡	1.5769230000000001	0.75752600000000003	26	4.021539
鸡蛋	1.038462	0.19611600000000001	26	4.560000
集团	2.6923080000000001	1.192283	26	2.906154
剂量	3.1153849999999998	1.336471	26	2.483077
检点	3.64	1.1503620000000001	25	1.958462
降级	2.3076919999999999	1.049542	26	3.290770
觉得	4.0416670000000003	1.0826359999999999	24	1.556795
街灯	1.538462	0.81145599999999996	26	4.060000
街坊	1.961538	0.82368799999999998	26	3.636924
节哀	3.08	1.4118550000000001	25	2.518462
解放	3.230769	1.1066229999999999	26	2.367693
精力	3.3846150000000002	1.2673410000000001	26	2.213847
警察	1.1923079999999999	0.401918	26	4.406154
考虑	3.48	1.1944319999999999	25	2.118462
口音	2.5769229999999999	1.101747	26	3.021539
懒虫	3.0769229999999999	1.3243290000000001	26	2.521539
劳动	2.4230770000000001	1.101747	26	3.175385
历史	2.8076919999999999	1.3272299999999999	26	2.790770
笼络	3.64	0.95218999999999998	25	1.958462
楼价	2.5769229999999999	1.1374740000000001	26	3.021539
旅馆	1.5	0.86023300000000003	26	4.098462
毛发	1.461538	0.76056699999999999	26	4.136924
梦游	3.038462	1.341067	26	2.560000
绵延	3.76	1.0908709999999999	25	1.838462
霓虹	2.8461539999999999	1.1896990000000001	26	2.752308
炮制	3.5833330000000001	0.97430799999999995	24	2.015129
旗舰	2.875	1.1156010000000001	24	2.723462
亲属	1.6153850000000001	0.57109900000000002	26	3.983077
清理	2.6538460000000001	1.0561179999999999	26	2.944616
琼浆	3.1739130000000002	1.23038	23	2.424549
润饰	3.7894739999999998	1.2727459999999999	19	1.808988
杀价	3.4230770000000001	1.0648219999999999	26	2.175385
傻瓜	2.8076919999999999	1.386196	26	2.790770
神童	2.8076919999999999	1.2967409999999999	26	2.790770
渗透	3.461538	1.103839	26	2.136924
手艺	3	1.1313709999999999	26	2.598462
守信	2.6538460000000001	0.89184300000000005	26	2.944616
属于	3.5217390000000002	1.2745610000000001	23	2.076723
署名	2.1923080000000001	1.1320509999999999	26	3.406154
怂恿	3.6923080000000001	1.257592	26	1.906154
俗语	2.88	1.1661900000000001	25	2.718462
损害	2.961538	1.182566	26	2.636924
损伤	2.5	1.0677080000000001	26	3.098462
所属	3.625	1.0959410000000001	24	1.973462
铜牌	1.3846149999999999	0.496139	26	4.213847
统一	3	1.2961480000000001	26	2.598462
图腾	3.08	1.2884100000000001	25	2.518462
兔子	1.038462	0.19611600000000001	26	4.560000
王子	2.1923080000000001	1.2655190000000001	26	3.406154
威势	3.6923080000000001	1.0107120000000001	26	1.906154
维和	3.3461539999999999	1.0561179999999999	26	2.252308
畏缩	3.538462	1.0669869999999999	26	2.060000
污染	2.538462	1.1740790000000001	26	3.060000
仙鹤	2.3076919999999999	1.490483	26	3.290770
娴熟	3.4230770000000001	1.2057549999999999	26	2.175385
厢房	1.84	0.98657700000000004	25	3.758462
笑容	2	1.232883	26	3.598462
效力	3.269231	1.185165	26	2.329231
薪火	3.5217390000000002	0.94722399999999995	23	2.076723
幸运	3.9230770000000001	1.2624759999999999	26	1.675385
宣判	2.461538	0.85933800000000005	26	3.136924
压抑	3.538462	1.1395010000000001	26	2.060000
阉割	2.4	0.95742700000000003	25	3.198462
眼光	3.4230770000000001	1.2057549999999999	26	2.175385
谚语	2.68	1.0692680000000001	25	2.918462
议论	2.8846150000000002	0.90893000000000002	26	2.713847
银杏	1.1923079999999999	0.401918	26	4.406154
拥抱	1.730769	0.72430300000000003	26	3.867693
诱因	3.730769	1.115623	26	1.867693
冤情	3.1153849999999998	1.107318	26	2.483077
允诺	3.3461539999999999	1.0561179999999999	26	2.252308
诈骗	2.8846150000000002	0.81618199999999996	26	2.713847
照顾	2.9230770000000001	1.1635489999999999	26	2.675385
照耀	3.16	1.1789829999999999	25	2.438462
着数	3.6	1.095445	20	1.998462
贞洁	3.32	1.3453619999999999	25	2.278462
政治	3.038462	1.341067	26	2.560000
质询	3.12	0.88128700000000004	25	2.478462
逐渐	3.461538	0.94787200000000005	26	2.136924
主持	2.269231	1.0414490000000001	26	3.329231
撞倒	1.8076920000000001	0.56704399999999999	26	3.790770
资金	1.6538459999999999	0.74524100000000004	26	3.944616
字数	1.3846149999999999	0.75243199999999999	26	4.213847
踪迹	2.769231	1.1066229999999999	26	2.829231
尊崇	3.730769	0.91903000000000001	26	1.867693
座垫	1.24	0.43589	25	4.358462
按照	3.3076919999999999	1.3789629999999999	26	2.290770
版画	2.038462	0.82368799999999998	26	3.560000
别致	3.6538460000000001	1.0561179999999999	26	1.944616
部署	2.8461539999999999	1.1555880000000001	26	2.752308
参照	3.1923080000000001	1.2335069999999999	26	2.406154
惨剧	2.8846150000000002	1.107318	26	2.713847
草图	2.230769	0.99227799999999999	26	3.367693
车身	1.5	0.64807400000000004	26	4.098462
赤贫	3.4090910000000001	0.959121	22	2.189371
冲击	3.3846150000000002	1.1688259999999999	26	2.213847
存亡	3	1.2649109999999999	26	2.598462
打闹	2.5	1.208305	26	3.098462
当家	2.730769	1.218448	26	2.867693
得失	3.1153849999999998	1.243444	26	2.483077
登场	2.36	0.95218999999999998	25	3.238462
等于	2.269231	1.457606	26	3.329231
缔结	3.2727270000000002	1.2024509999999999	22	2.325735
电动	2.3846150000000002	1.1340870000000001	26	3.213847
电子	2.230769	1.142198	26	3.367693
动听	3.6153849999999998	0.982931	26	1.983077
独立	3.1923080000000001	1.1668499999999999	26	2.406154
珐琅	2.3684210000000001	1.211543	19	3.230041
凡事	3.44	1.325393	25	2.158462
方可	3.454545	1.1843129999999999	22	2.143917
风流	3.730769	1.115623	26	1.867693
伏笔	3.4230770000000001	1.2384850000000001	26	2.175385
负数	2	0.8	26	3.598462
富豪	2.6153849999999998	1.1688259999999999	26	2.983077
攻陷	3.038462	1.2159199999999999	26	2.560000
共鸣	3.52	1.1944319999999999	25	2.078462
沟渠	2.2799999999999998	1.3076700000000001	25	3.318462
观念	3.769231	1.210213	26	1.829231
管工	2.48	1.2288209999999999	25	3.118462
管状	2.3846150000000002	0.941357	26	3.213847
贯彻	3.4	1.0801229999999999	25	2.198462
汉字	1.3846149999999999	0.85214699999999999	26	4.213847
行程	2.3461539999999999	0.89184300000000005	26	3.252308
豪华	3.08	1.037625	25	2.518462
浩荡	3.3461539999999999	1.129329	26	2.252308
合谋	3.3076919999999999	1.1231819999999999	26	2.290770
恒久	3.72	1.0214369999999999	25	1.878462
横财	2.6666669999999999	1.2394480000000001	24	2.931795
轰炸	2.1153849999999998	0.86380199999999996	26	3.483077
呼吸	1.961538	1.1482429999999999	26	3.636924
黄金	1.2	0.408248	25	4.398462
绘图	1.769231	0.86291099999999998	26	3.829231
集会	2.3076919999999999	1.0107120000000001	26	3.290770
挟持	2.84	1.2476640000000001	25	2.758462
坚毅	3.5769229999999999	1.0648219999999999	26	2.021539
缄默	3.2608700000000002	0.91539300000000001	23	2.337592
简直	3.625	1.172604	24	1.973462
骄傲	3.1538460000000001	1.2228589999999999	26	2.444616
皎洁	3.269231	1.115623	26	2.329231
脚跟	1.6538459999999999	0.89184300000000005	26	3.944616
较量	3.4230770000000001	1.02657	26	2.175385
今生	3	1.4142140000000001	26	2.598462
谨慎	3.038462	1.182566	26	2.560000
酒吧	1.28	0.458258	25	4.318462
考究	3.230769	1.0698669999999999	26	2.367693
夸口	3.5	0.98994899999999997	26	2.098462
冷汗	2.3076919999999999	1.289007	26	3.290770
例外	2.84	1.2806249999999999	25	2.758462
聆听	2.8076919999999999	1.1320509999999999	26	2.790770
笼子	1.3846149999999999	0.75243199999999999	26	4.213847
录取	1.8076920000000001	0.80096100000000003	26	3.790770
路障	2.038462	1.2483839999999999	26	3.560000
马甲	2.038462	1.0384899999999999	26	3.560000
面善	3.3076919999999999	1.257592	26	2.290770
摸黑	2.961538	1.1482429999999999	26	2.636924
牟利	3.0416669999999999	1.1601790000000001	24	2.556795
跑腿	2.6538460000000001	1.263085	26	2.944616
撇下	2.96	1.059874	25	2.638462
平价	3	1.232883	26	2.598462
仆人	1.461538	0.64688599999999996	26	4.136924
蒲扇	1.3846149999999999	0.75243199999999999	26	4.213847
其实	3.625	1.172604	24	1.973462
其他	3.7727270000000002	1.2317940000000001	22	1.825735
弃权	2.6153849999999998	1.2673410000000001	26	2.983077
千万	3.6	1.3228759999999999	25	1.998462
前奏	2.52	1.084743	25	3.078462
墙纸	1.5	0.58309500000000003	26	4.098462
腮腺	2.16	1.5459620000000001	25	3.438462
山谷	1.5769230000000001	0.98683600000000005	26	4.021539
蛇头	2.1538460000000001	1.1896990000000001	26	3.444616
胜利	2.8076919999999999	1.386196	26	2.790770
盛怒	3.16	1.143095	25	2.438462
世代	3.4230770000000001	0.90213399999999999	26	2.175385
市郊	2.1153849999999998	1.107318	26	3.483077
收市	2.6363639999999999	1.1769799999999999	22	2.962098
受苦	3.3461539999999999	1.129329	26	2.252308
数学	2.0769229999999999	1.1635489999999999	26	3.521539
衰弱	3.461538	1.103839	26	2.136924
寺庙	1.230769	0.42966900000000002	26	4.367693
滩头	2.12	1.2013879999999999	25	3.478462
探索	3.5769229999999999	1.2703720000000001	26	2.021539
通商	2.7916669999999999	1.102533	24	2.806795
投靠	2.961538	1.1482429999999999	26	2.636924
喜剧	2.230769	0.95111299999999999	26	3.367693
喜帖	1.5769230000000001	0.80860799999999999	26	4.021539
细心	3.4	1.154701	25	2.198462
享乐	3.4230770000000001	1.2384850000000001	26	2.175385
象牙	1.269231	0.53349400000000002	26	4.329231
续借	3.12	1.2013879999999999	25	2.478462
选手	1.68	0.74833099999999997	25	3.918462
学问	3.461538	1.1395010000000001	26	2.136924
移民	1.8846149999999999	0.76560700000000004	26	3.713847
应用	3	1.0583009999999999	26	2.598462
用力	2.769231	1.242826	26	2.829231
由衷	3.6153849999999998	1.1340870000000001	26	1.983077
渔民	1.461538	0.70601800000000003	26	4.136924
语言	2.1923080000000001	1.3272299999999999	26	3.406154
缘起	3.68	1.029563	25	1.918462
源头	2.8846150000000002	0.95192100000000002	26	2.713847
粤语	1.730769	0.91903000000000001	26	3.867693
遭受	3.3846150000000002	1.1340870000000001	26	2.213847
展望	3.6153849999999998	1.2985199999999999	26	1.983077
照着	3.4	1.0801229999999999	25	2.198462
枕头	1.269231	0.66679500000000003	26	4.329231
只好	3.625	1.209114	24	1.973462
直视	2.5769229999999999	1.02657	26	3.021539
制衡	3.36	1.1860299999999999	25	2.238462
制作	2.461538	1.0669869999999999	26	3.136924
坐镇	3.1153849999999998	1.1773499999999999	26	2.483077
报刊	1.821429	0.86296499999999998	28	3.777033
鲍鱼	1.321429	0.81892299999999996	28	4.277033
辩护	3.4074070000000001	0.74726499999999996	27	2.191055
病症	3.035714	1.2013	28	2.562748
博物	3.6923080000000001	1.192283	26	1.906154
布局	3.464286	1.1700630000000001	28	2.134176
茶点	2	0.902671	28	3.598462
常理	3.6071430000000002	0.78595499999999996	28	1.991319
车牌	1.464286	0.74446800000000002	28	4.134176
车胎	1.107143	0.41626999999999997	28	4.491319
成就	3.6428569999999998	0.98936100000000005	28	1.955605
处理	3.3928569999999998	0.87514199999999998	28	2.205605
垂钓	1.928571	0.71639900000000001	28	3.669891
搭救	2.6428569999999998	0.73102100000000003	28	2.955605
捣碎	2.3214290000000002	0.94491099999999995	28	3.277033
道士	1.642857	0.91142100000000004	28	3.955605
德文	2.1428569999999998	1.380131	28	3.455605
低迷	3.3571430000000002	0.82616000000000001	28	2.241319
电力	2.3333330000000001	0.83204999999999996	27	3.265129
刁民	2.5	1.0715170000000001	28	3.098462
冬瓜	1.107143	0.41626999999999997	28	4.491319
动向	3.8076919999999999	0.69393000000000005	26	1.790770
豆浆	1.25	0.64549699999999999	28	4.348462
对联	1.892857	0.95604500000000003	28	3.705605
扼要	3.5925929999999999	0.930643	27	2.005869
凡间	3.36	1.1503620000000001	25	2.238462
非议	3.6296300000000001	0.79169500000000004	27	1.968832
分享	3.1428569999999998	0.93151799999999996	28	2.455605
辅导	3.0714290000000002	0.978607	28	2.527033
复古	3.6785709999999998	1.123934	28	1.919891
复习	2.8214290000000002	1.020297	28	2.777033
感想	4.1071429999999998	0.68525700000000001	28	1.491319
干脆	3.1111110000000002	1.120897	27	2.487351
格式	3	1.0741719999999999	27	2.598462
个人	2.518519	1.1221669999999999	27	3.079943
根部	2.4074070000000001	1.152231	27	3.191055
公牛	1.7037040000000001	1.0675209999999999	27	3.894758
购物	2.035714	0.79265799999999997	28	3.562748
顾主	2.4074070000000001	1.2171609999999999	27	3.191055
冠军	1.785714	0.91720800000000002	28	3.812748
孩童	1.678571	0.81892299999999996	28	3.919891
和尚	1.392857	0.49734699999999998	28	4.205605
画风	4.2142860000000004	0.78679600000000005	28	1.384176
画家	1.892857	0.83174499999999996	28	3.705605
怀疑	3.4285709999999998	1.069045	28	2.169891
皇宫	1.857143	0.84827900000000001	28	3.741319
积怨	3.5	1	28	2.098462
基调	4.1428570000000002	0.89087099999999997	28	1.455605
煎熬	3.464286	0.88116700000000003	28	2.134176
见鬼	3.8	1.224745	25	1.798462
焦急	3.1785709999999998	1.123934	28	2.419891
叫骂	2.4074070000000001	1.009922	27	3.191055
叫声	2.25	1.142609	28	3.348462
酒杯	1.428571	0.83571099999999998	28	4.169891
旧式	3.3703699999999999	0.96668100000000001	27	2.228092
救济	3.1071430000000002	1.030616	28	2.491319
竣工	2.3703699999999999	1.0432250000000001	27	3.228092
开端	2.925926	0.99714700000000001	27	2.672536
刊登	2.6428569999999998	0.67846700000000004	28	2.955605
可是	3.6666669999999999	0.96609199999999995	21	1.931795
可喜	3.1481479999999999	1.0990800000000001	27	2.450314
库房	1.678571	0.772374	28	3.919891
魁梧	2.7777780000000001	1.2506409999999999	27	2.820684
褴褛	3.1851850000000002	1.0754980000000001	27	2.413277
乐意	3.1428569999999998	1.0079050000000001	28	2.455605
劣等	3.5	0.86023300000000003	26	2.098462
毛毯	1.428571	0.79015100000000005	28	4.169891
美元	1.571429	0.99735099999999999	28	4.027033
魅力	3.8148149999999998	1.0754980000000001	27	1.783647
名额	2.535714	1.104943	28	3.062748
明君	2.8461539999999999	1.1555880000000001	26	2.752308
冥想	3.9285709999999998	0.93999900000000003	28	1.669891
摹仿	2.8928569999999998	0.99402999999999997	28	2.705605
母婴	2	0.902671	28	3.598462
怒火	3.285714	1.049061	28	2.312748
配角	2.75	0.96704999999999997	28	2.848462
翩翩	4.1666670000000003	1.00722	24	1.431795
气温	2.4285709999999998	1.3173649999999999	28	3.169891
契约	2.5714290000000002	0.99735099999999999	28	3.027033
前瞻	3.6923080000000001	0.92819099999999999	26	1.906154
抢先	3.1785709999999998	0.94491099999999995	28	2.419891
窃贼	1.642857	0.78004200000000001	28	3.955605
缺口	2.8928569999999998	1.2274419999999999	28	2.705605
日用	2.7777780000000001	1.120897	27	2.820684
沙包	1.888889	0.93369999999999997	27	3.709573
山峰	1.678571	0.772374	28	3.919891
伤疤	1.75	0.84437099999999998	28	3.848462
上网	2.25	0.96704999999999997	28	3.348462
上周	1.928571	0.85758400000000001	28	3.669891
舌战	2.9629629999999998	0.93978200000000001	27	2.635499
身材	2.3214290000000002	1.188013	28	3.277033
实际	3.0434779999999999	0.87792400000000004	23	2.554984
世纪	2.7777780000000001	1.3959649999999999	27	2.820684
手记	2.5	1.105542	28	3.098462
肃穆	3.7407409999999999	0.902671	27	1.857721
贪婪	3.2222219999999999	1.086042	27	2.376240
坦诚	3.6666669999999999	0.91986599999999996	27	1.931795
坦率	3.2222219999999999	1.0127390000000001	27	2.376240
提议	2.925926	0.95779899999999996	27	2.672536
统治	3.1111110000000002	0.93369999999999997	27	2.487351
推广	2.7407409999999999	0.94431900000000002	27	2.857721
脱发	1.571429	0.63412599999999997	28	4.027033
舞伴	1.75	0.96704999999999997	28	3.848462
雾气	2.3928569999999998	1.2572540000000001	28	3.205605
喜爱	3	1.2472190000000001	28	2.598462
限界	3.5925929999999999	1.009922	27	2.005869
穴居	2.4074070000000001	0.84394899999999995	27	3.191055
盐矿	1.5925929999999999	1.009922	27	4.005869
要紧	3.518519	1.0141450000000001	27	2.079943
异端	3.56	0.91651499999999997	25	2.038462
易经	2.2592590000000001	1.3182910000000001	27	3.339203
音叉	2.75	1.390965	24	2.848462
影片	2.1785709999999998	1.0559730000000001	28	3.419891
有福	3.8214290000000002	1.020297	28	1.777033
元音	2.68	1.3453619999999999	25	2.918462
院长	1.678571	0.81892299999999996	28	3.919891
震荡	2.9629629999999998	1.0912759999999999	27	2.635499
正数	2.4444439999999998	1.154701	27	3.154018
指甲	1.5	0.74535600000000002	28	4.098462
侏儒	2.214286	0.87589700000000004	28	3.384176
主导	3.535714	1.0357369999999999	28	2.062748
转让	2.8928569999999998	0.95604500000000003	28	2.705605
自古	3.518519	1.087353	27	2.079943
祖父	1.357143	0.55872100000000002	28	4.241319
巴士	1.357143	0.67846700000000004	28	4.241319
保释	2.9285709999999998	0.978607	28	2.669891
报恩	3.214286	1.133893	28	2.384176
奔走	2.785714	0.87589700000000004	28	2.812748
臂膀	1.769231	0.90808299999999997	26	3.829231
不过	3.9565220000000001	1.1069310000000001	23	1.641940
部落	2.1785709999999998	0.772374	28	3.419891
财富	3.1111110000000002	1.154701	27	2.487351
豺狼	2.074074	0.95779899999999996	27	3.524388
衬衫	1.357143	0.55872100000000002	28	4.241319
城堡	1.678571	0.772374	28	3.919891
创造	3.75	0.92796100000000004	28	1.848462
匆忙	3.464286	0.92224099999999998	28	2.134176
篡改	3.1481479999999999	1.06351	27	2.450314
大忌	3.8518520000000001	0.81823900000000005	27	1.746610
带领	3.0714290000000002	1.152407	28	2.527033
抵偿	3.2222219999999999	0.80064100000000005	27	2.376240
店员	1.7037040000000001	0.91208999999999996	27	3.894758
独占	2.9230770000000001	1.1635489999999999	26	2.675385
翻越	3.1481479999999999	0.90739300000000001	27	2.450314
泛滥	3.481481	0.89315199999999995	27	2.116981
翡翠	1.642857	1.1615530000000001	28	3.955605
分隔	2.8888889999999998	0.93369999999999997	27	2.709573
负心	3.6538460000000001	0.79710999999999999	26	1.944616
负重	2.8571430000000002	0.89087099999999997	28	2.741319
高升	3.0370370000000002	1.0912759999999999	27	2.561425
搁浅	3.25	1.0046189999999999	28	2.348462
古怪	3.8214290000000002	1.020297	28	1.777033
骨骼	1.5925929999999999	0.50071200000000005	27	4.005869
海鸥	1.392857	0.95604500000000003	28	4.205605
旱季	2.75	1.2056960000000001	28	2.848462
行骗	3	1.186342	28	2.598462
护理	2.75	1.0758289999999999	28	2.848462
滑雪	1.857143	0.84827900000000001	28	3.741319
化学	2.6071430000000002	1.2274419999999999	28	2.991319
昏庸	3.3333330000000001	0.96076899999999998	27	2.265129
见状	3.7272729999999998	1.1204510000000001	22	1.871189
降临	3.3214290000000002	1.1564179999999999	28	2.277033
交际	3.074074	0.91676400000000002	27	2.524388
胶水	1.714286	1.049061	28	3.884176
接见	2.8571430000000002	1.0440050000000001	28	2.741319
姐弟	1.5	0.83887	28	4.098462
进入	2.88	1.0132460000000001	25	2.718462
浸水	2.6785709999999998	1.0559730000000001	28	2.919891
惊讶	3.214286	1.1660999999999999	28	2.384176
精美	3.535714	0.99933799999999995	28	2.062748
敬爱	3.3571430000000002	1.0615950000000001	28	2.241319
纠结	3.714286	1.2128060000000001	28	1.884176
劳损	3.518519	1.087353	27	2.079943
联欢	2.76	1.2342340000000001	25	2.838462
灵柩	2.1851850000000002	1.2101189999999999	27	3.413277
美容	2.75	1.0408329999999999	28	2.848462
迷信	3.5	1.170628	28	2.098462
偶像	2.6296300000000001	1.1815290000000001	27	2.968832
缥缈	3.925926	0.95779899999999996	27	1.672536
破碎	2.964286	1.104943	28	2.634176
洽谈	3.1428569999999998	0.93151799999999996	28	2.455605
切合	3.76	0.92556300000000002	25	1.838462
请教	3	1.088662	28	2.598462
曲谱	1.928571	1.152407	28	3.669891
日报	1.7407410000000001	0.81299999999999994	27	3.857721
柔和	3.3571430000000002	1.0615950000000001	28	2.241319
塞车	1.928571	0.89973499999999995	28	3.669891
煞车	2.5238100000000001	1.3273680000000001	21	3.074652
闪电	1.535714	0.63724800000000004	28	4.062748
上天	3.52	1.1224970000000001	25	2.078462
设施	2.5	1.105542	28	3.098462
师团	2.3199999999999998	1.1803950000000001	25	3.278462
蚀刻	3.25	1.073394	24	2.348462
使徒	2.8695650000000001	1.1403490000000001	23	2.728897
士气	3.714286	1.117442	28	1.884176
嗜好	3.25	1.0758289999999999	28	2.348462
授课	2.214286	0.91720800000000002	28	3.384176
梳妆	2.5	0.92295799999999995	28	3.098462
舒服	3.535714	0.99933799999999995	28	2.062748
疏通	3.1538460000000001	1.007663	26	2.444616
双人	1.964286	0.74446800000000002	28	3.634176
税金	1.964286	1.0357369999999999	28	3.634176
堂会	2.481481	1.2821370000000001	27	3.116981
天边	3.2962959999999999	1.4362029999999999	27	2.302166
田园	2.214286	0.87589700000000004	28	3.384176
铁汉	2.7037040000000001	1.2345919999999999	27	2.894758
童年	2.3928569999999998	1.13331	28	3.205605
统领	2.7037040000000001	1.0308630000000001	27	2.894758
瓦片	1.392857	0.68525700000000001	28	4.205605
外号	2.6666669999999999	1.0741719999999999	27	2.931795
顽固	3.6071430000000002	0.78595499999999996	28	1.991319
万民	3.2	0.95145299999999999	20	2.398462
旺季	3.3214290000000002	1.123934	28	2.277033
萎缩	3.1153849999999998	0.81618199999999996	26	2.483077
温馨	3.6428569999999998	0.98936100000000005	28	1.955605
稳定	3.25	0.96704999999999997	28	2.348462
无常	3.5833330000000001	1.059806	24	2.015129
舞弊	3.1481479999999999	1.0990800000000001	27	2.450314
夕阳	2.2222219999999999	1.1875420000000001	27	3.376240
闲谈	2.785714	0.994695	28	2.812748
消费	2.785714	1.066567	28	2.812748
消失	3.1428569999999998	1.0788979999999999	28	2.455605
晓得	3.3703699999999999	1.005682	27	2.228092
效忠	3.2592590000000001	1.0225379999999999	27	2.339203
撷取	3.1481479999999999	0.90739300000000001	27	2.450314
欣赏	3.2222219999999999	0.97402200000000005	27	2.376240
凶手	1.821429	0.81892299999999996	28	3.777033
兄弟	1.571429	0.74179799999999996	28	4.027033
燕子	1.3703700000000001	0.88353099999999996	27	4.228092
业主	1.964286	1.0357369999999999	28	3.634176
姨妈	1.6923079999999999	1.0107120000000001	26	3.906154
引入	3.3846150000000002	1.0228170000000001	26	2.213847
硬盘	1.535714	0.79265799999999997	28	4.062748
浴室	1.321429	0.54796400000000001	28	4.277033
预计	3.5	0.88191699999999995	28	2.098462
院校	1.928571	0.93999900000000003	28	3.669891
宅门	1.8518520000000001	0.98853800000000003	27	3.746610
珍珠	1.321429	0.72283200000000003	28	4.277033
争取	3.25	0.96704999999999997	28	2.348462
制度	2.714286	1.2128060000000001	28	2.884176
智慧	3.8928569999999998	0.87514199999999998	28	1.705605
朱砂	1.7407410000000001	0.902671	27	3.857721
状告	2.9285709999999998	1.05158	28	2.669891
准将	2.714286	1.3835770000000001	21	2.884176
自此	3.44	0.86986600000000003	25	2.158462
粽子	1.464286	1.0357369999999999	28	4.134176
嘴脸	2.518519	1.3117920000000001	27	3.079943
