word	tag	auc	auc_flipnull	n_models	base_share	aligned_share
provide	verb	0.9197	0.4050	92	0.000418	0.001204
provided	verb	0.9060	0.4362	91	0.000209	0.000786
inform	verb	0.8989	0.4220	81	0.000121	0.000654
express	verb	0.8802	0.4468	82	0.000066	0.000234
escalate	verb	0.8733	0.4783	81	0.000078	0.000410
discuss	verb	0.8729	0.4201	91	0.000280	0.000767
focus	verb	0.8705	0.4353	92	0.000136	0.000434
avoid	verb	0.8681	0.4074	92	0.000134	0.000352
examined	verb	0.8667	0.4239	92	0.000378	0.000859
whispered	verb	0.8615	0.4575	92	0.002104	0.004113
explore	verb	0.8603	0.4223	74	0.000062	0.000326
ensure	verb	0.8549	0.4225	61	0.000041	0.000232
carefully	adverb	0.8521	0.4778	92	0.000545	0.001610
prioritize	verb	0.8459	0.4178	49	0.000024	0.000104
address	verb	0.8455	0.4272	91	0.000243	0.000767
seek	verb	0.8426	0.4074	92	0.000229	0.000753
prepare	verb	0.8422	0.4527	92	0.000169	0.000527
speak	verb	0.8393	0.4806	92	0.000819	0.001353
stumbled	verb	0.8388	0.4837	76	0.000053	0.000271
present	verb	0.8370	0.4038	74	0.000036	0.000131
suddenly	adverb	0.8355	0.4905	87	0.000103	0.000356
quickly	adverb	0.8355	0.4698	92	0.000660	0.001789
ensured	verb	0.8339	0.4516	54	0.000027	0.000172
consult	verb	0.8327	0.3974	81	0.000068	0.000444
reminded	verb	0.8280	0.3946	45	0.000008	0.000096
requested	verb	0.8266	0.4305	90	0.000175	0.000457
adjusted	verb	0.8266	0.4797	92	0.000295	0.000561
reconsider	verb	0.8266	0.4764	85	0.000076	0.000275
accidentally	adverb	0.8199	0.4858	83	0.000301	0.000719
review	verb	0.8195	0.4074	92	0.000270	0.000552
inspected	verb	0.8188	0.4057	76	0.000043	0.000144
revisit	verb	0.8181	0.4695	56	0.000021	0.000103
recommend	verb	0.8166	0.4527	61	0.000022	0.000093
understand	verb	0.8166	0.4348	92	0.000531	0.001011
clarify	verb	0.8157	0.4457	92	0.000246	0.000670
follow	verb	0.8152	0.4126	92	0.000811	0.001371
seemed	verb	0.8147	0.4102	92	0.000266	0.000458
revealed	verb	0.8147	0.4747	90	0.000132	0.000305
reviewed	verb	0.8140	0.4149	48	0.000013	0.000076
mentioned	verb	0.8119	0.4466	79	0.000086	0.000257
handle	verb	0.8072	0.4107	49	0.000018	0.000122
consider	verb	0.8058	0.4674	92	0.002115	0.003072
arranged	verb	0.8043	0.4863	91	0.000114	0.000256
identified	verb	0.8008	0.5243	54	0.000020	0.000068
proceed	verb	0.7991	0.4315	91	0.000253	0.000727
felt	verb	0.7991	0.4093	92	0.003128	0.004779
request	verb	0.7977	0.4627	67	0.000079	0.000379
shared	verb	0.7949	0.4405	92	0.000345	0.000666
acknowledge	verb	0.7930	0.4594	34	0.000006	0.000066
question	verb	0.7928	0.5000	82	0.000083	0.000215
update	verb	0.7921	0.4778	69	0.000038	0.000173
approached	verb	0.7897	0.4296	91	0.000151	0.000448
communicate	verb	0.7890	0.4494	32	0.000004	0.000093
caused	verb	0.7859	0.4806	91	0.000545	0.001107
discussed	verb	0.7850	0.4296	75	0.000046	0.000128
respond	verb	0.7845	0.4681	90	0.000229	0.000494
accessed	verb	0.7845	0.4740	59	0.000023	0.000095
break	verb	0.7836	0.4381	92	0.000644	0.000891
negotiate	verb	0.7812	0.4147	64	0.000035	0.000120
contact	verb	0.7812	0.4130	92	0.001053	0.001737
apologize	verb	0.7807	0.4849	87	0.000082	0.000231
invest	verb	0.7798	0.4466	87	0.000060	0.000126
quantum	noun	0.7779	0.4345	58	0.000016	0.000046
remind	verb	0.7779	0.3757	85	0.000125	0.000383
ignored	verb	0.7776	0.4716	54	0.000014	0.000069
planned	verb	0.7774	0.5109	71	0.000032	0.000121
muttered	verb	0.7772	0.4180	88	0.000113	0.000557
continue	verb	0.7760	0.4962	92	0.000364	0.000579
pursue	verb	0.7755	0.4634	90	0.000128	0.000300
everything	noun	0.7750	0.4868	91	0.000227	0.000383
barked	verb	0.7748	0.4409	66	0.000031	0.000157
document	verb	0.7741	0.4126	61	0.000034	0.000268
committed	verb	0.7732	0.5227	50	0.000014	0.000065
confront	verb	0.7727	0.4634	86	0.000122	0.000264
offered	verb	0.7727	0.4579	92	0.001747	0.002445
admired	verb	0.7703	0.4329	55	0.000024	0.000121
believe	verb	0.7703	0.3951	92	0.001225	0.001515
embrace	verb	0.7694	0.4031	83	0.000063	0.000142
notify	verb	0.7689	0.4112	47	0.000012	0.000167
smirked	verb	0.7687	0.4206	46	0.000019	0.000189
Sarah	noun	0.7672	0.4208	64	0.000027	0.000125
responding	verb	0.7670	0.4414	52	0.000017	0.000069
reach	verb	0.7670	0.4216	78	0.000052	0.000198
conduct	verb	0.7665	0.4575	85	0.000069	0.000151
prepared	verb	0.7651	0.5073	88	0.000238	0.000520
implement	verb	0.7647	0.4187	85	0.000060	0.000130
whisper	verb	0.7637	0.4790	32	0.000004	0.000041
hummed	verb	0.7632	0.4764	39	0.000006	0.000047
further	adverb	0.7628	0.4523	75	0.000026	0.000090
abruptly	adverb	0.7623	0.4579	60	0.000016	0.000054
create	verb	0.7609	0.5250	92	0.000432	0.000588
Emily	adverb	0.7599	0.4735	29	0.000002	0.000050
apologized	verb	0.7590	0.4771	80	0.000062	0.000236
pondered	verb	0.7583	0.5099	42	0.000012	0.000101
approach	verb	0.7571	0.4201	59	0.000027	0.000128
emerged	verb	0.7566	0.4149	70	0.000050	0.000141
perform	verb	0.7566	0.4636	92	0.000061	0.000140
hum	verb	0.7561	0.4475	57	0.000025	0.000083
swiftly	adverb	0.7557	0.4305	29	0.000002	0.000047
advise	verb	0.7552	0.4674	67	0.000048	0.000194
hesitated	verb	0.7543	0.3937	52	0.000017	0.000106
cause	verb	0.7543	0.4395	55	0.000014	0.000049
presented	verb	0.7543	0.4948	89	0.000162	0.000357
immediately	adverb	0.7538	0.5043	92	0.000842	0.001536
engage	verb	0.7528	0.4551	35	0.000005	0.000048
failed	verb	0.7524	0.4972	92	0.000169	0.000310
claimed	verb	0.7512	0.5019	90	0.000332	0.000585
fixed	verb	0.7498	0.5659	76	0.000053	0.000133
confront	noun	0.7495	0.4641	55	0.000016	0.000047
manipulate	verb	0.7493	0.4646	36	0.000007	0.000042
managed	verb	0.7486	0.4277	92	0.000266	0.000465
suggest	verb	0.7476	0.4419	55	0.000015	0.000078
secured	verb	0.7474	0.4461	88	0.000112	0.000234
checked	verb	0.7472	0.5156	92	0.001023	0.001535
challenge	verb	0.7448	0.4872	91	0.000139	0.000292
scattered	verb	0.7448	0.4088	92	0.000424	0.000635
propose	verb	0.7443	0.4154	41	0.000010	0.000049
Alex	noun	0.7439	0.4589	52	0.000040	0.000145
verified	verb	0.7434	0.5217	77	0.000044	0.000123
vanished	verb	0.7431	0.4920	78	0.000066	0.000253
faced	verb	0.7429	0.4726	77	0.000051	0.000166
scanned	verb	0.7427	0.4421	90	0.000306	0.000569
investigate	verb	0.7424	0.4466	78	0.000093	0.000210
need	verb	0.7420	0.4466	92	0.001486	0.001708
exchanged	verb	0.7415	0.5132	47	0.000012	0.000051
observed	verb	0.7415	0.4936	88	0.000153	0.000351
submitted	verb	0.7415	0.5061	92	0.000314	0.000489
technically	adverb	0.7413	0.4676	38	0.000014	0.000096
browsed	verb	0.7410	0.5463	49	0.000015	0.000059
spoke	verb	0.7410	0.4296	92	0.001238	0.001656
exhaled	verb	0.7403	0.5165	34	0.000007	0.000074
celebrate	verb	0.7401	0.4679	67	0.000022	0.000056
shifted	verb	0.7389	0.4849	46	0.000009	0.000038
face	verb	0.7387	0.4957	92	0.000232	0.000317
reveal	verb	0.7387	0.4712	43	0.000014	0.000054
target	verb	0.7384	0.5555	60	0.000014	0.000042
end	verb	0.7377	0.4768	92	0.000311	0.000456
marveled	verb	0.7377	0.4310	45	0.000010	0.000047
noticed	verb	0.7372	0.4882	91	0.001649	0.002094
involve	verb	0.7363	0.4305	25	0.000001	0.000055
involves	verb	0.7361	0.4086	56	0.000014	0.000041
gestured	verb	0.7361	0.4946	82	0.000061	0.000166
report	verb	0.7358	0.4239	92	0.000772	0.001112
scolded	verb	0.7358	0.5050	48	0.000016	0.000070
gasped	verb	0.7353	0.4683	81	0.000131	0.000370
forcefully	adverb	0.7349	0.4627	37	0.000006	0.000057
shattered	verb	0.7339	0.4924	89	0.000394	0.000631
typically	adverb	0.7337	0.4246	46	0.000016	0.000060
gently	adverb	0.7330	0.4981	92	0.001140	0.001635
revise	verb	0.7330	0.4334	41	0.000010	0.000059
draft	verb	0.7330	0.4740	27	0.000002	0.000042
surveyed	verb	0.7328	0.4865	68	0.000045	0.000225
murmured	verb	0.7325	0.4338	91	0.000133	0.000372
extended	verb	0.7323	0.4939	66	0.000028	0.000095
expected	verb	0.7323	0.4612	70	0.000024	0.000057
needed	verb	0.7320	0.4164	84	0.000051	0.000116
declared	verb	0.7318	0.4116	88	0.000264	0.000636
giggled	verb	0.7316	0.3904	61	0.000029	0.000142
enjoyed	verb	0.7316	0.4622	57	0.000031	0.000076
first	adverb	0.7313	0.4483	74	0.000047	0.000152
expressed	verb	0.7306	0.4858	49	0.000030	0.000113
adjust	verb	0.7306	0.5326	42	0.000012	0.000053
verify	verb	0.7304	0.4939	82	0.000063	0.000161
guided	verb	0.7297	0.4490	91	0.000208	0.000364
organize	verb	0.7292	0.4636	83	0.000062	0.000111
reported	verb	0.7287	0.4754	92	0.000178	0.000293
scooped	verb	0.7285	0.4171	54	0.000027	0.000086
marked	verb	0.7283	0.5007	62	0.000025	0.000067
protest	verb	0.7283	0.5496	92	0.000119	0.000179
joked	verb	0.7283	0.5038	41	0.000011	0.000048
engaged	verb	0.7283	0.5137	23	0.000001	0.000026
step	verb	0.7273	0.5321	79	0.000036	0.000074
bring	verb	0.7268	0.4135	92	0.000431	0.000596
wish	verb	0.7264	0.4898	88	0.000069	0.000150
schedule	verb	0.7259	0.4407	32	0.000007	0.000046
weave	verb	0.7254	0.4806	53	0.000024	0.000085
stored	verb	0.7254	0.4776	66	0.000025	0.000054
allowed	verb	0.7254	0.4582	90	0.000120	0.000232
worry	verb	0.7245	0.4093	89	0.000061	0.000131
blamed	verb	0.7245	0.4830	43	0.000014	0.000082
received	verb	0.7245	0.4830	92	0.000964	0.001283
settled	verb	0.7245	0.4527	91	0.000242	0.000435
issue	noun	0.7242	0.4218	70	0.000051	0.000114
leaned	verb	0.7235	0.4716	92	0.001969	0.002609
confirm	verb	0.7231	0.5085	79	0.000072	0.000166
sighed	verb	0.7231	0.4112	92	0.000885	0.001869
gather	verb	0.7226	0.5017	46	0.000013	0.000058
acknowledging	verb	0.7226	0.4612	27	0.000004	0.000072
raised	verb	0.7221	0.4371	92	0.000628	0.000946
tested	verb	0.7216	0.4617	77	0.000072	0.000153
displayed	verb	0.7212	0.5411	41	0.000014	0.000061
implies	verb	0.7202	0.4707	39	0.000036	0.000121
created	verb	0.7202	0.4504	92	0.000142	0.000288
gazed	verb	0.7198	0.4688	92	0.000427	0.000798
argue	verb	0.7193	0.4423	71	0.000044	0.000123
forgot	verb	0.7193	0.5014	92	0.000146	0.000220
meet	verb	0.7193	0.4178	92	0.000290	0.000384
remember	verb	0.7188	0.4178	64	0.000033	0.000085
succeeded	verb	0.7188	0.4693	31	0.000005	0.000033
trust	verb	0.7179	0.4277	91	0.000160	0.000231
listened	verb	0.7179	0.3667	92	0.000701	0.000949
prove	verb	0.7174	0.4981	89	0.000117	0.000219
essentially	adverb	0.7169	0.4839	27	0.000004	0.000066
breathed	verb	0.7164	0.4405	89	0.000189	0.000384
locked	verb	0.7155	0.4636	92	0.000811	0.001023
tackled	verb	0.7153	0.4924	50	0.000012	0.000046
addressing	verb	0.7150	0.4594	36	0.000007	0.000037
Tom	noun	0.7148	0.5038	76	0.000036	0.000078
paused	verb	0.7146	0.4797	87	0.000147	0.000461
Jane	noun	0.7131	0.4400	52	0.000014	0.000056
fear	verb	0.7131	0.4149	89	0.000209	0.000359
share	verb	0.7131	0.4428	92	0.000532	0.000700
snarled	verb	0.7129	0.4809	52	0.000031	0.000158
barely	adverb	0.7127	0.4617	35	0.000007	0.000043
scare	verb	0.7122	0.4301	58	0.000024	0.000061
release	verb	0.7122	0.5132	92	0.000124	0.000192
performed	verb	0.7122	0.4726	91	0.000348	0.000489
activated	verb	0.7117	0.5123	43	0.000011	0.000047
confirmed	verb	0.7117	0.5165	92	0.000431	0.000594
released	verb	0.7117	0.4745	92	0.000317	0.000434
talk	verb	0.7112	0.3866	92	0.001552	0.001990
claim	verb	0.7110	0.4967	70	0.000032	0.000085
participate	verb	0.7103	0.4735	41	0.000007	0.000032
disappear	verb	0.7103	0.4428	85	0.000067	0.000139
focused	verb	0.7098	0.4948	65	0.000017	0.000066
sneered	verb	0.7098	0.4565	25	0.000004	0.000089
steered	verb	0.7091	0.5061	56	0.000017	0.000077
switch	verb	0.7089	0.4698	85	0.000069	0.000163
plan	verb	0.7089	0.5149	88	0.000081	0.000167
aimed	verb	0.7089	0.5043	91	0.000339	0.000493
slowly	adverb	0.7084	0.5652	92	0.000784	0.001159
adopt	verb	0.7079	0.4629	34	0.000005	0.000027
stretched	verb	0.7079	0.3859	66	0.000038	0.000107
stick	verb	0.7075	0.5494	40	0.000026	0.000066
caught	verb	0.7075	0.4594	92	0.000403	0.000563
thus	adverb	0.7068	0.5255	66	0.000068	0.000206
spilled	verb	0.7060	0.4466	91	0.000117	0.000209
notice	verb	0.7056	0.4371	51	0.000020	0.000069
arrived	verb	0.7053	0.5331	58	0.000027	0.000061
navigated	verb	0.7051	0.4707	43	0.000014	0.000037
explained	verb	0.7051	0.4296	92	0.000555	0.000847
cradled	verb	0.7049	0.4220	80	0.000045	0.000105
winked	verb	0.7046	0.4608	61	0.000024	0.000101
suspect	verb	0.7044	0.4901	88	0.000142	0.000263
intervene	verb	0.7037	0.4934	67	0.000021	0.000049
Mark	noun	0.7032	0.4629	26	0.000002	0.000030
John	noun	0.7032	0.3823	91	0.000133	0.000209
none	noun	0.7032	0.4471	57	0.000032	0.000071
addressed	verb	0.7027	0.4457	88	0.000070	0.000132
remnants	noun	0.7023	0.5161	22	0.000001	0.000016
crumpled	verb	0.7023	0.4830	71	0.000034	0.000086
scrambled	verb	0.7020	0.4303	24	0.000002	0.000023
additional	adjective	0.7018	0.5480	22	0.000001	0.000035
several	adjective	0.7018	0.4324	91	0.000057	0.000104
maintained	verb	0.7018	0.4386	39	0.000008	0.000030
reassured	verb	0.7013	0.4929	22	0.000001	0.000041
definitely	adverb	0.7013	0.5671	77	0.000061	0.000178
silently	adverb	0.7013	0.4275	48	0.000015	0.000094
vowed	verb	0.7013	0.4617	85	0.000061	0.000127
proudly	adverb	0.7006	0.4856	24	0.000003	0.000032
signaled	verb	0.7004	0.4728	44	0.000011	0.000053
advised	verb	0.6999	0.4809	82	0.000091	0.000226
traced	verb	0.6992	0.4052	84	0.000102	0.000261
uncovered	verb	0.6992	0.5612	90	0.000036	0.000066
quite	adverb	0.6990	0.5052	73	0.000028	0.000049
financial	adjective	0.6990	0.4348	35	0.000005	0.000023
admitted	verb	0.6990	0.4948	47	0.000014	0.000079
capture	verb	0.6987	0.4965	38	0.000009	0.000038
cleared	verb	0.6980	0.4981	57	0.000021	0.000068
everyone	noun	0.6980	0.4093	92	0.000713	0.000988
carry	verb	0.6980	0.5572	47	0.000012	0.000039
responded	verb	0.6975	0.4627	78	0.000048	0.000091
unleashed	verb	0.6973	0.4579	20	0.000001	0.000028
sorted	verb	0.6971	0.4622	67	0.000036	0.000084
dance	verb	0.6971	0.4820	92	0.000309	0.000415
tightened	verb	0.6961	0.4589	91	0.000203	0.000303
voice	verb	0.6961	0.3953	44	0.000009	0.000032
slumped	verb	0.6954	0.4409	50	0.000016	0.000083
clutched	verb	0.6952	0.4764	25	0.000002	0.000035
filled	verb	0.6952	0.5057	92	0.000439	0.000680
policies	noun	0.6947	0.4133	26	0.000002	0.000014
treated	verb	0.6945	0.4407	24	0.000002	0.000017
froze	verb	0.6945	0.4939	48	0.000014	0.000085
replaced	verb	0.6942	0.4216	92	0.001378	0.001752
hold	verb	0.6942	0.4239	92	0.000295	0.000389
continued	verb	0.6933	0.5250	92	0.001693	0.002508
administered	verb	0.6928	0.4383	76	0.000058	0.000107
details	noun	0.6919	0.5113	29	0.000012	0.000033
twirled	verb	0.6919	0.5227	23	0.000002	0.000027
tilted	verb	0.6919	0.4679	41	0.000011	0.000046
confessed	verb	0.6914	0.4499	37	0.000009	0.000030
initially	adverb	0.6914	0.4622	27	0.000007	0.000038
fumbled	verb	0.6912	0.4676	36	0.000007	0.000049
directly	adverb	0.6909	0.5033	41	0.000012	0.000052
patted	verb	0.6909	0.4466	85	0.000107	0.000205
sought	verb	0.6905	0.4343	47	0.000016	0.000063
appeared	verb	0.6905	0.4315	85	0.000054	0.000101
deliver	verb	0.6895	0.4778	91	0.000094	0.000141
stepped	verb	0.6890	0.4371	92	0.002185	0.002937
plans	noun	0.6886	0.5080	35	0.000008	0.000033
decorated	verb	0.6886	0.4636	75	0.000045	0.000086
suggests	verb	0.6881	0.4324	61	0.000088	0.000180
spun	verb	0.6881	0.4112	89	0.000130	0.000270
hyperventilate	verb	0.6876	0.4920	49	0.000016	0.000044
swayed	verb	0.6871	0.4423	36	0.000008	0.000031
lock	verb	0.6871	0.5033	64	0.000028	0.000059
informed	verb	0.6871	0.5388	91	0.000168	0.000262
acted	verb	0.6867	0.4683	21	0.000002	0.000028
wished	verb	0.6867	0.4164	90	0.000107	0.000185
demand	verb	0.6867	0.5057	92	0.000127	0.000190
attempted	verb	0.6864	0.5558	84	0.000083	0.000192
referred	verb	0.6857	0.4778	47	0.000011	0.000041
insisted	verb	0.6857	0.4957	44	0.000018	0.000066
pressing	verb	0.6853	0.5175	25	0.000003	0.000021
ignore	verb	0.6853	0.4532	91	0.000244	0.000354
realized	verb	0.6853	0.5198	92	0.001515	0.001781
sway	verb	0.6853	0.4263	37	0.000008	0.000036
forgot	noun	0.6853	0.4813	80	0.000115	0.000203
instructed	verb	0.6848	0.5064	90	0.000147	0.000316
explain	verb	0.6848	0.4282	92	0.000908	0.001231
wooden	adjective	0.6848	0.5600	92	0.000063	0.000082
changed	verb	0.6843	0.4802	92	0.000308	0.000413
peered	verb	0.6843	0.4674	91	0.000297	0.000538
subsequently	adverb	0.6843	0.5359	23	0.000004	0.000034
lash	verb	0.6843	0.4088	77	0.000072	0.000136
politely	adverb	0.6843	0.4367	38	0.000009	0.000053
searched	verb	0.6843	0.4471	92	0.000270	0.000381
grinned	verb	0.6841	0.4596	82	0.000241	0.000692
exposed	verb	0.6838	0.4726	73	0.000042	0.000088
argued	verb	0.6834	0.3871	53	0.000023	0.000061
completing	verb	0.6834	0.5014	24	0.000002	0.000023
launch	verb	0.6834	0.4457	53	0.000017	0.000045
leaped	verb	0.6834	0.5577	46	0.000014	0.000048
documents	noun	0.6834	0.5198	32	0.000006	0.000021
greeted	verb	0.6829	0.4395	73	0.000045	0.000093
spotted	verb	0.6829	0.5454	81	0.000074	0.000136
stormed	verb	0.6827	0.4412	78	0.000233	0.000484
encouraged	verb	0.6824	0.4395	85	0.000102	0.000208
believed	verb	0.6819	0.4934	25	0.000003	0.000017
evaluate	verb	0.6819	0.4475	23	0.000002	0.000017
completed	verb	0.6815	0.4965	52	0.000022	0.000059
promised	verb	0.6815	0.4036	92	0.000488	0.000714
travel	verb	0.6815	0.5128	88	0.000089	0.000146
develop	verb	0.6812	0.4459	30	0.000008	0.000035
test	verb	0.6810	0.5508	86	0.000084	0.000135
shape	verb	0.6810	0.4490	27	0.000004	0.000023
propelled	verb	0.6808	0.4825	26	0.000003	0.000020
speaking	verb	0.6805	0.4112	92	0.000200	0.000266
scrawled	verb	0.6801	0.4920	47	0.000022	0.000084
captured	verb	0.6801	0.5052	81	0.000064	0.000105
harm	verb	0.6801	0.4286	66	0.000033	0.000077
gained	verb	0.6798	0.4917	34	0.000006	0.000027
demanded	verb	0.6796	0.4466	92	0.000833	0.001086
brushed	verb	0.6793	0.4657	90	0.000164	0.000265
wants	verb	0.6786	0.5454	35	0.000007	0.000030
skipped	verb	0.6786	0.4728	24	0.000003	0.000024
imagined	verb	0.6786	0.4931	56	0.000021	0.000053
showing	verb	0.6784	0.4794	60	0.000016	0.000032
assessed	verb	0.6782	0.5305	24	0.000002	0.000022
honored	verb	0.6779	0.4998	22	0.000002	0.000019
effectively	adverb	0.6779	0.4582	52	0.000041	0.000131
clearly	adverb	0.6777	0.4480	49	0.000021	0.000087
convinced	verb	0.6777	0.5142	25	0.000003	0.000031
determine	verb	0.6777	0.5685	65	0.000020	0.000044
chuckled	verb	0.6777	0.4698	60	0.000046	0.000235
spark	noun	0.6772	0.5151	40	0.000007	0.000021
regret	verb	0.6772	0.4716	77	0.000056	0.000100
clenched	verb	0.6772	0.5340	59	0.000019	0.000042
hoped	verb	0.6770	0.4012	90	0.000155	0.000351
influence	verb	0.6767	0.4674	43	0.000013	0.000033
directed	verb	0.6763	0.5354	67	0.000033	0.000100
donate	verb	0.6763	0.4816	85	0.000043	0.000068
growled	verb	0.6763	0.4608	66	0.000065	0.000211
finalize	verb	0.6758	0.4435	20	0.000001	0.000017
rearranged	verb	0.6758	0.5061	20	0.000002	0.000018
twist	noun	0.6758	0.4631	47	0.000011	0.000026
attached	verb	0.6758	0.5260	87	0.000127	0.000211
experience	verb	0.6751	0.5397	68	0.000054	0.000122
understanding	verb	0.6744	0.4353	49	0.000010	0.000022
escape	verb	0.6744	0.5491	92	0.000265	0.000338
emphasize	verb	0.6741	0.4364	38	0.000012	0.000068
automate	verb	0.6739	0.4490	29	0.000005	0.000025
stepping	verb	0.6734	0.4702	91	0.000125	0.000190
chose	verb	0.6734	0.4835	91	0.000113	0.000172
swore	noun	0.6734	0.4211	68	0.000066	0.000216
join	verb	0.6730	0.4026	92	0.000398	0.000498
demonstrated	verb	0.6730	0.4629	34	0.000007	0.000030
laughed	verb	0.6725	0.4197	92	0.001356	0.002005
steadied	verb	0.6723	0.4466	26	0.000006	0.000020
suggested	verb	0.6720	0.4811	89	0.000221	0.000406
sparked	verb	0.6720	0.4830	29	0.000005	0.000035
connection	noun	0.6718	0.5104	50	0.000011	0.000024
glared	verb	0.6716	0.5099	80	0.000102	0.000291
sprinted	verb	0.6713	0.5132	80	0.000040	0.000125
constitutes	verb	0.6711	0.4405	21	0.000002	0.000028
snuck	noun	0.6708	0.5158	50	0.000026	0.000079
retreated	verb	0.6701	0.4367	37	0.000008	0.000068
offering	verb	0.6701	0.4875	80	0.000047	0.000082
Jack	noun	0.6701	0.4509	81	0.000070	0.000118
bake	verb	0.6697	0.4995	35	0.000008	0.000024
praised	verb	0.6694	0.5317	50	0.000020	0.000053
denied	verb	0.6690	0.5017	62	0.000027	0.000078
locked	adjective	0.6687	0.4657	90	0.000159	0.000205
tackle	verb	0.6687	0.4617	39	0.000008	0.000022
treat	verb	0.6687	0.4698	92	0.000052	0.000096
surprised	verb	0.6687	0.4003	27	0.000004	0.000025
dreamt	verb	0.6687	0.4927	48	0.000010	0.000022
payment	noun	0.6682	0.4218	48	0.000017	0.000050
raises	verb	0.6668	0.4551	35	0.000024	0.000084
grassy	noun	0.6668	0.4244	63	0.000018	0.000032
brutally	adverb	0.6668	0.5113	21	0.000002	0.000015
lined	verb	0.6668	0.4586	28	0.000006	0.000022
tie	verb	0.6666	0.4868	30	0.000008	0.000024
transferred	verb	0.6666	0.5586	74	0.000045	0.000095
distributed	verb	0.6664	0.4343	72	0.000043	0.000092
act	verb	0.6664	0.4920	89	0.000162	0.000273
protect	verb	0.6664	0.5033	92	0.000379	0.000467
indeed	adverb	0.6659	0.4348	69	0.000079	0.000160
issue	verb	0.6659	0.4433	68	0.000056	0.000112
vanishing	verb	0.6652	0.4809	28	0.000004	0.000021
compared	verb	0.6652	0.4405	68	0.000040	0.000079
goes	verb	0.6647	0.4690	24	0.000003	0.000027
bellowed	verb	0.6645	0.4943	43	0.000012	0.000072
contest	verb	0.6645	0.5109	45	0.000024	0.000100
family	noun	0.6645	0.4617	79	0.000058	0.000089
unzipped	verb	0.6642	0.5222	52	0.000020	0.000047
physically	adverb	0.6635	0.5302	21	0.000004	0.000027
narrowly	adverb	0.6635	0.4490	51	0.000028	0.000106
decided	verb	0.6635	0.5194	92	0.001726	0.002210
appreciate	verb	0.6633	0.4835	60	0.000031	0.000075
realize	verb	0.6630	0.5028	92	0.000219	0.000294
calculated	verb	0.6630	0.5232	79	0.000063	0.000105
defend	verb	0.6630	0.4395	92	0.000116	0.000158
promises	noun	0.6630	0.4523	35	0.000006	0.000018
catching	verb	0.6628	0.4986	54	0.000017	0.000046
topped	verb	0.6628	0.5085	68	0.000027	0.000052
discarded	verb	0.6626	0.5040	26	0.000004	0.000022
predicting	verb	0.6626	0.5288	41	0.000007	0.000018
applied	verb	0.6626	0.5076	92	0.000314	0.000402
pleasure	verb	0.6616	0.5704	21	0.000003	0.000017
raising	verb	0.6616	0.4981	47	0.000016	0.000042
nudged	verb	0.6616	0.4438	41	0.000011	0.000033
swapped	verb	0.6616	0.4887	37	0.000011	0.000033
introduced	verb	0.6616	0.4603	92	0.000122	0.000163
achieved	verb	0.6614	0.5784	26	0.000004	0.000014
recited	verb	0.6612	0.4934	91	0.000513	0.000689
winced	verb	0.6612	0.4664	52	0.000029	0.000128
launched	verb	0.6612	0.5066	41	0.000015	0.000041
lied	verb	0.6607	0.4471	80	0.000135	0.000275
encountered	verb	0.6607	0.4556	21	0.000004	0.000017
forward	adverb	0.6607	0.5463	60	0.000021	0.000044
check	verb	0.6602	0.3861	92	0.000753	0.001146
straightened	verb	0.6602	0.4972	53	0.000022	0.000128
execute	verb	0.6602	0.5314	72	0.000031	0.000053
ushered	verb	0.6597	0.4499	38	0.000012	0.000054
circled	verb	0.6593	0.5175	25	0.000004	0.000030
scored	verb	0.6593	0.4962	91	0.000097	0.000140
disposed	verb	0.6588	0.4586	22	0.000003	0.000017
studied	verb	0.6588	0.4310	91	0.000270	0.000449
obtain	verb	0.6586	0.4698	40	0.000016	0.000039
threaten	verb	0.6586	0.5539	66	0.000026	0.000069
splashed	verb	0.6583	0.5194	80	0.000057	0.000096
empty	adjective	0.6583	0.4631	61	0.000017	0.000033
unloaded	verb	0.6583	0.5447	30	0.000007	0.000019
Max	noun	0.6581	0.5357	24	0.000003	0.000031
honked	verb	0.6578	0.4664	21	0.000003	0.000015
candidates	noun	0.6578	0.4334	35	0.000006	0.000016
violated	verb	0.6576	0.4256	72	0.000066	0.000137
plucked	verb	0.6576	0.5491	28	0.000004	0.000028
groaned	verb	0.6576	0.4178	68	0.000051	0.000133
forget	verb	0.6574	0.5383	81	0.000062	0.000104
increase	verb	0.6574	0.4721	92	0.000101	0.000142
peeked	verb	0.6571	0.4839	34	0.000009	0.000048
disagree	verb	0.6567	0.3979	74	0.000053	0.000119
chant	verb	0.6567	0.5047	90	0.000082	0.000117
reached	verb	0.6564	0.4409	92	0.001142	0.001397
ended	verb	0.6564	0.5009	92	0.000835	0.001049
burst	verb	0.6564	0.4962	91	0.000087	0.000147
inflated	verb	0.6564	0.4811	30	0.000006	0.000022
saved	verb	0.6560	0.5099	92	0.000179	0.000231
highlighted	verb	0.6557	0.4823	20	0.000003	0.000025
promise	verb	0.6557	0.4494	52	0.000016	0.000034
offer	verb	0.6555	0.4702	92	0.000166	0.000253
somehow	adverb	0.6552	0.5009	20	0.000002	0.000018
unfolded	verb	0.6550	0.4355	70	0.000040	0.000081
transformed	verb	0.6550	0.4516	22	0.000002	0.000015
beckoned	verb	0.6550	0.4920	22	0.000002	0.000016
nearby	adjective	0.6541	0.4844	68	0.000019	0.000032
retrieved	verb	0.6541	0.4766	90	0.000218	0.000322
locking	verb	0.6538	0.5567	74	0.000038	0.000063
pretended	verb	0.6538	0.4750	86	0.000198	0.000381
cleaned	verb	0.6536	0.5128	91	0.000284	0.000387
reconnected	verb	0.6531	0.5770	22	0.000004	0.000022
stashed	verb	0.6526	0.5031	42	0.000023	0.000073
promptly	adverb	0.6526	0.4116	90	0.000137	0.000275
disappeared	verb	0.6526	0.5132	92	0.000551	0.000800
eliminate	verb	0.6524	0.4402	28	0.000006	0.000023
scrub	verb	0.6524	0.4542	30	0.000007	0.000027
fear	noun	0.6524	0.4898	20	0.000002	0.000015
commanded	verb	0.6522	0.5411	71	0.000045	0.000086
constituted	verb	0.6522	0.3880	33	0.000011	0.000038
submit	verb	0.6522	0.5416	92	0.000531	0.000741
often	adverb	0.6517	0.4721	81	0.000061	0.000097
dispute	verb	0.6512	0.4636	73	0.000080	0.000157
discussing	verb	0.6512	0.4513	51	0.000015	0.000031
invoked	verb	0.6510	0.5569	28	0.000007	0.000027
conducted	verb	0.6508	0.5487	61	0.000024	0.000046
dedicated	verb	0.6508	0.4924	73	0.000025	0.000046
accused	verb	0.6508	0.4901	51	0.000027	0.000064
brandished	verb	0.6508	0.4527	32	0.000006	0.000028
splintered	verb	0.6508	0.4565	23	0.000003	0.000023
decide	verb	0.6508	0.5255	92	0.000145	0.000230
unfortunately	adverb	0.6505	0.4683	30	0.000008	0.000051
spread	verb	0.6503	0.5246	91	0.000178	0.000261
desert	verb	0.6503	0.4825	59	0.000020	0.000036
noted	verb	0.6503	0.5085	91	0.000587	0.000749
allowing	verb	0.6498	0.4527	23	0.000003	0.000018
reflected	verb	0.6493	0.5671	56	0.000026	0.000056
loaded	verb	0.6491	0.5087	46	0.000013	0.000038
honor	verb	0.6491	0.4728	46	0.000017	0.000044
finishing	verb	0.6486	0.4605	56	0.000031	0.000059
dove	verb	0.6486	0.4220	46	0.000012	0.000033
snatched	verb	0.6484	0.5463	81	0.000068	0.000133
damaged	verb	0.6484	0.5350	89	0.000153	0.000238
resist	verb	0.6484	0.4045	57	0.000027	0.000053
sunlight	noun	0.6479	0.4253	39	0.000009	0.000024
ultimately	adverb	0.6479	0.4707	73	0.000046	0.000099
shoe	noun	0.6479	0.4707	23	0.000004	0.000019
meditated	verb	0.6479	0.4962	61	0.000024	0.000050
chatted	verb	0.6477	0.4648	36	0.000008	0.000022
braced	verb	0.6470	0.4967	21	0.000003	0.000018
squinted	verb	0.6470	0.4494	55	0.000026	0.000101
successfully	adverb	0.6470	0.4896	34	0.000012	0.000028
rummaged	verb	0.6470	0.4343	77	0.000105	0.000215
adorned	verb	0.6470	0.4461	23	0.000004	0.000023
glanced	verb	0.6465	0.4301	89	0.000431	0.000724
reneged	verb	0.6465	0.4882	27	0.000006	0.000028
attend	verb	0.6463	0.4844	26	0.000004	0.000032
uphold	verb	0.6460	0.5496	59	0.000031	0.000058
fractured	verb	0.6460	0.4934	31	0.000007	0.000033
must	verb	0.6460	0.4447	92	0.000707	0.000849
chanted	verb	0.6458	0.4629	88	0.000255	0.000361
retaliate	verb	0.6458	0.4783	42	0.000018	0.000038
mumbled	verb	0.6456	0.4582	38	0.000015	0.000077
grunted	verb	0.6456	0.4296	21	0.000004	0.000032
nestled	verb	0.6456	0.5085	21	0.000004	0.000039
shuffled	verb	0.6451	0.4050	38	0.000010	0.000058
assumed	verb	0.6451	0.4868	29	0.000010	0.000032
let	verb	0.6451	0.4381	92	0.006086	0.007434
thanked	verb	0.6451	0.4865	88	0.000114	0.000232
connected	verb	0.6451	0.4863	91	0.000177	0.000277
calm	adjective	0.6446	0.4948	21	0.000002	0.000014
appears	verb	0.6444	0.4972	76	0.000025	0.000044
gift	noun	0.6441	0.5364	39	0.000010	0.000025
heard	verb	0.6441	0.4556	92	0.000632	0.000901
Bob	noun	0.6441	0.5203	29	0.000015	0.000032
divided	verb	0.6441	0.5473	41	0.000015	0.000042
proceeding	verb	0.6437	0.5057	29	0.000006	0.000032
refused	verb	0.6437	0.4683	92	0.000455	0.000629
philosophy	noun	0.6437	0.5194	29	0.000005	0.000014
viewed	verb	0.6437	0.5071	29	0.000006	0.000023
desperate	adjective	0.6437	0.4917	38	0.000008	0.000019
decline	verb	0.6432	0.4754	47	0.000029	0.000062
exercise	verb	0.6432	0.4050	23	0.000004	0.000018
pleaded	verb	0.6432	0.4882	29	0.000008	0.000019
scribbled	verb	0.6432	0.4986	66	0.000038	0.000098
assured	verb	0.6427	0.4948	65	0.000055	0.000229
rob	verb	0.6427	0.5610	59	0.000025	0.000040
doing	verb	0.6425	0.4572	72	0.000046	0.000093
they'd	verb	0.6422	0.4716	37	0.000010	0.000048
warned	verb	0.6422	0.4527	91	0.000311	0.000471
trained	verb	0.6422	0.4206	50	0.000016	0.000033
packed	verb	0.6420	0.5945	66	0.000036	0.000063
taunted	verb	0.6418	0.5213	29	0.000007	0.000033
unleash	verb	0.6418	0.4917	38	0.000010	0.000038
storm	noun	0.6418	0.4475	21	0.000002	0.000014
safety	noun	0.6418	0.5274	41	0.000012	0.000024
gazed	noun	0.6415	0.4149	46	0.000014	0.000029
described	verb	0.6415	0.5310	52	0.000021	0.000051
inadvertently	adverb	0.6415	0.4896	22	0.000003	0.000023
sifted	verb	0.6413	0.4369	28	0.000006	0.000025
secretly	adverb	0.6406	0.4530	68	0.000035	0.000077
applause	noun	0.6404	0.4260	34	0.000006	0.000015
doubt	verb	0.6404	0.4428	87	0.000078	0.000115
surprise	verb	0.6404	0.5234	24	0.000004	0.000017
documented	verb	0.6404	0.4341	20	0.000002	0.000020
fiercely	adverb	0.6401	0.4641	36	0.000011	0.000030
eyed	verb	0.6401	0.4839	30	0.000006	0.000028
understood	verb	0.6399	0.5269	83	0.000034	0.000062
became	verb	0.6394	0.5430	92	0.000427	0.000496
simply	adverb	0.6389	0.5473	87	0.000120	0.000186
practiced	verb	0.6385	0.4915	39	0.000009	0.000024
beaten	verb	0.6385	0.5109	37	0.000008	0.000019
embraced	verb	0.6382	0.4868	68	0.000042	0.000074
hopped	verb	0.6380	0.4556	33	0.000011	0.000042
acknowledged	verb	0.6380	0.4622	20	0.000002	0.000038
confide	verb	0.6380	0.4433	37	0.000011	0.000027
firmly	adverb	0.6378	0.5215	56	0.000019	0.000050
shone	verb	0.6375	0.4905	50	0.000018	0.000033
leaning	verb	0.6375	0.4617	73	0.000050	0.000077
nothing	noun	0.6375	0.4357	92	0.000266	0.000380
fled	verb	0.6375	0.4991	92	0.000591	0.000812
crush	verb	0.6371	0.4419	49	0.000024	0.000058
scared	adjective	0.6371	0.5052	35	0.000008	0.000018
longing	noun	0.6366	0.4844	35	0.000007	0.000019
trailed	verb	0.6366	0.4031	47	0.000014	0.000036
checking	verb	0.6363	0.4123	22	0.000004	0.000017
collected	verb	0.6361	0.5421	87	0.000081	0.000128
recently	adverb	0.6361	0.4509	70	0.000035	0.000076
polished	adjective	0.6356	0.4875	20	0.000002	0.000013
files	noun	0.6352	0.4353	60	0.000018	0.000028
trembling	verb	0.6352	0.4872	31	0.000006	0.000016
allocate	verb	0.6352	0.5300	24	0.000005	0.000019
obtained	verb	0.6352	0.4778	43	0.000015	0.000032
impose	verb	0.6352	0.5052	63	0.000018	0.000030
sneaked	verb	0.6349	0.4565	30	0.000006	0.000026
considered	verb	0.6349	0.5480	46	0.000013	0.000044
trudged	verb	0.6347	0.4667	20	0.000006	0.000039
correct	verb	0.6347	0.5118	49	0.000032	0.000067
wandered	verb	0.6342	0.5180	85	0.000105	0.000168
backed	verb	0.6342	0.4433	81	0.000084	0.000154
melted	verb	0.6342	0.4714	20	0.000002	0.000015
vandalized	verb	0.6340	0.5555	60	0.000041	0.000097
advanced	adjective	0.6337	0.4683	27	0.000005	0.000021
instantly	adverb	0.6335	0.5255	32	0.000009	0.000038
gathered	verb	0.6333	0.4532	81	0.000053	0.000099
glanced	adjective	0.6330	0.4421	82	0.000122	0.000190
talking	verb	0.6323	0.5071	92	0.000083	0.000104
rifled	verb	0.6323	0.4733	50	0.000028	0.000078
hallway	noun	0.6319	0.5017	46	0.000014	0.000032
wander	verb	0.6319	0.4716	33	0.000013	0.000036
represented	verb	0.6319	0.4485	21	0.000004	0.000015
betray	verb	0.6319	0.5184	35	0.000009	0.000024
nodded	verb	0.6319	0.5293	91	0.000498	0.000683
begin	verb	0.6319	0.4097	91	0.000132	0.000186
shouted	verb	0.6319	0.4395	91	0.002710	0.003116
shed	verb	0.6314	0.4707	25	0.000005	0.000025
stalked	verb	0.6314	0.4629	48	0.000031	0.000096
ruin	verb	0.6314	0.5354	51	0.000022	0.000048
faces	noun	0.6311	0.4523	50	0.000018	0.000038
store	noun	0.6309	0.4542	33	0.000007	0.000018
recommended	verb	0.6309	0.6219	62	0.000024	0.000046
accept	verb	0.6309	0.5095	92	0.000623	0.000769
clash	verb	0.6309	0.4589	20	0.000003	0.000011
air	noun	0.6309	0.4622	65	0.000031	0.000052
unpacked	adjective	0.6304	0.4627	20	0.000003	0.000014
delay	verb	0.6304	0.5038	31	0.000011	0.000034
mom	noun	0.6304	0.5333	20	0.000003	0.000011
dashed	verb	0.6304	0.4584	69	0.000052	0.000149
contemplated	verb	0.6302	0.5125	32	0.000011	0.000055
caution	noun	0.6302	0.4638	22	0.000003	0.000011
crossed	verb	0.6300	0.4428	91	0.000116	0.000221
resolve	verb	0.6300	0.5137	24	0.000005	0.000021
assign	verb	0.6300	0.5449	53	0.000019	0.000033
gardening	noun	0.6295	0.3956	33	0.000006	0.000015
produced	verb	0.6295	0.4986	82	0.000043	0.000069
shave	verb	0.6295	0.4941	28	0.000007	0.000016
replying	verb	0.6295	0.4646	43	0.000013	0.000035
almost	adverb	0.6295	0.5643	91	0.000117	0.000194
positioned	verb	0.6293	0.5262	44	0.000019	0.000047
survivors	noun	0.6293	0.4905	26	0.000004	0.000013
pass	verb	0.6290	0.5203	85	0.000072	0.000099
ascended	verb	0.6285	0.5061	24	0.000004	0.000014
exited	verb	0.6285	0.5019	49	0.000042	0.000088
date	noun	0.6281	0.4475	63	0.000031	0.000059
delivered	verb	0.6281	0.5572	89	0.000199	0.000288
bustling	adjective	0.6281	0.5735	46	0.000010	0.000020
tiptoed	verb	0.6281	0.5310	52	0.000024	0.000070
uncertain	adjective	0.6281	0.4771	32	0.000006	0.000015
refilled	verb	0.6278	0.4939	40	0.000016	0.000039
distribute	verb	0.6278	0.5300	28	0.000010	0.000028
nuzzled	verb	0.6276	0.4797	71	0.000065	0.000109
frowned	verb	0.6276	0.4277	86	0.000301	0.000493
ring	noun	0.6276	0.5262	20	0.000003	0.000013
establish	verb	0.6276	0.4853	21	0.000003	0.000016
wiped	verb	0.6271	0.4551	91	0.000524	0.000704
later	adverb	0.6271	0.4475	92	0.001211	0.001539
support	verb	0.6271	0.5676	89	0.000118	0.000166
urgently	adverb	0.6271	0.4390	69	0.000031	0.000054
apply	verb	0.6267	0.4948	92	0.000263	0.000352
together	adverb	0.6267	0.4726	91	0.000085	0.000123
reapply	verb	0.6267	0.5184	81	0.000052	0.000085
abandon	verb	0.6262	0.4787	65	0.000029	0.000054
indicates	verb	0.6262	0.4386	31	0.000035	0.000089
confronted	verb	0.6262	0.4863	55	0.000024	0.000053
code	verb	0.6262	0.5222	55	0.000013	0.000022
constantly	adverb	0.6257	0.5383	43	0.000011	0.000021
couldn	noun	0.6257	0.4830	51	0.000134	0.000443
echoed	verb	0.6252	0.3970	21	0.000003	0.000014
hidden	verb	0.6252	0.4884	20	0.000004	0.000013
assisted	verb	0.6248	0.5723	27	0.000006	0.000017
sealed	verb	0.6248	0.4154	81	0.000068	0.000103
cleansed	verb	0.6245	0.4605	22	0.000004	0.000014
located	verb	0.6238	0.5766	92	0.000074	0.000098
paint	verb	0.6238	0.3960	83	0.000063	0.000100
own	verb	0.6238	0.4405	21	0.000005	0.000021
invested	verb	0.6238	0.4896	81	0.000046	0.000070
stage	verb	0.6238	0.4693	41	0.000012	0.000025
wedding	noun	0.6238	0.5217	23	0.000004	0.000013
indicated	verb	0.6238	0.4135	89	0.000097	0.000125
followed	verb	0.6238	0.4348	92	0.000624	0.000835
should	verb	0.6233	0.3563	92	0.000608	0.000782
compare	verb	0.6233	0.5229	24	0.000006	0.000016
relocate	verb	0.6233	0.5884	21	0.000004	0.000017
hissed	verb	0.6233	0.4438	72	0.000088	0.000212
watch	verb	0.6229	0.5284	92	0.000091	0.000133
draped	verb	0.6229	0.4863	68	0.000054	0.000097
avoided	verb	0.6224	0.5203	31	0.000008	0.000024
squeezed	verb	0.6224	0.4485	92	0.001042	0.001239
deciding	verb	0.6224	0.4830	23	0.000004	0.000018
input	noun	0.6219	0.5298	33	0.000007	0.000014
inspect	verb	0.6217	0.5922	70	0.000024	0.000045
exclaimed	verb	0.6215	0.4324	61	0.000072	0.000209
recite	verb	0.6210	0.5057	89	0.000057	0.000087
tasted	verb	0.6210	0.3932	75	0.000047	0.000070
seriously	adverb	0.6210	0.4400	37	0.000011	0.000036
gazed	adjective	0.6210	0.4716	87	0.000072	0.000094
shout	verb	0.6210	0.4409	92	0.000215	0.000281
posed	verb	0.6207	0.5468	32	0.000009	0.000026
spike	noun	0.6207	0.4594	28	0.000006	0.000022
celebrated	verb	0.6207	0.4598	24	0.000005	0.000020
abyss	noun	0.6205	0.5255	43	0.000009	0.000018
trampled	verb	0.6205	0.5024	81	0.000147	0.000245
rooftop	noun	0.6205	0.5291	28	0.000005	0.000013
cast	verb	0.6200	0.5666	33	0.000009	0.000027
menacingly	adverb	0.6200	0.4967	45	0.000013	0.000026
respect	verb	0.6200	0.4244	75	0.000069	0.000140
cold	adjective	0.6196	0.5520	92	0.000112	0.000144
propped	verb	0.6196	0.4648	30	0.000009	0.000031
marked	adjective	0.6196	0.4783	25	0.000008	0.000023
record	verb	0.6186	0.5236	37	0.000013	0.000032
witnessed	verb	0.6186	0.5175	31	0.000009	0.000031
pleasant	adjective	0.6186	0.4549	26	0.000005	0.000012
nobody	noun	0.6186	0.4494	65	0.000029	0.000066
blinked	verb	0.6186	0.4549	22	0.000004	0.000026
knuckles	noun	0.6186	0.4419	41	0.000009	0.000020
might	verb	0.6186	0.4716	92	0.000316	0.000389
softly	adverb	0.6186	0.5336	92	0.000220	0.000254
violates	verb	0.6184	0.4338	32	0.000012	0.000037
curl	verb	0.6181	0.4660	27	0.000005	0.000022
startled	verb	0.6181	0.4986	21	0.000004	0.000014
yet	adverb	0.6181	0.4206	90	0.000067	0.000086
silence	verb	0.6181	0.4962	21	0.000004	0.000016
initialed	verb	0.6181	0.5080	33	0.000015	0.000042
urged	verb	0.6177	0.4319	85	0.000130	0.000185
forgive	verb	0.6177	0.5043	92	0.000035	0.000060
eventually	adverb	0.6177	0.4802	92	0.000283	0.000357
eagerly	adverb	0.6174	0.4731	52	0.000015	0.000032
bragged	verb	0.6174	0.4350	24	0.000005	0.000022
unionize	verb	0.6172	0.5548	63	0.000033	0.000058
didn	adjective	0.6172	0.4220	30	0.000013	0.000040
possibly	adverb	0.6167	0.5461	30	0.000006	0.000023
terminate	verb	0.6167	0.3960	92	0.000120	0.000158
earned	verb	0.6167	0.5243	50	0.000019	0.000040
double	adjective	0.6167	0.4726	59	0.000024	0.000059
currently	adverb	0.6163	0.4998	38	0.000009	0.000023
extinguished	verb	0.6163	0.5090	59	0.000026	0.000046
administer	verb	0.6163	0.5515	21	0.000004	0.000011
sank	verb	0.6163	0.4466	87	0.000058	0.000117
shows	verb	0.6163	0.4778	31	0.000008	0.000027
stared	verb	0.6163	0.5085	92	0.002311	0.002885
failing	verb	0.6163	0.4182	43	0.000013	0.000040
remembered	verb	0.6160	0.4943	90	0.000135	0.000179
chased	verb	0.6155	0.4865	86	0.000165	0.000234
flashed	verb	0.6155	0.5038	48	0.000020	0.000048
personally	adverb	0.6155	0.5284	24	0.000004	0.000017
missing	verb	0.6153	0.5090	21	0.000004	0.000015
insulted	verb	0.6153	0.5388	37	0.000017	0.000052
late	adjective	0.6153	0.5440	25	0.000005	0.000012
energy	noun	0.6153	0.4712	25	0.000005	0.000015
drive	verb	0.6148	0.5458	92	0.000090	0.000116
schedule	noun	0.6144	0.4490	29	0.000007	0.000023
clean	verb	0.6144	0.5080	92	0.000138	0.000175
inserted	verb	0.6144	0.5411	92	0.000226	0.000283
arrange	verb	0.6144	0.4972	21	0.000005	0.000013
confronting	verb	0.6141	0.5128	20	0.000004	0.000019
examine	verb	0.6141	0.5149	78	0.000054	0.000087
curse	noun	0.6139	0.4211	31	0.000009	0.000020
claw	verb	0.6139	0.4546	33	0.000010	0.000034
split	verb	0.6137	0.4534	84	0.000071	0.000113
disclose	verb	0.6134	0.5005	21	0.000004	0.000024
things	noun	0.6134	0.4395	83	0.000060	0.000087
danced	verb	0.6134	0.4641	92	0.000173	0.000275
quiet	adjective	0.6134	0.4612	77	0.000029	0.000050
regretted	verb	0.6134	0.4426	66	0.000028	0.000065
demanding	verb	0.6129	0.5406	29	0.000006	0.000018
dove	noun	0.6129	0.4750	37	0.000009	0.000023
couldn't	adverb	0.6129	0.4962	82	0.000255	0.000497
submerged	verb	0.6125	0.4778	46	0.000012	0.000024
includes	verb	0.6125	0.4154	92	0.000125	0.000157
vulnerable	adjective	0.6125	0.4216	21	0.000003	0.000010
scowled	verb	0.6120	0.4849	23	0.000007	0.000053
accepted	verb	0.6120	0.5974	57	0.000016	0.000038
smoothed	verb	0.6120	0.4423	69	0.000036	0.000089
workers	noun	0.6118	0.4388	20	0.000004	0.000013
p	noun	0.6115	0.4986	39	0.000010	0.000025
clasped	verb	0.6115	0.4664	43	0.000014	0.000048
parked	verb	0.6115	0.5331	92	0.000191	0.000230
transform	verb	0.6115	0.5605	72	0.000036	0.000057
urinated	verb	0.6115	0.5224	76	0.000095	0.000157
withdraw	verb	0.6115	0.5000	75	0.000058	0.000102
backing	verb	0.6113	0.5043	20	0.000003	0.000014
cousin	noun	0.6111	0.4957	27	0.000006	0.000013
stated	verb	0.6111	0.5397	92	0.000167	0.000272
pinched	verb	0.6108	0.4672	40	0.000019	0.000035
casually	adverb	0.6106	0.4939	29	0.000009	0.000051
slipping	verb	0.6106	0.4905	21	0.000004	0.000022
introduce	verb	0.6106	0.5399	86	0.000036	0.000054
storage	noun	0.6106	0.5163	34	0.000009	0.000019
defiled	verb	0.6103	0.4849	50	0.000019	0.000052
collect	verb	0.6101	0.5709	48	0.000023	0.000042
welcomed	verb	0.6101	0.5007	44	0.000013	0.000028
reply	verb	0.6101	0.4693	55	0.000036	0.000080
making	verb	0.6101	0.4532	92	0.000337	0.000388
retch	verb	0.6096	0.5241	50	0.000021	0.000039
extend	verb	0.6096	0.5425	23	0.000006	0.000013
helped	verb	0.6096	0.4471	92	0.000793	0.000966
train	verb	0.6094	0.5090	20	0.000003	0.000014
even	adverb	0.6092	0.5681	92	0.001151	0.001359
calculate	verb	0.6092	0.4939	65	0.000035	0.000063
yelped	verb	0.6092	0.4754	22	0.000004	0.000017
sharpen	verb	0.6087	0.3759	52	0.000018	0.000031
social	adjective	0.6087	0.5331	35	0.000008	0.000018
fade	verb	0.6085	0.4830	48	0.000012	0.000021
others	noun	0.6082	0.5066	77	0.000042	0.000063
falsely	adverb	0.6082	0.4612	27	0.000007	0.000031
uttered	verb	0.6082	0.4981	51	0.000022	0.000088
it's	verb	0.6082	0.4662	82	0.000611	0.001014
restored	verb	0.6082	0.4863	87	0.000080	0.000100
connect	verb	0.6080	0.5019	66	0.000036	0.000055
different	adjective	0.6078	0.5118	87	0.000045	0.000056
rough	adjective	0.6078	0.4856	42	0.000015	0.000026
defy	verb	0.6075	0.5035	64	0.000027	0.000042
start	verb	0.6073	0.5236	92	0.002963	0.003195
sauntered	verb	0.6073	0.4676	38	0.000024	0.000097
disconnected	verb	0.6073	0.5196	44	0.000014	0.000032
Jake	noun	0.6073	0.4660	25	0.000009	0.000027
mixed	adjective	0.6068	0.4986	92	0.000193	0.000244
region	noun	0.6068	0.4551	39	0.000009	0.000015
Maria	noun	0.6068	0.4499	52	0.000015	0.000038
save	verb	0.6068	0.5302	91	0.000255	0.000297
deeply	adverb	0.6066	0.4612	20	0.000003	0.000011
ancient	adjective	0.6063	0.3417	91	0.000101	0.000117
defaced	verb	0.6063	0.4485	67	0.000043	0.000096
petted	verb	0.6061	0.4556	24	0.000008	0.000016
threaded	verb	0.6059	0.4679	33	0.000007	0.000018
grown	verb	0.6056	0.4523	32	0.000009	0.000019
toast	verb	0.6056	0.4627	40	0.000009	0.000016
compliance	noun	0.6056	0.5090	20	0.000004	0.000012
exhausted	verb	0.6056	0.5057	24	0.000004	0.000011
flee	verb	0.6054	0.4750	91	0.000182	0.000224
rewrite	verb	0.6054	0.5095	25	0.000005	0.000020
played	verb	0.6054	0.5388	92	0.000267	0.000313
intentionally	adverb	0.6052	0.5598	36	0.000013	0.000025
mistakenly	adverb	0.6049	0.5345	21	0.000010	0.000018
charged	verb	0.6049	0.4837	90	0.000131	0.000188
injured	verb	0.6049	0.4773	75	0.000057	0.000099
apologies	noun	0.6049	0.4905	65	0.000020	0.000030
kids	noun	0.6049	0.5728	67	0.000040	0.000058
wear	verb	0.6049	0.4972	77	0.000066	0.000099
exhaling	verb	0.6049	0.5241	22	0.000004	0.000010
desecrated	verb	0.6047	0.4603	86	0.000125	0.000209
re	verb	0.6044	0.5175	70	0.000204	0.000335
backpack	noun	0.6044	0.4948	21	0.000005	0.000018
weaken	verb	0.6044	0.4835	41	0.000009	0.000017
grand	noun	0.6042	0.5019	20	0.000003	0.000011
exiting	verb	0.6042	0.5759	90	0.000141	0.000183
learn	verb	0.6040	0.4542	91	0.000278	0.000349
added	verb	0.6040	0.5425	92	0.002576	0.002830
list	verb	0.6040	0.5222	27	0.000006	0.000016
darted	verb	0.6040	0.4397	24	0.000007	0.000039
shouting	verb	0.6040	0.4192	62	0.000024	0.000045
screamed	verb	0.6040	0.5359	91	0.000999	0.001229
mess	verb	0.6040	0.5742	22	0.000004	0.000012
forcibly	adverb	0.6035	0.4934	48	0.000018	0.000040
sword	noun	0.6035	0.4929	35	0.000008	0.000017
implied	verb	0.6033	0.4109	60	0.000031	0.000082
dim	noun	0.6033	0.4551	20	0.000003	0.000010
knelt	noun	0.6033	0.5012	90	0.000224	0.000309
darkness	noun	0.6030	0.5515	85	0.000054	0.000072
measured	verb	0.6030	0.5402	35	0.000024	0.000041
departing	verb	0.6030	0.5638	49	0.000021	0.000044
scrolled	verb	0.6030	0.4357	89	0.000187	0.000229
setting	verb	0.6030	0.5430	69	0.000029	0.000048
finally	adverb	0.6030	0.4646	92	0.000750	0.000827
descended	verb	0.6026	0.5076	39	0.000016	0.000032
skipping	verb	0.6021	0.4943	29	0.000006	0.000012
publicly	adverb	0.6016	0.4745	81	0.000041	0.000061
nearby	adverb	0.6016	0.4891	29	0.000006	0.000013
involved	verb	0.6016	0.4565	89	0.000152	0.000185
rushed	verb	0.6011	0.4939	92	0.000243	0.000380
rethink	verb	0.6011	0.4929	21	0.000005	0.000027
shielded	verb	0.6011	0.4891	67	0.000022	0.000038
lying	verb	0.6011	0.4986	24	0.000005	0.000013
manually	adverb	0.6007	0.4809	28	0.000006	0.000018
flushed	verb	0.6007	0.4660	39	0.000016	0.000030
am	verb	0.6007	0.5246	92	0.001035	0.001065
fractions	noun	0.6004	0.4412	32	0.000007	0.000015
gritted	verb	0.6004	0.4764	34	0.000008	0.000022
didn	noun	0.6002	0.4839	53	0.000790	0.001318
discovered	verb	0.6002	0.5269	92	0.001960	0.002138
lunged	verb	0.6002	0.5406	76	0.000065	0.000129
search	verb	0.6002	0.5321	92	0.000161	0.000209
uploaded	verb	0.6002	0.4376	74	0.000045	0.000062
spin	verb	0.6002	0.4820	47	0.000016	0.000041
cursed	verb	0.6002	0.4544	90	0.000360	0.000498
ruined	verb	0.6000	0.4813	86	0.000158	0.000191
feel	verb	0.5997	0.4802	92	0.002862	0.003009
feeling	verb	0.5997	0.5274	54	0.000022	0.000045
crumble	verb	0.5997	0.4400	73	0.000068	0.000090
authorities	noun	0.5997	0.4778	39	0.000012	0.000022
demonstrate	verb	0.5992	0.5789	53	0.000019	0.000032
landed	verb	0.5992	0.5250	92	0.000249	0.000320
shivered	verb	0.5992	0.5095	57	0.000021	0.000045
include	verb	0.5992	0.5458	83	0.000077	0.000129
lost	verb	0.5992	0.5392	92	0.000370	0.000415
fold	verb	0.5992	0.4901	23	0.000004	0.000013
admitting	verb	0.5992	0.5024	25	0.000008	0.000026
escaped	verb	0.5990	0.4806	90	0.000141	0.000190
leaked	verb	0.5990	0.4773	26	0.000006	0.000013
installed	verb	0.5988	0.4972	91	0.000295	0.000344
expensive	adjective	0.5985	0.5206	24	0.000004	0.000011
plant	noun	0.5983	0.4858	29	0.000006	0.000013
insist	verb	0.5983	0.4750	27	0.000012	0.000048
stressed	verb	0.5983	0.5161	21	0.000006	0.000031
team	noun	0.5983	0.5340	25	0.000006	0.000012
now	adverb	0.5978	0.4863	92	0.004133	0.004881
always	adverb	0.5978	0.4802	92	0.000215	0.000273
issued	verb	0.5978	0.4872	73	0.000049	0.000076
spread	noun	0.5974	0.5718	81	0.000038	0.000060
carve	verb	0.5974	0.4690	86	0.000053	0.000067
twisted	verb	0.5974	0.5180	90	0.000194	0.000264
crawl	verb	0.5969	0.4627	82	0.000059	0.000088
roared	verb	0.5969	0.5028	87	0.000048	0.000135
strode	noun	0.5969	0.4669	74	0.000119	0.000233
thumb	noun	0.5969	0.5099	92	0.000055	0.000068
Alice	noun	0.5969	0.4192	23	0.000028	0.000044
frowned	adjective	0.5969	0.4816	33	0.000007	0.000016
wrapped	verb	0.5964	0.5425	92	0.000628	0.000755
bolted	verb	0.5964	0.4837	74	0.000055	0.000109
calmly	adverb	0.5964	0.4598	84	0.000053	0.000088
debris	noun	0.5959	0.5964	92	0.000036	0.000047
community	noun	0.5959	0.4740	47	0.000013	0.000022
clung	noun	0.5959	0.4877	42	0.000014	0.000026
peeled	verb	0.5959	0.4551	54	0.000020	0.000050
falsified	verb	0.5959	0.4891	47	0.000016	0.000034
proclaimed	verb	0.5959	0.4835	63	0.000040	0.000085
bowed	verb	0.5959	0.5274	91	0.000579	0.000672
stands	verb	0.5955	0.5525	21	0.000004	0.000012
crave	verb	0.5955	0.4695	28	0.000007	0.000021
lunging	verb	0.5955	0.4405	21	0.000004	0.000010
someone	noun	0.5950	0.5076	92	0.000266	0.000311
closely	adverb	0.5948	0.5737	52	0.000016	0.000025
James	noun	0.5948	0.4402	56	0.000022	0.000040
stand	verb	0.5945	0.4953	92	0.000382	0.000433
contributed	verb	0.5945	0.4119	32	0.000009	0.000018
determined	verb	0.5945	0.4915	91	0.000235	0.000283
forest	noun	0.5943	0.5489	84	0.000061	0.000081
closed	verb	0.5940	0.4182	92	0.002021	0.002285
taste	verb	0.5940	0.5510	65	0.000034	0.000053
erupted	verb	0.5938	0.4773	68	0.000024	0.000033
slip	verb	0.5938	0.4719	88	0.000057	0.000086
inner	adjective	0.5936	0.5246	55	0.000020	0.000030
answer	verb	0.5936	0.5383	92	0.000157	0.000207
questioned	verb	0.5936	0.4244	25	0.000006	0.000023
dusty	noun	0.5936	0.4837	28	0.000007	0.000015
swirled	verb	0.5933	0.4284	52	0.000030	0.000055
collided	verb	0.5931	0.4660	21	0.000005	0.000012
below	adverb	0.5931	0.5033	29	0.000007	0.000013
impress	verb	0.5931	0.5168	20	0.000006	0.000019
polished	verb	0.5931	0.4957	65	0.000041	0.000059
supported	verb	0.5929	0.5272	32	0.000008	0.000025
proceeded	verb	0.5926	0.4872	92	0.001049	0.001370
finished	verb	0.5926	0.4948	81	0.000059	0.000086
resent	verb	0.5926	0.4948	20	0.000004	0.000016
dated	verb	0.5924	0.5151	48	0.000034	0.000059
try	verb	0.5922	0.4159	92	0.002109	0.002420
bear	verb	0.5922	0.5165	25	0.000008	0.000025
seems	verb	0.5922	0.5189	92	0.000091	0.000138
intoned	verb	0.5922	0.5009	28	0.000007	0.000015
cast	noun	0.5919	0.5373	88	0.000112	0.000140
actually	adverb	0.5917	0.5305	82	0.000143	0.000209
various	adjective	0.5917	0.4953	63	0.000025	0.000038
pour	verb	0.5917	0.6347	41	0.000012	0.000023
ahead	adverb	0.5914	0.5541	36	0.000009	0.000015
repeated	verb	0.5914	0.5440	88	0.000093	0.000156
plopped	verb	0.5912	0.5095	43	0.000020	0.000042
tripped	verb	0.5912	0.5191	38	0.000013	0.000028
carrot	noun	0.5912	0.4920	25	0.000005	0.000011
slung	adjective	0.5912	0.5000	31	0.000008	0.000027
dark	adjective	0.5907	0.4820	39	0.000012	0.000022
resubmit	verb	0.5907	0.4939	73	0.000072	0.000098
catch	verb	0.5907	0.4920	81	0.000076	0.000097
fought	verb	0.5907	0.4915	91	0.000039	0.000057
he's	verb	0.5905	0.5087	72	0.000045	0.000083
whenever	adverb	0.5903	0.5274	23	0.000006	0.000013
unplugged	verb	0.5903	0.5357	20	0.000004	0.000009
helping	verb	0.5900	0.4764	22	0.000006	0.000014
blame	verb	0.5900	0.5040	26	0.000009	0.000020
fill	verb	0.5898	0.4383	58	0.000036	0.000066
subsequent	adjective	0.5896	0.4853	22	0.000005	0.000017
convulse	adverb	0.5896	0.4922	42	0.000013	0.000023
dipped	verb	0.5893	0.4924	51	0.000025	0.000051
abandoned	verb	0.5893	0.5766	46	0.000014	0.000028
fragile	adjective	0.5893	0.4546	20	0.000004	0.000012
lubricated	verb	0.5893	0.4742	20	0.000004	0.000015
congratulated	verb	0.5891	0.4946	26	0.000006	0.000015
tagged	verb	0.5891	0.3960	82	0.000067	0.000089
burst	adjective	0.5891	0.4844	62	0.000026	0.000045
ignited	verb	0.5891	0.4631	36	0.000014	0.000033
slung	noun	0.5891	0.4896	44	0.000019	0.000034
purpose	noun	0.5888	0.5747	39	0.000012	0.000020
concentrate	verb	0.5888	0.4650	23	0.000004	0.000011
twist	verb	0.5884	0.5054	54	0.000021	0.000037
glow	verb	0.5884	0.4764	25	0.000007	0.000017
awaited	verb	0.5884	0.5147	31	0.000009	0.000019
jagged	adjective	0.5881	0.5172	54	0.000018	0.000029
pocketed	adjective	0.5874	0.5274	53	0.000016	0.000029
strolled	verb	0.5874	0.5354	79	0.000123	0.000196
final	adjective	0.5874	0.4884	24	0.000006	0.000016
healed	verb	0.5874	0.5104	20	0.000004	0.000012
approval	noun	0.5872	0.4735	22	0.000004	0.000011
rolled	verb	0.5870	0.4650	89	0.000277	0.000363
deliberately	adverb	0.5870	0.5260	26	0.000008	0.000025
warn	verb	0.5870	0.4752	60	0.000046	0.000089
pausing	verb	0.5870	0.4768	71	0.000064	0.000087
jogged	verb	0.5870	0.4780	20	0.000004	0.000016
summoned	verb	0.5870	0.5633	76	0.000038	0.000055
named	verb	0.5865	0.5232	79	0.000047	0.000062
pocketed	verb	0.5865	0.4844	89	0.000500	0.000633
confess	verb	0.5862	0.6016	84	0.000041	0.000057
quietly	adverb	0.5860	0.5354	92	0.000166	0.000301
stacked	verb	0.5860	0.5250	25	0.000006	0.000015
assaulted	verb	0.5860	0.4887	37	0.000018	0.000038
strode	verb	0.5860	0.4471	43	0.000026	0.000064
flopped	verb	0.5860	0.4509	48	0.000023	0.000042
hidden	adjective	0.5860	0.4761	20	0.000004	0.000009
stage	noun	0.5858	0.3901	42	0.000014	0.000029
water	verb	0.5855	0.4943	29	0.000006	0.000012
motioned	verb	0.5855	0.4312	74	0.000078	0.000127
expand	verb	0.5855	0.4589	20	0.000004	0.000010
soon	adverb	0.5855	0.4509	92	0.000254	0.000326
planted	verb	0.5851	0.5109	91	0.000325	0.000373
text	verb	0.5851	0.5208	31	0.000007	0.000014
enemy	noun	0.5851	0.4832	20	0.000004	0.000009
partly	adverb	0.5851	0.4802	55	0.000014	0.000021
absolutely	adverb	0.5851	0.5250	45	0.000014	0.000034
question	noun	0.5846	0.5421	24	0.000007	0.000014
jawline	noun	0.5846	0.4693	83	0.000034	0.000044
wrap	verb	0.5846	0.5340	27	0.000008	0.000020
command	verb	0.5844	0.5064	62	0.000029	0.000039
humiliate	verb	0.5844	0.5447	28	0.000008	0.000020
divide	verb	0.5841	0.4740	31	0.000014	0.000023
longingly	adverb	0.5839	0.5475	22	0.000004	0.000011
sun	noun	0.5836	0.3913	91	0.000056	0.000068
Peter	noun	0.5834	0.5541	22	0.000004	0.000010
overheard	verb	0.5832	0.4617	24	0.000006	0.000014
stumble	verb	0.5832	0.4513	67	0.000044	0.000061
booked	verb	0.5832	0.5099	24	0.000007	0.000016
listen	verb	0.5832	0.4603	88	0.000096	0.000130
clear	verb	0.5832	0.5669	86	0.000037	0.000055
giggle	verb	0.5827	0.4608	45	0.000021	0.000033
skimmed	verb	0.5827	0.4853	74	0.000058	0.000088
instruct	verb	0.5827	0.4641	23	0.000005	0.000013
smiled	verb	0.5827	0.4953	92	0.003285	0.003751
password	noun	0.5827	0.5737	55	0.000021	0.000031
siblings	noun	0.5827	0.5255	49	0.000012	0.000019
didn	verb	0.5827	0.4636	49	0.000130	0.000209
discontinue	verb	0.5825	0.4544	22	0.000004	0.000010
couldn	verb	0.5825	0.4471	50	0.000049	0.000080
stretch	verb	0.5822	0.5317	23	0.000005	0.000014
scratched	verb	0.5822	0.4787	79	0.000058	0.000092
sauté	noun	0.5822	0.4518	58	0.000015	0.000022
parchment	noun	0.5822	0.4386	48	0.000013	0.000019
scheduled	verb	0.5822	0.4981	68	0.000032	0.000047
blush	verb	0.5818	0.4773	21	0.000005	0.000015
dish	noun	0.5818	0.5392	54	0.000014	0.000021
dimly	adverb	0.5815	0.5019	40	0.000009	0.000016
collapsed	verb	0.5813	0.4447	91	0.000155	0.000203
reflect	verb	0.5813	0.5165	29	0.000011	0.000017
assume	verb	0.5813	0.4357	83	0.000113	0.000156
sparks	verb	0.5813	0.4660	24	0.000005	0.000011
crackle	noun	0.5813	0.4485	21	0.000004	0.000009
tucked	verb	0.5813	0.5109	91	0.000702	0.000880
unearthed	verb	0.5810	0.5354	88	0.000029	0.000048
baby	noun	0.5808	0.5945	37	0.000010	0.000018
hoarse	adverb	0.5808	0.4650	20	0.000004	0.000009
sometimes	adverb	0.5808	0.5766	70	0.000042	0.000071
predicted	verb	0.5806	0.4780	30	0.000008	0.000014
benefits	noun	0.5806	0.4076	34	0.000009	0.000017
outstretched	verb	0.5806	0.4447	46	0.000014	0.000023
flicked	verb	0.5806	0.4201	80	0.000193	0.000283
sighted	verb	0.5803	0.4688	47	0.000017	0.000027
rented	verb	0.5803	0.4976	51	0.000026	0.000038
spines	noun	0.5803	0.5113	24	0.000005	0.000010
tickled	verb	0.5803	0.5385	26	0.000010	0.000026
prey	noun	0.5801	0.4983	26	0.000006	0.000011
figure	verb	0.5801	0.5177	46	0.000016	0.000030
expenses	noun	0.5801	0.4792	22	0.000004	0.000011
cover	verb	0.5801	0.5414	48	0.000021	0.000033
here	adverb	0.5799	0.4277	92	0.000171	0.000195
freed	verb	0.5799	0.4516	44	0.000012	0.000020
wake	verb	0.5799	0.5312	65	0.000026	0.000046
wreck	noun	0.5799	0.5076	21	0.000004	0.000009
betrayed	verb	0.5799	0.4882	49	0.000018	0.000028
part	noun	0.5799	0.5227	38	0.000012	0.000022
shop	verb	0.5799	0.4830	34	0.000011	0.000030
plunged	verb	0.5799	0.5298	91	0.000226	0.000284
choke	verb	0.5796	0.4757	90	0.000127	0.000168
vast	adjective	0.5794	0.4731	23	0.000005	0.000010
Sam	noun	0.5794	0.4773	47	0.000026	0.000049
rather	adverb	0.5794	0.5118	51	0.000018	0.000034
dissolved	verb	0.5794	0.5220	20	0.000005	0.000010
blur	noun	0.5794	0.5061	28	0.000006	0.000012
figures	noun	0.5792	0.4773	22	0.000004	0.000010
inhaled	verb	0.5792	0.5007	84	0.000113	0.000167
curses	noun	0.5792	0.4428	86	0.000057	0.000067
shaking	verb	0.5792	0.4776	54	0.000019	0.000031
spent	verb	0.5789	0.5553	92	0.000820	0.000919
remarked	verb	0.5789	0.5440	23	0.000008	0.000034
extracted	verb	0.5789	0.5369	71	0.000062	0.000090
benched	verb	0.5789	0.4707	23	0.000006	0.000012
spend	verb	0.5789	0.4523	92	0.000531	0.000582
clothes	noun	0.5789	0.5198	92	0.000080	0.000093
spat	noun	0.5784	0.4802	87	0.000355	0.000497
hugged	verb	0.5784	0.4830	92	0.000427	0.000465
pasted	verb	0.5784	0.4939	26	0.000007	0.000016
local	adjective	0.5784	0.4839	29	0.000007	0.000016
releasing	verb	0.5784	0.5548	27	0.000006	0.000014
swerved	verb	0.5784	0.5206	58	0.000021	0.000031
spray	verb	0.5784	0.5168	32	0.000011	0.000017
contacted	verb	0.5780	0.5298	89	0.000139	0.000223
sight	noun	0.5780	0.5210	38	0.000011	0.000018
watched	verb	0.5780	0.4650	92	0.005499	0.006186
soothing	verb	0.5780	0.5397	31	0.000008	0.000013
scrubbed	verb	0.5777	0.4374	66	0.000041	0.000058
recorded	verb	0.5775	0.5477	91	0.000128	0.000162
sweet	adjective	0.5775	0.5243	78	0.000035	0.000046
num	noun	0.5775	0.4575	20	0.000004	0.000009
deduct	verb	0.5770	0.4823	40	0.000016	0.000030
photos	noun	0.5770	0.5085	51	0.000019	0.000033
mark	verb	0.5770	0.5078	30	0.000013	0.000027
grimaced	verb	0.5770	0.4409	30	0.000010	0.000056
they're	verb	0.5768	0.5328	32	0.000010	0.000018
approaching	verb	0.5766	0.5085	69	0.000038	0.000051
want	verb	0.5766	0.4428	92	0.001500	0.001611
tumbled	verb	0.5766	0.4416	24	0.000005	0.000011
sprinting	verb	0.5766	0.5227	21	0.000004	0.000010
remains	verb	0.5766	0.5359	69	0.000026	0.000036
officials	noun	0.5766	0.5095	35	0.000016	0.000029
icons	noun	0.5766	0.5364	45	0.000011	0.000017
replied	verb	0.5766	0.4839	92	0.000163	0.000213
finding	verb	0.5763	0.4965	32	0.000012	0.000023
wouldn	verb	0.5763	0.4568	44	0.000052	0.000123
sounded	verb	0.5761	0.4291	75	0.000037	0.000054
require	verb	0.5761	0.4950	22	0.000005	0.000016
joined	verb	0.5761	0.5080	89	0.000083	0.000135
developed	verb	0.5761	0.4863	25	0.000005	0.000011
earlobe	noun	0.5761	0.5402	34	0.000011	0.000017
increased	verb	0.5759	0.6009	40	0.000012	0.000022
rate	noun	0.5759	0.5730	64	0.000017	0.000023
progress	noun	0.5756	0.5118	23	0.000005	0.000010
budget	noun	0.5756	0.4475	27	0.000006	0.000012
wallet	noun	0.5756	0.5766	92	0.000043	0.000059
straddle	verb	0.5756	0.4712	45	0.000015	0.000024
vacate	verb	0.5756	0.5591	69	0.000032	0.000048
affixed	verb	0.5756	0.4731	30	0.000010	0.000020
hours	noun	0.5754	0.4459	26	0.000008	0.000014
showered	verb	0.5751	0.5149	52	0.000015	0.000023
thicket	noun	0.5751	0.5293	27	0.000006	0.000012
recalled	verb	0.5749	0.4579	24	0.000007	0.000014
fracture	noun	0.5749	0.4868	26	0.000006	0.000011
cringed	verb	0.5747	0.5232	22	0.000007	0.000022
withhold	verb	0.5747	0.4383	52	0.000021	0.000034
dare	verb	0.5747	0.5118	27	0.000006	0.000012
agreed	verb	0.5747	0.4759	92	0.000435	0.000505
passionately	adverb	0.5747	0.4830	21	0.000004	0.000012
flowers	noun	0.5747	0.5142	21	0.000004	0.000010
wasn	noun	0.5744	0.4017	28	0.000021	0.000042
kneeled	verb	0.5742	0.5118	27	0.000008	0.000020
securing	noun	0.5742	0.4712	21	0.000004	0.000011
worked	verb	0.5742	0.5061	91	0.000119	0.000148
stomped	verb	0.5742	0.4419	86	0.000532	0.000713
naturally	adverb	0.5742	0.4740	63	0.000100	0.000171
recognized	verb	0.5742	0.5007	46	0.000016	0.000027
struggled	verb	0.5737	0.5340	92	0.000044	0.000058
lightly	adverb	0.5737	0.4816	39	0.000014	0.000030
protected	verb	0.5737	0.5189	37	0.000013	0.000022
attic	adjective	0.5737	0.5132	21	0.000006	0.000012
fees	noun	0.5737	0.5610	21	0.000004	0.000011
necessitated	verb	0.5737	0.4750	21	0.000006	0.000013
coast	noun	0.5737	0.5009	45	0.000013	0.000017
tears	noun	0.5737	0.3927	92	0.000070	0.000082
folded	verb	0.5733	0.5402	89	0.000112	0.000175
find	verb	0.5733	0.4457	92	0.002156	0.002318
help	verb	0.5728	0.4357	92	0.000707	0.000805
teammate	noun	0.5728	0.4490	39	0.000009	0.000015
sound	noun	0.5728	0.4920	75	0.000026	0.000039
standing	verb	0.5728	0.5421	86	0.000061	0.000073
time	noun	0.5723	0.4872	92	0.000063	0.000078
answer	noun	0.5723	0.5326	29	0.000010	0.000020
adding	verb	0.5723	0.3894	67	0.000046	0.000073
declare	verb	0.5723	0.4929	31	0.000015	0.000026
warmth	noun	0.5723	0.5449	92	0.000112	0.000124
shrugged	verb	0.5723	0.4525	52	0.000023	0.000056
opponent	noun	0.5723	0.4109	34	0.000009	0.000017
harshly	adverb	0.5721	0.4584	34	0.000012	0.000021
bounced	verb	0.5716	0.5262	20	0.000005	0.000018
throttle	verb	0.5716	0.4560	36	0.000018	0.000037
crash	noun	0.5716	0.4681	28	0.000011	0.000020
inquired	verb	0.5714	0.5113	37	0.000014	0.000029
perched	verb	0.5714	0.5383	41	0.000012	0.000024
roast	noun	0.5714	0.3941	23	0.000005	0.000010
filmed	verb	0.5714	0.5851	58	0.000030	0.000046
partner	noun	0.5714	0.4329	51	0.000014	0.000020
employees	noun	0.5714	0.5558	45	0.000018	0.000028
fit	noun	0.5711	0.5489	30	0.000007	0.000012
claimant	noun	0.5711	0.4421	24	0.000008	0.000017
twisted	adjective	0.5711	0.4979	90	0.000117	0.000152
pocket	noun	0.5709	0.5279	89	0.000050	0.000078
completely	adverb	0.5709	0.4445	84	0.000032	0.000053
postpone	verb	0.5709	0.4480	39	0.000015	0.000024
sheer	adjective	0.5709	0.4905	31	0.000007	0.000012
pronounced	verb	0.5707	0.5080	54	0.000030	0.000043
reject	verb	0.5704	0.5135	82	0.000114	0.000141
occurs	verb	0.5704	0.4527	23	0.000005	0.000009
creak	noun	0.5704	0.5260	35	0.000009	0.000014
invite	verb	0.5704	0.5288	34	0.000009	0.000015
hoisted	verb	0.5702	0.5836	76	0.000043	0.000086
place	verb	0.5699	0.5284	49	0.000021	0.000031
sources	noun	0.5699	0.4698	25	0.000006	0.000014
endure	verb	0.5699	0.5170	35	0.000014	0.000027
crushed	verb	0.5699	0.4901	81	0.000187	0.000257
catch	noun	0.5699	0.5305	28	0.000007	0.000012
severed	verb	0.5695	0.4716	23	0.000008	0.000021
stealing	verb	0.5695	0.4887	23	0.000006	0.000012
collapsing	verb	0.5695	0.5336	66	0.000023	0.000035
jolt	noun	0.5695	0.5260	92	0.000098	0.000108
kneel	verb	0.5692	0.4575	24	0.000008	0.000018
seduce	verb	0.5692	0.6030	24	0.000006	0.000017
joining	verb	0.5690	0.4908	74	0.000041	0.000056
George	noun	0.5690	0.4457	29	0.000008	0.000013
normally	adverb	0.5690	0.5473	31	0.000011	0.000024
outside	adverb	0.5690	0.4679	91	0.000068	0.000079
campaign	verb	0.5685	0.4976	25	0.000006	0.000011
leading	verb	0.5685	0.4773	52	0.000022	0.000032
inscribed	verb	0.5685	0.4223	62	0.000039	0.000054
violently	adverb	0.5685	0.4504	39	0.000010	0.000020
haven	verb	0.5685	0.4693	47	0.000067	0.000146
fight	verb	0.5685	0.5137	92	0.000822	0.000876
push	verb	0.5685	0.4830	92	0.000161	0.000224
crept	verb	0.5683	0.4962	80	0.000102	0.000155
surfaced	verb	0.5681	0.4305	36	0.000009	0.000014
mocked	verb	0.5681	0.4707	29	0.000011	0.000034
contribute	verb	0.5678	0.5191	20	0.000004	0.000012
waved	verb	0.5676	0.4957	89	0.000298	0.000380
s	verb	0.5676	0.4683	39	0.000012	0.000019
unscrewed	adjective	0.5676	0.5156	23	0.000006	0.000016
desired	verb	0.5676	0.5425	41	0.000011	0.000016
stroking	verb	0.5676	0.5028	37	0.000011	0.000018
explode	verb	0.5673	0.4804	82	0.000104	0.000127
mostly	adverb	0.5673	0.3689	42	0.000011	0.000017
dance	noun	0.5671	0.4608	33	0.000012	0.000020
otherwise	adverb	0.5671	0.5102	48	0.000052	0.000077
backside	noun	0.5671	0.4667	22	0.000006	0.000012
dark	noun	0.5671	0.5142	92	0.000079	0.000093
stayed	verb	0.5669	0.4409	90	0.000173	0.000201
research	verb	0.5669	0.4244	84	0.000032	0.000050
plant	verb	0.5669	0.4575	62	0.000023	0.000034
nearly	adverb	0.5669	0.5262	86	0.000103	0.000178
block	verb	0.5666	0.4471	71	0.000056	0.000072
established	verb	0.5666	0.5458	62	0.000025	0.000036
merely	adverb	0.5664	0.4374	24	0.000006	0.000014
stained	verb	0.5664	0.4452	44	0.000014	0.000030
pressed	verb	0.5662	0.4853	92	0.002755	0.003045
sending	verb	0.5662	0.5274	37	0.000011	0.000020
design	verb	0.5657	0.5035	86	0.000040	0.000052
stubbed	verb	0.5657	0.4721	35	0.000017	0.000026
donated	verb	0.5657	0.5586	63	0.000037	0.000050
hurrying	verb	0.5655	0.4809	40	0.000014	0.000021
according	verb	0.5652	0.5449	25	0.000008	0.000030
neglect	verb	0.5652	0.4586	26	0.000010	0.000018
skin	noun	0.5652	0.4931	88	0.000051	0.000060
respect	noun	0.5652	0.4726	23	0.000006	0.000011
forwarded	verb	0.5647	0.5217	41	0.000015	0.000030
child	noun	0.5647	0.5624	90	0.000055	0.000067
meditate	verb	0.5647	0.4258	39	0.000013	0.000027
reassurances	noun	0.5647	0.4601	22	0.000005	0.000009
tail	noun	0.5647	0.5714	26	0.000009	0.000013
blessed	verb	0.5645	0.4955	72	0.000050	0.000085
destroy	verb	0.5643	0.4887	92	0.000578	0.000619
boot	noun	0.5643	0.4792	22	0.000005	0.000010
fastened	verb	0.5643	0.5189	85	0.000090	0.000111
bind	verb	0.5643	0.5548	59	0.000026	0.000036
snapped	verb	0.5638	0.5080	89	0.000214	0.000286
parolee	noun	0.5638	0.5331	27	0.000011	0.000020
torso	noun	0.5638	0.5035	38	0.000011	0.000017
easily	adverb	0.5636	0.5397	28	0.000007	0.000011
younger	adjective	0.5636	0.4879	20	0.000005	0.000009
sisters	noun	0.5636	0.5272	20	0.000004	0.000009
she's	verb	0.5633	0.4948	73	0.000179	0.000265
tended	verb	0.5633	0.4806	39	0.000015	0.000026
remained	verb	0.5633	0.5444	91	0.000109	0.000126
boots	noun	0.5631	0.4969	90	0.000064	0.000071
control	verb	0.5629	0.4674	92	0.000058	0.000076
forged	verb	0.5629	0.5213	68	0.000093	0.000149
rotated	verb	0.5629	0.5593	42	0.000017	0.000028
waded	verb	0.5629	0.5132	61	0.000031	0.000040
finds	verb	0.5626	0.4681	44	0.000014	0.000033
bound	verb	0.5626	0.5276	20	0.000004	0.000012
breakfast	noun	0.5626	0.4752	20	0.000006	0.000012
missed	verb	0.5624	0.4901	92	0.000651	0.000680
remain	verb	0.5624	0.4560	92	0.000516	0.000550
pawned	verb	0.5624	0.4877	21	0.000006	0.000017
giving	verb	0.5624	0.4145	90	0.000135	0.000152
only	adverb	0.5624	0.4939	92	0.001744	0.001895
raise	verb	0.5624	0.5047	92	0.000248	0.000295
reaching	verb	0.5624	0.4759	92	0.000153	0.000165
frantic	adjective	0.5624	0.4400	30	0.000008	0.000014
challenged	verb	0.5624	0.5099	48	0.000021	0.000037
care	verb	0.5619	0.5175	29	0.000016	0.000023
familiar	adjective	0.5619	0.5175	53	0.000015	0.000025
showed	verb	0.5619	0.4806	92	0.000763	0.000898
knife	noun	0.5619	0.4705	22	0.000007	0.000013
peel	verb	0.5619	0.5005	43	0.000016	0.000024
email	noun	0.5619	0.4674	35	0.000012	0.000019
fished	verb	0.5619	0.4790	52	0.000034	0.000065
exhaustion	noun	0.5619	0.4872	67	0.000023	0.000032
carved	verb	0.5619	0.4483	84	0.000151	0.000187
streamed	verb	0.5619	0.4844	31	0.000008	0.000012
Mike	noun	0.5619	0.4565	29	0.000011	0.000019
hurled	verb	0.5614	0.4853	91	0.000310	0.000403
historic	adjective	0.5614	0.5028	23	0.000005	0.000009
listed	verb	0.5612	0.5076	48	0.000022	0.000043
corridors	noun	0.5612	0.5132	28	0.000007	0.000014
soft	adjective	0.5610	0.3960	91	0.000105	0.000117
murdered	verb	0.5610	0.5794	29	0.000013	0.000018
tipped	verb	0.5610	0.5198	44	0.000016	0.000051
key	noun	0.5610	0.4447	51	0.000019	0.000027
words	noun	0.5610	0.4655	92	0.000187	0.000228
bend	verb	0.5607	0.4957	48	0.000014	0.000025
bright	adjective	0.5605	0.4499	25	0.000006	0.000012
appeal	verb	0.5605	0.5189	92	0.000725	0.000812
cloak	noun	0.5605	0.4726	25	0.000008	0.000015
flat	adjective	0.5605	0.6248	23	0.000006	0.000010
stories	noun	0.5603	0.4771	68	0.000021	0.000031
knit	verb	0.5603	0.5033	20	0.000004	0.000009
darkly	adverb	0.5600	0.4374	44	0.000022	0.000029
refuse	verb	0.5600	0.5099	92	0.000296	0.000351
climb	verb	0.5600	0.3984	83	0.000074	0.000094
sadly	adverb	0.5600	0.5246	22	0.000005	0.000010
dusted	verb	0.5598	0.5137	56	0.000037	0.000050
forth	adverb	0.5595	0.5411	87	0.000262	0.000341
library	noun	0.5593	0.4608	20	0.000006	0.000010
records	noun	0.5591	0.4787	45	0.000012	0.000017
dwell	verb	0.5591	0.4683	23	0.000008	0.000016
space	noun	0.5591	0.5232	77	0.000030	0.000039
heavy	adjective	0.5591	0.4348	89	0.000046	0.000055
cooked	verb	0.5591	0.5440	63	0.000026	0.000037
upper	adjective	0.5591	0.5931	41	0.000012	0.000024
approach	noun	0.5591	0.4646	57	0.000018	0.000025
gasp	noun	0.5591	0.5050	54	0.000025	0.000035
pointing	verb	0.5588	0.5045	26	0.000010	0.000022
semi	adjective	0.5588	0.4936	20	0.000005	0.000009
high	adjective	0.5586	0.4669	37	0.000011	0.000017
tugged	verb	0.5584	0.4908	78	0.000084	0.000120
starting	verb	0.5584	0.5184	78	0.000051	0.000072
lettuce	verb	0.5584	0.5090	46	0.000012	0.000017
unfurled	verb	0.5581	0.5354	21	0.000005	0.000011
passing	verb	0.5581	0.5184	85	0.000041	0.000046
state	noun	0.5581	0.5974	92	0.000041	0.000047
substituted	verb	0.5581	0.5373	25	0.000006	0.000014
prostrated	verb	0.5581	0.5709	81	0.000070	0.000089
spilling	verb	0.5581	0.5555	34	0.000009	0.000016
adrenaline	noun	0.5581	0.4390	35	0.000009	0.000014
settling	verb	0.5579	0.4565	74	0.000025	0.000035
threatening	verb	0.5579	0.6281	62	0.000031	0.000044
Dr	noun	0.5579	0.5402	90	0.000134	0.000156
massage	verb	0.5577	0.5232	92	0.000096	0.000106
hurried	verb	0.5577	0.4504	89	0.000656	0.000790
Mrs	noun	0.5577	0.4546	90	0.000231	0.000292
spit	noun	0.5574	0.5404	64	0.000061	0.000083
relax	verb	0.5572	0.4494	81	0.000055	0.000069
soup	noun	0.5572	0.5383	35	0.000011	0.000016
cuddled	verb	0.5572	0.4324	75	0.000072	0.000087
seen	verb	0.5569	0.4700	44	0.000015	0.000023
force	noun	0.5569	0.4828	36	0.000009	0.000016
finish	verb	0.5569	0.5220	68	0.000045	0.000065
learning	verb	0.5567	0.4745	23	0.000006	0.000010
humans	noun	0.5567	0.4995	39	0.000010	0.000017
nipped	verb	0.5567	0.5440	23	0.000008	0.000016
served	verb	0.5567	0.5118	92	0.000353	0.000374
weak	adjective	0.5567	0.4773	45	0.000014	0.000019
swinging	verb	0.5562	0.5130	26	0.000009	0.000015
urge	verb	0.5562	0.4910	23	0.000006	0.000015
formed	verb	0.5558	0.4263	31	0.000011	0.000016
pushing	verb	0.5558	0.5350	79	0.000067	0.000083
estimated	verb	0.5558	0.4740	21	0.000007	0.000015
hug	verb	0.5558	0.5619	92	0.000051	0.000059
declined	verb	0.5558	0.5172	60	0.000044	0.000065
form	verb	0.5558	0.4669	71	0.000045	0.000056
journalism	noun	0.5555	0.4856	24	0.000006	0.000010
physics	noun	0.5553	0.4896	23	0.000006	0.000011
refile	adverb	0.5553	0.5038	33	0.000016	0.000031
above	adverb	0.5553	0.4986	21	0.000005	0.000009
contact	noun	0.5553	0.4891	39	0.000017	0.000029
tore	adjective	0.5551	0.5085	20	0.000004	0.000008
near	adverb	0.5551	0.5118	30	0.000008	0.000013
“That's	verb	0.5551	0.5248	38	0.000011	0.000016
incoherently	adverb	0.5548	0.4565	25	0.000009	0.000014
temples	noun	0.5548	0.5161	23	0.000006	0.000010
double	verb	0.5548	0.4986	35	0.000022	0.000056
such	adjective	0.5548	0.4896	92	0.000330	0.000380
answering	verb	0.5546	0.5227	90	0.000102	0.000116
mysterious	adjective	0.5543	0.4790	32	0.000009	0.000014
security	noun	0.5543	0.5142	77	0.000046	0.000056
threatened	verb	0.5543	0.4825	92	0.001189	0.001381
tease	verb	0.5543	0.5213	37	0.000014	0.000025
swept	verb	0.5543	0.4686	90	0.000115	0.000146
scrape	verb	0.5543	0.4771	32	0.000009	0.000017
popped	verb	0.5543	0.5033	84	0.000130	0.000157
tapped	verb	0.5543	0.4773	90	0.000172	0.000244
doctor	noun	0.5539	0.5293	31	0.000008	0.000012
pulse	noun	0.5539	0.5548	23	0.000006	0.000012
briefly	adverb	0.5539	0.4806	23	0.000006	0.000011
trotted	verb	0.5539	0.5281	20	0.000006	0.000017
cuffed	verb	0.5536	0.4823	62	0.000025	0.000038
smelled	verb	0.5534	0.4695	78	0.000046	0.000070
translated	verb	0.5534	0.4915	23	0.000006	0.000011
refer	verb	0.5534	0.4050	91	0.000166	0.000262
law	noun	0.5532	0.4872	52	0.000020	0.000026
given	verb	0.5532	0.4650	88	0.000053	0.000072
rinsed	verb	0.5529	0.4216	67	0.000032	0.000043
forbidden	verb	0.5529	0.4315	43	0.000011	0.000018
unzip	verb	0.5529	0.4804	56	0.000017	0.000027
rim	noun	0.5529	0.5595	61	0.000020	0.000026
gripped	verb	0.5525	0.4830	83	0.000085	0.000114
ceiling	noun	0.5525	0.5548	40	0.000022	0.000026
repeatedly	adverb	0.5525	0.5943	56	0.000052	0.000068
striking	verb	0.5525	0.5161	21	0.000006	0.000011
whipped	verb	0.5520	0.4400	53	0.000021	0.000033
recover	verb	0.5517	0.4962	44	0.000018	0.000022
cool	adjective	0.5517	0.4494	80	0.000032	0.000041
deny	verb	0.5515	0.4875	82	0.000102	0.000128
Off	noun	0.5515	0.5104	25	0.000006	0.000009
borrowed	verb	0.5515	0.4967	87	0.000111	0.000129
sh	noun	0.5515	0.4664	27	0.000009	0.000018
shoot	noun	0.5515	0.4901	39	0.000012	0.000017
chipped	verb	0.5515	0.4934	21	0.000005	0.000011
oppose	verb	0.5510	0.4768	35	0.000013	0.000019
troops	noun	0.5510	0.4962	42	0.000011	0.000016
either	adverb	0.5510	0.4537	89	0.000148	0.000208
is	verb	0.5510	0.5288	92	0.001993	0.002173
repaired	verb	0.5508	0.4175	68	0.000050	0.000072
transfer	verb	0.5508	0.5201	84	0.000039	0.000062
taunt	verb	0.5506	0.4244	25	0.000006	0.000012
union	noun	0.5506	0.4622	31	0.000008	0.000012
drop	noun	0.5506	0.5118	36	0.000014	0.000020
aim	verb	0.5506	0.4570	91	0.000105	0.000114
stirred	verb	0.5501	0.5147	91	0.000327	0.000348
path	noun	0.5501	0.5359	39	0.000014	0.000016
rinse	verb	0.5501	0.4905	27	0.000007	0.000010
crack	verb	0.5499	0.4478	82	0.000038	0.000050
onset	noun	0.5499	0.4908	36	0.000010	0.000016
rewarded	verb	0.5496	0.5161	21	0.000005	0.000011
deal	verb	0.5496	0.5184	37	0.000018	0.000040
disappearing	verb	0.5496	0.4712	89	0.000173	0.000205
aren	verb	0.5496	0.5340	35	0.000014	0.000021
twitch	verb	0.5496	0.5165	55	0.000022	0.000031
mild	adjective	0.5496	0.4719	30	0.000008	0.000011
apartment	noun	0.5494	0.5163	26	0.000008	0.000011
I'm	verb	0.5494	0.5208	82	0.000183	0.000296
begged	verb	0.5494	0.4405	82	0.000079	0.000107
parking	noun	0.5489	0.5768	54	0.000022	0.000031
Community	noun	0.5487	0.5123	23	0.000006	0.000009
entered	verb	0.5487	0.4740	91	0.000619	0.000678
busy	adjective	0.5484	0.5376	54	0.000019	0.000023
marched	verb	0.5484	0.5182	88	0.000186	0.000232
shook	verb	0.5482	0.5241	91	0.001174	0.001279
thickets	noun	0.5480	0.4716	48	0.000013	0.000017
rang	verb	0.5477	0.5600	89	0.000106	0.000127
answers	noun	0.5477	0.5213	25	0.000006	0.000009
rescued	verb	0.5477	0.4419	31	0.000008	0.000014
previously	adverb	0.5477	0.5425	35	0.000010	0.000014
contradicted	verb	0.5477	0.6255	74	0.000024	0.000034
listening	verb	0.5475	0.4575	68	0.000030	0.000039
relieved	verb	0.5473	0.5165	41	0.000011	0.000015
immersed	verb	0.5473	0.5142	23	0.000006	0.000012
stalking	verb	0.5473	0.5673	34	0.000011	0.000017
drawing	verb	0.5473	0.5468	20	0.000005	0.000008
strike	verb	0.5473	0.5099	92	0.000379	0.000408
visit	verb	0.5473	0.5468	92	0.000084	0.000116
guide	verb	0.5473	0.5477	41	0.000017	0.000025
ready	adjective	0.5468	0.4882	91	0.000087	0.000096
hide	verb	0.5468	0.5246	92	0.000119	0.000132
taxpayer	noun	0.5466	0.4901	26	0.000010	0.000017
resumed	verb	0.5466	0.5470	26	0.000007	0.000021
comfort	noun	0.5466	0.4133	22	0.000006	0.000010
heaved	verb	0.5466	0.5359	22	0.000009	0.000024
weapons	noun	0.5463	0.4518	21	0.000005	0.000008
dragging	verb	0.5463	0.4778	23	0.000007	0.000010
chili	noun	0.5463	0.5099	23	0.000006	0.000009
slow	adjective	0.5461	0.4069	56	0.000017	0.000023
crouched	verb	0.5461	0.4802	42	0.000019	0.000037
taped	verb	0.5458	0.5076	27	0.000009	0.000024
s	noun	0.5458	0.4924	27	0.000017	0.000023
cashed	verb	0.5458	0.5222	74	0.000058	0.000076
thoughts	noun	0.5458	0.4735	37	0.000010	0.000015
reverse	verb	0.5458	0.4946	30	0.000021	0.000023
hurl	verb	0.5454	0.4386	46	0.000015	0.000022
gag	verb	0.5454	0.4622	64	0.000042	0.000055
rows	noun	0.5454	0.5071	33	0.000009	0.000014
person	noun	0.5454	0.4173	64	0.000026	0.000032
anywhere	adverb	0.5454	0.4813	28	0.000010	0.000014
dog	noun	0.5451	0.5312	38	0.000011	0.000017
speeding	verb	0.5451	0.4960	30	0.000009	0.000018
reopen	verb	0.5451	0.5862	38	0.000012	0.000018
corners	noun	0.5449	0.4721	39	0.000011	0.000014
reprimand	verb	0.5449	0.5085	27	0.000007	0.000011
uniform	noun	0.5449	0.5061	28	0.000007	0.000014
toss	verb	0.5449	0.4849	32	0.000009	0.000016
starved	verb	0.5449	0.4882	29	0.000012	0.000017
today	noun	0.5447	0.4908	78	0.000031	0.000044
retired	verb	0.5444	0.4724	40	0.000014	0.000020
woods	noun	0.5444	0.4494	91	0.000073	0.000082
fashioned	verb	0.5444	0.5548	21	0.000005	0.000008
ache	noun	0.5444	0.4797	35	0.000013	0.000017
clipped	verb	0.5442	0.4752	60	0.000029	0.000049
coffee	noun	0.5440	0.5033	63	0.000025	0.000033
hurt	verb	0.5440	0.4381	92	0.000755	0.000778
don	verb	0.5435	0.4773	50	0.000697	0.000736
emptied	verb	0.5435	0.5099	79	0.000123	0.000156
cheered	verb	0.5430	0.5236	91	0.000033	0.000044
flog	verb	0.5430	0.5118	29	0.000009	0.000013
straps	noun	0.5430	0.4759	29	0.000008	0.000011
crumple	adjective	0.5425	0.4227	80	0.000088	0.000100
spray	noun	0.5425	0.4773	49	0.000033	0.000050
pluck	verb	0.5425	0.4981	21	0.000005	0.000008
November	noun	0.5425	0.4991	34	0.000009	0.000013
members	noun	0.5425	0.5440	39	0.000013	0.000018
est	noun	0.5425	0.5104	20	0.000006	0.000009
monument	noun	0.5425	0.4750	20	0.000007	0.000011
lim	noun	0.5425	0.4939	23	0.000009	0.000009
zipped	verb	0.5423	0.4974	60	0.000043	0.000059
complete	adjective	0.5421	0.4962	73	0.000049	0.000066
requires	verb	0.5421	0.4721	83	0.000072	0.000085
greens	noun	0.5421	0.5095	28	0.000008	0.000010
shove	verb	0.5421	0.5038	39	0.000016	0.000024
holding	verb	0.5421	0.4197	63	0.000027	0.000034
jammed	verb	0.5421	0.5194	41	0.000021	0.000051
leaves	noun	0.5421	0.5076	31	0.000010	0.000018
Love	noun	0.5418	0.4523	22	0.000006	0.000008
safe	adjective	0.5416	0.5061	29	0.000008	0.000011
printed	verb	0.5416	0.5688	60	0.000037	0.000059
ex	noun	0.5416	0.4641	27	0.000007	0.000015
wanted	verb	0.5411	0.5302	92	0.000429	0.000458
choked	verb	0.5411	0.5005	85	0.000138	0.000170
tenants	noun	0.5411	0.5109	46	0.000021	0.000030
describe	verb	0.5409	0.4532	48	0.000016	0.000020
expanse	noun	0.5409	0.4055	52	0.000014	0.000019
flank	noun	0.5406	0.5444	27	0.000007	0.000010
whistled	verb	0.5406	0.4527	24	0.000008	0.000012
valley	noun	0.5406	0.5248	34	0.000011	0.000014
customs	noun	0.5404	0.4601	30	0.000010	0.000016
rest	verb	0.5402	0.5572	92	0.000062	0.000069
narrow	adjective	0.5402	0.4504	31	0.000010	0.000017
cooed	verb	0.5402	0.5095	33	0.000009	0.000019
interfere	verb	0.5402	0.4690	30	0.000008	0.000011
anointed	verb	0.5399	0.5250	26	0.000007	0.000011
promising	verb	0.5399	0.4797	26	0.000007	0.000010
shoes	noun	0.5397	0.5458	92	0.000068	0.000075
scan	verb	0.5397	0.4712	80	0.000041	0.000051
build	verb	0.5397	0.4967	92	0.000324	0.000350
blocked	verb	0.5397	0.4806	73	0.000053	0.000063
company	noun	0.5397	0.4924	33	0.000010	0.000016
farewell	noun	0.5397	0.4258	35	0.000009	0.000013
blew	noun	0.5395	0.5286	60	0.000055	0.000073
convulse	verb	0.5392	0.4565	79	0.000031	0.000043
spending	verb	0.5392	0.5378	25	0.000006	0.000009
undo	verb	0.5392	0.4957	71	0.000029	0.000036
neighborhood	noun	0.5392	0.5591	60	0.000019	0.000024
drained	verb	0.5392	0.4957	60	0.000029	0.000043
staircase	noun	0.5390	0.5236	26	0.000011	0.000014
combine	verb	0.5388	0.5246	87	0.000060	0.000066
glancing	verb	0.5388	0.4960	64	0.000045	0.000058
strapped	verb	0.5388	0.5019	36	0.000017	0.000021
looks	verb	0.5388	0.4837	20	0.000006	0.000010
chemical	noun	0.5385	0.5054	22	0.000006	0.000009
repainted	verb	0.5385	0.4676	36	0.000015	0.000022
receiving	verb	0.5385	0.4967	68	0.000023	0.000030
cuts	noun	0.5383	0.4627	32	0.000009	0.000013
excitement	noun	0.5383	0.5345	91	0.000031	0.000037
fitted	verb	0.5378	0.4844	27	0.000010	0.000017
That's	verb	0.5378	0.5170	31	0.000014	0.000062
storming	verb	0.5378	0.4920	73	0.000043	0.000050
lower	adjective	0.5378	0.4948	87	0.000069	0.000083
looped	verb	0.5378	0.5473	51	0.000019	0.000026
erased	verb	0.5376	0.5104	32	0.000013	0.000022
visited	verb	0.5376	0.6016	64	0.000033	0.000042
knelt	verb	0.5373	0.5033	87	0.000193	0.000228
rise	verb	0.5371	0.4187	42	0.000014	0.000021
crumble	noun	0.5369	0.5043	28	0.000008	0.000011
salt	noun	0.5369	0.5491	91	0.000031	0.000037
cook	verb	0.5369	0.5484	90	0.000049	0.000057
private	adjective	0.5366	0.5224	58	0.000018	0.000024
brush	noun	0.5366	0.5043	34	0.000012	0.000016
spliced	verb	0.5364	0.4768	31	0.000008	0.000011
electric	noun	0.5364	0.5553	41	0.000013	0.000018
sit	verb	0.5364	0.5009	92	0.000152	0.000171
handcuffed	noun	0.5364	0.4716	21	0.000006	0.000009
shade	verb	0.5364	0.4934	37	0.000011	0.000014
sliding	verb	0.5364	0.4766	76	0.000028	0.000045
re-enter	verb	0.5364	0.4851	20	0.000005	0.000008
shut	verb	0.5364	0.4367	91	0.000663	0.000677
clean	adjective	0.5362	0.4735	26	0.000007	0.000010
gates	noun	0.5362	0.4740	22	0.000006	0.000009
chucked	verb	0.5359	0.4419	21	0.000006	0.000014
leaping	verb	0.5359	0.5508	36	0.000011	0.000016
secret	noun	0.5359	0.4733	50	0.000014	0.000018
apologise	verb	0.5359	0.5234	24	0.000011	0.000014
strummed	verb	0.5357	0.4974	30	0.000009	0.000012
succumbed	verb	0.5354	0.5470	54	0.000020	0.000025
sacrificed	verb	0.5354	0.4428	35	0.000015	0.000020
human	noun	0.5354	0.4929	57	0.000019	0.000026
flames	noun	0.5354	0.5099	92	0.000043	0.000050
silent	adjective	0.5352	0.4853	90	0.000036	0.000048
deep	adjective	0.5352	0.3993	86	0.000057	0.000066
burial	noun	0.5350	0.5085	25	0.000007	0.000010
backyard	noun	0.5350	0.4225	55	0.000021	0.000029
accelerated	verb	0.5350	0.5326	71	0.000034	0.000040
dinner	noun	0.5350	0.5000	25	0.000008	0.000012
use	verb	0.5350	0.5383	92	0.001494	0.001622
blazing	verb	0.5350	0.4565	20	0.000005	0.000007
fade	noun	0.5347	0.4634	34	0.000022	0.000027
repeat	verb	0.5345	0.4967	55	0.000053	0.000062
loudly	adverb	0.5345	0.5142	92	0.000147	0.000157
racing	verb	0.5343	0.5473	62	0.000021	0.000026
closing	noun	0.5343	0.4901	52	0.000022	0.000027
compress	verb	0.5340	0.4882	31	0.000008	0.000011
strawberries	noun	0.5340	0.4631	24	0.000006	0.000009
watch	noun	0.5340	0.4234	21	0.000006	0.000011
knee	noun	0.5340	0.4220	85	0.000047	0.000056
soaked	verb	0.5338	0.4603	28	0.000009	0.000013
awoke	verb	0.5338	0.4582	22	0.000006	0.000009
reduce	verb	0.5338	0.5359	76	0.000047	0.000061
ride	verb	0.5338	0.5553	60	0.000033	0.000050
scratch	verb	0.5336	0.4461	33	0.000011	0.000023
supposed	verb	0.5336	0.5274	31	0.000010	0.000014
watered	verb	0.5336	0.5491	41	0.000020	0.000023
curled	verb	0.5336	0.5142	71	0.000062	0.000087
no	adverb	0.5336	0.5482	92	0.000168	0.000184
punished	verb	0.5336	0.5406	21	0.000006	0.000009
engorged	verb	0.5336	0.4560	20	0.000006	0.000007
cum	noun	0.5336	0.5378	28	0.000024	0.000024
purified	verb	0.5333	0.5149	30	0.000008	0.000014
cross	verb	0.5331	0.5388	61	0.000021	0.000030
frustration	noun	0.5331	0.5562	39	0.000011	0.000014
paddled	verb	0.5331	0.4929	45	0.000017	0.000023
brow	noun	0.5331	0.5201	20	0.000006	0.000009
hasn't	adverb	0.5331	0.5014	21	0.000009	0.000018
winter	noun	0.5331	0.5491	37	0.000011	0.000013
panic	verb	0.5331	0.4660	91	0.000140	0.000156
slamming	verb	0.5331	0.4464	64	0.000038	0.000050
pack	verb	0.5331	0.5132	25	0.000010	0.000021
side	verb	0.5328	0.5333	54	0.000023	0.000032
insert	verb	0.5328	0.5017	22	0.000009	0.000011
lose	verb	0.5326	0.4608	92	0.000384	0.000425
restrained	verb	0.5326	0.5364	87	0.000041	0.000050
fleshy	adjective	0.5326	0.4761	20	0.000005	0.000008
night	noun	0.5326	0.5350	92	0.000087	0.000093
changing	verb	0.5326	0.4853	37	0.000017	0.000024
yearn	verb	0.5324	0.4646	36	0.000011	0.000021
shutting	verb	0.5324	0.4700	24	0.000008	0.000012
exhilaration	noun	0.5321	0.4844	60	0.000016	0.000022
viciously	adverb	0.5321	0.4490	21	0.000006	0.000008
hand	verb	0.5321	0.5406	61	0.000033	0.000038
sleep	noun	0.5321	0.5444	21	0.000006	0.000007
drown	verb	0.5321	0.3963	56	0.000025	0.000035
lock	noun	0.5321	0.5239	28	0.000008	0.000010
puffed	verb	0.5321	0.4513	41	0.000014	0.000022
half	noun	0.5319	0.4936	50	0.000021	0.000032
wreckage	noun	0.5317	0.4499	90	0.000033	0.000038
gunned	verb	0.5317	0.5118	21	0.000006	0.000009
discipline	verb	0.5317	0.5106	36	0.000010	0.000014
pick	verb	0.5317	0.4839	92	0.000093	0.000100
sexually	adverb	0.5317	0.5671	33	0.000018	0.000023
hitting	verb	0.5314	0.4884	48	0.000020	0.000025
yell	verb	0.5312	0.4636	91	0.000108	0.000151
jabbed	noun	0.5312	0.4905	41	0.000020	0.000030
origin	noun	0.5312	0.5350	27	0.000008	0.000010
curse	verb	0.5312	0.5047	25	0.000009	0.000020
head	verb	0.5312	0.5170	61	0.000028	0.000039
that's	verb	0.5312	0.5307	80	0.000374	0.000461
warm	adjective	0.5310	0.4582	90	0.000078	0.000091
E	noun	0.5310	0.5196	28	0.000008	0.000013
found	verb	0.5307	0.5326	92	0.006252	0.006352
punctured	verb	0.5307	0.5558	35	0.000019	0.000024
comforting	verb	0.5307	0.5213	29	0.000008	0.000011
finding	noun	0.5307	0.5232	31	0.000009	0.000014
fork	verb	0.5307	0.5090	25	0.000011	0.000015
recipients	noun	0.5307	0.5189	31	0.000011	0.000015
dived	verb	0.5305	0.5605	32	0.000010	0.000017
stowed	verb	0.5305	0.5019	24	0.000007	0.000015
l	noun	0.5302	0.4939	27	0.000010	0.000015
poisoned	verb	0.5302	0.5071	29	0.000016	0.000019
small	adjective	0.5302	0.5562	71	0.000038	0.000050
rushing	verb	0.5298	0.5444	67	0.000036	0.000044
pockets	noun	0.5298	0.4939	23	0.000009	0.000012
collarbone	noun	0.5295	0.5312	84	0.000036	0.000042
blush	noun	0.5293	0.4740	25	0.000007	0.000010
spotting	verb	0.5293	0.4858	27	0.000012	0.000018
stutter	noun	0.5293	0.4754	45	0.000013	0.000016
anything	noun	0.5293	0.4693	92	0.000111	0.000129
sustained	verb	0.5288	0.5123	25	0.000007	0.000009
more	adverb	0.5288	0.5733	92	0.000137	0.000145
twigs	noun	0.5288	0.4660	21	0.000007	0.000009
written	verb	0.5286	0.5080	20	0.000006	0.000010
deposited	adjective	0.5284	0.5421	63	0.000029	0.000033
show	verb	0.5284	0.5009	92	0.000854	0.000915
wore	verb	0.5284	0.4211	92	0.000217	0.000227
writhing	verb	0.5284	0.4768	25	0.000007	0.000010
defer	verb	0.5281	0.5300	20	0.000008	0.000018
metal	noun	0.5279	0.5610	90	0.000029	0.000036
settle	verb	0.5279	0.5624	65	0.000033	0.000043
embankment	noun	0.5279	0.4955	40	0.000011	0.000014
destroyed	verb	0.5279	0.4182	92	0.000561	0.000583
weren	verb	0.5279	0.4629	46	0.000018	0.000024
release	noun	0.5279	0.5085	41	0.000014	0.000020
email	verb	0.5276	0.5125	60	0.000044	0.000066
spurred	verb	0.5276	0.5007	74	0.000041	0.000048
vines	noun	0.5274	0.4537	31	0.000009	0.000012
corner	noun	0.5272	0.5260	64	0.000028	0.000033
loud	adverb	0.5269	0.4627	53	0.000015	0.000019
crowd	noun	0.5269	0.5265	21	0.000006	0.000007
replace	verb	0.5269	0.5288	91	0.000212	0.000226
unbuckle	verb	0.5269	0.4882	38	0.000011	0.000015
stripped	verb	0.5267	0.5926	72	0.000051	0.000066
district	noun	0.5267	0.4492	42	0.000012	0.000015
you're	verb	0.5265	0.5085	35	0.000013	0.000024
sobbed	verb	0.5265	0.5411	47	0.000028	0.000043
Secretary	noun	0.5265	0.4655	27	0.000008	0.000009
massaged	verb	0.5265	0.4856	62	0.000038	0.000046
disk	noun	0.5265	0.4655	37	0.000011	0.000014
owe	verb	0.5265	0.5888	31	0.000012	0.000017
registration	noun	0.5262	0.4336	20	0.000006	0.000008
franc	noun	0.5260	0.5014	41	0.000011	0.000014
bathed	verb	0.5260	0.5208	77	0.000041	0.000047
file	verb	0.5260	0.4702	92	0.002069	0.002148
tax	verb	0.5260	0.4693	23	0.000007	0.000009
Biden	noun	0.5258	0.4872	34	0.000009	0.000012
officially	adverb	0.5255	0.5454	25	0.000007	0.000010
repairs	noun	0.5255	0.4546	55	0.000022	0.000027
f	noun	0.5255	0.4686	60	0.000021	0.000028
keys	noun	0.5253	0.4241	36	0.000016	0.000020
names	noun	0.5250	0.4787	21	0.000006	0.000008
flipped	verb	0.5250	0.4459	90	0.000403	0.000501
dress	verb	0.5250	0.5090	39	0.000016	0.000025
Strada	noun	0.5250	0.4882	21	0.000006	0.000007
frequent	adjective	0.5250	0.4636	21	0.000006	0.000007
ribs	noun	0.5250	0.4830	71	0.000035	0.000042
promenade	noun	0.5248	0.4804	24	0.000007	0.000008
desktop	noun	0.5248	0.6070	40	0.000012	0.000013
letting	verb	0.5246	0.4620	84	0.000074	0.000086
amounts	verb	0.5246	0.4972	67	0.000043	0.000052
spank	verb	0.5246	0.5562	63	0.000024	0.000029
heart	noun	0.5246	0.5232	92	0.000110	0.000121
mind	noun	0.5246	0.4783	22	0.000006	0.000008
surrender	verb	0.5246	0.3492	39	0.000019	0.000036
stir	verb	0.5246	0.5813	87	0.000035	0.000049
slump	verb	0.5246	0.4532	83	0.000087	0.000094
glove	noun	0.5243	0.4572	40	0.000013	0.000020
gaze	noun	0.5241	0.5638	44	0.000015	0.000018
brown	noun	0.5241	0.4272	25	0.000007	0.000009
haywire	noun	0.5241	0.5359	54	0.000015	0.000019
continuing	verb	0.5241	0.4943	91	0.000217	0.000236
presence	noun	0.5236	0.4721	53	0.000016	0.000019
disintegrate	verb	0.5236	0.5017	22	0.000006	0.000008
raced	verb	0.5236	0.4568	86	0.000076	0.000114
cough	verb	0.5236	0.4249	83	0.000056	0.000073
resigned	verb	0.5232	0.5428	26	0.000009	0.000012
greedily	adverb	0.5232	0.5444	67	0.000025	0.000029
notes	noun	0.5232	0.5624	90	0.000039	0.000045
shiver	noun	0.5229	0.5357	76	0.000026	0.000032
dream	verb	0.5229	0.4910	56	0.000033	0.000045
heat	verb	0.5229	0.4327	68	0.000021	0.000025
peace	noun	0.5227	0.5019	79	0.000029	0.000039
filing	noun	0.5227	0.4664	23	0.000006	0.000010
possess	verb	0.5227	0.4745	45	0.000032	0.000042
urgent	adjective	0.5227	0.4929	23	0.000006	0.000010
teach	verb	0.5222	0.5317	92	0.000262	0.000273
whistle	verb	0.5222	0.4891	30	0.000013	0.000016
wait	verb	0.5222	0.5118	92	0.000727	0.000810
park	noun	0.5222	0.4560	91	0.000031	0.000037
thought	verb	0.5222	0.5189	92	0.001491	0.001620
flicked	adjective	0.5220	0.4967	28	0.000009	0.000013
weigh	verb	0.5220	0.4837	28	0.000008	0.000014
they've	verb	0.5217	0.4986	35	0.000015	0.000018
low	adjective	0.5217	0.4575	51	0.000019	0.000027
power	noun	0.5217	0.5269	53	0.000017	0.000020
dashing	verb	0.5217	0.4957	21	0.000006	0.000007
ground	noun	0.5217	0.5085	92	0.000271	0.000304
spiked	adjective	0.5215	0.5435	28	0.000010	0.000014
edit	verb	0.5215	0.5057	42	0.000015	0.000015
berserk	adjective	0.5213	0.5132	27	0.000008	0.000009
back	verb	0.5213	0.4776	58	0.000039	0.000059
battered	adjective	0.5213	0.4234	29	0.000009	0.000015
breath	noun	0.5210	0.4896	34	0.000014	0.000017
staff	noun	0.5210	0.4983	78	0.000046	0.000057
straddled	verb	0.5210	0.4690	48	0.000024	0.000039
plummeted	verb	0.5208	0.5236	29	0.000008	0.000010
fail	verb	0.5208	0.5794	41	0.000016	0.000019
travel	noun	0.5208	0.5827	47	0.000016	0.000017
learned	verb	0.5208	0.5090	92	0.000347	0.000396
reinstalled	verb	0.5208	0.4334	33	0.000016	0.000021
spied	verb	0.5206	0.5487	20	0.000008	0.000016
ID	noun	0.5206	0.5579	20	0.000007	0.000009
file	noun	0.5206	0.5038	24	0.000007	0.000008
mouthed	verb	0.5206	0.4752	38	0.000014	0.000024
fleeing	verb	0.5203	0.5059	86	0.000100	0.000108
wrists	noun	0.5203	0.4759	35	0.000010	0.000014
noticing	verb	0.5203	0.5312	87	0.000118	0.000127
sad	adjective	0.5203	0.4759	25	0.000008	0.000009
waves	noun	0.5203	0.5163	90	0.000032	0.000039
reward	verb	0.5203	0.5416	85	0.000041	0.000045
style	noun	0.5198	0.4868	44	0.000013	0.000015
swiped	verb	0.5198	0.5652	65	0.000047	0.000075
wouldn't	adverb	0.5198	0.5217	71	0.000117	0.000126
February	noun	0.5198	0.5383	33	0.000010	0.000011
shallow	noun	0.5196	0.4868	30	0.000008	0.000011
click	verb	0.5194	0.5059	38	0.000013	0.000020
choose	verb	0.5194	0.4090	90	0.000115	0.000126
spoon	noun	0.5194	0.5227	57	0.000024	0.000028
draw	verb	0.5194	0.5175	92	0.000137	0.000147
loneliness	noun	0.5194	0.5302	41	0.000012	0.000014
ashes	noun	0.5191	0.5529	28	0.000009	0.000011
commented	verb	0.5191	0.4733	76	0.000044	0.000058
soften	verb	0.5189	0.4622	29	0.000009	0.000011
mopped	verb	0.5189	0.5430	27	0.000014	0.000016
tomorrow	noun	0.5189	0.5137	65	0.000018	0.000023
reality	noun	0.5189	0.4946	48	0.000017	0.000019
amplifier	noun	0.5184	0.5862	32	0.000009	0.000012
suspended	verb	0.5184	0.5151	33	0.000010	0.000013
hammered	verb	0.5184	0.5780	35	0.000014	0.000022
messages	noun	0.5182	0.4823	36	0.000012	0.000014
dreamed	verb	0.5180	0.5194	84	0.000031	0.000038
profanities	noun	0.5180	0.5059	40	0.000017	0.000023
pumped	verb	0.5180	0.4152	62	0.000043	0.000053
sprint	verb	0.5180	0.4872	51	0.000016	0.000018
undress	verb	0.5180	0.4986	91	0.000150	0.000158
walls	noun	0.5177	0.5683	78	0.000053	0.000067
clavicle	noun	0.5175	0.5539	43	0.000013	0.000015
halls	noun	0.5175	0.5312	35	0.000011	0.000017
thick	adjective	0.5175	0.5912	85	0.000081	0.000088
usually	adverb	0.5170	0.4872	59	0.000027	0.000038
refute	verb	0.5170	0.5220	56	0.000049	0.000058
dump	verb	0.5170	0.5151	33	0.000012	0.000014
lovely	adjective	0.5170	0.5104	32	0.000009	0.000012
breathe	verb	0.5168	0.5610	64	0.000057	0.000071
coldly	adverb	0.5165	0.4735	22	0.000007	0.000008
ears	noun	0.5165	0.5581	92	0.000047	0.000052
note	noun	0.5165	0.4513	34	0.000012	0.000014
prevail	verb	0.5165	0.5106	30	0.000018	0.000021
October	noun	0.5165	0.5506	37	0.000011	0.000013
fist	noun	0.5163	0.4527	28	0.000008	0.000011
thrashed	verb	0.5161	0.4934	27	0.000008	0.000011
old	adjective	0.5161	0.5430	92	0.000193	0.000205
daylight	noun	0.5161	0.5326	23	0.000007	0.000009
city	noun	0.5161	0.4887	91	0.000079	0.000084
ghosts	noun	0.5161	0.5156	21	0.000006	0.000007
population	noun	0.5161	0.5775	26	0.000008	0.000009
tabloid	noun	0.5156	0.4589	39	0.000011	0.000014
occasionally	adverb	0.5156	0.5884	91	0.000029	0.000041
invited	verb	0.5156	0.5061	91	0.000375	0.000422
pointed	verb	0.5156	0.4622	91	0.001533	0.001544
belonging	verb	0.5154	0.5716	24	0.000007	0.000008
sides	noun	0.5154	0.5862	52	0.000023	0.000026
concrete	noun	0.5151	0.5099	63	0.000033	0.000036
prevented	verb	0.5151	0.4612	69	0.000027	0.000042
sure	adverb	0.5151	0.4664	67	0.000073	0.000083
porch	noun	0.5151	0.5222	22	0.000006	0.000008
counted	verb	0.5151	0.4390	91	0.000410	0.000427
F	noun	0.5151	0.5588	30	0.000009	0.000013
downward	adverb	0.5151	0.6049	41	0.000012	0.000015
fine	adjective	0.5147	0.4991	91	0.000069	0.000077
cradle	noun	0.5147	0.5047	57	0.000016	0.000020
met	verb	0.5147	0.5298	91	0.000126	0.000148
applicants	noun	0.5147	0.4487	26	0.000010	0.000012
chase	verb	0.5147	0.5699	43	0.000016	0.000020
past	noun	0.5144	0.5681	66	0.000039	0.000048
despair	noun	0.5144	0.5310	28	0.000008	0.000009
snorted	verb	0.5144	0.4915	62	0.000040	0.000065
smell	noun	0.5142	0.4473	44	0.000013	0.000015
inscriptions	noun	0.5142	0.5165	21	0.000007	0.000011
raked	verb	0.5142	0.5388	23	0.000007	0.000010
already	adverb	0.5142	0.5284	92	0.000316	0.000348
departed	verb	0.5139	0.5657	36	0.000019	0.000023
Hi	noun	0.5139	0.5380	78	0.000043	0.000050
countertop	noun	0.5139	0.4140	20	0.000006	0.000007
soaped	verb	0.5137	0.5078	22	0.000006	0.000008
light	noun	0.5137	0.4674	92	0.000119	0.000125
graveyard	noun	0.5137	0.4669	39	0.000011	0.000014
unease	noun	0.5137	0.4286	57	0.000016	0.000020
curves	noun	0.5135	0.4953	36	0.000011	0.000014
tie	noun	0.5132	0.5515	39	0.000011	0.000014
ish-red	adjective	0.5132	0.4877	22	0.000006	0.000008
expletives	noun	0.5132	0.4887	21	0.000009	0.000013
Light	noun	0.5132	0.5083	22	0.000006	0.000008
survive	verb	0.5132	0.5397	41	0.000018	0.000021
won	verb	0.5132	0.5581	91	0.000206	0.000212
steal	verb	0.5132	0.5302	89	0.000072	0.000082
continues	verb	0.5130	0.5369	28	0.000008	0.000010
spanked	verb	0.5130	0.4794	20	0.000006	0.000008
prayers	noun	0.5128	0.5132	29	0.000011	0.000014
stomp	adverb	0.5128	0.4608	29	0.000009	0.000011
photosynthesis	noun	0.5128	0.5510	53	0.000016	0.000019
enough	adverb	0.5125	0.4879	20	0.000007	0.000009
Pacific	noun	0.5125	0.4584	20	0.000006	0.000007
“that's	verb	0.5123	0.5638	21	0.000006	0.000008
fantasize	verb	0.5123	0.5156	23	0.000012	0.000014
grey	noun	0.5123	0.4669	25	0.000007	0.000011
twitching	verb	0.5121	0.4927	36	0.000011	0.000012
pregnancy	noun	0.5121	0.5730	28	0.000009	0.000010
aside	adverb	0.5121	0.5144	76	0.000030	0.000034
switched	verb	0.5118	0.5132	88	0.000181	0.000225
additions	noun	0.5118	0.5529	25	0.000008	0.000009
skinned	verb	0.5116	0.5402	24	0.000009	0.000009
grasped	verb	0.5113	0.5194	89	0.000102	0.000116
gravel	noun	0.5113	0.5331	30	0.000009	0.000013
interest	noun	0.5113	0.4348	67	0.000028	0.000032
mix	verb	0.5111	0.4794	24	0.000008	0.000010
grabbing	verb	0.5111	0.4995	76	0.000084	0.000100
loved	verb	0.5109	0.5647	63	0.000029	0.000032
tickle	verb	0.5109	0.4683	53	0.000016	0.000022
spooned	verb	0.5109	0.5558	61	0.000056	0.000061
plundered	verb	0.5106	0.4908	24	0.000007	0.000009
calling	verb	0.5106	0.4908	90	0.000148	0.000169
crashed	verb	0.5106	0.5610	88	0.000108	0.000148
lodge	verb	0.5106	0.5444	36	0.000016	0.000029
gut	noun	0.5106	0.5416	80	0.000027	0.000031
turn	verb	0.5104	0.4381	92	0.000526	0.000549
pen	noun	0.5104	0.4792	43	0.000019	0.000023
placing	verb	0.5104	0.5473	79	0.000046	0.000054
critique	noun	0.5104	0.4986	21	0.000006	0.000007
agree	verb	0.5104	0.5052	92	0.000213	0.000236
suspend	verb	0.5102	0.5692	28	0.000012	0.000011
EDISON	verb	0.5102	0.5047	20	0.000006	0.000007
island	noun	0.5099	0.5406	20	0.000007	0.000008
type	noun	0.5099	0.4457	21	0.000007	0.000008
groped	verb	0.5099	0.4905	37	0.000026	0.000029
cooked	adjective	0.5099	0.5113	51	0.000016	0.000017
sniffed	verb	0.5097	0.5168	80	0.000054	0.000065
patients	noun	0.5095	0.5043	51	0.000029	0.000030
heat	noun	0.5095	0.5038	91	0.000095	0.000099
wood	noun	0.5095	0.5222	92	0.000048	0.000052
rising	verb	0.5095	0.5685	39	0.000015	0.000017
nibbled	verb	0.5095	0.5569	42	0.000021	0.000032
testament	noun	0.5092	0.5629	28	0.000009	0.000010
ceased	verb	0.5090	0.4957	27	0.000009	0.000016
handing	verb	0.5090	0.5383	45	0.000024	0.000028
rod	noun	0.5090	0.5113	23	0.000009	0.000011
lifting	verb	0.5085	0.5501	20	0.000006	0.000009
denomination	noun	0.5085	0.4504	23	0.000007	0.000008
browse	verb	0.5085	0.5319	86	0.000031	0.000035
beginning	noun	0.5085	0.5203	26	0.000008	0.000009
singing	verb	0.5083	0.4003	42	0.000016	0.000015
press	verb	0.5080	0.4849	69	0.000037	0.000039
struck	verb	0.5080	0.5473	92	0.000911	0.000898
title	noun	0.5080	0.5354	25	0.000011	0.000012
thirstily	adverb	0.5078	0.5466	36	0.000012	0.000014
allow	verb	0.5078	0.5579	88	0.000146	0.000160
love	noun	0.5076	0.5132	77	0.000033	0.000037
hadn't	adverb	0.5076	0.5336	47	0.000019	0.000037
leveled	verb	0.5076	0.5187	74	0.000053	0.000058
cover	noun	0.5076	0.5494	22	0.000006	0.000007
kicked	verb	0.5076	0.4698	92	0.001463	0.001511
purchased	verb	0.5073	0.4931	86	0.000078	0.000094
vent	verb	0.5071	0.5624	49	0.000022	0.000028
detained	verb	0.5071	0.5293	57	0.000024	0.000030
resign	verb	0.5071	0.4825	77	0.000086	0.000108
sir	noun	0.5071	0.5009	29	0.000014	0.000019
seductively	adverb	0.5071	0.5139	38	0.000011	0.000014
underwear	noun	0.5071	0.5551	54	0.000018	0.000023
look	verb	0.5071	0.5340	92	0.002182	0.002252
center	verb	0.5071	0.4461	23	0.000007	0.000007
massive	adjective	0.5071	0.5444	35	0.000012	0.000014
memorial	noun	0.5069	0.5591	28	0.000012	0.000012
jack	verb	0.5069	0.5210	38	0.000019	0.000024
trimmed	verb	0.5066	0.5307	47	0.000014	0.000021
sped	verb	0.5066	0.4679	89	0.000150	0.000167
liquid	noun	0.5066	0.5241	29	0.000009	0.000010
yelled	verb	0.5066	0.4721	90	0.001806	0.001840
gold	noun	0.5066	0.5536	22	0.000008	0.000008
beginning	verb	0.5066	0.5274	47	0.000016	0.000021
lie	verb	0.5066	0.5132	92	0.000109	0.000122
large	adjective	0.5066	0.4787	53	0.000029	0.000033
arched	verb	0.5066	0.5525	25	0.000009	0.000010
engraved	verb	0.5064	0.5196	38	0.000018	0.000023
drag	verb	0.5064	0.5513	90	0.000066	0.000075
children	noun	0.5064	0.5773	90	0.000115	0.000121
cadets	noun	0.5061	0.4986	27	0.000008	0.000009
cave	noun	0.5061	0.4802	31	0.000010	0.000013
ordering	verb	0.5061	0.5522	38	0.000019	0.000022
parole	noun	0.5061	0.5085	73	0.000046	0.000050
wail	verb	0.5061	0.5411	63	0.000046	0.000058
Michael	noun	0.5061	0.5728	53	0.000021	0.000030
instead	adverb	0.5057	0.5373	92	0.000636	0.000641
screen	noun	0.5057	0.5473	71	0.000031	0.000034
piercing	verb	0.5057	0.5359	21	0.000006	0.000007
soldiers	noun	0.5057	0.4974	88	0.000035	0.000039
leapt	verb	0.5057	0.5435	51	0.000026	0.000035
wrist	noun	0.5057	0.4253	89	0.000070	0.000078
lists	noun	0.5057	0.4740	21	0.000006	0.000007
kind	noun	0.5057	0.5477	47	0.000016	0.000017
passed	verb	0.5052	0.4972	92	0.001046	0.001020
ideas	noun	0.5052	0.5118	43	0.000014	0.000016
waiting	noun	0.5052	0.4726	51	0.000016	0.000023
wave	noun	0.5052	0.5288	91	0.000109	0.000115
pieces	noun	0.5050	0.5466	30	0.000012	0.000015
cheated	verb	0.5050	0.5007	22	0.000007	0.000013
blasted	verb	0.5050	0.4759	52	0.000026	0.000035
shorts	noun	0.5047	0.5484	54	0.000019	0.000021
zoomed	verb	0.5047	0.5369	46	0.000023	0.000025
Evening	noun	0.5047	0.5147	23	0.000007	0.000007
true	adjective	0.5047	0.4842	24	0.000007	0.000010
cells	noun	0.5047	0.5369	33	0.000010	0.000011
insulin	noun	0.5047	0.4667	30	0.000009	0.000011
dialed	verb	0.5047	0.4702	81	0.000079	0.000094
trembling	noun	0.5047	0.5007	74	0.000043	0.000050
article	noun	0.5045	0.4913	22	0.000007	0.000008
plastered	verb	0.5045	0.4979	26	0.000011	0.000014
urinated	adjective	0.5043	0.5430	20	0.000006	0.000008
friend	noun	0.5043	0.5792	90	0.000082	0.000088
risk	verb	0.5043	0.4490	79	0.000051	0.000056
hips	noun	0.5043	0.5945	51	0.000019	0.000027
satisfaction	noun	0.5043	0.5425	89	0.000034	0.000037
gravesite	noun	0.5040	0.5593	72	0.000021	0.000025
salary	noun	0.5038	0.4934	21	0.000006	0.000008
miss	verb	0.5038	0.4211	83	0.000081	0.000083
dialing	noun	0.5038	0.4972	21	0.000007	0.000007
silver	noun	0.5038	0.4901	21	0.000006	0.000008
unbutton	noun	0.5035	0.5005	82	0.000056	0.000062
commit	verb	0.5033	0.5629	89	0.000112	0.000133
diced	verb	0.5033	0.4896	43	0.000012	0.000015
looted	verb	0.5033	0.5243	20	0.000008	0.000010
disc	noun	0.5033	0.4934	39	0.000012	0.000014
sharp	adjective	0.5033	0.5610	91	0.000105	0.000109
announced	verb	0.5033	0.4986	91	0.000321	0.000359
canyon	noun	0.5031	0.5978	46	0.000014	0.000016
ages	noun	0.5031	0.5302	22	0.000007	0.000008
gasp	verb	0.5028	0.4239	61	0.000042	0.000048
says	verb	0.5028	0.5224	54	0.000054	0.000071
smeared	verb	0.5028	0.5525	79	0.000063	0.000096
hat	noun	0.5028	0.4915	92	0.000071	0.000078
officers	noun	0.5026	0.4672	70	0.000049	0.000053
Mama	noun	0.5024	0.4471	23	0.000008	0.000009
hard	adverb	0.5024	0.4981	20	0.000006	0.000008
escaping	verb	0.5024	0.5217	67	0.000034	0.000040
non	adjective	0.5024	0.5194	75	0.000023	0.000026
promote	verb	0.5024	0.4778	63	0.000024	0.000028
dumping	verb	0.5024	0.5090	25	0.000009	0.000009
antlers	noun	0.5024	0.5142	21	0.000006	0.000007
rafters	noun	0.5019	0.5194	29	0.000009	0.000010
hurry	verb	0.5019	0.5272	24	0.000008	0.000009
drew	verb	0.5019	0.4754	92	0.000623	0.000621
underneath	adverb	0.5019	0.4764	23	0.000007	0.000007
rain	noun	0.5019	0.4457	92	0.000067	0.000073
strange	adjective	0.5017	0.4709	40	0.000014	0.000016
help	noun	0.5014	0.4504	27	0.000008	0.000009
editor	noun	0.5014	0.4939	27	0.000008	0.000009
glance	noun	0.5014	0.5685	61	0.000018	0.000021
undressed	adjective	0.5014	0.5617	24	0.000008	0.000011
Great	adjective	0.5014	0.4835	33	0.000010	0.000013
rose	verb	0.5014	0.4688	85	0.000064	0.000077
howl	verb	0.5014	0.5017	82	0.000051	0.000058
snuggled	verb	0.5012	0.4735	76	0.000088	0.000103
bellow	verb	0.5012	0.5208	26	0.000009	0.000010
trapped	verb	0.5012	0.5139	68	0.000019	0.000026
didn't	adverb	0.5009	0.5109	82	0.001401	0.001720
rabbit	noun	0.5009	0.4745	33	0.000012	0.000013
cliff	noun	0.5009	0.5198	23	0.000007	0.000009
longer	adverb	0.5009	0.5425	25	0.000010	0.000010
used	verb	0.5009	0.5591	92	0.003204	0.003252
moon	noun	0.5009	0.4939	59	0.000022	0.000026
icy	noun	0.5005	0.5548	62	0.000021	0.000025
intense	adjective	0.5005	0.4627	53	0.000021	0.000025
upload	verb	0.5005	0.4983	52	0.000023	0.000025
mirror	noun	0.5005	0.4766	44	0.000014	0.000015
saute	verb	0.5000	0.4334	27	0.000008	0.000009
boarded	verb	0.5000	0.5548	47	0.000020	0.000023
sail	verb	0.5000	0.5553	28	0.000009	0.000010
shed	noun	0.5000	0.5118	49	0.000021	0.000027
chop	verb	0.5000	0.4849	74	0.000043	0.000046
strangled	verb	0.5000	0.5553	71	0.000089	0.000095
format	noun	0.4995	0.4915	21	0.000006	0.000007
collar	noun	0.4995	0.5440	80	0.000026	0.000031
unconscious	adjective	0.4993	0.5723	30	0.000009	0.000010
NOT	adverb	0.4993	0.4983	58	0.000074	0.000069
places	noun	0.4993	0.5276	28	0.000011	0.000014
fog	noun	0.4993	0.5373	38	0.000012	0.000013
sprayed	verb	0.4993	0.5111	72	0.000087	0.000106
carcass	noun	0.4991	0.5156	23	0.000007	0.000007
Rocky	noun	0.4991	0.5085	23	0.000007	0.000007
half	adjective	0.4991	0.4920	45	0.000016	0.000020
clicked	verb	0.4991	0.4182	92	0.000482	0.000502
repair	verb	0.4988	0.4976	50	0.000044	0.000036
cold	noun	0.4986	0.5255	83	0.000068	0.000069
grant	verb	0.4986	0.4674	91	0.000161	0.000169
pin	verb	0.4986	0.5184	29	0.000010	0.000011
giant	noun	0.4983	0.4858	30	0.000009	0.000011
Jim	noun	0.4981	0.5147	49	0.000018	0.000021
board	noun	0.4981	0.5794	29	0.000013	0.000012
burning	verb	0.4981	0.4724	46	0.000014	0.000016
South	noun	0.4981	0.5874	35	0.000011	0.000012
Joe	noun	0.4981	0.4979	60	0.000034	0.000033
green	adjective	0.4979	0.5647	22	0.000008	0.000007
aren't	adverb	0.4979	0.4908	40	0.000024	0.000028
swastikas	noun	0.4976	0.4726	29	0.000009	0.000010
eggs	noun	0.4976	0.4768	46	0.000018	0.000019
herd	noun	0.4976	0.5468	24	0.000008	0.000007
pulls	verb	0.4976	0.5749	24	0.000008	0.000008
promoted	verb	0.4976	0.5784	45	0.000014	0.000017
sprinkled	verb	0.4976	0.5099	91	0.000236	0.000260
smooth	adjective	0.4974	0.4941	42	0.000017	0.000018
dragons	noun	0.4974	0.5222	46	0.000016	0.000018
fidget	verb	0.4974	0.5035	52	0.000016	0.000017
escorted	verb	0.4972	0.5754	76	0.000093	0.000106
public	adjective	0.4972	0.4962	23	0.000007	0.000007
rail	noun	0.4972	0.5229	20	0.000007	0.000007
enjoy	verb	0.4972	0.5425	81	0.000083	0.000093
grew	verb	0.4972	0.4660	92	0.000093	0.000097
swing	verb	0.4972	0.5031	86	0.000062	0.000067
spare	verb	0.4967	0.5288	69	0.000023	0.000028
sparkling	verb	0.4967	0.5163	70	0.000020	0.000024
courtyard	noun	0.4967	0.4939	36	0.000014	0.000015
flung	verb	0.4967	0.4768	85	0.000128	0.000145
chained	verb	0.4965	0.5522	22	0.000007	0.000008
heal	verb	0.4962	0.5005	87	0.000059	0.000069
undid	verb	0.4962	0.4655	21	0.000011	0.000014
quoted	verb	0.4962	0.4837	24	0.000007	0.000009
inside	adverb	0.4962	0.4825	92	0.000084	0.000087
moved	verb	0.4962	0.4905	92	0.001767	0.001833
boarding	noun	0.4960	0.4631	82	0.000044	0.000047
cracks	noun	0.4960	0.5040	22	0.000007	0.000007
talk	noun	0.4960	0.5276	52	0.000016	0.000018
images	noun	0.4957	0.5274	69	0.000025	0.000027
upstairs	adverb	0.4957	0.5369	29	0.000009	0.000010
intently	adverb	0.4957	0.5043	23	0.000008	0.000010
roof	noun	0.4955	0.5291	90	0.000071	0.000073
parolees	noun	0.4955	0.5293	48	0.000024	0.000024
glass	noun	0.4953	0.4858	65	0.000027	0.000033
answered	verb	0.4953	0.4910	89	0.000097	0.000100
happily	adverb	0.4953	0.4903	24	0.000007	0.000009
Denver	noun	0.4953	0.4698	43	0.000013	0.000014
logged	verb	0.4953	0.5198	60	0.000050	0.000046
licking	verb	0.4953	0.5307	25	0.000008	0.000009
dining	noun	0.4948	0.5123	32	0.000011	0.000017
floated	verb	0.4948	0.5246	47	0.000023	0.000024
complained	verb	0.4948	0.4910	51	0.000026	0.000033
concerned	verb	0.4948	0.5265	47	0.000015	0.000018
vegetables	noun	0.4948	0.5095	89	0.000067	0.000069
full	adjective	0.4946	0.5324	40	0.000015	0.000018
detain	verb	0.4943	0.4910	27	0.000009	0.000009
seal	verb	0.4943	0.4799	20	0.000007	0.000008
cave	verb	0.4943	0.4868	45	0.000014	0.000016
floor	noun	0.4943	0.4452	92	0.000131	0.000135
cheese	noun	0.4943	0.4962	32	0.000011	0.000012
Susan	noun	0.4939	0.5284	25	0.000009	0.000011
tool	noun	0.4939	0.4735	21	0.000008	0.000008
story	noun	0.4939	0.5709	92	0.000041	0.000044
retire	verb	0.4939	0.5728	79	0.000036	0.000041
grave	noun	0.4939	0.5326	92	0.000032	0.000036
shredded	verb	0.4939	0.5558	51	0.000017	0.000023
center	noun	0.4939	0.5156	58	0.000036	0.000038
bony	noun	0.4936	0.5241	26	0.000008	0.000009
injuries	noun	0.4936	0.5870	72	0.000023	0.000026
climbing	verb	0.4934	0.4967	69	0.000047	0.000047
plunge	verb	0.4934	0.5425	29	0.000016	0.000015
dancing	noun	0.4934	0.5321	29	0.000009	0.000009
expel	verb	0.4934	0.5080	23	0.000008	0.000010
thundered	verb	0.4931	0.4624	22	0.000007	0.000008
lynch	verb	0.4929	0.5468	59	0.000020	0.000021
shudder	verb	0.4929	0.4674	41	0.000034	0.000039
thrust	noun	0.4929	0.5336	68	0.000051	0.000065
disembark	verb	0.4929	0.5685	35	0.000011	0.000011
pace	verb	0.4929	0.4565	73	0.000072	0.000075
swings	noun	0.4927	0.5692	66	0.000021	0.000022
tied	verb	0.4924	0.6153	92	0.000480	0.000511
I've	verb	0.4924	0.5364	43	0.000031	0.000032
memoranda	noun	0.4924	0.4447	25	0.000008	0.000008
he'd	verb	0.4924	0.4924	82	0.000288	0.000306
thought	noun	0.4924	0.5402	55	0.000019	0.000020
stare	verb	0.4924	0.5005	55	0.000024	0.000030
struggling	verb	0.4924	0.4575	83	0.000032	0.000035
beeping	verb	0.4922	0.4974	22	0.000007	0.000007
copied	verb	0.4922	0.4310	86	0.000093	0.000105
other	adjective	0.4920	0.5052	92	0.000990	0.000992
panic	noun	0.4920	0.4338	81	0.000028	0.000034
soda	noun	0.4920	0.5250	51	0.000016	0.000017
swabbed	verb	0.4920	0.4494	37	0.000013	0.000013
blink	noun	0.4920	0.4863	38	0.000011	0.000013
stole	verb	0.4920	0.5543	92	0.000855	0.000841
await	verb	0.4920	0.4702	28	0.000009	0.000012
scroll	verb	0.4920	0.5054	62	0.000019	0.000023
laugh	verb	0.4920	0.4069	92	0.000273	0.000284
sold	verb	0.4920	0.4759	91	0.000316	0.000310
poor	adjective	0.4917	0.4957	50	0.000016	0.000020
y	noun	0.4917	0.5184	68	0.000034	0.000040
pizza	noun	0.4917	0.5659	68	0.000024	0.000026
Presence	noun	0.4917	0.5144	34	0.000011	0.000011
creature	noun	0.4915	0.4844	41	0.000012	0.000014
DNA	noun	0.4915	0.5009	20	0.000006	0.000006
hot	adjective	0.4915	0.5959	90	0.000101	0.000099
noodles	noun	0.4915	0.4858	25	0.000009	0.000008
headstone	noun	0.4913	0.5288	22	0.000008	0.000007
Harry	noun	0.4913	0.5201	34	0.000020	0.000023
page	verb	0.4913	0.4991	34	0.000011	0.000011
hooked	verb	0.4910	0.4816	55	0.000033	0.000045
force	verb	0.4910	0.5444	57	0.000033	0.000041
kept	verb	0.4910	0.5610	92	0.001597	0.001665
however	adverb	0.4910	0.5241	73	0.000023	0.000033
tossing	verb	0.4905	0.4090	64	0.000026	0.000032
order	verb	0.4905	0.4400	66	0.000037	0.000041
realizing	verb	0.4905	0.4220	91	0.000221	0.000238
banged	verb	0.4905	0.4811	22	0.000010	0.000014
lowered	verb	0.4905	0.4334	92	0.000302	0.000339
authors	noun	0.4903	0.5671	22	0.000007	0.000007
sang	verb	0.4901	0.5321	92	0.000479	0.000491
retract	verb	0.4901	0.5222	22	0.000010	0.000012
bit	noun	0.4901	0.6276	89	0.000131	0.000141
fields	noun	0.4901	0.5147	29	0.000010	0.000010
closing	verb	0.4901	0.3998	74	0.000051	0.000049
erect	noun	0.4901	0.5265	85	0.000045	0.000048
production	noun	0.4898	0.5555	22	0.000007	0.000007
shown	verb	0.4896	0.5605	37	0.000013	0.000013
faded	verb	0.4896	0.4338	81	0.000031	0.000033
t	noun	0.4896	0.4707	31	0.000011	0.000016
touch	verb	0.4896	0.4603	92	0.000340	0.000332
plate	noun	0.4896	0.5397	41	0.000016	0.000018
sorry	adjective	0.4896	0.5005	81	0.000041	0.000050
inhabitants	noun	0.4894	0.4825	26	0.000009	0.000009
gentleman	noun	0.4891	0.5274	21	0.000007	0.000007
finger	noun	0.4891	0.4948	92	0.000071	0.000078
sweat	verb	0.4891	0.5241	81	0.000090	0.000107
fall	verb	0.4891	0.5969	92	0.000290	0.000290
free	adjective	0.4889	0.4726	34	0.000014	0.000014
shiver	verb	0.4887	0.4740	75	0.000089	0.000093
preached	verb	0.4887	0.4924	27	0.000011	0.000014
Director	noun	0.4884	0.4983	26	0.000008	0.000008
seated	verb	0.4882	0.5194	21	0.000007	0.000008
maps	noun	0.4882	0.4636	21	0.000007	0.000007
prison	noun	0.4882	0.4603	20	0.000006	0.000006
magic	noun	0.4882	0.4629	40	0.000012	0.000014
withdrew	verb	0.4882	0.4709	84	0.000131	0.000147
cigarette	noun	0.4882	0.5345	29	0.000011	0.000013
wasn't	adverb	0.4882	0.6021	65	0.000055	0.000072
waste	noun	0.4879	0.5262	28	0.000009	0.000010
match	verb	0.4877	0.4263	47	0.000016	0.000018
Yeah	noun	0.4877	0.5272	24	0.000007	0.000007
abuse	verb	0.4877	0.5974	55	0.000021	0.000021
much	adjective	0.4877	0.5421	82	0.000036	0.000037
circle	verb	0.4877	0.5165	57	0.000036	0.000038
yanked	verb	0.4877	0.5482	92	0.000384	0.000399
traces	noun	0.4872	0.5198	41	0.000012	0.000013
plates	noun	0.4872	0.4986	29	0.000011	0.000010
keep	verb	0.4872	0.5307	92	0.001917	0.001980
seized	verb	0.4872	0.4572	66	0.000028	0.000035
imprison	noun	0.4870	0.4757	36	0.000012	0.000013
phoned	verb	0.4868	0.5421	27	0.000014	0.000011
lots	noun	0.4868	0.5718	31	0.000010	0.000009
wrinkled	verb	0.4868	0.5340	32	0.000011	0.000012
use	noun	0.4868	0.5458	69	0.000044	0.000050
prescribe	verb	0.4868	0.4991	87	0.000029	0.000033
pulling	verb	0.4868	0.5024	91	0.000173	0.000182
fat	noun	0.4868	0.5298	23	0.000009	0.000011
many	adjective	0.4868	0.4863	92	0.000464	0.000469
town	noun	0.4863	0.4853	77	0.000039	0.000041
goodbye	noun	0.4863	0.5189	91	0.000034	0.000042
area	noun	0.4863	0.4679	86	0.000036	0.000039
unlocked	adjective	0.4863	0.5043	85	0.000088	0.000102
snow	noun	0.4863	0.5801	52	0.000027	0.000027
crease	noun	0.4861	0.4766	20	0.000007	0.000006
manager	noun	0.4861	0.4638	26	0.000008	0.000009
toasted	verb	0.4858	0.4929	59	0.000019	0.000020
god	noun	0.4858	0.5491	82	0.000049	0.000051
defecated	verb	0.4858	0.5071	53	0.000035	0.000040
bench	noun	0.4858	0.5610	92	0.000029	0.000032
village	noun	0.4853	0.5177	50	0.000018	0.000019
select	adjective	0.4853	0.5484	36	0.000011	0.000011
moment	noun	0.4853	0.5411	92	0.000033	0.000035
able	adjective	0.4853	0.4813	72	0.000023	0.000026
stole	noun	0.4853	0.4962	91	0.000462	0.000446
sensed	verb	0.4853	0.4216	41	0.000013	0.000016
complaining	verb	0.4851	0.5163	24	0.000009	0.000008
scars	noun	0.4851	0.5499	26	0.000008	0.000008
police	noun	0.4851	0.5442	90	0.000175	0.000174
pang	noun	0.4849	0.5061	77	0.000048	0.000052
amp	noun	0.4849	0.5312	43	0.000016	0.000016
painted	verb	0.4849	0.5340	91	0.000482	0.000486
sipped	verb	0.4849	0.5789	91	0.000179	0.000183
before	adverb	0.4849	0.4764	23	0.000007	0.000008
swallowed	verb	0.4846	0.5614	88	0.000090	0.000114
braked	verb	0.4844	0.4357	50	0.000022	0.000023
cut	noun	0.4844	0.5307	41	0.000013	0.000014
poised	verb	0.4842	0.5057	50	0.000017	0.000020
stamped	verb	0.4839	0.4159	87	0.000183	0.000211
roots	noun	0.4839	0.4778	31	0.000010	0.000011
shift	noun	0.4839	0.5194	85	0.000033	0.000036
shattered	adjective	0.4839	0.5047	55	0.000021	0.000023
rent	verb	0.4839	0.4830	67	0.000067	0.000067
downed	verb	0.4837	0.5061	74	0.000067	0.000072
haven't	adverb	0.4835	0.4764	66	0.000142	0.000154
rush	noun	0.4835	0.4442	92	0.000130	0.000133
wave	verb	0.4835	0.5194	27	0.000011	0.000013
touched	verb	0.4835	0.4820	91	0.000402	0.000401
mine	noun	0.4830	0.5239	62	0.000025	0.000028
reading	verb	0.4828	0.5392	42	0.000021	0.000020
possessed	verb	0.4825	0.4523	49	0.000016	0.000020
earnestly	adverb	0.4825	0.4523	27	0.000009	0.000008
closer	adverb	0.4825	0.5950	58	0.000035	0.000033
blueberries	noun	0.4820	0.4683	21	0.000007	0.000006
lights	noun	0.4820	0.4740	37	0.000016	0.000017
rescue	verb	0.4820	0.5728	73	0.000023	0.000024
walk	verb	0.4820	0.6059	92	0.000810	0.000813
construction	noun	0.4820	0.5038	84	0.000060	0.000063
pump	verb	0.4816	0.5380	82	0.000051	0.000056
loud	adjective	0.4816	0.5274	81	0.000031	0.000038
socks	noun	0.4816	0.6167	71	0.000029	0.000032
hug	noun	0.4816	0.5926	43	0.000014	0.000018
browser	noun	0.4816	0.4972	23	0.000008	0.000008
packed	adjective	0.4813	0.4830	78	0.000037	0.000040
object	verb	0.4811	0.5529	49	0.000031	0.000034
withered	adjective	0.4811	0.5213	31	0.000011	0.000011
news	noun	0.4811	0.5061	91	0.000063	0.000066
great	adjective	0.4811	0.5118	92	0.000134	0.000133
trade	verb	0.4811	0.4972	23	0.000009	0.000007
breaking	verb	0.4811	0.5803	61	0.000021	0.000025
wind	noun	0.4811	0.4546	91	0.000049	0.000051
dust	noun	0.4809	0.5534	84	0.000042	0.000047
hand	noun	0.4806	0.5425	92	0.000271	0.000279
robbed	verb	0.4806	0.5484	50	0.000028	0.000033
deport	verb	0.4806	0.5132	37	0.000013	0.000012
disturb	verb	0.4806	0.4698	48	0.000016	0.000017
lap	noun	0.4806	0.4920	27	0.000009	0.000009
bottles	noun	0.4806	0.5104	23	0.000007	0.000007
conclude	verb	0.4802	0.5860	47	0.000036	0.000033
shone	noun	0.4802	0.5534	70	0.000021	0.000023
drifted	verb	0.4802	0.4513	81	0.000046	0.000050
rocked	verb	0.4802	0.4773	47	0.000022	0.000025
admit	verb	0.4802	0.5137	57	0.000044	0.000053
media	noun	0.4799	0.5662	28	0.000009	0.000009
compelled	verb	0.4797	0.5043	21	0.000007	0.000006
voice	noun	0.4797	0.4901	37	0.000014	0.000013
early	adjective	0.4797	0.5241	39	0.000014	0.000012
grab	verb	0.4797	0.4560	90	0.000088	0.000091
evicted	verb	0.4797	0.4740	37	0.000016	0.000016
gaping	verb	0.4794	0.5012	26	0.000008	0.000008
dawn	noun	0.4794	0.4974	56	0.000024	0.000027
2%	noun	0.4792	0.4506	22	0.000007	0.000007
broke	verb	0.4792	0.5520	92	0.002345	0.002267
median	noun	0.4792	0.5718	39	0.000012	0.000012
evidence	noun	0.4792	0.5440	79	0.000038	0.000039
using	verb	0.4792	0.5619	77	0.000029	0.000034
Lungomare	noun	0.4792	0.4764	23	0.000008	0.000007
High	noun	0.4790	0.5024	20	0.000007	0.000006
dropping	verb	0.4790	0.5239	46	0.000021	0.000025
bills	noun	0.4787	0.4700	40	0.000013	0.000014
cups	noun	0.4787	0.5390	44	0.000017	0.000016
cheat	verb	0.4787	0.5491	74	0.000048	0.000048
screams	noun	0.4783	0.4863	21	0.000007	0.000006
garden	noun	0.4783	0.5397	75	0.000031	0.000032
sympathy	noun	0.4783	0.5104	31	0.000011	0.000010
ache	adverb	0.4783	0.5284	22	0.000010	0.000009
onions	noun	0.4780	0.4849	34	0.000012	0.000011
curb	noun	0.4778	0.6101	51	0.000018	0.000018
fly	verb	0.4778	0.5232	91	0.000098	0.000103
boards	noun	0.4778	0.4471	35	0.000011	0.000011
specialists	noun	0.4778	0.4802	29	0.000009	0.000009
river	noun	0.4773	0.4457	92	0.000088	0.000089
obscenities	noun	0.4773	0.5165	53	0.000033	0.000034
haul	verb	0.4773	0.4627	35	0.000011	0.000012
hearts	noun	0.4773	0.4853	26	0.000009	0.000008
book	verb	0.4773	0.5647	31	0.000021	0.000016
cheap	adjective	0.4773	0.5903	47	0.000014	0.000015
dad	noun	0.4773	0.6148	35	0.000014	0.000013
stopped	verb	0.4773	0.5061	92	0.000934	0.000953
weakness	noun	0.4771	0.5310	32	0.000011	0.000011
crawl	noun	0.4771	0.5224	20	0.000013	0.000012
mailed	verb	0.4768	0.5005	79	0.000096	0.000103
remembering	verb	0.4768	0.4721	75	0.000076	0.000076
target	noun	0.4768	0.5151	88	0.000029	0.000032
birthday	noun	0.4768	0.4863	52	0.000024	0.000023
tremble	verb	0.4768	0.4069	92	0.000413	0.000395
expose	noun	0.4766	0.4962	58	0.000018	0.000019
comers	noun	0.4764	0.4877	31	0.000010	0.000009
lurch	verb	0.4764	0.4929	35	0.000011	0.000011
rammed	verb	0.4764	0.5803	61	0.000026	0.000028
non-commissioned	verb	0.4764	0.5208	27	0.000009	0.000009
pasta	noun	0.4764	0.5418	66	0.000021	0.000022
greet	verb	0.4764	0.5217	89	0.000029	0.000034
sternly	adverb	0.4764	0.6087	53	0.000018	0.000022
won't	adverb	0.4761	0.4908	56	0.000056	0.000050
peruse	verb	0.4759	0.5274	22	0.000007	0.000006
David	noun	0.4759	0.5198	51	0.000023	0.000024
wards	noun	0.4757	0.4972	20	0.000007	0.000007
rained	verb	0.4757	0.4813	20	0.000007	0.000013
shined	verb	0.4757	0.5191	48	0.000018	0.000020
exposé	noun	0.4757	0.4981	50	0.000016	0.000016
French	adjective	0.4754	0.5000	39	0.000016	0.000015
qualify	verb	0.4754	0.6163	55	0.000033	0.000037
I'll	verb	0.4754	0.5009	47	0.000035	0.000034
deputies	noun	0.4754	0.5017	30	0.000013	0.000013
intimidate	verb	0.4754	0.5354	66	0.000021	0.000024
calm	noun	0.4754	0.5142	21	0.000009	0.000007
dialled	verb	0.4752	0.5014	20	0.000011	0.000009
lip	noun	0.4750	0.5246	85	0.000037	0.000039
Mr	noun	0.4750	0.4849	92	0.000669	0.000667
thrash	verb	0.4745	0.4986	61	0.000053	0.000056
cost	verb	0.4745	0.5002	22	0.000008	0.000008
still	adverb	0.4745	0.5288	92	0.001343	0.001348
bourbon	noun	0.4745	0.5307	27	0.000009	0.000008
drowned	verb	0.4742	0.5470	88	0.000081	0.000080
wild	adjective	0.4742	0.5182	84	0.000046	0.000048
moaned	verb	0.4740	0.5553	53	0.000030	0.000036
punch	verb	0.4740	0.4802	92	0.000459	0.000453
hid	verb	0.4740	0.5553	92	0.000403	0.000371
USA	noun	0.4740	0.5007	26	0.000009	0.000007
forced	adjective	0.4740	0.4750	37	0.000012	0.000014
weekly	noun	0.4738	0.5196	24	0.000008	0.000007
alleged	verb	0.4738	0.4643	40	0.000015	0.000015
there	adverb	0.4735	0.4877	92	0.002478	0.002429
gulped	verb	0.4735	0.5182	50	0.000028	0.000030
guarded	verb	0.4735	0.5562	49	0.000018	0.000019
woke	verb	0.4735	0.5085	89	0.000117	0.000116
bash	verb	0.4731	0.5761	34	0.000012	0.000011
music	noun	0.4731	0.5435	43	0.000016	0.000015
herbs	noun	0.4731	0.5926	83	0.000026	0.000028
pouring	verb	0.4731	0.4367	47	0.000021	0.000019
arm	verb	0.4731	0.5128	25	0.000010	0.000009
whirring	verb	0.4731	0.4688	41	0.000012	0.000014
ladled	verb	0.4731	0.4872	31	0.000013	0.000012
bushes	noun	0.4731	0.5038	92	0.000059	0.000063
rule	verb	0.4728	0.5312	32	0.000020	0.000018
jerk	noun	0.4728	0.4823	32	0.000012	0.000012
minds	noun	0.4728	0.5187	24	0.000008	0.000007
twilight	noun	0.4728	0.4572	38	0.000012	0.000012
keel	noun	0.4728	0.5411	30	0.000016	0.000016
brief	noun	0.4728	0.5260	36	0.000012	0.000011
threshold	noun	0.4728	0.5343	36	0.000012	0.000011
tomb	noun	0.4726	0.4721	21	0.000009	0.000007
terrible	adjective	0.4726	0.5083	72	0.000041	0.000041
buck	verb	0.4726	0.5118	21	0.000016	0.000015
Miss	noun	0.4721	0.4853	62	0.000024	0.000038
lid	noun	0.4721	0.4367	30	0.000011	0.000010
dinosaurs	noun	0.4721	0.5827	73	0.000026	0.000028
correspondence	noun	0.4721	0.5118	29	0.000009	0.000009
sandals	noun	0.4719	0.4724	20	0.000009	0.000007
member	noun	0.4719	0.5522	80	0.000064	0.000062
surprise	noun	0.4719	0.4371	52	0.000018	0.000019
dangerous	adjective	0.4716	0.5033	77	0.000024	0.000026
load	verb	0.4716	0.5175	35	0.000019	0.000016
residents	noun	0.4716	0.5652	89	0.000097	0.000096
leather	noun	0.4716	0.5057	51	0.000022	0.000021
famous	adjective	0.4716	0.5685	61	0.000026	0.000027
yank	verb	0.4716	0.5513	78	0.000027	0.000030
investigative	noun	0.4716	0.4319	57	0.000017	0.000019
lighting	noun	0.4716	0.4674	29	0.000011	0.000011
waiting	verb	0.4716	0.5232	81	0.000038	0.000042
numbness	noun	0.4714	0.4872	54	0.000025	0.000028
lain	verb	0.4712	0.5132	48	0.000018	0.000017
preach	verb	0.4712	0.4712	41	0.000023	0.000029
hair	noun	0.4712	0.4939	92	0.000111	0.000108
frequently	adverb	0.4712	0.5354	57	0.000018	0.000020
Uncle	noun	0.4712	0.5579	30	0.000011	0.000010
credit	noun	0.4712	0.5165	85	0.000044	0.000056
forearm	verb	0.4707	0.5406	31	0.000014	0.000011
phone	noun	0.4707	0.5132	92	0.000086	0.000093
doors	noun	0.4707	0.5605	78	0.000037	0.000038
clothing	noun	0.4707	0.6238	29	0.000011	0.000010
obviously	adverb	0.4707	0.5496	24	0.000014	0.000016
ed	noun	0.4707	0.4523	45	0.000018	0.000017
typed	verb	0.4707	0.5132	91	0.000157	0.000157
benches	noun	0.4705	0.5551	74	0.000024	0.000025
forced	verb	0.4702	0.5430	92	0.001187	0.001155
zipper	noun	0.4702	0.5709	45	0.000014	0.000015
victims	noun	0.4702	0.5515	29	0.000009	0.000009
long	adjective	0.4702	0.5213	73	0.000050	0.000049
hardening	noun	0.4702	0.4433	29	0.000010	0.000011
haze	noun	0.4702	0.5818	92	0.000029	0.000032
slid	adjective	0.4702	0.4962	92	0.001843	0.001764
strip	verb	0.4702	0.5057	89	0.000098	0.000106
emailed	verb	0.4702	0.5917	43	0.000018	0.000026
settlers	noun	0.4702	0.4742	38	0.000013	0.000012
overturned	verb	0.4702	0.5699	54	0.000019	0.000024
beg	verb	0.4702	0.4650	61	0.000034	0.000032
stopping	verb	0.4702	0.4849	92	0.000212	0.000217
hang	verb	0.4700	0.5097	84	0.000050	0.000054
board	verb	0.4700	0.4738	28	0.000009	0.000009
does	verb	0.4698	0.5250	89	0.000048	0.000061
sprouted	verb	0.4698	0.5024	29	0.000009	0.000009
deposited	verb	0.4698	0.4485	92	0.000266	0.000299
present	adjective	0.4698	0.5470	30	0.000011	0.000011
how	adverb	0.4693	0.5156	92	0.001134	0.001125
buried	verb	0.4693	0.4532	91	0.000406	0.000388
morning	noun	0.4693	0.5740	90	0.000033	0.000035
throbbing	noun	0.4693	0.4542	65	0.000041	0.000042
addresses	noun	0.4690	0.5574	40	0.000015	0.000014
sensation	noun	0.4688	0.5147	77	0.000060	0.000059
prevent	verb	0.4688	0.4962	47	0.000019	0.000029
included	verb	0.4688	0.4731	92	0.000687	0.000670
smash	verb	0.4688	0.5293	91	0.000316	0.000309
bullet	noun	0.4688	0.4969	30	0.000010	0.000009
National	noun	0.4686	0.5461	32	0.000011	0.000010
lift	verb	0.4683	0.4818	58	0.000024	0.000028
accomplishment	noun	0.4683	0.5175	45	0.000015	0.000014
building	noun	0.4683	0.5548	75	0.000041	0.000041
lighted	verb	0.4683	0.5279	67	0.000042	0.000041
victim	noun	0.4683	0.4395	73	0.000029	0.000032
sunny	adjective	0.4683	0.5345	91	0.000048	0.000051
red	adjective	0.4683	0.5099	33	0.000013	0.000012
playing	verb	0.4681	0.5376	68	0.000029	0.000029
American	adjective	0.4679	0.5742	31	0.000012	0.000011
dough	noun	0.4679	0.5326	38	0.000012	0.000011
baked	verb	0.4679	0.4754	35	0.000016	0.000016
hauled	verb	0.4679	0.5187	78	0.000115	0.000127
carried	verb	0.4679	0.5142	92	0.001225	0.001189
synagogue	noun	0.4679	0.5430	25	0.000011	0.000008
thrashing	verb	0.4676	0.4842	28	0.000010	0.000008
lived	verb	0.4674	0.4929	83	0.000062	0.000069
tweeted	verb	0.4674	0.5021	22	0.000010	0.000007
spilt	verb	0.4674	0.5269	41	0.000013	0.000013
known	verb	0.4674	0.4457	84	0.000031	0.000031
hallucinate	verb	0.4669	0.5109	62	0.000019	0.000020
much	adverb	0.4669	0.5959	92	0.000097	0.000101
telephone	noun	0.4669	0.5180	44	0.000016	0.000014
text	noun	0.4669	0.6269	86	0.000069	0.000065
sure	adjective	0.4669	0.4816	92	0.000053	0.000058
vehicle	noun	0.4669	0.5220	20	0.000008	0.000008
hallways	noun	0.4667	0.5241	48	0.000017	0.000019
verses	noun	0.4664	0.5161	39	0.000014	0.000013
afternoon	noun	0.4664	0.5354	31	0.000011	0.000009
bled	verb	0.4664	0.5099	87	0.000060	0.000061
gums	noun	0.4664	0.4962	21	0.000008	0.000007
flush	noun	0.4662	0.4582	78	0.000038	0.000039
genitals	noun	0.4662	0.5234	28	0.000009	0.000009
prescribed	verb	0.4660	0.5388	77	0.000043	0.000042
selected	verb	0.4660	0.5690	90	0.000181	0.000188
bill	verb	0.4660	0.5520	63	0.000064	0.000069
poems	noun	0.4660	0.4835	34	0.000013	0.000012
Atlantic	noun	0.4660	0.5144	30	0.000010	0.000009
Englishman	noun	0.4660	0.5246	55	0.000018	0.000018
flame	noun	0.4660	0.5276	42	0.000014	0.000013
nailed	verb	0.4657	0.5966	66	0.000046	0.000053
filed	verb	0.4655	0.4939	92	0.000418	0.000417
years	noun	0.4655	0.4962	71	0.000028	0.000026
incense	noun	0.4653	0.5066	36	0.000015	0.000015
attacked	verb	0.4650	0.5567	89	0.000204	0.000217
feeling	noun	0.4650	0.5714	38	0.000017	0.000017
pacifier	noun	0.4650	0.5083	22	0.000008	0.000007
inhaling	verb	0.4650	0.5425	43	0.000014	0.000013
too	adverb	0.4650	0.4787	92	0.000097	0.000093
hedge	noun	0.4650	0.5411	74	0.000026	0.000026
collapse	noun	0.4648	0.5733	58	0.000018	0.000019
she'd	verb	0.4646	0.4972	79	0.000392	0.000378
lines	noun	0.4646	0.5184	91	0.000036	0.000038
pot	noun	0.4646	0.4820	43	0.000014	0.000014
flutter	noun	0.4646	0.5510	91	0.000029	0.000032
science	noun	0.4646	0.4745	29	0.000012	0.000010
gun	noun	0.4646	0.5250	44	0.000019	0.000019
chopped	verb	0.4646	0.5567	91	0.000087	0.000089
renew	verb	0.4643	0.4620	62	0.000028	0.000027
covered	verb	0.4641	0.4934	92	0.000488	0.000469
dear	noun	0.4641	0.5336	91	0.000070	0.000070
N	noun	0.4636	0.4527	36	0.000012	0.000013
begging	verb	0.4636	0.5402	27	0.000011	0.000009
billed	verb	0.4636	0.5742	29	0.000018	0.000017
A	noun	0.4636	0.4452	91	0.000223	0.000807
stress	verb	0.4634	0.5229	40	0.000026	0.000027
prosecute	verb	0.4631	0.4849	23	0.000009	0.000006
assistant	noun	0.4631	0.5050	26	0.000024	0.000013
Record	noun	0.4631	0.4461	37	0.000012	0.000011
pond	noun	0.4631	0.5435	35	0.000012	0.000012
drop	verb	0.4631	0.5799	92	0.000262	0.000255
ly	verb	0.4629	0.4967	32	0.000011	0.000009
sting	noun	0.4629	0.4844	84	0.000049	0.000049
NEVER	adverb	0.4629	0.5671	22	0.000009	0.000012
symbols	noun	0.4629	0.4754	78	0.000024	0.000027
forgotten	verb	0.4627	0.5822	64	0.000022	0.000025
enough	adjective	0.4624	0.5002	88	0.000054	0.000053
elbow	noun	0.4624	0.4820	44	0.000021	0.000019
aching	verb	0.4624	0.5574	88	0.000031	0.000032
mornings	noun	0.4624	0.6127	66	0.000021	0.000021
U.S	noun	0.4622	0.5406	25	0.000014	0.000009
pebbles	noun	0.4622	0.5796	72	0.000035	0.000034
roar	verb	0.4622	0.4768	57	0.000022	0.000024
pure	adjective	0.4620	0.5742	82	0.000030	0.000032
spit	verb	0.4617	0.4811	77	0.000125	0.000116
ink	noun	0.4617	0.4995	39	0.000013	0.000013
assault	verb	0.4615	0.5825	62	0.000024	0.000025
damage	noun	0.4615	0.5276	62	0.000023	0.000024
boy	noun	0.4612	0.5440	77	0.000030	0.000029
eased	verb	0.4612	0.4617	55	0.000043	0.000058
dread	noun	0.4612	0.4887	35	0.000012	0.000010
dig	verb	0.4610	0.5903	78	0.000076	0.000074
deposit	noun	0.4610	0.4950	34	0.000018	0.000015
wired	verb	0.4608	0.4986	23	0.000009	0.000007
tore	noun	0.4608	0.5279	73	0.000095	0.000094
sink	verb	0.4608	0.5496	77	0.000080	0.000076
prophesy	verb	0.4608	0.5151	23	0.000010	0.000009
difference	noun	0.4608	0.4995	35	0.000013	0.000012
pan	noun	0.4605	0.5463	38	0.000012	0.000012
rubble	noun	0.4603	0.5487	91	0.000030	0.000031
tight	adjective	0.4603	0.5113	53	0.000021	0.000021
snap	verb	0.4603	0.4856	90	0.000053	0.000058
enslave	verb	0.4603	0.4981	41	0.000016	0.000015
“I'm	verb	0.4603	0.4962	49	0.000022	0.000022
demolish	verb	0.4601	0.5028	20	0.000009	0.000006
there's	verb	0.4598	0.5156	59	0.000042	0.000073
texted	verb	0.4598	0.5175	81	0.000087	0.000088
removed	verb	0.4598	0.5255	92	0.001222	0.001197
coat	noun	0.4598	0.4726	92	0.000079	0.000081
stinging	noun	0.4598	0.5132	59	0.000025	0.000026
handcuffed	verb	0.4596	0.5572	86	0.000079	0.000076
sudden	adjective	0.4596	0.4766	82	0.000026	0.000028
land	verb	0.4596	0.5371	38	0.000013	0.000012
tear	verb	0.4594	0.4584	91	0.000483	0.000453
France	noun	0.4594	0.4693	35	0.000012	0.000010
crawled	verb	0.4591	0.4605	72	0.000071	0.000074
may	verb	0.4589	0.4735	92	0.000509	0.000525
clear	adjective	0.4589	0.5203	80	0.000041	0.000041
embarrassed	adjective	0.4589	0.5761	23	0.000011	0.000014
Coke	noun	0.4589	0.4612	20	0.000008	0.000005
itemise	verb	0.4589	0.5295	20	0.000013	0.000010
daze	noun	0.4586	0.4747	72	0.000022	0.000024
attack	noun	0.4584	0.5716	28	0.000011	0.000008
watching	verb	0.4584	0.4754	67	0.000034	0.000036
strangle	verb	0.4584	0.5241	89	0.000343	0.000331
pale	adjective	0.4584	0.5515	20	0.000007	0.000005
airline	noun	0.4582	0.6259	32	0.000011	0.000010
tried	verb	0.4579	0.5718	92	0.005742	0.005604
speed	noun	0.4579	0.6026	51	0.000018	0.000015
becomes	verb	0.4579	0.5347	24	0.000009	0.000008
patio	noun	0.4579	0.5028	35	0.000012	0.000010
hay	noun	0.4577	0.5210	88	0.000029	0.000031
hotel	noun	0.4577	0.5281	52	0.000021	0.000019
wondering	verb	0.4575	0.5406	33	0.000013	0.000011
recruits	noun	0.4575	0.5061	55	0.000021	0.000020
border	noun	0.4575	0.5234	28	0.000010	0.000008
largest	adjective	0.4575	0.5321	23	0.000008	0.000006
slipped	verb	0.4575	0.5213	92	0.002077	0.002003
Friday	noun	0.4575	0.4679	55	0.000019	0.000018
injected	verb	0.4570	0.5255	89	0.000094	0.000090
function	noun	0.4570	0.5340	23	0.000011	0.000010
nearest	adjective	0.4570	0.4809	78	0.000061	0.000058
could	verb	0.4570	0.4868	92	0.002467	0.002385
pictures	noun	0.4570	0.5227	55	0.000028	0.000025
blowing	verb	0.4570	0.5539	49	0.000020	0.000019
wrestled	verb	0.4568	0.5612	64	0.000031	0.000037
beautiful	adjective	0.4565	0.4650	89	0.000047	0.000047
grabbed	verb	0.4565	0.4504	92	0.002259	0.002115
thinking	verb	0.4565	0.5272	90	0.000042	0.000046
trying	verb	0.4565	0.5756	89	0.000057	0.000057
bird	noun	0.4565	0.5662	77	0.000024	0.000026
wept	verb	0.4565	0.4858	91	0.000342	0.000353
ing	noun	0.4565	0.4929	54	0.000027	0.000028
translate	verb	0.4560	0.5151	23	0.000008	0.000006
overlooking	verb	0.4560	0.4575	31	0.000010	0.000009
cupped	verb	0.4560	0.5198	77	0.000126	0.000128
books	noun	0.4560	0.5647	47	0.000017	0.000018
knew	verb	0.4560	0.4806	92	0.000677	0.000652
fellow	adjective	0.4560	0.5052	21	0.000007	0.000006
thank	noun	0.4560	0.5047	77	0.000042	0.000044
award	verb	0.4558	0.5128	68	0.000039	0.000042
Live	noun	0.4558	0.5147	44	0.000014	0.000013
City	noun	0.4558	0.5402	40	0.000015	0.000013
geese	adjective	0.4556	0.5165	23	0.000010	0.000007
wipe	verb	0.4556	0.5224	56	0.000031	0.000032
frozen	adjective	0.4556	0.4920	29	0.000011	0.000009
swung	noun	0.4556	0.4721	92	0.000671	0.000650
thank	verb	0.4556	0.5473	92	0.000228	0.000232
needle	noun	0.4556	0.5090	43	0.000014	0.000013
scream	verb	0.4556	0.4646	92	0.000932	0.000926
professor	noun	0.4556	0.5052	35	0.000012	0.000010
Bible	noun	0.4556	0.5305	42	0.000018	0.000016
British	adjective	0.4553	0.4764	56	0.000018	0.000017
slowed	verb	0.4551	0.4875	64	0.000027	0.000029
wounded	adjective	0.4551	0.5208	36	0.000013	0.000012
stroke	verb	0.4551	0.4920	92	0.000151	0.000142
ban	verb	0.4551	0.5482	75	0.000029	0.000031
red	noun	0.4551	0.4674	92	0.000049	0.000050
NCO	noun	0.4551	0.5123	35	0.000012	0.000010
talked	verb	0.4551	0.4995	92	0.000258	0.000259
cars	noun	0.4551	0.5543	20	0.000007	0.000007
paw	verb	0.4549	0.4601	22	0.000008	0.000006
television	noun	0.4546	0.5284	29	0.000010	0.000008
tore	verb	0.4546	0.4957	89	0.000665	0.000635
Elizabeth	noun	0.4546	0.5723	37	0.000014	0.000012
cap	noun	0.4546	0.5458	61	0.000023	0.000022
index	noun	0.4546	0.5043	47	0.000016	0.000016
dressed	verb	0.4546	0.5548	59	0.000035	0.000032
search	noun	0.4542	0.4792	38	0.000013	0.000011
considering	verb	0.4542	0.4986	33	0.000011	0.000009
moving	verb	0.4542	0.6290	92	0.000192	0.000183
fry	noun	0.4542	0.4896	21	0.000008	0.000006
toes	noun	0.4542	0.5468	79	0.000055	0.000057
worshiped	verb	0.4542	0.4631	27	0.000013	0.000014
ard	adverb	0.4542	0.5232	25	0.000009	0.000007
tunnels	noun	0.4539	0.5338	32	0.000012	0.000010
everybody	noun	0.4537	0.5284	54	0.000032	0.000038
exploded	verb	0.4537	0.5874	79	0.000026	0.000027
deleted	verb	0.4537	0.4419	92	0.000300	0.000291
count	verb	0.4534	0.5451	64	0.000048	0.000047
gravy	noun	0.4532	0.5061	36	0.000016	0.000014
public	noun	0.4532	0.4740	35	0.000014	0.000013
pounded	verb	0.4532	0.5560	70	0.000056	0.000065
rainy	adjective	0.4532	0.4934	35	0.000013	0.000011
hell	noun	0.4527	0.5423	90	0.000050	0.000049
straight	adverb	0.4527	0.5860	92	0.000089	0.000091
hue	noun	0.4527	0.5265	79	0.000024	0.000026
sum	noun	0.4527	0.4976	20	0.000012	0.000008
dates	noun	0.4527	0.5605	85	0.000044	0.000043
grabs	verb	0.4527	0.5253	20	0.000008	0.000006
New	adjective	0.4523	0.5132	33	0.000012	0.000011
begun	verb	0.4523	0.5061	49	0.000022	0.000019
nose	noun	0.4523	0.5180	92	0.000132	0.000127
tide	noun	0.4523	0.5588	66	0.000020	0.000022
tender	noun	0.4523	0.5525	72	0.000023	0.000024
taking	noun	0.4523	0.5966	44	0.000016	0.000015
unknown	adjective	0.4523	0.5577	70	0.000023	0.000024
buckled	verb	0.4523	0.5501	65	0.000023	0.000024
Bill	noun	0.4520	0.4660	40	0.000013	0.000012
fire	noun	0.4518	0.4216	79	0.000049	0.000049
weren't	adverb	0.4518	0.4901	73	0.000035	0.000036
edge	noun	0.4518	0.5000	92	0.000188	0.000188
grind	verb	0.4518	0.5302	56	0.000041	0.000036
dessert	noun	0.4516	0.5291	28	0.000010	0.000008
beep	noun	0.4516	0.5017	44	0.000014	0.000013
cell	noun	0.4516	0.5161	48	0.000019	0.000019
away	adverb	0.4513	0.5241	92	0.000251	0.000241
state	verb	0.4513	0.6007	69	0.000101	0.000091
overhead	noun	0.4511	0.5175	42	0.000013	0.000013
thighs	noun	0.4509	0.5047	92	0.000034	0.000032
knocking	verb	0.4509	0.5449	35	0.000018	0.000013
gin	noun	0.4506	0.5456	26	0.000009	0.000007
taken	verb	0.4506	0.5201	90	0.000073	0.000070
surge	noun	0.4504	0.5345	92	0.000112	0.000114
thanks	noun	0.4504	0.5699	62	0.000023	0.000021
wife	noun	0.4504	0.5454	77	0.000065	0.000064
haunch	noun	0.4504	0.4724	20	0.000007	0.000005
chair	noun	0.4499	0.5052	33	0.000012	0.000010
slaughtered	verb	0.4499	0.5009	23	0.000011	0.000007
ecstasy	noun	0.4499	0.4728	38	0.000012	0.000011
Labour	noun	0.4499	0.5820	20	0.000008	0.000005
December	noun	0.4497	0.5095	32	0.000011	0.000009
wound	noun	0.4497	0.5354	72	0.000042	0.000041
phone	verb	0.4494	0.4716	29	0.000017	0.000016
hospital	noun	0.4494	0.5870	61	0.000021	0.000023
fix	verb	0.4494	0.5822	91	0.000191	0.000177
flirt	verb	0.4492	0.4667	34	0.000019	0.000017
lead	verb	0.4492	0.5539	84	0.000074	0.000074
set	verb	0.4490	0.5388	92	0.005323	0.005079
screwed	verb	0.4490	0.5520	43	0.000024	0.000028
stones	noun	0.4490	0.4783	89	0.000074	0.000070
change	verb	0.4490	0.5818	92	0.000756	0.000730
soak	verb	0.4487	0.5454	68	0.000022	0.000021
hoarsely	adverb	0.4485	0.5175	61	0.000035	0.000033
increase	noun	0.4485	0.4480	67	0.000025	0.000027
office	noun	0.4485	0.4764	28	0.000012	0.000011
far	adverb	0.4485	0.5468	92	0.000652	0.000605
passengers	noun	0.4485	0.4707	75	0.000028	0.000030
receipts	noun	0.4485	0.4480	23	0.000009	0.000007
handed	verb	0.4485	0.5610	92	0.004254	0.004037
arrested	verb	0.4485	0.4282	87	0.000107	0.000098
arrows	noun	0.4485	0.5028	45	0.000016	0.000015
ward	noun	0.4485	0.5215	20	0.000010	0.000006
brother-in-law	noun	0.4485	0.5328	20	0.000014	0.000008
nation	noun	0.4483	0.5227	88	0.000034	0.000035
grain	noun	0.4480	0.5529	35	0.000012	0.000011
spice	noun	0.4480	0.4688	52	0.000016	0.000017
pepper	noun	0.4480	0.4993	82	0.000026	0.000027
modern	adjective	0.4478	0.5241	26	0.000009	0.000007
lax	adjective	0.4475	0.5080	36	0.000013	0.000010
alarming	adjective	0.4473	0.4742	52	0.000017	0.000016
discharge	verb	0.4473	0.4712	48	0.000022	0.000025
swore	verb	0.4473	0.4664	62	0.000038	0.000035
evenings	noun	0.4471	0.4532	57	0.000018	0.000018
branches	noun	0.4471	0.5156	81	0.000051	0.000050
history	noun	0.4471	0.4409	88	0.000062	0.000058
concluded	verb	0.4466	0.5487	89	0.000087	0.000095
rocky	noun	0.4464	0.4811	66	0.000021	0.000022
Spanish	adjective	0.4461	0.4773	33	0.000011	0.000010
plowed	verb	0.4461	0.4780	32	0.000014	0.000011
raft	noun	0.4461	0.4539	34	0.000011	0.000010
people	noun	0.4461	0.4887	92	0.000281	0.000272
returned	verb	0.4461	0.4891	92	0.002425	0.002268
sing	verb	0.4457	0.5151	92	0.000393	0.000383
dismiss	verb	0.4452	0.5761	65	0.000061	0.000052
ring	verb	0.4452	0.5444	61	0.000028	0.000027
beef	noun	0.4452	0.5397	41	0.000014	0.000012
attack	verb	0.4452	0.5028	92	0.000284	0.000274
nice	adjective	0.4452	0.5912	85	0.000028	0.000031
slash	verb	0.4452	0.5780	87	0.000088	0.000087
mores	noun	0.4452	0.5000	20	0.000007	0.000005
problem	noun	0.4449	0.4957	58	0.000029	0.000030
sand	noun	0.4447	0.5496	75	0.000044	0.000039
suffered	verb	0.4447	0.4887	91	0.000054	0.000054
crap	noun	0.4447	0.4485	66	0.000034	0.000032
days	noun	0.4447	0.5633	91	0.000059	0.000059
screensaver	noun	0.4447	0.5444	46	0.000015	0.000014
certain	adjective	0.4447	0.5250	53	0.000021	0.000018
wallpaper	noun	0.4445	0.5243	84	0.000026	0.000027
jaw	noun	0.4442	0.4953	92	0.000093	0.000094
helmet	noun	0.4442	0.4995	83	0.000039	0.000043
gas	noun	0.4442	0.5142	57	0.000031	0.000031
totaled	verb	0.4440	0.4943	62	0.000034	0.000028
disarmed	verb	0.4440	0.5189	48	0.000016	0.000015
boil	verb	0.4438	0.5808	42	0.000015	0.000011
gloves	noun	0.4438	0.4830	90	0.000059	0.000060
noise	noun	0.4438	0.4924	47	0.000016	0.000015
pinned	verb	0.4438	0.4714	88	0.000388	0.000379
at	adverb	0.4433	0.5532	30	0.000012	0.000011
keeping	verb	0.4433	0.5132	25	0.000009	0.000006
emotion	noun	0.4433	0.5113	31	0.000011	0.000009
Telegraph	noun	0.4433	0.4660	21	0.000008	0.000005
topple	noun	0.4433	0.4572	48	0.000037	0.000029
British	noun	0.4433	0.5300	82	0.000040	0.000037
deprived	verb	0.4433	0.5194	55	0.000018	0.000017
rope	noun	0.4431	0.5888	68	0.000033	0.000031
magazine	noun	0.4428	0.4556	28	0.000010	0.000008
wound	verb	0.4428	0.5893	63	0.000027	0.000026
grated	adjective	0.4426	0.5310	32	0.000011	0.000009
drowning	noun	0.4423	0.5246	65	0.000021	0.000020
Mary	noun	0.4423	0.4934	79	0.000043	0.000051
opening	noun	0.4423	0.5907	59	0.000026	0.000024
blistered	verb	0.4423	0.5354	29	0.000010	0.000008
columns	noun	0.4423	0.4861	74	0.000029	0.000027
Leader	noun	0.4423	0.4785	24	0.000009	0.000006
There	adverb	0.4423	0.6040	41	0.000017	0.001391
demote	verb	0.4421	0.5227	36	0.000013	0.000014
having	verb	0.4419	0.5421	92	0.000037	0.000041
alarm	noun	0.4419	0.5187	50	0.000016	0.000015
proofread	adverb	0.4419	0.5333	28	0.000010	0.000007
contained	verb	0.4419	0.4570	61	0.000042	0.000040
thrill	noun	0.4419	0.5118	55	0.000021	0.000019
refuted	verb	0.4416	0.4948	24	0.000011	0.000007
stabbing	noun	0.4414	0.5246	27	0.000016	0.000009
cancel	verb	0.4414	0.5650	90	0.000241	0.000247
hire	verb	0.4414	0.5038	91	0.000467	0.000431
attended	verb	0.4414	0.5600	51	0.000031	0.000029
heading	verb	0.4414	0.5912	92	0.000320	0.000301
rum	noun	0.4412	0.4787	34	0.000012	0.000009
casket	noun	0.4409	0.5196	38	0.000013	0.000011
US	noun	0.4409	0.5860	51	0.000023	0.000020
overseas	adverb	0.4409	0.4884	28	0.000010	0.000008
herds	noun	0.4409	0.5898	39	0.000014	0.000011
cracked	verb	0.4409	0.5232	91	0.000180	0.000170
friends	noun	0.4409	0.5198	91	0.000129	0.000125
World	noun	0.4409	0.5340	54	0.000024	0.000020
thumbs	noun	0.4407	0.5189	62	0.000022	0.000022
batter	verb	0.4405	0.5128	33	0.000012	0.000010
water	noun	0.4405	0.5449	92	0.000314	0.000292
dial	verb	0.4405	0.5567	91	0.000029	0.000030
mining	noun	0.4400	0.4688	25	0.000009	0.000007
taught	verb	0.4400	0.5898	76	0.000054	0.000049
wires	noun	0.4400	0.5109	23	0.000009	0.000006
plain	adverb	0.4397	0.4322	52	0.000018	0.000017
frail	noun	0.4397	0.5142	64	0.000026	0.000026
wheeled	verb	0.4397	0.5673	56	0.000035	0.000039
former	adjective	0.4395	0.5440	61	0.000033	0.000029
south	adverb	0.4395	0.4525	46	0.000022	0.000017
flip	verb	0.4390	0.5846	79	0.000032	0.000032
slit	verb	0.4390	0.5529	53	0.000034	0.000030
birthplace	noun	0.4390	0.4924	64	0.000020	0.000020
knotted	verb	0.4390	0.5378	37	0.000013	0.000011
tomatoes	noun	0.4390	0.6366	47	0.000017	0.000015
crying	verb	0.4390	0.4787	89	0.000042	0.000042
avenge	verb	0.4390	0.5652	29	0.000018	0.000012
Journal	noun	0.4390	0.4664	55	0.000018	0.000017
numbers	noun	0.4388	0.5595	86	0.000049	0.000046
neat	verb	0.4388	0.4773	64	0.000022	0.000022
margin	noun	0.4388	0.4641	60	0.000019	0.000019
maybe	adverb	0.4386	0.4891	64	0.000042	0.000047
helpless	adjective	0.4386	0.5903	36	0.000012	0.000010
broken	verb	0.4386	0.4022	91	0.000104	0.000105
split	noun	0.4386	0.4998	88	0.000051	0.000049
dirt	noun	0.4386	0.5983	89	0.000083	0.000078
features	noun	0.4386	0.5558	49	0.000016	0.000015
anybody	noun	0.4386	0.4343	27	0.000017	0.000012
hindquarters	noun	0.4386	0.5496	23	0.000009	0.000006
interview	noun	0.4386	0.4879	56	0.000019	0.000017
background	noun	0.4386	0.5161	37	0.000015	0.000011
whinnied	verb	0.4381	0.5076	35	0.000016	0.000012
tops	verb	0.4381	0.5463	29	0.000011	0.000007
bathe	verb	0.4381	0.5425	25	0.000009	0.000009
lids	noun	0.4381	0.5099	27	0.000010	0.000007
Christmas	noun	0.4381	0.5279	49	0.000019	0.000016
branch	noun	0.4379	0.5198	74	0.000024	0.000024
sky	noun	0.4376	0.5874	91	0.000070	0.000068
cannot	adverb	0.4376	0.4584	92	0.001020	0.001001
waist	noun	0.4376	0.5879	92	0.000087	0.000080
type	verb	0.4376	0.5855	92	0.000033	0.000036
remove	verb	0.4376	0.5090	92	0.000236	0.000242
steak	noun	0.4374	0.5279	74	0.000023	0.000025
pellet	noun	0.4371	0.4839	26	0.000010	0.000006
therefore	adverb	0.4371	0.5317	92	0.000412	0.000455
yelling	verb	0.4369	0.5442	60	0.000024	0.000030
excited	adjective	0.4367	0.4631	35	0.000013	0.000010
downstairs	verb	0.4367	0.4364	24	0.000009	0.000006
privates	noun	0.4367	0.4981	43	0.000016	0.000013
birds	noun	0.4367	0.4702	88	0.000058	0.000052
sniff	verb	0.4367	0.5076	58	0.000023	0.000023
puke	verb	0.4364	0.5307	70	0.000056	0.000052
wet	noun	0.4362	0.5293	77	0.000042	0.000041
word	noun	0.4362	0.4953	85	0.000041	0.000041
sense	noun	0.4362	0.5175	87	0.000081	0.000078
plead	verb	0.4362	0.5860	70	0.000047	0.000046
slide	verb	0.4362	0.5373	77	0.000058	0.000056
tightly	adverb	0.4360	0.5754	88	0.000043	0.000042
soared	verb	0.4360	0.5442	66	0.000021	0.000021
president	noun	0.4357	0.5359	45	0.000017	0.000013
young	adjective	0.4357	0.5770	92	0.000064	0.000062
Mom	noun	0.4357	0.5435	44	0.000016	0.000014
Name	noun	0.4357	0.5184	23	0.000011	0.000006
shock	noun	0.4357	0.4934	80	0.000050	0.000044
roll	noun	0.4357	0.5222	27	0.000019	0.000012
fresh	adjective	0.4355	0.5749	90	0.000050	0.000048
wash	verb	0.4353	0.5132	91	0.000138	0.000129
also	adverb	0.4353	0.5624	92	0.004801	0.004519
pound	verb	0.4353	0.5215	74	0.000052	0.000054
conversation	noun	0.4353	0.4690	50	0.000016	0.000015
held	verb	0.4353	0.4017	92	0.007264	0.006851
structures	noun	0.4353	0.5104	63	0.000020	0.000020
abdomen	noun	0.4350	0.6167	88	0.000034	0.000036
prohibited	verb	0.4348	0.4948	21	0.000008	0.000005
fraction	noun	0.4348	0.4943	39	0.000014	0.000011
stuffed	verb	0.4345	0.5031	90	0.000827	0.000748
slogans	noun	0.4343	0.4369	36	0.000013	0.000010
President	noun	0.4343	0.5799	40	0.000015	0.000013
belonged	verb	0.4343	0.5572	47	0.000016	0.000014
bite	verb	0.4343	0.6328	77	0.000074	0.000071
flung	noun	0.4341	0.5069	86	0.000074	0.000069
middle	noun	0.4338	0.4716	59	0.000022	0.000021
bury	verb	0.4338	0.5288	34	0.000013	0.000013
surf	verb	0.4338	0.5397	79	0.000026	0.000024
scene	noun	0.4338	0.5260	47	0.000017	0.000014
hid	adjective	0.4336	0.5711	68	0.000050	0.000043
mineral	noun	0.4336	0.4440	40	0.000014	0.000011
undergo	verb	0.4334	0.5175	73	0.000026	0.000028
dying	verb	0.4334	0.5175	22	0.000011	0.000007
oats	noun	0.4334	0.5340	23	0.000009	0.000006
disperse	verb	0.4334	0.5884	92	0.000029	0.000030
publication	noun	0.4331	0.5888	40	0.000021	0.000016
chief	noun	0.4329	0.4754	25	0.000009	0.000006
cared	verb	0.4329	0.4679	51	0.000026	0.000022
bay	noun	0.4329	0.5662	91	0.000029	0.000031
laughing	verb	0.4329	0.4891	43	0.000016	0.000012
slice	verb	0.4329	0.5562	92	0.000129	0.000126
has	verb	0.4329	0.6191	92	0.001327	0.001213
margins	noun	0.4324	0.5978	69	0.000021	0.000022
March	noun	0.4324	0.6838	63	0.000022	0.000021
Trump	noun	0.4324	0.6352	87	0.000031	0.000031
speak	adjective	0.4322	0.4889	32	0.000012	0.000008
hedges	noun	0.4319	0.5430	73	0.000024	0.000022
fall	noun	0.4319	0.5321	22	0.000009	0.000005
smoked	verb	0.4319	0.5515	89	0.000133	0.000122
University	noun	0.4317	0.5449	20	0.000009	0.000005
flung	adjective	0.4315	0.4735	83	0.000112	0.000105
done	verb	0.4315	0.4986	68	0.000048	0.000042
imagine	verb	0.4315	0.5118	83	0.000071	0.000062
taxpayers	noun	0.4315	0.5555	56	0.000044	0.000038
sob	verb	0.4315	0.4513	92	0.000291	0.000262
fondled	verb	0.4315	0.4927	56	0.000038	0.000034
investigation	noun	0.4315	0.4537	40	0.000014	0.000012
Being	verb	0.4312	0.5310	20	0.000008	0.000004
travelers	noun	0.4310	0.5803	71	0.000044	0.000041
seasonings	noun	0.4310	0.5232	73	0.000023	0.000024
delight	noun	0.4310	0.5293	91	0.000030	0.000031
writing	verb	0.4310	0.4962	92	0.000085	0.000083
can	verb	0.4310	0.4660	92	0.001855	0.001772
shoved	verb	0.4310	0.4806	91	0.001271	0.001139
drinking	verb	0.4308	0.5284	38	0.000020	0.000017
skim	verb	0.4308	0.5463	60	0.000019	0.000019
sidewalk	noun	0.4305	0.5539	25	0.000012	0.000007
hh	adjective	0.4305	0.5250	34	0.000019	0.000013
uproariously	adverb	0.4303	0.4806	52	0.000017	0.000016
pant	verb	0.4303	0.4832	70	0.000086	0.000072
Rodney	noun	0.4303	0.5054	64	0.000021	0.000020
scalp	noun	0.4301	0.5862	24	0.000009	0.000006
bruised	verb	0.4301	0.5522	58	0.000019	0.000020
boat	noun	0.4301	0.5614	81	0.000036	0.000032
boxers	noun	0.4301	0.5071	39	0.000013	0.000011
knock	verb	0.4301	0.5425	92	0.000133	0.000127
master	noun	0.4296	0.4667	42	0.000016	0.000013
erection	noun	0.4296	0.5161	80	0.000053	0.000048
headlights	noun	0.4296	0.4920	43	0.000014	0.000013
saw	verb	0.4296	0.4471	92	0.004573	0.004336
unfamiliar	noun	0.4296	0.5397	53	0.000017	0.000017
bricks	noun	0.4293	0.5718	36	0.000019	0.000014
church	noun	0.4293	0.5253	80	0.000048	0.000044
slid	verb	0.4291	0.4934	65	0.000041	0.000036
foot	noun	0.4291	0.5567	91	0.000093	0.000090
truck	noun	0.4289	0.4560	28	0.000012	0.000009
stay	verb	0.4286	0.5808	92	0.001338	0.001292
crows	verb	0.4286	0.5147	31	0.000014	0.000009
ditch	noun	0.4286	0.5799	92	0.000029	0.000030
regained	verb	0.4286	0.5409	40	0.000017	0.000014
began	verb	0.4286	0.5430	92	0.013589	0.012531
liked	verb	0.4282	0.5047	35	0.000015	0.000012
slick	noun	0.4282	0.4683	21	0.000008	0.000005
tear	noun	0.4282	0.5019	51	0.000019	0.000018
looking	verb	0.4282	0.5118	92	0.000278	0.000246
I'd	verb	0.4282	0.5083	70	0.000046	0.000045
slammed	verb	0.4282	0.5406	91	0.001346	0.001253
print	verb	0.4282	0.4721	74	0.000059	0.000055
tumble	adjective	0.4279	0.4483	64	0.000047	0.000039
temple	noun	0.4272	0.4693	89	0.000090	0.000086
apart	adverb	0.4272	0.4546	69	0.000022	0.000021
girl	noun	0.4270	0.4731	76	0.000026	0.000029
Nobody	noun	0.4270	0.4790	32	0.000012	0.000008
landscape	noun	0.4270	0.5000	40	0.000014	0.000011
sweat	noun	0.4267	0.5685	61	0.000021	0.000019
shore	noun	0.4267	0.4929	85	0.000042	0.000039
sorrow	noun	0.4267	0.5430	59	0.000020	0.000017
swam	verb	0.4267	0.5619	92	0.000167	0.000162
weep	verb	0.4267	0.4381	92	0.000572	0.000517
coming	verb	0.4265	0.5966	86	0.000146	0.000123
reared	verb	0.4265	0.4754	60	0.000025	0.000022
rigid	adjective	0.4263	0.5241	86	0.000033	0.000032
TV	noun	0.4263	0.5704	44	0.000016	0.000013
berries	noun	0.4263	0.5383	53	0.000021	0.000017
work	noun	0.4258	0.4686	86	0.000057	0.000054
change	noun	0.4258	0.6052	90	0.000056	0.000058
thats	verb	0.4258	0.5588	28	0.000021	0.000016
living	noun	0.4253	0.5198	81	0.000051	0.000048
Church	noun	0.4253	0.5378	35	0.000013	0.000010
carrots	noun	0.4253	0.5567	76	0.000032	0.000029
leaf	verb	0.4253	0.5482	56	0.000019	0.000017
charge	verb	0.4253	0.5406	91	0.000298	0.000264
wonderful	adjective	0.4253	0.5444	29	0.000011	0.000007
can't	adverb	0.4253	0.4844	81	0.000884	0.000771
swing	noun	0.4253	0.5430	77	0.000025	0.000026
flaccid	adjective	0.4253	0.4991	27	0.000015	0.000007
nt	adverb	0.4249	0.5482	58	0.000210	0.000112
cornered	verb	0.4249	0.5350	64	0.000031	0.000027
husband	noun	0.4249	0.6047	58	0.000031	0.000029
stiff	noun	0.4249	0.4690	54	0.000029	0.000023
bank	noun	0.4249	0.4754	66	0.000036	0.000033
perfect	adjective	0.4249	0.4976	91	0.000041	0.000040
cried	verb	0.4249	0.5014	91	0.000703	0.000689
mess	noun	0.4246	0.5683	36	0.000013	0.000010
toilet	noun	0.4246	0.5404	32	0.000014	0.000009
bullets	noun	0.4246	0.4861	28	0.000013	0.000007
Independent	noun	0.4246	0.4879	28	0.000011	0.000007
steaks	noun	0.4244	0.4764	30	0.000011	0.000007
moaning	verb	0.4244	0.5284	41	0.000014	0.000012
column	noun	0.4244	0.5000	46	0.000018	0.000015
out	adverb	0.4244	0.5874	92	0.000207	0.000194
desk	noun	0.4244	0.5203	45	0.000018	0.000014
stroked	verb	0.4244	0.4423	89	0.000384	0.000341
sack	verb	0.4244	0.5695	26	0.000012	0.000007
shaking	noun	0.4244	0.5217	39	0.000019	0.000014
lit	verb	0.4244	0.4490	91	0.001253	0.001140
blue	noun	0.4239	0.5184	53	0.000018	0.000015
Star	noun	0.4239	0.5076	32	0.000012	0.000008
sprawled	verb	0.4239	0.5581	45	0.000016	0.000014
proved	verb	0.4239	0.5359	69	0.000051	0.000045
hers	noun	0.4239	0.4724	34	0.000014	0.000011
attacking	verb	0.4239	0.6274	38	0.000020	0.000014
bad	adjective	0.4239	0.5005	63	0.000038	0.000031
hood	noun	0.4234	0.4981	45	0.000019	0.000017
consisted	verb	0.4234	0.5161	43	0.000024	0.000021
miners	noun	0.4234	0.5250	60	0.000020	0.000018
please	verb	0.4234	0.5473	83	0.000094	0.000083
falling	verb	0.4234	0.4452	57	0.000024	0.000025
pull	verb	0.4234	0.5340	92	0.000466	0.000448
roads	noun	0.4234	0.5246	22	0.000009	0.000005
triumph	noun	0.4234	0.5872	88	0.000028	0.000029
warnings	noun	0.4232	0.4809	32	0.000012	0.000009
mont	verb	0.4230	0.5364	30	0.000011	0.000007
guitar	noun	0.4230	0.5128	33	0.000017	0.000011
stumble	adjective	0.4230	0.5326	73	0.000023	0.000023
shaved	verb	0.4225	0.4929	43	0.000024	0.000017
across	adverb	0.4225	0.4643	34	0.000012	0.000009
long	adverb	0.4225	0.4669	92	0.000700	0.000600
works	noun	0.4225	0.5217	37	0.000013	0.000010
chest	noun	0.4225	0.5208	92	0.000278	0.000266
altar	noun	0.4223	0.5104	72	0.000036	0.000030
chairs	noun	0.4223	0.4875	60	0.000019	0.000018
hired	verb	0.4220	0.4556	84	0.000058	0.000054
play	verb	0.4220	0.4877	92	0.000706	0.000687
stairs	noun	0.4220	0.5874	91	0.000062	0.000059
breaking	noun	0.4220	0.5314	44	0.000017	0.000013
climbed	verb	0.4220	0.5236	91	0.000844	0.000792
car	noun	0.4220	0.5132	92	0.000166	0.000151
land	noun	0.4216	0.5751	92	0.000142	0.000132
welcome	verb	0.4216	0.4943	42	0.000026	0.000019
beating	verb	0.4216	0.6330	54	0.000026	0.000020
free	verb	0.4216	0.5822	87	0.000093	0.000082
louder	adjective	0.4211	0.5595	45	0.000016	0.000013
throwing	noun	0.4211	0.5128	31	0.000011	0.000008
vampires	noun	0.4211	0.5076	21	0.000009	0.000005
slapped	verb	0.4211	0.4707	87	0.000245	0.000273
cocked	verb	0.4211	0.4499	82	0.000093	0.000082
become	verb	0.4206	0.5388	92	0.000888	0.000849
appoint	verb	0.4206	0.4764	43	0.000016	0.000014
entering	verb	0.4206	0.5359	91	0.000221	0.000194
students	noun	0.4206	0.4972	85	0.000076	0.000072
originally	adverb	0.4206	0.5113	55	0.000019	0.000018
whacked	verb	0.4206	0.5250	43	0.000038	0.000022
figure	noun	0.4206	0.5586	77	0.000036	0.000032
cleavage	noun	0.4206	0.4716	23	0.000009	0.000006
cleaning	noun	0.4201	0.5066	54	0.000022	0.000019
stole	adjective	0.4201	0.5723	35	0.000012	0.000009
name	noun	0.4201	0.5331	85	0.000054	0.000051
enlisted	verb	0.4201	0.5605	89	0.000028	0.000029
trunk	noun	0.4201	0.5551	68	0.000026	0.000022
slam	verb	0.4201	0.4480	63	0.000039	0.000038
ends	verb	0.4201	0.5936	49	0.000019	0.000018
north	adjective	0.4199	0.4513	20	0.000011	0.000004
throttle	noun	0.4199	0.4915	38	0.000014	0.000011
dispose	verb	0.4199	0.5000	32	0.000013	0.000009
bridge	noun	0.4197	0.6153	49	0.000024	0.000018
caress	verb	0.4197	0.4674	91	0.000131	0.000118
deafening	verb	0.4197	0.5248	74	0.000024	0.000024
political	adjective	0.4197	0.4513	51	0.000018	0.000016
arrivals	noun	0.4197	0.5246	63	0.000021	0.000019
paper	noun	0.4197	0.5614	92	0.000062	0.000057
round	noun	0.4194	0.4709	42	0.000014	0.000012
information	noun	0.4192	0.6023	86	0.000036	0.000038
published	verb	0.4192	0.4764	90	0.000078	0.000073
drank	verb	0.4187	0.5577	91	0.000320	0.000287
Margaret	noun	0.4187	0.5595	21	0.000009	0.000006
hid	noun	0.4187	0.5388	91	0.000467	0.000406
Democrats	noun	0.4185	0.5345	66	0.000022	0.000020
approved	verb	0.4182	0.4986	83	0.000110	0.000097
bench	verb	0.4182	0.5714	63	0.000024	0.000022
tree	noun	0.4182	0.5652	91	0.000069	0.000066
urge	noun	0.4182	0.5510	89	0.000086	0.000080
don't	adverb	0.4180	0.5057	84	0.001332	0.001141
boom	noun	0.4180	0.6184	40	0.000014	0.000011
evacuate	verb	0.4178	0.5298	83	0.000026	0.000027
field	noun	0.4178	0.5106	80	0.000034	0.000031
own	adjective	0.4178	0.5276	90	0.000066	0.000068
laughter	noun	0.4175	0.4542	48	0.000017	0.000014
blouse	noun	0.4173	0.4995	55	0.000019	0.000017
terrifying	verb	0.4173	0.5376	30	0.000011	0.000008
cats	noun	0.4173	0.5123	43	0.000016	0.000013
ragged	adjective	0.4173	0.5012	22	0.000009	0.000005
angrily	adverb	0.4173	0.4641	91	0.000125	0.000117
repent	verb	0.4171	0.5749	36	0.000021	0.000014
life	noun	0.4168	0.5428	88	0.000075	0.000068
captioned	verb	0.4164	0.5321	80	0.000051	0.000047
tug	noun	0.4164	0.4998	78	0.000046	0.000040
spine	noun	0.4159	0.5043	92	0.000068	0.000066
attention	noun	0.4159	0.5390	90	0.000029	0.000029
lecture	verb	0.4159	0.5404	86	0.000028	0.000027
ejaculated	verb	0.4159	0.4858	53	0.000018	0.000016
ship	noun	0.4156	0.4752	32	0.000016	0.000009
rested	verb	0.4154	0.4929	92	0.000430	0.000418
mines	noun	0.4154	0.5019	53	0.000019	0.000016
shooting	verb	0.4154	0.5213	23	0.000013	0.000008
ish	noun	0.4149	0.5572	84	0.000029	0.000028
once	adverb	0.4149	0.4820	92	0.000763	0.000701
disappointment	noun	0.4149	0.5302	57	0.000021	0.000016
astronomy	noun	0.4149	0.4920	73	0.000024	0.000025
numb	adjective	0.4145	0.5175	85	0.000032	0.000031
matter	noun	0.4145	0.5099	83	0.000039	0.000035
U	noun	0.4145	0.5560	52	0.000027	0.000019
wounded	verb	0.4145	0.6371	51	0.000023	0.000021
way	noun	0.4145	0.5449	81	0.000062	0.000052
feeding	verb	0.4140	0.5132	47	0.000016	0.000015
mesh	noun	0.4140	0.5208	51	0.000017	0.000015
few	adjective	0.4140	0.5577	92	0.000029	0.000032
gorgeous	adjective	0.4140	0.5543	25	0.000010	0.000006
required	verb	0.4140	0.4953	92	0.000375	0.000341
backdoor	noun	0.4140	0.5236	75	0.000024	0.000023
Singapore	noun	0.4140	0.5695	56	0.000018	0.000017
dry	adjective	0.4135	0.5610	67	0.000044	0.000037
on	adverb	0.4135	0.5047	43	0.000028	0.000021
rubbing	verb	0.4135	0.5728	73	0.000028	0.000026
opening	verb	0.4135	0.5475	88	0.000141	0.000122
return	verb	0.4135	0.4693	92	0.000773	0.000686
brought	verb	0.4130	0.5681	92	0.002576	0.002347
east	noun	0.4130	0.4929	56	0.000022	0.000020
stranded	verb	0.4130	0.4811	76	0.000024	0.000024
subdued	verb	0.4128	0.5515	66	0.000023	0.000022
pigeon	noun	0.4128	0.5543	84	0.000027	0.000026
burnt	verb	0.4126	0.5718	79	0.000089	0.000072
hung	noun	0.4126	0.4565	91	0.000796	0.000723
slap	verb	0.4126	0.4924	87	0.000213	0.000184
operate	verb	0.4123	0.4731	64	0.000028	0.000025
rowed	verb	0.4121	0.5444	54	0.000024	0.000018
Ponte	noun	0.4121	0.5503	34	0.000012	0.000009
unbuttoned	adjective	0.4121	0.5704	46	0.000018	0.000015
bent	adjective	0.4121	0.4825	85	0.000138	0.000127
Lord	noun	0.4121	0.4953	51	0.000018	0.000017
cheek	noun	0.4116	0.5468	92	0.000151	0.000137
dried	verb	0.4116	0.5510	59	0.000039	0.000028
skip	noun	0.4116	0.5671	92	0.000029	0.000029
port	noun	0.4116	0.4230	25	0.000011	0.000006
existed	verb	0.4116	0.5671	92	0.000029	0.000029
streets	noun	0.4116	0.5444	91	0.000044	0.000040
rubbed	verb	0.4116	0.4884	90	0.000547	0.000485
pounds	noun	0.4116	0.5671	92	0.000029	0.000029
glow	noun	0.4116	0.5671	92	0.000029	0.000029
dollars	noun	0.4116	0.5671	92	0.000029	0.000029
Paris	noun	0.4116	0.5671	92	0.000029	0.000029
waters	noun	0.4116	0.5671	92	0.000029	0.000029
windows	noun	0.4114	0.5697	90	0.000098	0.000092
plenty	noun	0.4114	0.5362	66	0.000024	0.000022
devil	noun	0.4114	0.5291	76	0.000024	0.000024
made	verb	0.4112	0.5756	92	0.016274	0.015185
burst	noun	0.4109	0.5293	88	0.000102	0.000100
huge	adjective	0.4109	0.5040	56	0.000031	0.000025
fax	noun	0.4107	0.4962	25	0.000014	0.000006
disobey	verb	0.4107	0.4740	85	0.000066	0.000061
smacked	verb	0.4107	0.4969	64	0.000073	0.000061
huskily	adverb	0.4107	0.5043	47	0.000017	0.000013
oldest	adjective	0.4107	0.5307	49	0.000017	0.000015
responsibility	noun	0.4104	0.5650	90	0.000028	0.000029
objected	verb	0.4102	0.4962	23	0.000010	0.000006
Land	noun	0.4102	0.5028	67	0.000022	0.000021
been	verb	0.4102	0.5662	92	0.000145	0.000146
posted	verb	0.4102	0.5080	92	0.000433	0.000389
ever	adverb	0.4100	0.5515	86	0.000050	0.000048
lobby	noun	0.4097	0.4381	30	0.000013	0.000008
cops	noun	0.4097	0.5184	27	0.000019	0.000009
spices	noun	0.4097	0.5482	89	0.000028	0.000028
hard	adjective	0.4097	0.4759	91	0.000168	0.000155
perhaps	adverb	0.4097	0.5515	85	0.000134	0.000117
bag	noun	0.4097	0.4939	53	0.000027	0.000023
distance	noun	0.4097	0.5147	29	0.000013	0.000008
piazza	noun	0.4093	0.5652	81	0.000026	0.000025
send	verb	0.4093	0.5307	92	0.002282	0.002143
mud	noun	0.4093	0.6044	71	0.000043	0.000037
smile	verb	0.4090	0.5279	62	0.000051	0.000038
crush	noun	0.4090	0.5584	38	0.000013	0.000010
engine	noun	0.4088	0.4078	79	0.000029	0.000028
blood	noun	0.4088	0.5624	90	0.000134	0.000124
monitored	verb	0.4086	0.4712	76	0.000044	0.000041
affair	noun	0.4086	0.5362	40	0.000014	0.000011
Facebook	noun	0.4083	0.5135	30	0.000016	0.000009
bread	noun	0.4083	0.4698	87	0.000042	0.000040
room	noun	0.4083	0.5203	91	0.000098	0.000093
approve	verb	0.4083	0.5551	90	0.000157	0.000149
swung	verb	0.4081	0.4241	78	0.000053	0.000047
traders	noun	0.4078	0.5043	52	0.000028	0.000021
shatter	noun	0.4078	0.4820	79	0.000053	0.000049
pages	noun	0.4078	0.5208	46	0.000019	0.000015
apparently	adverb	0.4078	0.5539	37	0.000027	0.000029
glasses	noun	0.4078	0.5770	91	0.000064	0.000063
railing	noun	0.4074	0.5463	47	0.000021	0.000014
sweater	noun	0.4074	0.4759	61	0.000029	0.000023
blew	verb	0.4074	0.5454	90	0.000330	0.000309
picking	verb	0.4071	0.5241	80	0.000058	0.000052
Ms	noun	0.4069	0.5298	83	0.000249	0.000219
squirm	verb	0.4069	0.5111	58	0.000069	0.000055
champagne	noun	0.4069	0.5955	91	0.000030	0.000030
thigh	noun	0.4069	0.5189	91	0.000133	0.000121
material	noun	0.4067	0.4804	62	0.000026	0.000023
clerk	noun	0.4064	0.5293	25	0.000010	0.000006
gap	noun	0.4064	0.4991	41	0.000014	0.000011
sticks	noun	0.4064	0.6148	87	0.000054	0.000053
stood	verb	0.4064	0.5312	92	0.004197	0.003801
skirt	noun	0.4062	0.5470	38	0.000014	0.000010
tingling	noun	0.4062	0.5603	68	0.000051	0.000040
intend	verb	0.4060	0.5718	71	0.000062	0.000058
treating	verb	0.4060	0.4138	76	0.000030	0.000028
fault	noun	0.4060	0.4145	49	0.000016	0.000015
jump	verb	0.4060	0.5964	92	0.000201	0.000185
tumble	verb	0.4060	0.4622	47	0.000017	0.000012
buttoned	verb	0.4060	0.5643	48	0.000019	0.000015
hotly	adverb	0.4055	0.4490	40	0.000015	0.000011
praise	verb	0.4055	0.4381	43	0.000022	0.000017
site	noun	0.4055	0.5047	87	0.000031	0.000030
close	verb	0.4055	0.5340	92	0.000302	0.000261
heartbeat	noun	0.4050	0.4598	63	0.000021	0.000019
graveside	noun	0.4050	0.5766	87	0.000028	0.000027
When	adverb	0.4050	0.5288	27	0.000012	0.001347
satire	noun	0.4048	0.4802	26	0.000011	0.000006
image	noun	0.4045	0.4901	63	0.000023	0.000020
Via	noun	0.4045	0.5742	91	0.000029	0.000029
driver	noun	0.4045	0.5704	56	0.000024	0.000018
prefer	verb	0.4045	0.5647	57	0.000034	0.000026
overdue	adjective	0.4045	0.5276	70	0.000023	0.000021
ankles	noun	0.4045	0.5359	44	0.000017	0.000014
government	noun	0.4043	0.5071	78	0.000029	0.000027
piece	noun	0.4043	0.5035	46	0.000019	0.000013
parted	verb	0.4043	0.5222	48	0.000017	0.000015
need	noun	0.4041	0.5113	27	0.000017	0.000009
limp	adjective	0.4041	0.4707	92	0.000067	0.000060
day	noun	0.4041	0.5714	63	0.000033	0.000027
senior	adjective	0.4041	0.4560	43	0.000016	0.000012
flash	noun	0.4041	0.5279	92	0.000059	0.000053
led	verb	0.4041	0.5005	92	0.001451	0.001362
did	verb	0.4036	0.5468	92	0.004281	0.004001
Campo	noun	0.4036	0.5147	39	0.000014	0.000010
Piazza	noun	0.4036	0.5775	90	0.000029	0.000028
desire	noun	0.4034	0.5260	56	0.000030	0.000021
stamp	verb	0.4031	0.5548	91	0.000105	0.000100
called	verb	0.4031	0.4726	92	0.003888	0.003758
tales	noun	0.4029	0.4558	42	0.000016	0.000012
rip	verb	0.4026	0.4638	90	0.000328	0.000281
ingredients	noun	0.4026	0.5454	71	0.000022	0.000022
wounds	noun	0.4026	0.5435	91	0.000064	0.000061
loving	verb	0.4024	0.4693	80	0.000031	0.000031
kicking	verb	0.4022	0.4447	74	0.000031	0.000031
open	verb	0.4022	0.4353	92	0.000225	0.000201
exit	noun	0.4022	0.5331	91	0.000058	0.000058
sheep	noun	0.4022	0.4962	39	0.000016	0.000012
recovered	verb	0.4022	0.5586	77	0.000044	0.000037
Tribune	noun	0.4022	0.5312	42	0.000015	0.000011
preaching	verb	0.4022	0.5260	45	0.000016	0.000012
eyes	noun	0.4022	0.5279	92	0.000204	0.000193
wire	noun	0.4022	0.5678	90	0.000029	0.000029
quicken	verb	0.4019	0.5501	80	0.000026	0.000024
elbow	verb	0.4019	0.5028	44	0.000024	0.000016
mist	noun	0.4019	0.5430	90	0.000028	0.000029
realise	verb	0.4017	0.4979	34	0.000021	0.000020
certainly	adverb	0.4015	0.5539	46	0.000036	0.000024
brown	adjective	0.4012	0.4128	56	0.000020	0.000016
feed	verb	0.4012	0.5600	73	0.000033	0.000030
nipple	noun	0.4012	0.5061	55	0.000031	0.000022
screaming	verb	0.4012	0.4820	87	0.000036	0.000035
Torah	noun	0.4012	0.5784	47	0.000023	0.000016
bust	noun	0.4010	0.5102	22	0.000009	0.000005
suit	noun	0.4010	0.5142	64	0.000024	0.000021
overalls	noun	0.4010	0.4568	42	0.000016	0.000012
organise	verb	0.4010	0.5423	32	0.000021	0.000014
clues	noun	0.4010	0.5239	60	0.000020	0.000018
diagnosed	verb	0.4008	0.5388	77	0.000026	0.000026
ball	noun	0.4008	0.5794	60	0.000025	0.000021
shake	verb	0.4008	0.4390	91	0.000406	0.000358
cloud	noun	0.4008	0.5832	92	0.000031	0.000031
Monday	noun	0.4008	0.5808	87	0.000034	0.000031
term	noun	0.4008	0.5487	85	0.000034	0.000032
tip	noun	0.4008	0.5976	72	0.000031	0.000027
struggle	verb	0.4005	0.5362	90	0.000159	0.000144
sign	verb	0.4003	0.5246	92	0.000698	0.000643
thin	adjective	0.4003	0.4669	61	0.000033	0.000026
worshipped	verb	0.4003	0.5525	80	0.000116	0.000100
food	noun	0.4003	0.5336	92	0.000088	0.000082
placed	verb	0.4003	0.5789	92	0.006899	0.006210
pavement	noun	0.4003	0.4440	62	0.000033	0.000028
compose	verb	0.4000	0.4409	58	0.000020	0.000018
rebuilt	verb	0.4000	0.5203	56	0.000042	0.000031
flour	noun	0.3998	0.5430	92	0.000047	0.000043
serve	verb	0.3998	0.5142	92	0.000447	0.000417
feed	noun	0.3998	0.5385	70	0.000036	0.000031
seasoning	noun	0.3998	0.5411	89	0.000028	0.000028
collapse	verb	0.3998	0.4707	91	0.000168	0.000165
tossed	adjective	0.3996	0.4572	22	0.000012	0.000005
duck	noun	0.3996	0.4837	36	0.000019	0.000012
stone	verb	0.3993	0.5884	83	0.000027	0.000026
pummel	verb	0.3993	0.4537	67	0.000035	0.000032
betrayal	noun	0.3993	0.5411	42	0.000015	0.000011
crack	noun	0.3993	0.5695	91	0.000030	0.000029
wondered	verb	0.3993	0.4976	92	0.000565	0.000522
palm	noun	0.3991	0.5735	58	0.000020	0.000018
aloud	adverb	0.3989	0.5260	81	0.000038	0.000034
big	adjective	0.3989	0.5246	85	0.000097	0.000084
writhe	verb	0.3986	0.4438	88	0.000153	0.000132
dabbed	verb	0.3984	0.5397	67	0.000039	0.000034
means	verb	0.3984	0.4957	90	0.000408	0.000356
more	adjective	0.3984	0.4757	90	0.000078	0.000073
gets	verb	0.3984	0.5142	31	0.000014	0.000011
whimper	verb	0.3979	0.5047	77	0.000091	0.000075
cemetery	noun	0.3979	0.5546	90	0.000029	0.000028
surface	noun	0.3979	0.5031	76	0.000037	0.000035
thumb	verb	0.3979	0.5203	25	0.000011	0.000005
shillings	noun	0.3977	0.5045	26	0.000011	0.000006
sharply	adverb	0.3974	0.4986	57	0.000019	0.000017
hear	verb	0.3974	0.4499	92	0.000352	0.000326
encyclopedia	noun	0.3972	0.4858	26	0.000011	0.000006
weary	adjective	0.3970	0.4771	82	0.000026	0.000027
Thursday	noun	0.3970	0.5766	77	0.000026	0.000023
ear	noun	0.3970	0.6002	92	0.000124	0.000112
hearing	verb	0.3970	0.4622	89	0.000079	0.000070
tossed	verb	0.3970	0.5014	92	0.002308	0.002074
noncoms	noun	0.3965	0.4948	57	0.000020	0.000016
clapped	verb	0.3965	0.5827	91	0.000029	0.000030
makes	verb	0.3960	0.6016	57	0.000034	0.000027
American	noun	0.3960	0.6129	55	0.000024	0.000017
ravine	noun	0.3960	0.5841	75	0.000024	0.000023
woman	noun	0.3960	0.5636	80	0.000032	0.000030
cream	noun	0.3960	0.5265	39	0.000018	0.000011
anyone	noun	0.3960	0.4286	92	0.000480	0.000438
shrub	noun	0.3960	0.5430	47	0.000017	0.000012
tidings	noun	0.3956	0.5340	21	0.000009	0.000004
rebuild	verb	0.3953	0.5440	52	0.000045	0.000029
bra	noun	0.3951	0.5317	57	0.000031	0.000022
basement	noun	0.3951	0.5175	76	0.000057	0.000046
new	adjective	0.3951	0.5095	91	0.000115	0.000097
publish	verb	0.3951	0.5818	73	0.000069	0.000052
orders	noun	0.3951	0.4879	24	0.000010	0.000005
ordered	verb	0.3951	0.4863	92	0.000952	0.000875
started	verb	0.3946	0.5052	92	0.011199	0.010097
signs	noun	0.3946	0.5860	92	0.000031	0.000031
wonder	verb	0.3946	0.5709	92	0.000635	0.000556
euros	noun	0.3946	0.5435	64	0.000021	0.000019
sliced	verb	0.3946	0.5217	91	0.000357	0.000314
breathing	verb	0.3941	0.5180	89	0.000029	0.000029
Duomo	noun	0.3941	0.5567	23	0.000010	0.000005
trees	noun	0.3941	0.5671	92	0.000126	0.000120
injury	noun	0.3941	0.5149	54	0.000019	0.000015
potatoes	noun	0.3939	0.5943	72	0.000028	0.000023
chin	noun	0.3937	0.4565	89	0.000119	0.000104
ago	adverb	0.3937	0.5496	91	0.000029	0.000031
Hell	noun	0.3937	0.5057	45	0.000016	0.000012
write	verb	0.3937	0.5369	92	0.002461	0.002182
loss	noun	0.3937	0.5279	92	0.000037	0.000034
punish	verb	0.3937	0.5109	92	0.000299	0.000264
punching	verb	0.3937	0.4924	45	0.000024	0.000017
describing	verb	0.3932	0.5236	43	0.000016	0.000011
tracked	verb	0.3932	0.5506	75	0.000047	0.000042
rape	verb	0.3927	0.5109	57	0.000039	0.000028
brother	noun	0.3927	0.5406	92	0.000126	0.000111
trousers	noun	0.3925	0.5896	74	0.000034	0.000028
leap	noun	0.3922	0.5888	91	0.000029	0.000029
washed	verb	0.3922	0.4442	91	0.000262	0.000241
burned	verb	0.3922	0.5595	91	0.000596	0.000522
enter	verb	0.3922	0.5033	92	0.000130	0.000117
leaving	verb	0.3922	0.5643	92	0.000601	0.000556
hacked	verb	0.3922	0.5293	77	0.000053	0.000047
line	noun	0.3922	0.5109	88	0.000048	0.000047
rooms	noun	0.3922	0.4998	44	0.000019	0.000014
spe	adjective	0.3918	0.5180	27	0.000011	0.000006
swell	verb	0.3918	0.4754	51	0.000022	0.000016
guilt	noun	0.3918	0.5874	90	0.000029	0.000028
run	verb	0.3918	0.4589	92	0.001302	0.001217
hanging	verb	0.3915	0.5525	38	0.000021	0.000012
documentary	noun	0.3913	0.5236	81	0.000026	0.000025
shirt	noun	0.3913	0.4773	92	0.000109	0.000099
Q	noun	0.3913	0.4967	29	0.000017	0.000009
newspaper	noun	0.3913	0.5080	87	0.000040	0.000035
something	noun	0.3913	0.4858	92	0.000626	0.000592
sadness	noun	0.3911	0.5031	84	0.000028	0.000025
squirming	verb	0.3908	0.5080	40	0.000015	0.000010
buildings	noun	0.3904	0.5874	90	0.000029	0.000028
kissing	verb	0.3904	0.4757	40	0.000023	0.000013
ones	noun	0.3904	0.5449	53	0.000019	0.000015
Earth	noun	0.3899	0.5789	76	0.000040	0.000032
applauded	verb	0.3899	0.5888	91	0.000029	0.000028
curve	noun	0.3899	0.5147	61	0.000021	0.000017
west	noun	0.3899	0.5090	57	0.000029	0.000020
following	verb	0.3899	0.4976	85	0.000079	0.000065
cracking	verb	0.3897	0.4594	74	0.000026	0.000022
NCOs	noun	0.3897	0.5496	88	0.000028	0.000027
horizon	noun	0.3894	0.5444	83	0.000029	0.000027
Japanese	noun	0.3889	0.5338	36	0.000015	0.000009
download	verb	0.3889	0.5340	37	0.000015	0.000008
cheeks	noun	0.3889	0.5605	81	0.000042	0.000036
fell	verb	0.3889	0.5893	92	0.000774	0.000744
good	adjective	0.3889	0.5855	92	0.000130	0.000116
rode	verb	0.3889	0.5402	92	0.000313	0.000265
stagger	adjective	0.3885	0.5336	76	0.000069	0.000056
butt	noun	0.3885	0.4863	45	0.000023	0.000015
fondle	verb	0.3885	0.5198	87	0.000077	0.000065
dug	verb	0.3885	0.4858	85	0.000207	0.000201
Telegram	noun	0.3885	0.5184	69	0.000023	0.000021
jumping	verb	0.3880	0.5397	77	0.000064	0.000053
driving	verb	0.3880	0.5104	87	0.000059	0.000053
remains	noun	0.3880	0.5170	78	0.000039	0.000033
money	noun	0.3875	0.5248	82	0.000042	0.000037
tingle	noun	0.3875	0.4868	40	0.000024	0.000015
West	noun	0.3875	0.5172	58	0.000020	0.000017
straw	noun	0.3871	0.5031	58	0.000020	0.000017
tinge	noun	0.3871	0.5095	66	0.000022	0.000019
edges	noun	0.3871	0.5494	90	0.000029	0.000028
worship	verb	0.3868	0.5491	86	0.000073	0.000067
move	verb	0.3866	0.5359	92	0.002125	0.002014
sunglasses	noun	0.3866	0.4915	77	0.000041	0.000036
rounded	verb	0.3866	0.5773	60	0.000020	0.000018
sucked	verb	0.3866	0.5931	53	0.000035	0.000026
walking	verb	0.3866	0.5236	92	0.000480	0.000437
evict	verb	0.3866	0.5808	92	0.000151	0.000130
arrest	verb	0.3866	0.5959	91	0.000091	0.000076
hall	noun	0.3861	0.5350	65	0.000030	0.000025
sued	verb	0.3861	0.5383	85	0.000081	0.000066
daily	adjective	0.3856	0.5629	39	0.000015	0.000010
April	noun	0.3856	0.5926	45	0.000017	0.000011
sailed	verb	0.3856	0.5997	68	0.000031	0.000025
flew	verb	0.3856	0.5312	88	0.000135	0.000114
She's	verb	0.3856	0.4527	29	0.000012	0.000089
loose	adverb	0.3854	0.5085	76	0.000024	0.000024
lay	verb	0.3852	0.5543	92	0.000872	0.000789
pressure	noun	0.3852	0.4764	43	0.000022	0.000014
import	noun	0.3849	0.5184	32	0.000013	0.000007
bore	noun	0.3849	0.5109	82	0.000027	0.000026
owners	noun	0.3847	0.4934	42	0.000015	0.000012
father	noun	0.3847	0.6063	87	0.000084	0.000072
downloaded	verb	0.3842	0.4542	92	0.000153	0.000137
right	adverb	0.3842	0.5288	75	0.000056	0.000046
relief	noun	0.3842	0.5595	92	0.000093	0.000084
manhood	noun	0.3837	0.5539	79	0.000050	0.000043
road	noun	0.3833	0.5321	73	0.000044	0.000034
gratitude	noun	0.3833	0.5293	90	0.000029	0.000029
whiskey	noun	0.3833	0.5099	85	0.000028	0.000027
heck	noun	0.3833	0.5536	90	0.000029	0.000028
collarbones	noun	0.3833	0.5302	61	0.000021	0.000018
post	noun	0.3833	0.5090	73	0.000029	0.000024
chain	noun	0.3828	0.5352	76	0.000028	0.000025
source	noun	0.3828	0.5076	67	0.000029	0.000024
writhe	adjective	0.3823	0.4972	71	0.000065	0.000050
look	noun	0.3823	0.5345	57	0.000021	0.000016
masturbate	verb	0.3823	0.5548	81	0.000087	0.000067
program	noun	0.3819	0.5222	83	0.000028	0.000026
cries	noun	0.3819	0.5137	61	0.000021	0.000018
resisting	verb	0.3819	0.4721	77	0.000026	0.000024
fly	noun	0.3819	0.5099	69	0.000029	0.000025
director	noun	0.3816	0.5191	58	0.000021	0.000016
knocked	verb	0.3809	0.5279	91	0.001226	0.001128
itch	noun	0.3809	0.5347	62	0.000021	0.000017
bleed	verb	0.3809	0.5638	92	0.000174	0.000157
touching	verb	0.3800	0.5397	87	0.000031	0.000029
salad	noun	0.3795	0.5161	73	0.000024	0.000022
realised	verb	0.3795	0.5737	33	0.000032	0.000027
place	noun	0.3795	0.5425	91	0.000086	0.000086
incessantly	adverb	0.3795	0.4889	36	0.000014	0.000009
turkeys	noun	0.3793	0.5787	40	0.000018	0.000011
headed	verb	0.3790	0.5066	92	0.002630	0.002234
sunset	noun	0.3785	0.4726	69	0.000023	0.000020
papers	noun	0.3785	0.5454	87	0.000041	0.000035
bark	verb	0.3785	0.5106	78	0.000039	0.000032
ice	noun	0.3783	0.4905	60	0.000028	0.000022
why	adverb	0.3781	0.4731	91	0.000495	0.000383
save	noun	0.3781	0.5217	87	0.000028	0.000027
State	noun	0.3781	0.5430	85	0.000028	0.000026
round	adverb	0.3781	0.5321	50	0.000024	0.000016
handing	noun	0.3778	0.4981	80	0.000036	0.000032
note	verb	0.3776	0.5369	92	0.001017	0.000907
study	verb	0.3776	0.5737	89	0.000076	0.000068
quote	verb	0.3776	0.4967	25	0.000018	0.000008
scotch	noun	0.3776	0.4853	57	0.000021	0.000015
poured	verb	0.3776	0.5473	92	0.001188	0.001025
are	verb	0.3771	0.6248	92	0.001228	0.001224
nights	noun	0.3771	0.4820	89	0.000057	0.000052
galloped	verb	0.3771	0.4693	61	0.000032	0.000024
rock	noun	0.3771	0.5043	73	0.000095	0.000071
chocolate	noun	0.3769	0.5161	44	0.000018	0.000011
shrubs	noun	0.3767	0.5250	89	0.000029	0.000027
chairman	noun	0.3764	0.5012	46	0.000017	0.000012
county	noun	0.3762	0.5302	89	0.000029	0.000027
garage	noun	0.3757	0.5458	83	0.000051	0.000042
asking	verb	0.3757	0.4683	92	0.000287	0.000239
fellow	noun	0.3757	0.5168	64	0.000031	0.000022
garlic	noun	0.3757	0.5328	60	0.000022	0.000017
number	noun	0.3757	0.5012	82	0.000068	0.000055
again	adverb	0.3757	0.5298	92	0.000308	0.000254
plants	noun	0.3757	0.5595	83	0.000056	0.000046
lifeless	adjective	0.3755	0.5276	66	0.000023	0.000019
forehead	noun	0.3752	0.5161	91	0.000139	0.000122
bar	noun	0.3752	0.5652	64	0.000038	0.000028
floppy	adjective	0.3752	0.5059	26	0.000011	0.000005
steps	noun	0.3752	0.5893	87	0.000034	0.000032
takes	verb	0.3750	0.5673	68	0.000029	0.000025
seafront	noun	0.3750	0.4792	50	0.000018	0.000014
Ms	verb	0.3750	0.5215	84	0.000319	0.000259
mail	noun	0.3748	0.5929	56	0.000020	0.000018
saluted	verb	0.3748	0.5969	83	0.000103	0.000078
north	noun	0.3748	0.4414	70	0.000033	0.000027
letters	noun	0.3748	0.5548	87	0.000055	0.000047
close	adverb	0.3745	0.5491	72	0.000039	0.000032
reclined	verb	0.3745	0.5633	62	0.000028	0.000024
steel	noun	0.3745	0.6139	76	0.000027	0.000024
stone	noun	0.3743	0.5714	87	0.000067	0.000056
buy	verb	0.3743	0.5751	92	0.000424	0.000356
sitting	verb	0.3743	0.5978	92	0.000126	0.000103
deer	noun	0.3738	0.5215	70	0.000025	0.000019
wrecked	verb	0.3738	0.5234	86	0.000060	0.000055
pellets	noun	0.3736	0.5466	52	0.000021	0.000016
shouts	noun	0.3736	0.5139	54	0.000019	0.000015
chickens	noun	0.3736	0.5662	76	0.000034	0.000028
seat	noun	0.3733	0.5619	50	0.000022	0.000016
tongue	noun	0.3733	0.4641	85	0.000064	0.000053
livres	noun	0.3733	0.4641	33	0.000013	0.000007
eat	verb	0.3733	0.5279	92	0.000306	0.000264
hack	verb	0.3731	0.4454	84	0.000063	0.000053
growl	verb	0.3729	0.5480	50	0.000023	0.000014
length	noun	0.3729	0.5416	81	0.000046	0.000037
mask	noun	0.3722	0.4927	88	0.000051	0.000047
stronger	adjective	0.3722	0.5123	70	0.000040	0.000032
happens	verb	0.3719	0.6026	41	0.000016	0.000011
drown	adjective	0.3717	0.4584	54	0.000032	0.000023
race	verb	0.3715	0.5147	75	0.000026	0.000024
gotten	verb	0.3715	0.5000	35	0.000015	0.000009
package	noun	0.3712	0.4837	44	0.000019	0.000012
Beach	noun	0.3710	0.4844	61	0.000021	0.000017
picked	verb	0.3710	0.4589	91	0.001627	0.001383
hands	noun	0.3710	0.6465	92	0.000208	0.000190
lifted	verb	0.3705	0.4674	92	0.001050	0.000872
rubles	noun	0.3705	0.5416	23	0.000011	0.000004
receive	verb	0.3705	0.5090	92	0.001431	0.001260
shame	noun	0.3700	0.5619	81	0.000029	0.000023
caressed	verb	0.3700	0.5718	84	0.000146	0.000120
Daily	noun	0.3700	0.5288	84	0.000028	0.000025
drinks	noun	0.3698	0.4809	80	0.000054	0.000045
drank	noun	0.3696	0.5298	90	0.000234	0.000195
seeing	verb	0.3696	0.5229	90	0.000088	0.000074
Herald	noun	0.3693	0.5444	58	0.000021	0.000016
broth	adjective	0.3693	0.5172	82	0.000027	0.000025
sackcloth	noun	0.3691	0.5317	23	0.000011	0.000004
behind	adverb	0.3691	0.5647	92	0.000032	0.000030
low	adverb	0.3691	0.5298	81	0.000027	0.000024
butter	noun	0.3689	0.5971	66	0.000029	0.000022
News	noun	0.3686	0.5250	90	0.000029	0.000028
glee	noun	0.3686	0.5655	90	0.000029	0.000028
knowing	verb	0.3684	0.5180	58	0.000021	0.000018
slide	noun	0.3684	0.5156	64	0.000046	0.000031
race	noun	0.3681	0.5673	90	0.000029	0.000027
Grand	noun	0.3679	0.5517	82	0.000027	0.000025
Post	noun	0.3679	0.5158	40	0.000016	0.000009
joy	noun	0.3677	0.5633	92	0.000046	0.000042
animal	noun	0.3674	0.5432	76	0.000029	0.000025
licked	verb	0.3672	0.5893	70	0.000081	0.000070
natives	noun	0.3672	0.4991	24	0.000011	0.000004
amounted	verb	0.3672	0.4702	87	0.000169	0.000143
chicken	noun	0.3672	0.5591	91	0.000072	0.000062
cloudy	adjective	0.3672	0.5369	81	0.000030	0.000026
ankle	noun	0.3667	0.4891	83	0.000080	0.000064
Gazette	noun	0.3665	0.5848	68	0.000023	0.000020
sister	noun	0.3663	0.5118	92	0.000135	0.000116
evening	noun	0.3663	0.6044	78	0.000046	0.000037
sea	noun	0.3658	0.5454	92	0.000074	0.000065
brandy	noun	0.3658	0.4688	33	0.000014	0.000007
where	adverb	0.3648	0.5402	92	0.000412	0.000355
vote	verb	0.3644	0.5678	84	0.000069	0.000052
regret	noun	0.3644	0.5404	80	0.000028	0.000025
entire	adjective	0.3644	0.5331	75	0.000027	0.000025
obey	verb	0.3641	0.5657	88	0.000166	0.000129
jubilation	noun	0.3639	0.5475	44	0.000016	0.000011
victory	noun	0.3639	0.5865	85	0.000028	0.000026
ered	verb	0.3639	0.5033	65	0.000111	0.000075
slack	noun	0.3639	0.5553	80	0.000028	0.000024
squeeze	verb	0.3634	0.4967	89	0.000102	0.000092
warrant	noun	0.3634	0.5095	60	0.000021	0.000017
panties	noun	0.3634	0.5662	42	0.000022	0.000013
ers	noun	0.3632	0.5829	66	0.000024	0.000020
rags	noun	0.3632	0.5203	72	0.000026	0.000020
Ms	adjective	0.3629	0.4936	72	0.000024	0.000022
arms	noun	0.3629	0.6082	89	0.000072	0.000062
fucked	verb	0.3629	0.5156	36	0.000044	0.000017
warning	noun	0.3629	0.5061	33	0.000014	0.000007
series	noun	0.3625	0.4374	52	0.000019	0.000014
heartily	adverb	0.3625	0.5496	87	0.000029	0.000026
groin	noun	0.3625	0.5269	60	0.000028	0.000022
surf	noun	0.3625	0.6517	66	0.000022	0.000019
tint	noun	0.3622	0.5782	54	0.000019	0.000014
next	adjective	0.3620	0.5501	92	0.000090	0.000080
green	noun	0.3620	0.5083	66	0.000026	0.000021
Scotch	noun	0.3620	0.4338	27	0.000012	0.000005
jerk	verb	0.3618	0.4289	70	0.000060	0.000047
Tuesday	noun	0.3615	0.5454	81	0.000031	0.000025
grass	noun	0.3615	0.5681	92	0.000103	0.000091
noncommissioned	verb	0.3615	0.5326	89	0.000029	0.000027
anyway	adverb	0.3615	0.5966	64	0.000029	0.000020
getting	verb	0.3615	0.5198	92	0.000439	0.000384
eye	noun	0.3615	0.5520	90	0.000091	0.000077
thrust	verb	0.3613	0.5534	88	0.000161	0.000133
meat	noun	0.3611	0.5317	91	0.000061	0.000049
Corso	noun	0.3611	0.5260	79	0.000026	0.000024
boyfriend	noun	0.3611	0.6101	45	0.000022	0.000015
swollen	adjective	0.3606	0.5156	65	0.000047	0.000034
burn	verb	0.3606	0.5827	91	0.000234	0.000186
most	adjective	0.3606	0.5250	77	0.000145	0.000121
dealing	verb	0.3601	0.5373	33	0.000014	0.000007
chill	noun	0.3601	0.5005	92	0.000096	0.000088
country	noun	0.3601	0.5643	92	0.000069	0.000062
buckle	verb	0.3596	0.4787	61	0.000021	0.000018
sleep	verb	0.3596	0.4991	92	0.000260	0.000217
somewhere	adverb	0.3589	0.4712	66	0.000023	0.000020
dress	noun	0.3589	0.5503	86	0.000029	0.000026
mouth	noun	0.3587	0.5265	92	0.000167	0.000142
secretary	noun	0.3585	0.4783	80	0.000027	0.000024
Sun	noun	0.3585	0.5562	40	0.000016	0.000009
ruins	noun	0.3578	0.5411	89	0.000053	0.000048
better	adverb	0.3573	0.5922	89	0.000056	0.000051
September	noun	0.3573	0.6205	59	0.000021	0.000016
barbed	verb	0.3568	0.5836	71	0.000024	0.000021
whip	verb	0.3568	0.5527	66	0.000028	0.000026
animals	noun	0.3563	0.4877	57	0.000040	0.000025
fence	noun	0.3563	0.5572	77	0.000049	0.000039
home	adverb	0.3563	0.5312	92	0.000080	0.000075
pocketbook	noun	0.3563	0.4835	25	0.000012	0.000004
win	verb	0.3563	0.5128	91	0.000311	0.000241
canal	noun	0.3559	0.5841	55	0.000020	0.000014
main	adjective	0.3554	0.6096	92	0.000099	0.000081
lamb	noun	0.3554	0.5161	33	0.000014	0.000007
married	verb	0.3552	0.4820	70	0.000052	0.000040
ask	verb	0.3549	0.5175	92	0.003873	0.003188
eyel	noun	0.3549	0.5510	31	0.000013	0.000006
milk	noun	0.3544	0.5657	92	0.000075	0.000063
leave	verb	0.3544	0.5076	92	0.002750	0.002599
rear	noun	0.3540	0.5317	91	0.000074	0.000063
fast	adverb	0.3540	0.5132	62	0.000035	0.000024
May	noun	0.3540	0.5716	54	0.000020	0.000015
pelt	verb	0.3535	0.5747	69	0.000024	0.000019
entrance	noun	0.3535	0.5534	89	0.000085	0.000077
prayed	verb	0.3530	0.4655	91	0.001524	0.001299
drivers	noun	0.3530	0.5595	28	0.000013	0.000005
cock	noun	0.3530	0.4905	91	0.000144	0.000126
OK	noun	0.3526	0.4894	42	0.000024	0.000012
set	noun	0.3526	0.5232	75	0.000031	0.000026
pounding	verb	0.3526	0.5458	57	0.000021	0.000015
man	noun	0.3526	0.4740	92	0.000212	0.000195
nostrils	noun	0.3526	0.5317	85	0.000053	0.000047
beer	noun	0.3521	0.6070	90	0.000034	0.000029
oil	noun	0.3516	0.4948	36	0.000016	0.000009
reports	noun	0.3516	0.5128	81	0.000034	0.000030
Times	noun	0.3516	0.5284	75	0.000026	0.000022
twinkling	noun	0.3514	0.5458	24	0.000012	0.000003
little	adjective	0.3511	0.5000	92	0.000172	0.000145
wall	noun	0.3511	0.5959	83	0.000085	0.000066
well	adverb	0.3511	0.5610	66	0.000042	0.000029
Chinese	noun	0.3507	0.5515	71	0.000031	0.000024
son	noun	0.3507	0.5898	92	0.000149	0.000124
short	adjective	0.3507	0.5345	53	0.000021	0.000014
throwing	verb	0.3507	0.5208	87	0.000091	0.000068
jeans	noun	0.3502	0.5870	59	0.000035	0.000026
pork	noun	0.3502	0.5246	39	0.000016	0.000009
constructed	verb	0.3502	0.4447	53	0.000029	0.000018
glare	noun	0.3502	0.5279	43	0.000017	0.000011
mention	verb	0.3502	0.5529	92	0.001719	0.001431
English	noun	0.3500	0.5293	66	0.000031	0.000023
creek	noun	0.3497	0.5681	67	0.000023	0.000019
pray	verb	0.3497	0.5784	92	0.000316	0.000261
fish	noun	0.3492	0.5666	85	0.000032	0.000027
combed	verb	0.3490	0.5692	84	0.000028	0.000025
ducks	noun	0.3488	0.5808	83	0.000052	0.000044
January	noun	0.3488	0.5354	66	0.000024	0.000018
suffer	verb	0.3488	0.5879	92	0.000315	0.000255
prompted	verb	0.3483	0.5468	51	0.000043	0.000037
hind	noun	0.3483	0.5392	57	0.000021	0.000015
bare	adjective	0.3478	0.5005	80	0.000083	0.000067
funeral	noun	0.3474	0.6252	54	0.000027	0.000018
sacrifice	verb	0.3474	0.5463	89	0.000069	0.000060
middle	adjective	0.3469	0.6148	75	0.000040	0.000032
ripped	verb	0.3469	0.5224	86	0.000321	0.000256
walked	verb	0.3464	0.5600	92	0.008927	0.007926
counter	noun	0.3464	0.5024	79	0.000027	0.000023
doctors	noun	0.3464	0.4315	53	0.000029	0.000019
gone	verb	0.3464	0.4206	92	0.000107	0.000095
robe	noun	0.3462	0.4922	74	0.000047	0.000037
central	adjective	0.3459	0.4575	62	0.000023	0.000017
bush	noun	0.3459	0.4943	91	0.000042	0.000036
kick	verb	0.3455	0.5723	92	0.000341	0.000259
stomach	noun	0.3455	0.5491	92	0.000148	0.000126
grow	verb	0.3452	0.6328	88	0.000139	0.000105
expect	verb	0.3450	0.5213	92	0.001313	0.001089
crunch	noun	0.3450	0.4792	75	0.000026	0.000022
jerked	verb	0.3450	0.4750	75	0.000103	0.000080
horses	noun	0.3445	0.4679	31	0.000014	0.000007
plugged	verb	0.3445	0.4986	91	0.000287	0.000248
We're	verb	0.3440	0.5839	28	0.000012	0.000005
though	adverb	0.3440	0.4986	92	0.000091	0.000082
Champagne	noun	0.3438	0.4809	40	0.000016	0.000009
most	adverb	0.3436	0.5510	89	0.000097	0.000080
stab	verb	0.3433	0.5414	88	0.000165	0.000143
sergeants	noun	0.3433	0.5050	76	0.000027	0.000021
neared	verb	0.3431	0.5232	71	0.000024	0.000020
twinge	noun	0.3431	0.3927	55	0.000024	0.000017
rub	verb	0.3431	0.5180	92	0.000203	0.000165
fallen	verb	0.3426	0.4390	92	0.000096	0.000084
pants	noun	0.3426	0.6030	80	0.000081	0.000061
shall	verb	0.3426	0.5676	73	0.000097	0.000059
swans	noun	0.3426	0.5298	65	0.000031	0.000023
opened	verb	0.3426	0.5005	92	0.002826	0.002387
face	noun	0.3426	0.5392	92	0.000351	0.000317
legs	noun	0.3426	0.6096	92	0.000162	0.000137
ocean	noun	0.3422	0.5733	91	0.000060	0.000055
flesh	noun	0.3422	0.4742	90	0.000043	0.000036
United	noun	0.3417	0.5988	92	0.000058	0.000046
pop	noun	0.3417	0.5449	83	0.000037	0.000031
smoke	noun	0.3417	0.5487	89	0.000062	0.000054
beach	noun	0.3417	0.5175	92	0.000060	0.000056
work	verb	0.3412	0.5411	92	0.000824	0.000740
close	adjective	0.3407	0.5038	69	0.000025	0.000020
poetry	noun	0.3405	0.4603	70	0.000025	0.000020
dragged	verb	0.3403	0.4773	92	0.001059	0.000928
jacket	noun	0.3403	0.5629	92	0.000081	0.000075
else	adverb	0.3403	0.5638	67	0.000024	0.000019
belt	noun	0.3403	0.5331	89	0.000062	0.000050
manuscript	noun	0.3398	0.5203	73	0.000026	0.000021
shaft	noun	0.3398	0.4967	73	0.000080	0.000062
buttocks	noun	0.3398	0.5345	59	0.000025	0.000018
break	noun	0.3393	0.5494	88	0.000040	0.000033
pile	noun	0.3391	0.5614	40	0.000017	0.000009
skull	noun	0.3388	0.5418	74	0.000039	0.000030
eating	verb	0.3388	0.5340	58	0.000035	0.000022
smack	verb	0.3379	0.5168	68	0.000062	0.000048
Hillary	noun	0.3372	0.5617	80	0.000028	0.000022
deck	noun	0.3370	0.5281	42	0.000026	0.000013
Island	noun	0.3370	0.4868	80	0.000028	0.000023
signed	verb	0.3370	0.4868	92	0.000910	0.000779
school	noun	0.3365	0.5520	57	0.000028	0.000018
purse	noun	0.3362	0.6054	70	0.000028	0.000022
bleeding	verb	0.3358	0.5733	72	0.000044	0.000032
tired	adjective	0.3355	0.5404	88	0.000032	0.000028
torture	verb	0.3355	0.5321	69	0.000038	0.000027
bedroom	noun	0.3351	0.5203	85	0.000093	0.000072
wine	noun	0.3351	0.5208	92	0.000070	0.000057
appealed	verb	0.3348	0.5501	70	0.000073	0.000048
fingers	noun	0.3346	0.5137	91	0.000129	0.000107
waterfront	noun	0.3346	0.4575	53	0.000020	0.000013
pretty	adverb	0.3341	0.5855	41	0.000024	0.000010
not	adverb	0.3341	0.5832	92	0.006901	0.006343
pussy	noun	0.3336	0.5293	37	0.000025	0.000010
crazy	adjective	0.3332	0.5416	55	0.000024	0.000014
Just	adverb	0.3332	0.5090	31	0.000014	0.000006
sink	noun	0.3327	0.5340	55	0.000024	0.000014
rebel	verb	0.3325	0.5725	76	0.000059	0.000040
table	noun	0.3322	0.5194	92	0.000088	0.000066
sore	adjective	0.3322	0.5784	79	0.000028	0.000022
right	adjective	0.3322	0.5940	68	0.000026	0.000019
knees	noun	0.3318	0.5832	75	0.000047	0.000032
verse	noun	0.3318	0.4397	72	0.000025	0.000021
It's	verb	0.3313	0.4490	50	0.000046	0.000215
check	noun	0.3313	0.5751	33	0.000016	0.000007
streak	noun	0.3313	0.5014	63	0.000023	0.000017
died	verb	0.3308	0.6508	92	0.000312	0.000250
bill	noun	0.3299	0.5529	63	0.000023	0.000017
dick	noun	0.3294	0.5302	89	0.000119	0.000095
home	noun	0.3289	0.5860	89	0.000101	0.000076
waited	verb	0.3284	0.4783	92	0.003205	0.002831
original	adjective	0.3284	0.4809	58	0.000031	0.000020
gate	noun	0.3284	0.5232	71	0.000045	0.000030
sugar	noun	0.3284	0.5704	91	0.000051	0.000042
iron	noun	0.3280	0.4929	68	0.000024	0.000020
houses	noun	0.3280	0.5440	78	0.000028	0.000023
street	noun	0.3275	0.5314	90	0.000112	0.000089
pleasure	noun	0.3270	0.5090	57	0.000023	0.000014
open	adjective	0.3270	0.4702	92	0.000180	0.000147
marks	noun	0.3266	0.5879	53	0.000024	0.000015
running	verb	0.3266	0.5577	91	0.000288	0.000235
post	verb	0.3256	0.5503	82	0.000137	0.000091
death	noun	0.3254	0.4771	48	0.000024	0.000013
carpet	noun	0.3254	0.5142	74	0.000031	0.000023
crotch	noun	0.3254	0.5026	78	0.000059	0.000039
happiness	noun	0.3251	0.5903	83	0.000029	0.000025
accumulated	verb	0.3251	0.5411	77	0.000026	0.000022
leg	noun	0.3251	0.5312	92	0.000226	0.000189
south	noun	0.3247	0.5302	51	0.000021	0.000012
world	noun	0.3247	0.5227	92	0.000132	0.000113
thing	noun	0.3247	0.5201	62	0.000024	0.000017
guess	verb	0.3247	0.5543	71	0.000063	0.000038
billfold	noun	0.3242	0.5813	59	0.000022	0.000015
side	noun	0.3242	0.6134	92	0.000366	0.000335
square	noun	0.3237	0.5035	70	0.000029	0.000019
stiff	adjective	0.3237	0.5274	87	0.000041	0.000032
card	noun	0.3233	0.6054	69	0.000025	0.000019
resulted	verb	0.3228	0.5716	86	0.000171	0.000122
saying	verb	0.3223	0.5095	92	0.000494	0.000437
prick	noun	0.3223	0.4672	70	0.000069	0.000044
bars	noun	0.3223	0.5265	61	0.000022	0.000016
window	noun	0.3218	0.4967	92	0.000180	0.000152
months	noun	0.3214	0.5151	55	0.000030	0.000017
penis	noun	0.3214	0.6011	92	0.000123	0.000102
lake	noun	0.3214	0.5328	88	0.000061	0.000048
quicker	adjective	0.3209	0.4920	49	0.000029	0.000015
Donald	noun	0.3204	0.6018	68	0.000025	0.000018
built	verb	0.3199	0.5813	91	0.000319	0.000247
fuck	noun	0.3199	0.4740	78	0.000058	0.000038
paid	verb	0.3199	0.5336	92	0.001475	0.001263
Wednesday	noun	0.3195	0.5054	72	0.000028	0.000020
being	verb	0.3195	0.5964	92	0.000466	0.000407
yard	noun	0.3195	0.5340	89	0.000080	0.000060
cash	noun	0.3190	0.5005	35	0.000016	0.000007
door	noun	0.3190	0.5043	92	0.000226	0.000197
doorway	noun	0.3185	0.4783	46	0.000030	0.000014
fired	verb	0.3176	0.5269	92	0.000803	0.000698
teeth	noun	0.3176	0.4979	86	0.000052	0.000042
quit	verb	0.3171	0.5510	92	0.000454	0.000342
moan	verb	0.3169	0.5430	86	0.000179	0.000140
seas	noun	0.3166	0.5416	66	0.000024	0.000017
daughter	noun	0.3166	0.5369	89	0.000155	0.000119
slept	verb	0.3166	0.6172	92	0.000276	0.000224
hip	noun	0.3166	0.5614	91	0.000084	0.000068
hope	verb	0.3162	0.4787	92	0.000353	0.000254
restaurant	noun	0.3159	0.4421	66	0.000034	0.000023
abroad	adverb	0.3152	0.5851	70	0.000025	0.000019
were	verb	0.3152	0.6044	92	0.001512	0.001401
blown	verb	0.3147	0.4622	75	0.000026	0.000022
raped	verb	0.3147	0.4991	81	0.000135	0.000090
Bernie	noun	0.3140	0.5059	84	0.000028	0.000025
vomit	verb	0.3138	0.6059	92	0.000234	0.000182
dropped	verb	0.3138	0.4920	92	0.002242	0.001802
ass	noun	0.3124	0.5284	63	0.000047	0.000028
back	adverb	0.3124	0.6347	92	0.001051	0.000949
kiss	verb	0.3119	0.5983	92	0.000605	0.000487
turned	verb	0.3114	0.4972	92	0.008576	0.007004
occurred	verb	0.3114	0.5217	89	0.000149	0.000105
make	verb	0.3114	0.5789	92	0.007901	0.006948
shoulders	noun	0.3110	0.6215	92	0.000129	0.000105
dead	adjective	0.3110	0.6082	54	0.000025	0.000016
shit	noun	0.3110	0.5404	80	0.000064	0.000047
dumped	verb	0.3105	0.5194	87	0.000306	0.000199
read	verb	0.3095	0.5624	92	0.002273	0.002003
breast	noun	0.3095	0.5652	92	0.000120	0.000093
shot	noun	0.3095	0.5607	90	0.000103	0.000079
pushed	verb	0.3086	0.4494	92	0.004087	0.003334
arm	noun	0.3086	0.5534	92	0.000270	0.000228
whole	noun	0.3081	0.5784	83	0.000072	0.000051
returning	verb	0.3081	0.5718	92	0.000464	0.000366
fighting	verb	0.3077	0.4575	87	0.000030	0.000026
burning	noun	0.3077	0.5057	91	0.000116	0.000098
eyelids	noun	0.3069	0.5711	40	0.000017	0.000008
single	adjective	0.3062	0.5477	81	0.000028	0.000023
fire	verb	0.3058	0.5751	92	0.000592	0.000487
call	verb	0.3058	0.4844	92	0.002824	0.002336
off	adverb	0.3051	0.6557	74	0.000036	0.000026
shoulder	noun	0.3039	0.5009	92	0.000361	0.000313
take	verb	0.3039	0.5090	92	0.009589	0.008701
kitchen	noun	0.3034	0.4334	92	0.000157	0.000132
computers	noun	0.3034	0.5241	41	0.000019	0.000007
bed	noun	0.3029	0.5380	84	0.000100	0.000070
show	noun	0.3027	0.5189	72	0.000027	0.000018
suck	verb	0.3020	0.5395	88	0.000136	0.000095
figured	verb	0.3017	0.4856	74	0.000061	0.000042
trice	noun	0.3015	0.5132	50	0.000020	0.000011
Obama	noun	0.3015	0.5220	52	0.000021	0.000011
over	adverb	0.3015	0.5057	90	0.000085	0.000064
melt	verb	0.3015	0.5392	70	0.000043	0.000028
left	verb	0.3010	0.5652	92	0.011110	0.009731
follows	verb	0.3010	0.5699	57	0.000023	0.000014
asked	verb	0.3010	0.5288	92	0.010784	0.009215
slit	noun	0.3010	0.5638	73	0.000080	0.000048
elation	noun	0.3010	0.5751	73	0.000025	0.000021
pigeons	noun	0.3010	0.5697	82	0.000046	0.000034
happened	verb	0.3008	0.5279	72	0.000096	0.000052
version	noun	0.3006	0.5780	61	0.000031	0.000019
ate	verb	0.3001	0.5090	91	0.000402	0.000337
weeks	noun	0.2996	0.5217	89	0.000058	0.000049
stock	noun	0.2991	0.5113	59	0.000022	0.000014
Mother	noun	0.2991	0.5269	54	0.000023	0.000013
come	verb	0.2987	0.5326	92	0.000684	0.000547
see	verb	0.2987	0.4693	92	0.003027	0.002718
BMW	noun	0.2980	0.5444	34	0.000016	0.000006
looked	verb	0.2977	0.5038	92	0.010277	0.008838
pulled	verb	0.2968	0.5227	92	0.009080	0.007526
rocks	noun	0.2963	0.4943	84	0.000056	0.000041
ought	verb	0.2963	0.4835	45	0.000019	0.000010
bruises	noun	0.2949	0.5468	45	0.000019	0.000010
cry	verb	0.2935	0.5232	92	0.001351	0.001195
How	adverb	0.2930	0.4901	45	0.000028	0.000790
mother	noun	0.2925	0.6446	89	0.000113	0.000082
elevator	noun	0.2925	0.5598	68	0.000047	0.000030
francs	noun	0.2916	0.5581	83	0.000029	0.000023
pride	noun	0.2911	0.5846	92	0.000056	0.000049
bathroom	noun	0.2911	0.5751	91	0.000087	0.000068
folds	noun	0.2906	0.5262	54	0.000022	0.000013
minute	noun	0.2906	0.5775	77	0.000028	0.000020
very	adverb	0.2906	0.6574	92	0.000198	0.000163
June	noun	0.2897	0.6307	50	0.000020	0.000011
belly	noun	0.2883	0.4291	91	0.000096	0.000069
jumped	verb	0.2883	0.4702	91	0.000533	0.000398
No	noun	0.2873	0.5473	76	0.000042	0.000026
shot	verb	0.2873	0.5704	92	0.000835	0.000692
killed	verb	0.2873	0.6049	92	0.001194	0.000856
men	noun	0.2869	0.5364	92	0.000119	0.000092
love	verb	0.2869	0.6380	92	0.000563	0.000437
fed	verb	0.2864	0.5737	91	0.000403	0.000312
bottom	noun	0.2864	0.5676	89	0.000126	0.000090
while	noun	0.2859	0.5955	32	0.000017	0.000004
lips	noun	0.2854	0.4735	92	0.000201	0.000159
vodka	noun	0.2840	0.5482	60	0.000025	0.000014
bent	verb	0.2838	0.5525	70	0.000044	0.000024
laid	verb	0.2836	0.6026	92	0.001487	0.001200
jump	noun	0.2831	0.6068	83	0.000031	0.000025
whisky	noun	0.2831	0.4757	60	0.000024	0.000014
rice	noun	0.2831	0.5844	84	0.000055	0.000041
guineas	noun	0.2826	0.4943	55	0.000022	0.000012
drink	verb	0.2812	0.4986	92	0.000141	0.000107
slashed	verb	0.2812	0.5723	89	0.000330	0.000244
beat	noun	0.2807	0.5926	91	0.000211	0.000141
lick	verb	0.2802	0.5621	86	0.000153	0.000095
crowns	noun	0.2798	0.6096	37	0.000017	0.000006
God	noun	0.2795	0.5751	86	0.000079	0.000055
faster	adverb	0.2793	0.5442	74	0.000054	0.000034
harder	adjective	0.2774	0.6014	80	0.000046	0.000032
pain	noun	0.2769	0.4546	92	0.000160	0.000139
lawn	noun	0.2767	0.5766	68	0.000039	0.000023
gave	verb	0.2760	0.5662	92	0.011511	0.009588
around	adverb	0.2760	0.4617	92	0.000163	0.000141
far	adjective	0.2755	0.5328	42	0.000019	0.000007
really	adverb	0.2755	0.4953	92	0.001223	0.000859
balls	noun	0.2753	0.5047	82	0.000089	0.000059
Sanders	noun	0.2748	0.5137	60	0.000022	0.000015
guilty	adjective	0.2748	0.5253	54	0.000022	0.000012
easier	adjective	0.2746	0.5175	89	0.000056	0.000046
never	adverb	0.2746	0.5165	92	0.002777	0.002308
only	adjective	0.2736	0.5411	92	0.000144	0.000122
tell	verb	0.2732	0.4783	92	0.003564	0.002788
stab	noun	0.2715	0.5338	84	0.000087	0.000056
sites	noun	0.2706	0.5000	64	0.000024	0.000015
same	adjective	0.2703	0.5841	83	0.000082	0.000056
erected	verb	0.2698	0.5808	89	0.000142	0.000108
punched	verb	0.2698	0.5203	92	0.000685	0.000464
will	verb	0.2694	0.5614	92	0.001939	0.001620
murder	verb	0.2689	0.5652	75	0.000145	0.000082
cut	verb	0.2689	0.5600	92	0.001587	0.001310
do	verb	0.2684	0.5250	92	0.008473	0.007234
dogs	noun	0.2670	0.5522	50	0.000026	0.000011
complain	verb	0.2665	0.5326	90	0.000391	0.000260
last	adjective	0.2665	0.6300	91	0.000127	0.000091
came	verb	0.2656	0.5629	92	0.002286	0.001816
stabbed	noun	0.2656	0.5061	36	0.000018	0.000005
blue	adjective	0.2647	0.6198	58	0.000038	0.000016
feet	noun	0.2642	0.6082	91	0.000128	0.000095
stuck	verb	0.2637	0.4627	89	0.000392	0.000249
couple	noun	0.2632	0.6196	65	0.000026	0.000016
immediate	adjective	0.2632	0.5695	78	0.000029	0.000020
stop	verb	0.2628	0.5340	92	0.002188	0.001708
wherever	adverb	0.2628	0.5203	71	0.000027	0.000018
got	verb	0.2623	0.6243	92	0.007180	0.005582
earth	noun	0.2609	0.5491	90	0.000056	0.000045
blow	verb	0.2609	0.5147	90	0.000130	0.000083
house	noun	0.2580	0.5647	92	0.000194	0.000154
live	verb	0.2571	0.6295	92	0.001474	0.001226
delete	verb	0.2561	0.5269	89	0.000136	0.000098
kissed	verb	0.2543	0.6073	92	0.002455	0.001991
nipples	noun	0.2540	0.5803	72	0.000049	0.000028
rupees	noun	0.2533	0.5113	45	0.000020	0.000008
sue	verb	0.2528	0.5246	92	0.001410	0.001003
one	noun	0.2524	0.5388	92	0.000076	0.000062
ran	verb	0.2519	0.4962	92	0.005807	0.004598
Press	noun	0.2514	0.5331	65	0.000025	0.000016
blast	verb	0.2507	0.5593	64	0.000034	0.000019
meant	verb	0.2505	0.4764	92	0.000635	0.000499
situated	verb	0.2505	0.4939	53	0.000022	0.000012
taking	verb	0.2495	0.5477	92	0.000654	0.000519
fuck	verb	0.2486	0.5217	79	0.000303	0.000134
down	adverb	0.2481	0.5751	92	0.000211	0.000166
leaves	verb	0.2481	0.5558	73	0.000028	0.000018
page	noun	0.2479	0.5076	82	0.000045	0.000030
up	adverb	0.2476	0.4835	92	0.000265	0.000208
Jesus	noun	0.2460	0.6612	70	0.000043	0.000024
telling	verb	0.2453	0.5520	92	0.000191	0.000131
turning	verb	0.2453	0.4934	92	0.000709	0.000623
sent	verb	0.2448	0.4844	92	0.004283	0.003472
sell	verb	0.2443	0.5232	92	0.000446	0.000358
sat	verb	0.2434	0.5416	92	0.005285	0.004156
neck	noun	0.2424	0.5600	92	0.000341	0.000267
second	adjective	0.2415	0.6172	92	0.000099	0.000073
hate	verb	0.2413	0.5974	90	0.000339	0.000214
sterling	noun	0.2401	0.4993	56	0.000024	0.000011
in	adverb	0.2396	0.5865	90	0.000073	0.000051
body	noun	0.2387	0.5912	91	0.000176	0.000123
going	verb	0.2368	0.5326	92	0.000543	0.000374
explode	noun	0.2356	0.5083	60	0.000034	0.000018
Clinton	noun	0.2353	0.5491	58	0.000024	0.000012
black	adjective	0.2335	0.5539	86	0.000119	0.000075
throat	noun	0.2320	0.4641	92	0.000174	0.000130
checkbook	noun	0.2311	0.5380	40	0.000020	0.000005
hit	verb	0.2311	0.5383	92	0.002721	0.002276
about	adverb	0.2306	0.5624	91	0.000324	0.000234
give	verb	0.2297	0.5491	92	0.005238	0.004261
left	adjective	0.2292	0.6158	92	0.000346	0.000275
pound	noun	0.2280	0.5180	76	0.000048	0.000029
smashed	verb	0.2278	0.5827	92	0.001770	0.001288
hole	noun	0.2271	0.5437	68	0.000027	0.000016
pay	verb	0.2259	0.5652	92	0.001831	0.001372
putting	verb	0.2254	0.5487	90	0.000150	0.000097
took	verb	0.2250	0.4787	92	0.020413	0.016673
end	noun	0.2242	0.5820	90	0.000066	0.000049
point	verb	0.2235	0.5577	92	0.001157	0.000715
had	verb	0.2226	0.5558	92	0.009661	0.007478
best	adjective	0.2216	0.5676	91	0.000146	0.000098
white	adjective	0.2169	0.5307	92	0.000133	0.000095
stabbed	verb	0.2155	0.6092	92	0.000616	0.000385
add	verb	0.2150	0.5425	92	0.001872	0.001253
bought	verb	0.2141	0.5662	92	0.000795	0.000635
like	verb	0.2136	0.5161	92	0.000686	0.000402
drove	verb	0.2131	0.4967	92	0.001710	0.001338
be	verb	0.2127	0.5855	92	0.009638	0.008951
probably	adverb	0.2127	0.5109	92	0.002468	0.001989
just	adverb	0.2122	0.5416	92	0.005926	0.004886
throw	verb	0.2122	0.4934	92	0.000976	0.000803
shoot	verb	0.2037	0.5657	92	0.000363	0.000281
think	verb	0.1999	0.5208	92	0.003036	0.002449
have	verb	0.1980	0.5482	92	0.010915	0.009954
die	verb	0.1980	0.6205	92	0.001613	0.001239
was	verb	0.1975	0.6068	92	0.022132	0.017495
marry	verb	0.1923	0.5614	92	0.000951	0.000705
when	adverb	0.1909	0.5629	92	0.005789	0.003976
front	noun	0.1862	0.5359	92	0.000198	0.000144
then	adverb	0.1815	0.5827	92	0.031387	0.026804
so	adverb	0.1810	0.5284	92	0.001645	0.001190
would	verb	0.1767	0.5336	92	0.006395	0.005289
said	verb	0.1763	0.5709	92	0.021933	0.016953
top	noun	0.1739	0.5898	92	0.000206	0.000146
first	adjective	0.1711	0.5586	92	0.000190	0.000134
wrote	verb	0.1687	0.5770	92	0.002776	0.002093
beat	verb	0.1668	0.5293	92	0.000700	0.000461
head	noun	0.1659	0.5855	92	0.000519	0.000400
breasts	noun	0.1607	0.5350	89	0.000101	0.000060
know	verb	0.1588	0.5090	92	0.006200	0.005099
say	verb	0.1508	0.5260	92	0.003328	0.002120
go	verb	0.1366	0.5468	92	0.008179	0.006021
back	noun	0.1333	0.5378	92	0.000444	0.000355
right	noun	0.1276	0.5808	92	0.000243	0.000145
threw	verb	0.1262	0.5685	92	0.006742	0.004460
all	adverb	0.1224	0.5156	92	0.001045	0.000626
get	verb	0.1219	0.5808	92	0.009828	0.007779
put	verb	0.1177	0.5633	92	0.014261	0.009794
kill	verb	0.1115	0.5666	92	0.002082	0.001499
told	verb	0.1101	0.5539	92	0.012115	0.007746
went	verb	0.1044	0.5770	92	0.012588	0.008872
