source,source_label,target,target_label,up,n,n_prompts,spec,obs_over_exp,p,grain,perm
X,X,Q-,Q-,18,25,10,2.5331,0.5817,0.0432853,letter,32
B-,B-,C,C,35,49,95,2.2938,2.6063,0.00380165,letter,32
S+,S+,E-,E-,45,49,1145,2.0618,1.1837,8.22546e-10,letter,32
T+,T+,O-,O-,34,46,222,2.0422,0.7569,0.00164149,letter,32
S+,S+,O-,O-,36,47,222,1.9836,1.7940,0.000346001,letter,32
E,E,T+,T+,38,48,306,1.9365,1.4682,6.16964e-05,letter,32
K,K,W,W,28,48,111,1.8888,1.4370,0.312327,letter,32
F,F,L-,L-,38,49,246,1.8563,1.0812,0.000141971,letter,32
N,N,L+,L+,27,42,50,1.7714,0.9623,0.0884295,letter,32
O-,O-,F,F,30,47,103,1.7231,1.2902,0.0789407,letter,32
B-,B-,N+,N+,37,49,260,1.7062,1.8498,0.000469757,letter,32
N+,N+,E,E,35,49,303,1.6869,1.5611,0.00380165,letter,32
E-,E-,P,P,33,49,200,1.6793,1.2975,0.0212941,letter,32
N+,N+,W-,W-,23,43,24,1.6415,0.8328,0.760792,letter,32
Z,Z,L+,L+,30,48,131,1.5828,1.3423,0.111403,letter,32
T+,T+,Y,Y,42,49,1273,1.5804,0.8412,3.62458e-07,letter,32
M,M,W-,W-,33,44,35,1.5680,1.6203,0.00126003,letter,32
K,K,Y,Y,39,48,445,1.5640,1.0162,1.52218e-05,letter,32
B-,B-,T+,T+,34,49,191,1.5531,1.7320,0.00939924,letter,32
Q,Q,G+,G+,30,46,82,1.5400,1.4633,0.054076,letter,32
H,H,G-,G-,31,47,137,1.5315,1.2229,0.0399861,letter,32
T-,T-,P,P,28,49,139,1.5249,1.1692,0.391603,letter,32
Y,Y,E+,E+,34,48,737,1.5165,1.6360,0.0055152,letter,32
O-,O-,T,T,28,46,138,1.5010,0.9941,0.183925,letter,32
A,A,L,L,38,48,569,1.4931,1.3769,6.16964e-05,letter,32
S-,S-,P,P,31,48,124,1.4888,1.5151,0.0594634,letter,32
F,F,I+,I+,17,29,14,1.4796,1.4032,0.458258,letter,32
X,X,K,K,43,49,881,1.4793,1.1433,5.72777e-08,letter,32
N-,N-,E-,E-,31,48,401,1.4740,0.9590,0.0594634,letter,32
K,K,Z,Z,43,50,1065,1.4621,1.0445,2.09868e-07,letter,32
X-,X-,B-,B-,27,48,126,1.4579,0.5878,0.470879,letter,32
N+,N+,G+,G+,26,40,44,1.4472,1.8127,0.0806905,letter,32
B-,B-,E+,E+,34,49,213,1.4456,1.6057,0.00939924,letter,32
L,L,S+,S+,32,48,209,1.4391,1.9720,0.0293049,letter,32
C,C,E+,E+,34,49,355,1.4380,1.2068,0.00939924,letter,32
O-,O-,S,S,28,48,173,1.4248,1.1469,0.312327,letter,32
S-,S-,E+,E+,33,49,488,1.4230,1.2403,0.0212941,letter,32
O-,O-,X+,X+,34,48,198,1.4227,1.0434,0.0055152,letter,32
W,W,M,M,35,49,331,1.4217,1.2256,0.00380165,letter,32
N-,N-,Q,Q,37,49,779,1.4128,1.4127,0.000469757,letter,32
O-,O-,O+,O+,32,47,102,1.4087,0.8343,0.0186238,letter,32
F,F,Y,Y,33,49,541,1.4050,1.5799,0.0212941,letter,32
Z,Z,I-,I-,39,49,557,1.4043,1.6736,3.84591e-05,letter,32
I+,I+,S,S,20,37,16,1.4039,0.2125,0.742829,letter,32
X-,X-,A+,A+,39,49,1113,1.3981,0.6749,3.84591e-05,letter,32
F,F,N,N,40,49,752,1.3959,1.4324,9.26355e-06,letter,32
F,F,B-,B-,28,48,214,1.3926,1.5519,0.312327,letter,32
E+,E+,I,I,32,49,533,1.3788,1.1014,0.0443842,letter,32
N+,N+,L,L,27,48,316,1.3758,1.1266,0.470879,letter,32
E-,E-,C,C,30,48,271,1.3744,1.1714,0.111403,letter,32
I,I,E,E,33,49,223,1.3659,1.5745,0.0212941,letter,32
Z,Z,I+,I+,27,45,80,1.3501,1.1252,0.232693,letter,32
S-,S-,O-,O-,27,48,104,1.3487,1.4242,0.470879,letter,32
O-,O-,M,M,33,49,332,1.3437,0.9302,0.0212941,letter,32
L-,L-,P,P,32,46,128,1.3425,2.5213,0.0113516,letter,32
I,I,S-,S-,33,49,535,1.3367,1.3698,0.0212941,letter,32
M,M,L,L,33,49,605,1.3351,1.5314,0.0212941,letter,32
Q,Q,E,E,37,49,482,1.3332,1.6113,0.000469757,letter,32
P,P,T+,T+,33,49,188,1.3299,1.1951,0.0212941,letter,32
T+,T+,X-,X-,37,49,988,1.3267,0.9421,0.000469757,letter,32
N+,N+,I+,I+,22,41,47,1.3249,0.5519,0.755229,letter,32
H,H,B-,B-,26,46,102,1.3216,1.3656,0.461391,letter,32
E,E,O+,O+,28,47,99,1.3184,0.6567,0.24296,letter,32
N,N,E,E,32,49,263,1.3177,1.4175,0.0443842,letter,32
E,E,A,A,32,48,555,1.3159,0.7841,0.0293049,letter,32
T,T,G,G,35,49,461,1.3130,0.9511,0.00380165,letter,32
M,M,F+,F+,18,28,36,1.3111,0.0433,0.184933,letter,32
E+,E+,X+,X+,37,50,1173,1.3103,1.2137,0.000936223,letter,32
E,E,Q,Q,35,48,486,1.3099,0.8207,0.00208811,letter,32
N-,N-,X-,X-,32,48,329,1.3095,1.6238,0.0293049,letter,32
B+,B+,M,M,26,43,62,1.3056,1.5841,0.222053,letter,32
N-,N-,L-,L-,25,47,79,1.3039,0.6350,0.770867,letter,32
C,C,S+,S+,35,48,653,1.2984,1.3126,0.00208811,letter,32
G+,G+,A-,A-,25,42,32,1.2980,0.4866,0.279956,letter,32
M,M,Y,Y,37,49,1672,1.2957,1.1932,0.000469757,letter,32
G-,G-,E-,E-,30,49,329,1.2914,1.2628,0.152408,letter,32
O,O,I+,I+,25,39,42,1.2889,0.9008,0.108129,letter,32
G-,G-,Y,Y,28,48,272,1.2889,0.9734,0.312327,letter,32
B,B,X+,X+,36,49,1401,1.2847,1.4187,0.00140269,letter,32
N+,N+,S,S,37,50,1598,1.2845,1.0011,0.000936223,letter,32
O,O,F,F,32,49,745,1.2804,0.9483,0.0443842,letter,32
E-,E-,K,K,35,49,575,1.2794,1.4654,0.00380165,letter,32
Z,Z,L-,L-,34,49,551,1.2792,0.6581,0.00939924,letter,32
B-,B-,Q,Q,36,49,402,1.2792,1.3716,0.00140269,letter,32
A+,A+,S,S,43,50,2140,1.2789,1.2528,2.09868e-07,letter,32
L,L,H,H,27,48,90,1.2789,1.3163,0.470879,letter,32
L+,L+,A-,A-,29,47,128,1.2769,1.7517,0.143865,letter,32
X+,X+,B-,B-,27,49,389,1.2768,0.9576,0.568172,letter,32
K,K,G-,G-,27,49,219,1.2680,0.6890,0.568172,letter,32
K,K,N-,N-,27,48,239,1.2659,0.8091,0.470879,letter,32
C,C,E,E,27,47,146,1.2654,1.3081,0.381693,letter,32
O+,O+,L-,L-,26,47,204,1.2648,0.5708,0.560065,letter,32
H,H,E,E,27,46,112,1.2630,1.5466,0.301996,letter,32
H,H,M,M,37,50,888,1.2598,1.1792,0.000936223,letter,32
T,T,N,N,35,49,1632,1.2583,1.0189,0.00380165,letter,32
N-,N-,L,L,29,47,94,1.2559,1.2887,0.143865,letter,32
E-,E-,M,M,41,49,1478,1.2554,1.1222,1.96465e-06,letter,32
G,G,F,F,30,49,261,1.2536,1.5268,0.152408,letter,32
E+,E+,O-,O-,28,48,145,1.2532,1.1087,0.312327,letter,32
M,M,P,P,39,49,523,1.2508,1.1433,3.84591e-05,letter,32
T-,T-,X,X,35,49,1100,1.2495,1.3114,0.00380165,letter,32
M,M,F-,F-,18,34,42,1.2493,0.3685,0.864166,letter,32
T+,T+,W-,W-,14,28,13,1.2466,0.8355,1,letter,32
X+,X+,F,F,30,49,899,1.2458,0.8287,0.152408,letter,32
X,X,S+,S+,38,50,1807,1.2438,0.8702,0.000305864,letter,32
T+,T+,E+,E+,26,49,1017,1.2430,0.4966,0.77545,letter,32
T-,T-,Q,Q,43,49,1276,1.2425,1.2357,5.72777e-08,letter,32
I,I,X,X,36,49,1238,1.2376,1.4793,0.00140269,letter,32
F-,F-,Q,Q,19,32,35,1.2358,1.5160,0.377086,letter,32
N,N,O+,O+,32,49,1093,1.2357,1.0550,0.0443842,letter,32
K,K,A-,A-,33,49,886,1.2351,0.8655,0.0212941,letter,32
A-,A-,G-,G-,34,49,573,1.2335,0.6771,0.00939924,letter,32
O-,O-,G,G,26,46,44,1.2327,0.7708,0.461391,letter,32
O-,O-,N+,N+,28,47,181,1.2322,0.9350,0.24296,letter,32
A-,A-,F-,F-,16,31,29,1.2319,0.0000,1,letter,32
S-,S-,E-,E-,33,49,543,1.2318,1.0165,0.0212941,letter,32
X-,X-,T,T,31,48,699,1.2312,0.5310,0.0594634,letter,32
K,K,O-,O-,28,47,92,1.2302,0.8404,0.24296,letter,32
E-,E-,T+,T+,33,49,970,1.2297,1.4552,0.0212941,letter,32
O+,O+,A+,A+,35,49,1471,1.2273,1.3337,0.00380165,letter,32
Q,Q,I+,I+,25,42,81,1.2237,1.0340,0.279956,letter,32
F,F,X,X,39,49,878,1.2235,1.5817,3.84591e-05,letter,32
E-,E-,O+,O+,28,49,554,1.2224,1.1624,0.391603,letter,32
N+,N+,Y,Y,36,49,1319,1.2199,0.9192,0.00140269,letter,32
E-,E-,G,G,29,49,465,1.2197,1.0348,0.25287,letter,32
G,G,E,E,27,47,111,1.2196,1.7707,0.381693,letter,32
X,X,S-,S-,34,49,892,1.2195,0.8896,0.00939924,letter,32
L+,L+,Q,Q,28,47,158,1.2193,1.5405,0.24296,letter,32
E-,E-,T-,T-,34,49,542,1.2187,1.2073,0.00939924,letter,32
S,S,C,C,28,48,417,1.2185,1.3665,0.312327,letter,32
Z,Z,E+,E+,41,49,1660,1.2180,1.2990,1.96465e-06,letter,32
E-,E-,Q,Q,38,49,1355,1.2178,1.2421,0.000141971,letter,32
O,O,L,L,32,49,311,1.2167,1.2375,0.0443842,letter,32
O+,O+,G-,G-,30,47,299,1.2164,0.9205,0.0789407,letter,32
X,X,W,W,27,47,234,1.2161,0.7366,0.381693,letter,32
Q,Q,Y,Y,33,49,1475,1.2145,0.9731,0.0212941,letter,32
E,E,A-,A-,29,48,418,1.2144,0.6915,0.193413,letter,32
E+,E+,E-,E-,32,49,710,1.2133,1.0258,0.0443842,letter,32
E-,E-,N+,N+,36,49,1063,1.2115,1.2081,0.00140269,letter,32
G,G,N-,N-,29,47,202,1.2081,1.4745,0.143865,letter,32
G,G,O,O,31,49,558,1.2071,1.9094,0.0854331,letter,32
E,E,Z,Z,30,48,474,1.2067,0.6782,0.111403,letter,32
H,H,X+,X+,29,49,682,1.2050,1.5288,0.25287,letter,32
T,T,I-,I-,25,48,264,1.2030,0.9192,0.885433,letter,32
B,B,L-,L-,28,49,348,1.2027,0.6120,0.391603,letter,32
A+,A+,Q,Q,46,50,2270,1.2027,1.3334,4.46178e-10,letter,32
S,S,L-,L-,29,49,360,1.2025,0.6570,0.25287,letter,32
X,X,H,H,34,49,643,1.1980,0.7565,0.00939924,letter,32
P,P,Q,Q,32,49,334,1.1978,1.1567,0.0443842,letter,32
W,W,Q,Q,26,49,250,1.1974,1.0837,0.77545,letter,32
K,K,I,I,27,48,468,1.1960,0.8308,0.470879,letter,32
T+,T+,Z,Z,36,49,1887,1.1957,0.6832,0.00140269,letter,32
S,S,P,P,31,49,291,1.1949,1.2826,0.0854331,letter,32
T+,T+,B,B,30,49,1188,1.1947,0.7820,0.152408,letter,32
E,E,O-,O-,21,41,47,1.1945,0.7791,1,letter,32
S,S,X-,X-,34,50,933,1.1928,2.0579,0.0153467,letter,32
N,N,W-,W-,25,43,18,1.1920,1.5436,0.360378,letter,32
O+,O+,Y,Y,30,49,867,1.1913,1.1524,0.152408,letter,32
B,B,B-,B-,30,49,314,1.1907,1.0800,0.152408,letter,32
P,P,I,I,28,49,146,1.1905,0.8335,0.391603,letter,32
A-,A-,T+,T+,35,49,1689,1.1895,0.9913,0.00380165,letter,32
S+,S+,K,K,30,49,826,1.1884,1.0374,0.152408,letter,32
G,G,A,A,36,49,962,1.1880,1.8083,0.00140269,letter,32
Y,Y,I,I,28,48,560,1.1871,0.9833,0.312327,letter,32
S+,S+,Z,Z,35,49,2145,1.1866,0.7768,0.00380165,letter,32
A,A,Y,Y,38,49,1684,1.1855,0.9053,0.000141971,letter,32
O,O,Y,Y,34,49,1032,1.1792,1.0755,0.00939924,letter,32
C,C,Q,Q,35,49,824,1.1792,1.2520,0.00380165,letter,32
Y,Y,T+,T+,28,48,1020,1.1776,1.3661,0.312327,letter,32
X+,X+,S,S,35,50,1730,1.1770,0.8760,0.00660045,letter,32
G,G,X+,X+,36,49,764,1.1764,1.6829,0.00140269,letter,32
X,X,F-,F-,15,28,22,1.1740,0.2509,0.850554,letter,32
B,B,H,H,32,49,445,1.1716,1.2540,0.0443842,letter,32
T-,T-,E+,E+,28,49,539,1.1715,1.2008,0.391603,letter,32
E+,E+,A+,A+,35,50,1474,1.1710,1.1349,0.00660045,letter,32
L+,L+,G-,G-,23,44,44,1.1700,1.3670,0.880396,letter,32
L-,L-,I,I,32,49,355,1.1672,1.5532,0.0443842,letter,32
F,F,T,T,32,49,729,1.1664,1.3076,0.0443842,letter,32
K,K,A+,A+,32,49,1105,1.1655,0.8013,0.0443842,letter,32
L-,L-,Q,Q,36,49,684,1.1653,2.4153,0.00140269,letter,32
O-,O-,K,K,26,47,98,1.1634,1.1999,0.560065,letter,32
A+,A+,E-,E-,34,49,1673,1.1631,1.0971,0.00939924,letter,32
Z,Z,T+,T+,35,49,1943,1.1629,1.3074,0.00380165,letter,32
Y,Y,B,B,30,48,867,1.1628,1.2047,0.111403,letter,32
W,W,F,F,25,49,103,1.1626,0.7912,1,letter,32
T,T,S-,S-,30,49,842,1.1620,1.0176,0.152408,letter,32
Z,Z,G-,G-,29,49,693,1.1611,0.9302,0.25287,letter,32
H,H,Q,Q,31,49,809,1.1599,1.2029,0.0854331,letter,32
A-,A-,K,K,30,49,991,1.1595,0.9536,0.152408,letter,32
I-,I-,A-,A-,31,49,497,1.1593,1.9408,0.0854331,letter,32
Q,Q,G-,G-,31,49,680,1.1591,0.8728,0.0854331,letter,32
X-,X-,I,I,29,48,418,1.1577,0.5158,0.193413,letter,32
A,A,Z,Z,43,50,2487,1.1576,1.0544,2.09868e-07,letter,32
S-,S-,Z,Z,33,49,1182,1.1561,1.1657,0.0212941,letter,32
T-,T-,N+,N+,34,49,1020,1.1560,1.0146,0.00939924,letter,32
E-,E-,X+,X+,34,49,1169,1.1558,1.3108,0.00939924,letter,32
N-,N-,Y,Y,26,48,351,1.1542,0.9103,0.665466,letter,32
N+,N+,E-,E-,33,49,1124,1.1527,0.8750,0.0212941,letter,32
A-,A-,W,W,27,47,257,1.1526,0.9570,0.381693,letter,32
N,N,G,G,25,49,461,1.1526,0.9010,1,letter,32
L+,L+,E-,E-,26,47,97,1.1522,1.1840,0.560065,letter,32
Q,Q,T,T,41,49,1927,1.1517,1.0367,1.96465e-06,letter,32
A,A,O-,O-,32,48,420,1.1514,0.7962,0.0293049,letter,32
E-,E-,I,I,28,49,607,1.1512,0.9587,0.391603,letter,32
X,X,B-,B-,28,49,343,1.1511,0.7648,0.391603,letter,32
T+,T+,S+,S+,34,49,1700,1.1510,0.7313,0.00939924,letter,32
M,M,O-,O-,32,48,468,1.1509,1.1769,0.0293049,letter,32
T,T,E+,E+,31,49,1173,1.1509,1.1820,0.0854331,letter,32
E,E,M,M,33,48,538,1.1508,0.6286,0.0132833,letter,32
F,F,W-,W-,21,38,17,1.1480,0.9293,0.627103,letter,32
O-,O-,Q,Q,25,48,224,1.1479,0.8531,0.885433,letter,32
G-,G-,X,X,28,49,536,1.1477,1.2471,0.391603,letter,32
Z,Z,E-,E-,32,50,1628,1.1476,1.1279,0.0649086,letter,32
K,K,T+,T+,36,49,663,1.1470,0.8327,0.00140269,letter,32
X,X,I-,I-,27,49,414,1.1430,0.4725,0.568172,letter,32
M,M,X,X,44,49,2181,1.1428,1.4241,7.59716e-09,letter,32
O,O,S-,S-,28,49,704,1.1423,0.8644,0.391603,letter,32
F+,F+,Q,Q,23,42,49,1.1418,2.0558,0.643969,letter,32
F,F,E,E,27,47,133,1.1415,1.4339,0.381693,letter,32
N,N,H,H,27,49,512,1.1397,1.0110,0.568172,letter,32
F,F,Q,Q,32,49,1009,1.1393,1.3051,0.0443842,letter,32
K,K,E,E,29,48,161,1.1390,0.8657,0.193413,letter,32
X-,X-,H,H,27,48,205,1.1388,0.5469,0.470879,letter,32
G+,G+,A,A,23,42,39,1.1384,0.2600,0.643969,letter,32
O+,O+,X,X,29,49,1095,1.1378,1.5132,0.25287,letter,32
N+,N+,G,G,27,49,550,1.1372,0.7560,0.568172,letter,32
T-,T-,T+,T+,27,49,882,1.1367,1.1810,0.568172,letter,32
Y,Y,X+,X+,31,48,1136,1.1367,1.2019,0.0594634,letter,32
N+,N+,B,B,34,49,1281,1.1351,1.0473,0.00939924,letter,32
S,S,T,T,32,49,1472,1.1349,1.3510,0.0443842,letter,32
C,C,A+,A+,29,49,909,1.1344,1.0351,0.25287,letter,32
Y,Y,A-,A-,30,48,1268,1.1343,1.2586,0.111403,letter,32
N-,N-,C,C,26,47,129,1.1342,0.8887,0.560065,letter,32
O+,O+,T,T,32,49,1002,1.1335,1.2499,0.0443842,letter,32
L+,L+,S-,S-,26,47,65,1.1330,1.0327,0.560065,letter,32
N+,N+,K,K,30,49,818,1.1318,1.1815,0.152408,letter,32
T,T,X,X,35,50,1746,1.1313,1.2524,0.00660045,letter,32
G-,G-,Z,Z,27,49,649,1.1286,1.1401,0.568172,letter,32
A-,A-,O,O,31,49,1712,1.1281,0.8382,0.0854331,letter,32
I,I,O,O,27,48,961,1.1262,1.0486,0.470879,letter,32
B,B,Y,Y,26,48,939,1.1260,1.1162,0.665466,letter,32
O+,O+,P,P,25,48,132,1.1258,1.3363,0.885433,letter,32
T-,T-,S+,S+,29,49,1111,1.1258,1.1373,0.25287,letter,32
Z,Z,M,M,38,50,2499,1.1258,1.1030,0.000305864,letter,32
B,B,S,S,28,49,1172,1.1258,1.1470,0.391603,letter,32
B-,B-,B-,B-,30,49,155,1.1254,1.1217,0.152408,letter,32
Q,Q,X+,X+,37,50,2041,1.1231,1.0191,0.000936223,letter,32
K,K,O+,O+,27,49,380,1.1224,0.5829,0.568172,letter,32
S,S,B-,B-,30,49,301,1.1220,1.4299,0.152408,letter,32
G-,G-,N,N,26,48,446,1.1219,0.7325,0.665466,letter,32
I-,I-,Q,Q,31,49,609,1.1206,1.7339,0.0854331,letter,32
N+,N+,S-,S-,27,49,842,1.1199,0.7556,0.568172,letter,32
Z,Z,C,C,30,49,754,1.1198,1.0381,0.152408,letter,32
L-,L-,S-,S-,27,49,312,1.1195,1.6916,0.568172,letter,32
X,X,T,T,30,50,1627,1.1192,0.7056,0.202639,letter,32
O-,O-,O,O,26,47,165,1.1188,1.1360,0.560065,letter,32
S+,S+,W,W,24,47,201,1.1188,0.5732,1,letter,32
M,M,K,K,31,49,1366,1.1186,1.2109,0.0854331,letter,32
X-,X-,X+,X+,32,49,818,1.1186,0.5660,0.0443842,letter,32
T,T,N+,N+,34,50,1682,1.1183,1.0575,0.0153467,letter,32
X+,X+,O-,O-,29,48,295,1.1163,0.8396,0.193413,letter,32
G,G,Q,Q,35,49,858,1.1159,1.7891,0.00380165,letter,32
A-,A-,S-,S-,27,49,1064,1.1153,0.6807,0.568172,letter,32
Y,Y,A+,A+,31,48,1404,1.1143,1.0541,0.0594634,letter,32
N,N,W,W,27,48,188,1.1141,1.1510,0.470879,letter,32
N+,N+,W,W,29,48,227,1.1124,0.8504,0.193413,letter,32
P,P,C,C,23,45,43,1.1120,0.9926,1,letter,32
S,S,Y,Y,33,49,1009,1.1117,1.2101,0.0212941,letter,32
H,H,O,O,29,49,425,1.1107,1.2007,0.25287,letter,32
H,H,A+,A+,34,49,925,1.1095,1.3380,0.00939924,letter,32
A,A,E,E,34,49,519,1.1086,1.1687,0.00939924,letter,32
O-,O-,N-,N-,26,47,73,1.1077,0.9022,0.560065,letter,32
I,I,X+,X+,31,49,1238,1.1075,1.2937,0.0854331,letter,32
A-,A-,X+,X+,32,49,1989,1.1070,0.8076,0.0443842,letter,32
I,I,Q,Q,29,49,1389,1.1048,1.2243,0.25287,letter,32
Z,Z,B,B,32,49,1761,1.1037,1.3780,0.0443842,letter,32
P,P,N+,N+,27,48,179,1.1034,0.9306,0.470879,letter,32
X+,X+,A-,A-,33,49,2011,1.1032,0.9409,0.0212941,letter,32
Q,Q,A+,A+,34,50,2225,1.1024,0.9761,0.0153467,letter,32
L-,L-,X+,X+,28,49,564,1.1018,1.9181,0.391603,letter,32
X+,X+,O+,O+,28,49,1088,1.1010,0.7861,0.391603,letter,32
S-,S-,Y,Y,25,48,524,1.1008,0.8783,0.885433,letter,32
L-,L-,A+,A+,29,49,710,1.1006,1.8852,0.25287,letter,32
O,O,L-,L-,27,49,333,1.1001,0.3588,0.568172,letter,32
O,O,N,N,28,49,1407,1.0993,0.8856,0.391603,letter,32
C,C,M,M,31,49,924,1.0991,0.9735,0.0854331,letter,32
Z,Z,X+,X+,35,50,2229,1.0986,1.2126,0.00660045,letter,32
E,E,N-,N-,23,45,105,1.0985,0.5750,1,letter,32
B-,B-,K,K,30,49,182,1.0984,1.4127,0.152408,letter,32
L+,L+,T-,T-,26,47,87,1.0983,1.2177,0.560065,letter,32
L+,L+,X+,X+,27,46,140,1.0981,1.4592,0.301996,letter,32
M,M,G-,G-,35,49,774,1.0976,1.0561,0.00380165,letter,32
H,H,N,N,27,49,469,1.0968,1.2276,0.568172,letter,32
Z,Z,A-,A-,35,49,2306,1.0957,1.2441,0.00380165,letter,32
M,M,X+,X+,39,49,2274,1.0956,1.2193,3.84591e-05,letter,32
S,S,Z,Z,36,50,2042,1.0947,1.4195,0.00260217,letter,32
L-,L-,A,A,33,49,709,1.0947,2.3577,0.0212941,letter,32
N,N,X,X,33,49,1726,1.0941,1.4365,0.0212941,letter,32
M,M,X-,X-,34,49,1627,1.0929,1.5422,0.00939924,letter,32
Q,Q,Z,Z,33,50,2253,1.0925,0.9992,0.0328391,letter,32
F,F,T-,T-,26,49,374,1.0920,0.9466,0.77545,letter,32
Y,Y,E-,E-,25,48,706,1.0918,1.0625,0.885433,letter,32
S+,S+,G,G,27,49,615,1.0915,0.6011,0.568172,letter,32
X-,X-,G,G,26,49,178,1.0913,0.3376,0.77545,letter,32
I,I,N+,N+,29,49,1097,1.0912,1.1644,0.25287,letter,32
O+,O+,Q,Q,29,49,1294,1.0908,1.2406,0.25287,letter,32
T-,T-,O,O,27,49,834,1.0907,1.0351,0.568172,letter,32
E-,E-,O,O,27,49,1011,1.0900,1.0385,0.568172,letter,32
F,F,N+,N+,28,49,747,1.0891,1.1796,0.391603,letter,32
S,S,N,N,28,49,1459,1.0879,1.0372,0.391603,letter,32
I,I,T,T,30,49,1037,1.0859,1.1112,0.152408,letter,32
Z,Z,X,X,32,50,2163,1.0852,1.2933,0.0649086,letter,32
N+,N+,S+,S+,30,50,1894,1.0843,1.0867,0.202639,letter,32
E+,E+,X-,X-,31,50,634,1.0829,1.1865,0.11892,letter,32
X,X,O-,O-,25,47,238,1.0827,0.5386,0.770867,letter,32
Y,Y,O,O,31,48,1005,1.0826,1.0512,0.0594634,letter,32
S,S,A,A,35,50,2056,1.0825,1.2972,0.00660045,letter,32
L-,L-,M,M,30,49,739,1.0823,1.8456,0.152408,letter,32
S-,S-,E,E,25,48,134,1.0819,1.1189,0.885433,letter,32
N-,N-,Z,Z,30,49,842,1.0818,0.9449,0.152408,letter,32
I,I,G+,G+,22,43,53,1.0815,1.4136,1,letter,32
S+,S+,P,P,25,49,269,1.0815,0.6046,1,letter,32
C,C,T,T,28,48,548,1.0807,1.0705,0.312327,letter,32
A-,A-,H,H,27,49,689,1.0801,0.7036,0.568172,letter,32
C,C,X+,X+,28,49,679,1.0792,0.9869,0.391603,letter,32
T-,T-,S-,S-,29,49,431,1.0783,0.8697,0.25287,letter,32
T-,T-,G-,G-,29,49,252,1.0781,0.8083,0.25287,letter,32
M,M,N+,N+,32,50,2287,1.0780,1.0738,0.0649086,letter,32
O+,O+,X-,X-,26,49,645,1.0778,1.7159,0.77545,letter,32
F+,F+,S+,S+,21,40,40,1.0776,1.9623,0.874629,letter,32
I-,I-,A+,A+,28,49,684,1.0776,1.5822,0.391603,letter,32
E,E,X-,X-,25,48,221,1.0770,0.7339,0.885433,letter,32
O,O,S+,S+,29,49,1616,1.0767,1.0840,0.25287,letter,32
A,A,N-,N-,32,49,1052,1.0758,0.8908,0.0443842,letter,32
E,E,S+,S+,28,48,417,1.0749,0.6992,0.312327,letter,32
L-,L-,A-,A-,29,49,603,1.0749,2.0741,0.25287,letter,32
I-,I-,X+,X+,27,49,485,1.0747,1.5031,0.568172,letter,32
I,I,E-,E-,28,49,690,1.0743,1.0232,0.391603,letter,32
C,C,X,X,27,48,741,1.0738,1.2597,0.470879,letter,32
O,O,E+,E+,31,48,1000,1.0734,0.9716,0.0594634,letter,32
G,G,E+,E+,25,49,376,1.0728,1.6029,1,letter,32
N,N,O,O,28,49,1476,1.0727,1.0904,0.391603,letter,32
F,F,A+,A+,33,49,1079,1.0726,1.3048,0.0212941,letter,32
H,H,E-,E-,27,48,348,1.0724,0.9720,0.470879,letter,32
Q,Q,A,A,39,50,2261,1.0718,0.9428,9.02149e-05,letter,32
X,X,Q,Q,35,50,1927,1.0712,0.7343,0.00660045,letter,32
B,B,E+,E+,26,49,893,1.0709,0.9887,0.77545,letter,32
N+,N+,Z,Z,36,50,2158,1.0708,1.0013,0.00260217,letter,32
H,H,S+,S+,31,49,622,1.0705,1.3435,0.0854331,letter,32
A,A,T+,T+,36,49,1961,1.0704,1.0160,0.00140269,letter,32
C,C,N,N,28,49,538,1.0704,0.8927,0.391603,letter,32
X+,X+,S-,S-,28,49,1013,1.0703,0.6481,0.391603,letter,32
A-,A-,Z,Z,27,49,2247,1.0702,0.7416,0.568172,letter,32
M,M,L-,L-,29,49,651,1.0700,0.4444,0.25287,letter,32
O,O,T+,T+,27,49,1312,1.0697,1.0274,0.568172,letter,32
G-,G-,E+,E+,28,49,311,1.0697,1.0018,0.391603,letter,32
E+,E+,N+,N+,29,50,1028,1.0695,0.9332,0.322236,letter,32
T+,T+,S,S,26,49,1474,1.0695,0.4935,0.77545,letter,32
N,N,A+,A+,30,49,2115,1.0692,1.1125,0.152408,letter,32
X,X,E-,E-,26,49,1202,1.0690,0.6075,0.77545,letter,32
P,P,A-,A-,25,49,258,1.0682,1.0027,1,letter,32
Z,Z,F,F,29,49,1129,1.0682,0.8986,0.25287,letter,32
I,I,S,S,26,49,1005,1.0675,1.0101,0.77545,letter,32
N,N,X-,X-,28,48,1063,1.0675,1.5699,0.312327,letter,32
M,M,O+,O+,31,49,1507,1.0650,1.0066,0.0854331,letter,32
X+,X+,K,K,26,49,996,1.0649,0.9237,0.77545,letter,32
A-,A-,M,M,27,49,2255,1.0638,0.7295,0.568172,letter,32
F,F,T+,T+,27,49,714,1.0634,1.3763,0.568172,letter,32
S-,S-,M,M,27,49,1274,1.0627,0.8340,0.568172,letter,32
I-,I-,E+,E+,25,48,213,1.0625,1.3388,0.885433,letter,32
G,G,M,M,32,49,963,1.0625,1.4620,0.0443842,letter,32
T+,T+,A-,A-,32,49,1706,1.0624,0.5853,0.0443842,letter,32
Z,Z,T-,T-,28,49,1387,1.0614,1.0628,0.391603,letter,32
O,O,Q,Q,27,49,1793,1.0613,0.9498,0.568172,letter,32
E,E,N,N,26,48,284,1.0612,0.5841,0.665466,letter,32
Q,Q,X,X,37,50,2023,1.0607,1.1164,0.000936223,letter,32
X+,X+,T,T,27,50,1783,1.0607,0.8708,0.671811,letter,32
L-,L-,T+,T+,27,49,460,1.0607,2.1540,0.568172,letter,32
Z,Z,N-,N-,28,49,1066,1.0605,1.0278,0.391603,letter,32
K,K,T,T,27,50,665,1.0595,0.6627,0.671811,letter,32
M,M,A+,A+,40,49,2449,1.0595,1.1806,9.26355e-06,letter,32
N,N,Y,Y,30,49,1447,1.0594,0.8867,0.152408,letter,32
A+,A+,S+,S+,31,50,2271,1.0594,1.2617,0.11892,letter,32
Z,Z,O,O,32,49,2025,1.0591,1.1209,0.0443842,letter,32
X+,X+,M,M,32,49,2204,1.0588,0.8259,0.0443842,letter,32
C,C,X-,X-,24,48,327,1.0585,1.3633,1,letter,32
O+,O+,X+,X+,26,49,1123,1.0576,1.1542,0.77545,letter,32
S,S,E+,E+,25,49,991,1.0576,1.2009,1,letter,32
I,I,T-,T-,26,49,656,1.0573,0.9441,0.77545,letter,32
Z,Z,H,H,28,49,965,1.0569,1.1196,0.391603,letter,32
X+,X+,A+,A+,35,50,2182,1.0559,0.8887,0.00660045,letter,32
S,S,S-,S-,26,49,782,1.0556,1.0853,0.77545,letter,32
I,I,O-,O-,22,44,85,1.0552,1.0131,1,letter,32
L-,L-,E,E,27,48,101,1.0546,2.5530,0.470879,letter,32
I,I,N,N,27,49,1055,1.0540,1.0386,0.568172,letter,32
T-,T-,A,A,32,49,1413,1.0540,1.1201,0.0443842,letter,32
Z,Z,Q,Q,26,50,2294,1.0537,1.0671,0.887725,letter,32
A+,A+,A,A,40,50,2434,1.0535,1.1299,2.38613e-05,letter,32
A-,A-,E+,E+,27,49,1338,1.0532,0.6983,0.568172,letter,32
C,C,T+,T+,29,48,531,1.0525,1.0878,0.193413,letter,32
A+,A+,A-,A-,36,50,2283,1.0518,1.1655,0.00260217,letter,32
L-,L-,C,C,25,48,123,1.0518,1.7449,0.885433,letter,32
Z,Z,W,W,26,49,363,1.0517,1.0438,0.77545,letter,32
E+,E+,H,H,27,48,309,1.0514,0.9857,0.470879,letter,32
Q,Q,S+,S+,33,50,2094,1.0513,0.9558,0.0328391,letter,32
N,N,E+,E+,27,49,1128,1.0512,1.0435,0.568172,letter,32
B-,B-,M,M,26,49,498,1.0508,0.8955,0.77545,letter,32
Y,Y,I-,I-,24,47,157,1.0503,1.0881,1,letter,32
G-,G-,T,T,25,48,454,1.0500,0.9111,0.885433,letter,32
E+,E+,Q,Q,33,50,1303,1.0500,0.9190,0.0328391,letter,32
B-,B-,Z,Z,26,49,444,1.0497,1.1993,0.77545,letter,32
F,F,M,M,32,49,1137,1.0493,1.0514,0.0443842,letter,32
N+,N+,H,H,27,49,614,1.0491,0.7837,0.568172,letter,32
F,F,E+,E+,26,49,554,1.0490,1.0812,0.77545,letter,32
N,N,O-,O-,25,47,259,1.0486,1.0646,0.770867,letter,32
Z,Z,A+,A+,29,50,2441,1.0479,1.0930,0.322236,letter,32
O,O,A+,A+,27,49,1945,1.0477,1.0522,0.568172,letter,32
F-,F-,Z,Z,20,36,42,1.0475,1.4229,0.617719,letter,32
Z,Z,O+,O+,29,49,1499,1.0470,0.9906,0.25287,letter,32
M,M,Q,Q,35,49,2313,1.0470,1.1800,0.00380165,letter,32
A+,A+,T+,T+,31,49,1988,1.0461,1.1842,0.0854331,letter,32
I-,I-,N+,N+,25,47,362,1.0453,1.5472,0.770867,letter,32
Q,Q,X-,X-,28,50,1489,1.0453,1.2099,0.479888,letter,32
Y,Y,Q,Q,27,48,1277,1.0450,1.1246,0.470879,letter,32
L,L,B,B,25,48,189,1.0446,1.3901,0.885433,letter,32
X+,X+,C,C,26,49,596,1.0443,0.7679,0.77545,letter,32
L,L,F,F,25,48,119,1.0428,1.0611,0.885433,letter,32
L-,L-,T-,T-,26,49,317,1.0427,1.7425,0.77545,letter,32
F,F,S+,S+,28,49,882,1.0424,1.4493,0.391603,letter,32
O,O,K,K,26,48,728,1.0419,1.0540,0.665466,letter,32
F,F,A-,A-,29,49,905,1.0419,1.1469,0.25287,letter,32
A+,A+,O-,O-,26,48,423,1.0417,0.9852,0.665466,letter,32
I,I,T+,T+,26,48,950,1.0411,1.2460,0.665466,letter,32
X+,X+,A,A,29,50,2206,1.0408,0.8579,0.322236,letter,32
O,O,X,X,26,49,1605,1.0399,1.0974,0.77545,letter,32
A-,A-,B,B,25,49,1466,1.0398,0.8905,1,letter,32
Z,Z,K,K,27,49,1273,1.0394,1.2059,0.568172,letter,32
T-,T-,X+,X+,27,49,1110,1.0392,1.1183,0.568172,letter,32
T,T,O,O,30,50,1512,1.0392,0.9470,0.202639,letter,32
Q,Q,A-,A-,28,50,2098,1.0391,0.9418,0.479888,letter,32
M,M,G,G,29,49,997,1.0387,0.9976,0.25287,letter,32
T-,T-,C,C,24,47,202,1.0386,0.7450,1,letter,32
Z,Z,I,I,28,49,1578,1.0383,1.1010,0.391603,letter,32
M,M,S+,S+,30,49,2319,1.0381,1.2918,0.152408,letter,32
M,M,O,O,27,49,2092,1.0378,1.0160,0.568172,letter,32
N+,N+,E+,E+,26,49,1148,1.0375,0.8014,0.77545,letter,32
S,S,G+,G+,22,42,51,1.0371,1.6457,0.877614,letter,32
A-,A-,C,C,27,49,569,1.0367,0.6578,0.568172,letter,32
X,X,A+,A+,28,50,2034,1.0366,0.7149,0.479888,letter,32
T,T,Q,Q,29,49,1934,1.0366,1.0743,0.25287,letter,32
B-,B-,T-,T-,26,49,162,1.0365,1.0691,0.77545,letter,32
K,K,X+,X+,28,49,847,1.0360,0.6350,0.391603,letter,32
O+,O+,E-,E-,27,49,724,1.0357,1.0557,0.568172,letter,32
S-,S-,A+,A+,29,49,1197,1.0345,1.0903,0.25287,letter,32
O,O,T,T,25,49,1379,1.0343,0.8871,1,letter,32
A+,A+,W,W,25,48,375,1.0342,1.0043,0.885433,letter,32
F,F,X+,X+,27,49,865,1.0339,1.3222,0.568172,letter,32
Q,Q,N+,N+,27,50,1976,1.0336,0.8651,0.671811,letter,32
S,S,K,K,26,49,783,1.0334,1.2948,0.77545,letter,32
H,H,T,T,26,49,499,1.0330,0.9829,0.77545,letter,32
T,T,L,L,25,48,318,1.0329,1.0661,0.885433,letter,32
O+,O+,N,N,26,49,1020,1.0328,0.8533,0.77545,letter,32
F+,F+,X+,X+,20,40,38,1.0323,1.6519,1,letter,32
S,S,F,F,27,49,662,1.0316,0.8255,0.568172,letter,32
L-,L-,S+,S+,27,49,575,1.0315,2.3136,0.568172,letter,32
G-,G-,T-,T-,27,49,226,1.0314,1.1206,0.568172,letter,32
Y,Y,M,M,27,48,1485,1.0314,0.9779,0.470879,letter,32
X,X,A-,A-,26,49,1889,1.0297,0.6586,0.77545,letter,32
A,A,E-,E-,28,50,1641,1.0291,0.8155,0.479888,letter,32
Y,Y,H,H,26,48,258,1.0289,0.8215,0.665466,letter,32
L,L,G-,G-,23,45,29,1.0287,0.8118,1,letter,32
B,B,K,K,28,49,685,1.0281,1.2306,0.391603,letter,32
T+,T+,T,T,25,49,1548,1.0278,0.5183,1,letter,32
X-,X-,A,A,27,49,1126,1.0271,0.4492,0.568172,letter,32
F,F,E-,E-,26,48,613,1.0261,1.2003,0.665466,letter,32
S,S,W,W,26,48,196,1.0255,1.1205,0.665466,letter,32
N,N,B,B,28,49,1281,1.0249,1.3136,0.391603,letter,32
A-,A-,Y,Y,26,49,1472,1.0249,0.7142,0.77545,letter,32
F,F,K,K,25,49,477,1.0236,1.3219,1,letter,32
S-,S-,G-,G-,24,48,245,1.0230,0.7325,1,letter,32
X,X,N+,N+,27,50,1704,1.0229,0.5459,0.671811,letter,32
X,X,I,I,26,49,1108,1.0224,0.5021,0.77545,letter,32
W,W,N-,N-,25,47,52,1.0218,0.8861,0.770867,letter,32
N,N,Z,Z,29,49,2096,1.0215,0.9942,0.25287,letter,32
E-,E-,E,E,26,49,221,1.0215,1.0245,0.77545,letter,32
Q,Q,M,M,30,49,2253,1.0212,0.8307,0.152408,letter,32
F,F,I,I,26,49,455,1.0210,1.0083,0.77545,letter,32
G,G,X,X,25,49,743,1.0209,1.7121,1,letter,32
X,X,X-,X-,30,49,1145,1.0208,1.0226,0.152408,letter,32
S-,S-,N+,N+,26,49,789,1.0204,0.9841,0.77545,letter,32
O-,O-,A,A,25,48,327,1.0195,0.8646,0.885433,letter,32
A,A,G,G,25,49,956,1.0194,0.7301,1,letter,32
M,M,A,A,29,50,2492,1.0193,1.1099,0.322236,letter,32
S,S,M,M,27,49,2054,1.0191,1.0630,0.568172,letter,32
X-,X-,N,N,25,48,653,1.0190,0.3767,0.885433,letter,32
T+,T+,I-,I-,25,49,318,1.0182,0.5859,1,letter,32
O+,O+,Z,Z,25,49,1439,1.0180,1.2402,1,letter,32
Q,Q,T+,T+,26,49,1840,1.0176,0.9906,0.77545,letter,32
T+,T+,M,M,25,49,1922,1.0175,0.4088,1,letter,32
L+,L+,M,M,25,47,167,1.0173,1.3394,0.770867,letter,32
T+,T+,N,N,25,49,1524,1.0173,0.4469,1,letter,32
Z,Z,X-,X-,25,49,1528,1.0173,1.3575,1,letter,32
N,N,K,K,25,49,794,1.0170,1.1471,1,letter,32
T,T,K,K,26,49,801,1.0169,1.0734,0.77545,letter,32
X+,X+,N-,N-,25,48,722,1.0169,0.8239,0.885433,letter,32
M,M,N-,N-,28,49,1127,1.0168,1.0411,0.391603,letter,32
X,X,G-,G-,25,49,451,1.0164,0.4750,1,letter,32
N,N,T,T,25,49,1559,1.0161,0.9822,1,letter,32
C,C,A-,A-,26,49,666,1.0159,0.9878,0.77545,letter,32
F-,F-,N+,N+,14,28,33,1.0157,1.4339,1,letter,32
M,M,E+,E+,27,49,1719,1.0149,1.0885,0.568172,letter,32
T,T,O+,O+,25,49,1082,1.0143,0.7715,1,letter,32
S+,S+,B-,B-,25,49,313,1.0137,0.6434,1,letter,32
O,O,N-,N-,25,49,585,1.0136,0.9595,1,letter,32
H,H,W-,W-,21,41,12,1.0136,1.1974,1,letter,32
A-,A-,X,X,27,49,1929,1.0135,0.8580,0.568172,letter,32
M,M,G+,G+,24,46,90,1.0130,1.1046,0.882996,letter,32
T,T,A+,A+,27,50,2040,1.0128,0.9991,0.671811,letter,32
B-,B-,A-,A-,25,49,370,1.0128,0.9509,1,letter,32
N,N,X+,X+,26,49,1774,1.0126,1.3078,0.77545,letter,32
E-,E-,N,N,28,49,1010,1.0120,0.9222,0.391603,letter,32
N,N,S+,S+,26,49,1850,1.0118,0.9869,0.77545,letter,32
A+,A+,I,I,26,50,1553,1.0117,0.9218,0.887725,letter,32
K,K,A,A,26,49,1142,1.0114,0.7255,0.77545,letter,32
K,K,M,M,25,50,1166,1.0113,0.6128,1,letter,32
N+,N+,P,P,25,48,202,1.0113,0.8439,0.885433,letter,32
A-,A-,A+,A+,25,49,2228,1.0112,0.8005,1,letter,32
Y,Y,G,G,24,48,249,1.0111,0.7700,1,letter,32
G-,G-,T+,T+,24,48,439,1.0110,0.9771,1,letter,32
E+,E+,Z,Z,25,49,1407,1.0106,0.8739,1,letter,32
Z,Z,G,G,25,49,921,1.0103,0.8632,1,letter,32
T,T,A-,A-,25,49,1880,1.0101,1.0102,1,letter,32
I,I,E+,E+,25,48,694,1.0098,1.0462,0.885433,letter,32
K,K,N+,N+,25,50,705,1.0087,0.6632,1,letter,32
O,O,Z,Z,25,49,1859,1.0086,0.9684,1,letter,32
X+,X+,T-,T-,25,49,1107,1.0084,0.6725,1,letter,32
L,L,Q,Q,24,48,255,1.0082,1.2228,1,letter,32
N-,N-,B-,B-,23,46,112,1.0073,0.8132,1,letter,32
Z,Z,O-,O-,25,48,443,1.0070,1.1410,0.885433,letter,32
L-,L-,G+,G+,19,37,24,1.0063,2.2427,1,letter,32
S+,S+,N+,N+,25,49,1686,1.0056,0.5827,1,letter,32
Z,Z,S+,S+,25,50,2283,1.0054,1.1486,1,letter,32
N+,N+,G-,G-,25,49,440,1.0048,0.7523,1,letter,32
H,H,T-,T-,26,49,337,1.0046,1.0039,0.77545,letter,32
N+,N+,X+,X+,25,50,1798,1.0044,0.9062,1,letter,32
S+,S+,T+,T+,26,49,1503,1.0042,0.6615,0.77545,letter,32
E-,E-,A+,A+,25,49,1481,1.0040,1.0013,1,letter,32
L,L,M,M,24,48,347,1.0032,0.8917,1,letter,32
Y,Y,S+,S+,24,48,1236,1.0029,0.9365,1,letter,32
F,F,X-,X-,25,49,533,1.0023,1.6519,1,letter,32
H,H,X,X,25,49,660,1.0021,1.2326,1,letter,32
Q,Q,N,N,27,49,1946,1.0021,0.7977,0.568172,letter,32
I,I,M,M,25,49,1553,1.0019,0.8956,1,letter,32
W,W,G-,G-,22,43,37,1.0014,0.7511,1,letter,32
A,A,X+,X+,26,50,2245,1.0014,0.8595,0.887725,letter,32
S-,S-,A-,A-,25,49,961,1.0014,0.9659,1,letter,32
S+,S+,M,M,25,49,2184,1.0006,0.5956,1,letter,32
B+,B+,A,A,22,43,64,1.0005,1.4991,1,letter,32
M,M,I,I,25,49,1603,1.0004,0.9317,1,letter,32
X,X,T+,T+,25,49,1557,1.0003,0.6819,1,letter,32
T+,T+,A+,A+,24,49,1939,0.9998,0.5435,1,letter,32
X-,X-,A-,A-,24,48,814,0.9997,0.5364,1,letter,32
Q,Q,H,H,24,49,905,0.9996,0.7478,1,letter,32
G-,G-,A+,A+,24,49,716,0.9992,0.9555,1,letter,32
P,P,A+,A+,24,49,371,0.9981,0.9822,1,letter,32
M,M,Z,Z,24,50,2492,0.9969,1.1225,0.887725,letter,32
O-,O-,B,B,23,47,180,0.9964,0.8133,1,letter,32
K,K,X,X,23,49,845,0.9961,0.6330,0.77545,letter,32
A-,A-,X-,X-,23,48,1265,0.9952,1.0452,0.885433,letter,32
N-,N-,K,K,24,48,254,0.9946,0.8508,1,letter,32
T-,T-,N-,N-,24,49,303,0.9946,0.8489,1,letter,32
A-,A-,S,S,24,49,1794,0.9944,0.7161,1,letter,32
I,I,N-,N-,23,49,320,0.9943,1.0640,0.77545,letter,32
B,B,T-,T-,24,49,681,0.9937,0.9799,1,letter,32
S+,S+,A,A,22,49,2181,0.9931,0.6722,0.568172,letter,32
K,K,N,N,25,50,667,0.9930,0.5876,1,letter,32
G,G,S,S,22,49,625,0.9929,1.2703,0.568172,letter,32
G,G,A-,A-,24,49,749,0.9927,1.5597,1,letter,32
N+,N+,O,O,24,49,1535,0.9922,0.7977,1,letter,32
T-,T-,K,K,23,49,453,0.9919,1.0134,0.77545,letter,32
S,S,I,I,24,50,964,0.9914,1.0362,0.887725,letter,32
S,S,X,X,23,50,1552,0.9914,1.3720,0.671811,letter,32
M,M,T-,T-,23,49,1465,0.9907,1.0031,0.77545,letter,32
E-,E-,A,A,24,49,1473,0.9907,1.0430,1,letter,32
M,M,H,H,25,50,1038,0.9906,1.0144,1,letter,32
T+,T+,O+,O+,23,49,912,0.9905,0.4320,0.77545,letter,32
N,N,S-,S-,24,48,798,0.9904,0.8292,1,letter,32
A,A,W-,W-,22,44,36,0.9903,0.6008,1,letter,32
A,A,T,T,24,50,2101,0.9902,0.8592,0.887725,letter,32
T,T,M,M,23,50,2080,0.9901,0.8237,0.671811,letter,32
E,E,E,E,23,46,29,0.9898,0.7845,1,letter,32
T+,T+,Q,Q,23,49,1798,0.9896,0.4943,0.77545,letter,32
G-,G-,C,C,22,46,105,0.9895,1.1243,0.882996,letter,32
E-,E-,B-,B-,23,49,328,0.9892,0.9458,0.77545,letter,32
O+,O+,I,I,23,49,585,0.9880,0.9268,0.77545,letter,32
F,F,Z,Z,23,49,1021,0.9878,1.1662,0.77545,letter,32
N+,N+,A,A,23,50,2248,0.9874,0.9004,0.671811,letter,32
L,L,E-,E-,23,48,131,0.9873,0.9683,0.885433,letter,32
S,S,E,E,21,49,357,0.9873,1.3763,0.391603,letter,32
Q,Q,I,I,24,50,1424,0.9871,0.7547,0.887725,letter,32
S+,S+,X-,X-,24,49,1048,0.9863,0.9057,1,letter,32
F+,F+,A,A,20,43,58,0.9862,1.9913,0.760792,letter,32
N+,N+,A+,A+,24,50,2184,0.9862,0.9358,0.887725,letter,32
S-,S-,Q,Q,23,49,1052,0.9861,0.9699,0.77545,letter,32
E+,E+,A,A,24,50,1473,0.9857,0.9285,0.887725,letter,32
M,M,A-,A-,22,49,2314,0.9856,1.1315,0.568172,letter,32
N,N,E-,E-,23,49,1114,0.9852,0.9535,0.77545,letter,32
L,L,X,X,23,47,216,0.9851,1.2259,1,letter,32
B,B,B,B,21,49,1011,0.9847,1.2232,0.391603,letter,32
K,K,O,O,24,48,649,0.9845,0.6807,1,letter,32
B,B,F,F,24,49,678,0.9845,0.8443,1,letter,32
M,M,T+,T+,21,49,1966,0.9835,1.1657,0.391603,letter,32
M,M,S,S,23,49,2208,0.9834,1.0354,0.77545,letter,32
O+,O+,A,A,23,49,1519,0.9834,1.1796,0.77545,letter,32
E+,E+,A-,A-,24,49,1199,0.9833,0.8049,1,letter,32
M,M,N,N,23,50,2172,0.9826,1.0205,0.671811,letter,32
K,K,X-,X-,22,49,465,0.9825,0.8070,0.568172,letter,32
S+,S+,B,B,24,49,1331,0.9824,0.8367,1,letter,32
T,T,S+,S+,23,49,1839,0.9821,1.0331,0.77545,letter,32
B,B,O,O,23,49,1175,0.9820,1.0230,0.77545,letter,32
B-,B-,S-,S-,24,49,183,0.9819,0.8876,1,letter,32
I-,I-,A,A,23,49,706,0.9814,1.4326,0.77545,letter,32
S+,S+,A-,A-,22,49,1855,0.9814,0.6011,0.568172,letter,32
M,M,T,T,23,50,2118,0.9813,1.0445,0.671811,letter,32
O,O,B-,B-,24,49,309,0.9807,0.9556,1,letter,32
A-,A-,E,E,22,49,350,0.9804,0.8768,0.568172,letter,32
B,B,E,E,24,49,228,0.9800,1.2214,1,letter,32
X+,X+,S+,S+,24,50,1966,0.9799,0.8985,0.887725,letter,32
G,G,S+,S+,23,49,764,0.9793,1.5329,0.77545,letter,32
B,B,A+,A+,24,49,1667,0.9791,1.0939,1,letter,32
T+,T+,G,G,24,49,494,0.9788,0.4089,1,letter,32
Z,Z,T,T,24,50,2040,0.9786,1.0412,0.887725,letter,32
X+,X+,E+,E+,22,49,1356,0.9785,0.6554,0.568172,letter,32
S-,S-,O+,O+,24,49,424,0.9784,1.0180,1,letter,32
N+,N+,Q,Q,22,50,2017,0.9783,0.8716,0.479888,letter,32
L-,L-,I-,I-,24,49,171,0.9783,1.7441,1,letter,32
T-,T-,S,S,23,49,861,0.9781,0.8644,0.77545,letter,32
Q,Q,P,P,23,49,445,0.9780,0.7280,0.77545,letter,32
A,A,O,O,21,49,2092,0.9778,0.7618,0.391603,letter,32
A,A,K,K,23,49,1338,0.9773,0.9001,0.77545,letter,32
K,K,G,G,23,49,231,0.9771,0.5972,0.77545,letter,32
H,H,A-,A-,22,49,664,0.9769,1.1309,0.568172,letter,32
L+,L+,K,K,21,46,89,0.9766,1.5146,0.658738,letter,32
T+,T+,O,O,24,49,1391,0.9764,0.4526,1,letter,32
X,X,L-,L-,23,49,396,0.9764,0.2834,0.77545,letter,32
N,N,A-,A-,23,49,1874,0.9760,1.1118,0.77545,letter,32
A,A,M,M,18,50,2502,0.9754,0.7274,0.0649086,letter,32
S,S,Q,Q,20,50,1757,0.9748,1.2009,0.202639,letter,32
S+,S+,S,S,23,49,1556,0.9748,0.6221,0.77545,letter,32
N+,N+,O-,O-,20,47,261,0.9747,0.6889,0.381693,letter,32
X-,X-,T-,T-,24,49,364,0.9745,0.4293,1,letter,32
N-,N-,S-,S-,23,48,227,0.9740,0.6233,0.885433,letter,32
T,T,S,S,23,49,1606,0.9733,0.8657,0.77545,letter,32
T,T,E-,E-,22,50,1118,0.9733,0.7647,0.479888,letter,32
A+,A+,Z,Z,21,50,2446,0.9721,1.0030,0.322236,letter,32
B,B,Q,Q,24,49,1533,0.9721,1.0504,1,letter,32
I-,I-,X,X,24,49,514,0.9719,1.7911,1,letter,32
N+,N+,X,X,23,50,1785,0.9718,0.9796,0.671811,letter,32
B,B,I,I,24,49,773,0.9715,0.9151,1,letter,32
A,A,S-,S-,19,49,1372,0.9715,0.6518,0.152408,letter,32
O+,O+,K,K,23,49,451,0.9714,1.1153,0.77545,letter,32
S+,S+,Y,Y,22,48,1208,0.9708,0.5850,0.665466,letter,32
G,G,T-,T-,24,49,401,0.9707,1.4732,1,letter,32
A,A,Q,Q,18,50,2304,0.9707,0.8567,0.0649086,letter,32
F,F,G-,G-,23,47,283,0.9701,0.9349,1,letter,32
X+,X+,T+,T+,22,49,1641,0.9700,0.8401,0.568172,letter,32
S-,S-,X,X,23,49,898,0.9697,0.9801,0.77545,letter,32
A-,A-,A,A,19,49,2267,0.9695,0.7704,0.152408,letter,32
N,N,M,M,20,49,2140,0.9695,0.8664,0.25287,letter,32
T+,T+,H,H,24,48,477,0.9695,0.5360,1,letter,32
A-,A-,T,T,23,49,1793,0.9688,0.6674,0.77545,letter,32
T-,T-,G+,G+,20,40,27,0.9678,0.7568,1,letter,32
M,M,F,F,20,49,1235,0.9675,0.8285,0.25287,letter,32
B,B,W,W,24,48,215,0.9674,0.9119,1,letter,32
N+,N+,F,F,24,49,737,0.9673,0.7422,1,letter,32
Q,Q,O,O,22,49,1929,0.9672,0.9046,0.568172,letter,32
T,T,T,T,23,49,1513,0.9671,0.8221,0.77545,letter,32
Q,Q,T-,T-,23,49,1323,0.9669,0.8177,0.77545,letter,32
P,P,N-,N-,21,45,63,0.9669,0.8446,0.765992,letter,32
G+,G+,B,B,17,34,13,0.9668,0.4643,1,letter,32
A-,A-,E-,E-,23,49,1349,0.9661,0.6985,0.77545,letter,32
L-,L-,X,X,20,49,563,0.9657,2.2561,0.25287,letter,32
I,I,S+,S+,23,49,1215,0.9652,1.2207,0.77545,letter,32
A+,A+,M,M,14,49,2447,0.9651,0.9015,0.00380165,letter,32
G,G,N+,N+,22,49,617,0.9651,1.4208,0.568172,letter,32
A,A,I+,I+,21,44,86,0.9649,0.5889,0.880396,letter,32
X-,X-,X,X,22,49,833,0.9647,0.5514,0.568172,letter,32
S,S,X+,X+,21,50,1596,0.9644,1.1950,0.322236,letter,32
L+,L+,O,O,21,44,84,0.9644,1.6405,0.880396,letter,32
H,H,O+,O+,23,49,246,0.9643,0.9650,0.77545,letter,32
P,P,Z,Z,23,49,290,0.9643,0.9115,0.77545,letter,32
K,K,S+,S+,21,49,871,0.9638,0.7036,0.391603,letter,32
T-,T-,A+,A+,19,49,1395,0.9623,0.9578,0.152408,letter,32
T+,T+,A,A,18,49,1947,0.9617,0.5440,0.0854331,letter,32
S+,S+,H,H,23,49,593,0.9617,0.5770,0.77545,letter,32
G+,G+,O,O,15,33,11,0.9615,0.2009,0.728332,letter,32
C,C,Y,Y,23,48,333,0.9611,0.7883,0.885433,letter,32
O,O,X-,X-,23,48,920,0.9610,1.1486,0.885433,letter,32
T+,T+,I,I,23,48,898,0.9604,0.4959,0.885433,letter,32
E-,E-,X,X,22,49,1224,0.9603,1.3180,0.568172,letter,32
B,B,M,M,19,49,1707,0.9603,0.9193,0.152408,letter,32
A,A,N,N,20,50,2169,0.9601,0.7383,0.202639,letter,32
N-,N-,B,B,21,49,437,0.9595,0.9344,0.391603,letter,32
X+,X+,Q,Q,20,50,2034,0.9591,0.8466,0.202639,letter,32
S,S,W-,W-,20,40,17,0.9591,0.8716,1,letter,32
M,M,B,B,17,49,1807,0.9590,1.1070,0.0443842,letter,32
S-,S-,X+,X+,22,49,879,0.9590,1.0106,0.568172,letter,32
E+,E+,G,G,24,49,285,0.9590,0.6144,1,letter,32
T+,T+,X,X,23,49,1670,0.9586,0.4949,0.77545,letter,32
X-,X-,S+,S+,23,49,819,0.9581,0.4721,0.77545,letter,32
N,N,P,P,23,49,241,0.9569,0.9074,0.77545,letter,32
A,A,A+,A+,19,50,2448,0.9564,0.8069,0.11892,letter,32
M,M,S-,S-,22,49,1460,0.9559,0.8663,0.568172,letter,32
S-,S-,A,A,21,49,1258,0.9559,1.0102,0.391603,letter,32
A+,A+,N-,N-,20,49,1079,0.9558,0.8922,0.25287,letter,32
L-,L-,G-,G-,24,48,218,0.9557,1.4298,1,letter,32
T,T,X+,X+,22,50,1755,0.9556,0.9227,0.479888,letter,32
H,H,S,S,23,49,566,0.9554,0.9804,0.77545,letter,32
S,S,L+,L+,23,49,129,0.9553,0.6358,0.77545,letter,32
S+,S+,G-,G-,23,49,475,0.9550,0.4752,0.77545,letter,32
O,O,M,M,20,49,1916,0.9547,0.8537,0.25287,letter,32
B,B,T,T,22,49,1179,0.9539,0.9749,0.568172,letter,32
A-,A-,O+,O+,20,49,1168,0.9534,0.5512,0.25287,letter,32
O,O,H,H,23,49,473,0.9534,0.8605,0.77545,letter,32
X,X,M,M,22,49,2047,0.9532,0.5433,0.568172,letter,32
H,H,K,K,22,48,310,0.9531,1.0511,0.665466,letter,32
A,A,T-,T-,21,49,1435,0.9529,0.7292,0.391603,letter,32
E+,E+,K,K,22,49,502,0.9528,0.7453,0.568172,letter,32
A+,A+,N,N,18,49,2124,0.9522,0.9422,0.0854331,letter,32
X-,X-,L-,L-,23,49,124,0.9520,0.1918,0.77545,letter,32
A+,A+,X,X,17,50,2151,0.9519,1.1317,0.0328391,letter,32
A-,A-,N+,N+,22,49,1861,0.9515,0.6031,0.568172,letter,32
G-,G-,M,M,23,49,737,0.9515,0.7650,0.77545,letter,32
N,N,S,S,20,49,1635,0.9508,0.8595,0.25287,letter,32
A-,A-,L-,L-,24,49,461,0.9507,0.3319,1,letter,32
S+,S+,N,N,19,49,1685,0.9507,0.5221,0.152408,letter,32
F,F,A,A,19,49,1110,0.9507,1.1224,0.152408,letter,32
X+,X+,E-,E-,22,49,1330,0.9502,0.7254,0.568172,letter,32
Z,Z,P,P,22,49,432,0.9494,1.0143,0.568172,letter,32
A-,A-,L,L,24,49,418,0.9492,0.8065,1,letter,32
N+,N+,A-,A-,20,49,1901,0.9490,0.8492,0.25287,letter,32
G,G,K,K,23,49,326,0.9478,1.7005,0.77545,letter,32
O+,O+,M,M,20,49,1519,0.9472,0.8894,0.25287,letter,32
X+,X+,L-,L-,23,49,427,0.9467,0.4508,0.77545,letter,32
O-,O-,Z,Z,24,49,311,0.9467,0.8562,1,letter,32
S-,S-,I,I,23,49,453,0.9465,0.6837,0.77545,letter,32
N-,N-,O+,O+,22,47,212,0.9462,0.5962,0.770867,letter,32
F+,F+,X,X,19,42,38,0.9449,2.0334,0.643969,letter,32
X,X,N,N,22,49,1604,0.9443,0.5256,0.568172,letter,32
A,A,X,X,17,50,2162,0.9439,0.9007,0.0328391,letter,32
G-,G-,X+,X+,24,49,519,0.9436,0.9647,1,letter,32
O+,O+,S-,S-,20,49,546,0.9436,0.8437,0.25287,letter,32
P,P,E,E,21,45,32,0.9435,0.7305,0.765992,letter,32
A-,A-,Q,Q,15,49,2088,0.9431,0.7319,0.00939924,letter,32
A,A,S+,S+,19,50,2304,0.9428,0.8956,0.11892,letter,32
F+,F+,A+,A+,20,43,51,0.9428,1.7618,0.760792,letter,32
X,X,O+,O+,21,49,914,0.9427,0.5435,0.391603,letter,32
G,G,A+,A+,20,49,945,0.9425,1.3464,0.25287,letter,32
S,S,A-,A-,20,49,1716,0.9421,1.1028,0.25287,letter,32
O+,O+,G,G,22,49,284,0.9421,0.6833,0.568172,letter,32
A,A,N+,N+,17,50,2277,0.9418,0.6993,0.0328391,letter,32
A,A,B,B,19,49,1795,0.9415,0.8527,0.152408,letter,32
K,K,T-,T-,24,49,402,0.9413,0.5995,1,letter,32
Y,Y,N,N,21,48,1223,0.9412,0.7788,0.470879,letter,32
N,N,N,N,21,49,1619,0.9411,0.7505,0.391603,letter,32
A,A,S,S,15,50,2195,0.9407,0.6774,0.00660045,letter,32
Z,Z,B+,B+,19,40,60,0.9406,0.2262,0.874629,letter,32
X+,X+,N+,N+,20,50,1833,0.9400,0.7240,0.202639,letter,32
E-,E-,I-,I-,22,48,244,0.9396,1.0131,0.665466,letter,32
X+,X+,G-,G-,22,49,518,0.9396,0.6558,0.568172,letter,32
L-,L-,E+,E+,22,49,315,0.9394,1.6593,0.568172,letter,32
M,M,I+,I+,21,42,91,0.9390,0.8477,1,letter,32
B,B,S-,S-,24,49,662,0.9388,0.8397,1,letter,32
Q,Q,C,C,19,49,734,0.9387,0.7069,0.152408,letter,32
L+,L+,A,A,22,47,173,0.9385,1.3461,0.770867,letter,32
B,B,N,N,22,49,1225,0.9371,0.7946,0.568172,letter,32
X+,X+,N,N,20,49,1801,0.9365,0.6004,0.25287,letter,32
S-,S-,T+,T+,21,49,658,0.9364,0.9554,0.391603,letter,32
N,N,Q,Q,14,49,1935,0.9359,1.0733,0.00380165,letter,32
G,G,P,P,22,49,103,0.9358,1.0390,0.568172,letter,32
I,I,A+,A+,15,49,1521,0.9350,1.0941,0.00939924,letter,32
A+,A+,N+,N+,20,50,2214,0.9348,0.9443,0.202639,letter,32
A,A,B-,B-,18,50,538,0.9348,0.6452,0.0649086,letter,32
S,S,O+,O+,19,49,784,0.9345,1.0024,0.152408,letter,32
X,X,A,A,16,50,2049,0.9344,0.6236,0.0153467,letter,32
A-,A-,G,G,23,49,668,0.9343,0.5978,0.77545,letter,32
N-,N-,A-,A-,22,49,663,0.9334,0.8193,0.568172,letter,32
T-,T-,H,H,22,49,388,0.9333,0.8293,0.568172,letter,32
I,I,I-,I-,23,49,220,0.9331,0.8698,0.77545,letter,32
B,B,F-,F-,16,33,18,0.9331,0.0311,1,letter,32
T+,T+,X+,X+,18,49,1641,0.9327,0.5442,0.0854331,letter,32
F-,F-,A+,A+,17,36,43,0.9324,1.1527,0.867939,letter,32
A-,A-,N,N,20,49,1853,0.9317,0.6168,0.25287,letter,32
S-,S-,N,N,21,48,765,0.9312,0.8383,0.470879,letter,32
A,A,H,H,19,49,995,0.9306,0.7348,0.152408,letter,32
S+,S+,L-,L-,21,49,376,0.9301,0.2667,0.391603,letter,32
X,X,T-,T-,19,49,987,0.9293,0.5449,0.152408,letter,32
T-,T-,F,F,21,49,347,0.9291,0.7325,0.391603,letter,32
Y,Y,X-,X-,21,48,674,0.9290,1.3054,0.470879,letter,32
T+,T+,W,W,22,49,160,0.9284,0.4321,0.568172,letter,32
B-,B-,O+,O+,23,49,132,0.9284,0.7439,0.77545,letter,32
Y,Y,X,X,19,48,1077,0.9278,0.9469,0.193413,letter,32
T,T,T+,T+,23,49,1544,0.9274,1.0032,0.77545,letter,32
F+,F+,S,S,18,39,32,0.9265,1.1274,0.749259,letter,32
Z,Z,A,A,13,50,2490,0.9265,0.9839,0.000936223,letter,32
L,L,X-,X-,22,45,88,0.9261,1.4632,1,letter,32
Z,Z,N+,N+,15,50,2194,0.9261,1.0255,0.00660045,letter,32
O,O,O,O,20,49,1246,0.9258,0.8013,0.25287,letter,32
Y,Y,N+,N+,18,48,1206,0.9255,0.9220,0.111403,letter,32
B+,B+,T-,T-,18,37,13,0.9255,0.4521,1,letter,32
E-,E-,S,S,23,49,962,0.9253,0.8583,0.77545,letter,32
N-,N-,M,M,20,49,940,0.9250,0.5885,0.25287,letter,32
E-,E-,E+,E+,20,49,763,0.9248,0.8897,0.25287,letter,32
Z,Z,G+,G+,20,42,83,0.9245,1.0622,0.877614,letter,32
H,H,S-,S-,22,49,232,0.9244,0.9069,0.568172,letter,32
E-,E-,B,B,16,49,925,0.9244,1.1755,0.0212941,letter,32
S+,S+,E+,E+,24,49,1152,0.9244,0.5599,1,letter,32
S,S,O,O,18,49,1362,0.9239,1.0166,0.0854331,letter,32
Y,Y,P,P,19,46,139,0.9236,0.9615,0.301996,letter,32
S+,S+,N-,N-,23,49,651,0.9229,0.6018,0.77545,letter,32
X,X,B,B,20,49,1349,0.9223,0.6197,0.25287,letter,32
S,S,T+,T+,21,49,1296,0.9220,1.2507,0.391603,letter,32
Q,Q,B,B,21,49,1625,0.9219,0.9846,0.391603,letter,32
I,I,A,A,17,49,1557,0.9218,1.0519,0.0443842,letter,32
N,N,N+,N+,20,49,1682,0.9218,0.8888,0.25287,letter,32
E+,E+,P,P,20,48,195,0.9213,0.7201,0.312327,letter,32
A+,A+,T,T,16,50,2087,0.9211,0.9215,0.0153467,letter,32
I-,I-,N,N,22,48,396,0.9211,1.2286,0.665466,letter,32
Z,Z,Z,Z,6,50,2384,0.9208,0.9936,3.24374e-08,letter,32
E,E,Y,Y,22,46,134,0.9206,0.4801,0.882996,letter,32
T-,T-,G,G,22,49,341,0.9205,0.7282,0.568172,letter,32
A+,A+,K,K,20,49,1326,0.9205,1.0772,0.25287,letter,32
X+,X+,Y,Y,21,49,1324,0.9201,0.8136,0.391603,letter,32
N,N,F,F,23,49,723,0.9199,1.0706,0.77545,letter,32
O+,O+,H,H,24,49,320,0.9198,0.8926,1,letter,32
L-,L-,N+,N+,17,49,450,0.9196,1.5593,0.0443842,letter,32
M,M,M,M,1,49,2462,0.9194,0.8644,1.77636e-13,letter,32
E+,E+,T+,T+,22,49,886,0.9190,0.7351,0.568172,letter,32
A+,A+,L,L,21,48,572,0.9188,0.9143,0.470879,letter,32
I,I,Z,Z,22,49,1522,0.9179,1.1930,0.568172,letter,32
F,F,F,F,20,49,430,0.9178,0.8296,0.25287,letter,32
X+,X+,G,G,23,49,694,0.9177,0.6065,0.77545,letter,32
B-,B-,S+,S+,23,49,344,0.9172,1.1273,0.77545,letter,32
G-,G-,Q,Q,20,49,632,0.9172,0.9291,0.25287,letter,32
S,S,G-,G-,20,49,410,0.9171,0.9095,0.25287,letter,32
H,H,T+,T+,22,48,471,0.9157,1.1443,0.665466,letter,32
Q,Q,F,F,18,49,1085,0.9153,0.6772,0.0854331,letter,32
B,B,X,X,20,49,1386,0.9151,1.1868,0.25287,letter,32
S,S,E-,E-,21,49,958,0.9146,1.0003,0.391603,letter,32
O+,O+,S+,S+,18,49,1141,0.9145,1.2635,0.0854331,letter,32
T,T,A,A,21,50,2065,0.9145,0.9607,0.322236,letter,32
L+,L+,T,T,22,45,69,0.9144,1.1318,1,letter,32
Y,Y,T-,T-,21,48,519,0.9136,0.8939,0.470879,letter,32
O+,O+,T-,T-,22,49,538,0.9134,1.0122,0.568172,letter,32
P,P,P,P,23,47,46,0.9132,0.6445,1,letter,32
T,T,Z,Z,14,50,2006,0.9128,0.8360,0.00260217,letter,32
N+,N+,M,M,15,50,2273,0.9127,0.6856,0.00660045,letter,32
S,S,N-,N-,21,49,568,0.9121,1.1132,0.391603,letter,32
P,P,N,N,22,49,200,0.9119,0.7059,0.568172,letter,32
F,F,C,C,22,49,233,0.9116,0.8599,0.568172,letter,32
S-,S-,S+,S+,21,49,916,0.9115,0.8658,0.391603,letter,32
N,N,A,A,12,49,2154,0.9110,0.9745,0.000469757,letter,32
X+,X+,H,H,23,49,704,0.9107,0.6814,0.77545,letter,32
P,P,S+,S+,20,49,248,0.9106,0.8586,0.25287,letter,32
C,C,E-,E-,21,48,352,0.9106,0.5702,0.470879,letter,32
X-,X-,N+,N+,16,48,666,0.9098,0.4012,0.0293049,letter,32
S,S,S+,S+,18,49,1654,0.9094,1.2684,0.0854331,letter,32
B,B,L+,L+,21,48,100,0.9091,0.7222,0.470879,letter,32
O,O,G-,G-,22,48,375,0.9089,0.5864,0.665466,letter,32
K,K,H,H,23,48,278,0.9082,0.6282,0.885433,letter,32
O-,O-,T+,T+,22,46,120,0.9078,0.6964,0.882996,letter,32
N+,N+,L-,L-,21,49,288,0.9072,0.4152,0.391603,letter,32
B,B,G-,G-,22,48,409,0.9065,0.7603,0.665466,letter,32
Z,Z,N,N,12,50,2144,0.9065,0.9027,0.000305864,letter,32
O,O,S,S,20,49,1332,0.9063,0.8410,0.25287,letter,32
M,M,E-,E-,14,50,1695,0.9061,0.8220,0.00260217,letter,32
N-,N-,S+,S+,17,49,626,0.9061,0.7503,0.0443842,letter,32
Q,Q,S-,S-,15,49,1248,0.9056,0.6748,0.00939924,letter,32
T,T,P,P,20,48,240,0.9053,0.7529,0.312327,letter,32
A,A,A-,A-,13,50,2319,0.9052,0.8054,0.000936223,letter,32
X,X,F,F,21,49,819,0.9050,0.5283,0.391603,letter,32
G,G,N,N,20,49,566,0.9050,1.2335,0.25287,letter,32
A,A,A,A,9,50,2475,0.9044,0.7870,5.6141e-06,letter,32
B-,B-,T,T,22,49,215,0.9041,0.9906,0.568172,letter,32
P,P,T-,T-,21,49,120,0.9037,0.6822,0.391603,letter,32
G,G,G-,G-,21,48,167,0.9034,1.0828,0.470879,letter,32
F-,F-,X+,X+,15,32,35,0.9026,0.9521,0.86005,letter,32
G-,G-,S,S,19,49,373,0.9024,0.7418,0.152408,letter,32
B,B,Z,Z,15,49,1631,0.9023,0.9426,0.00939924,letter,32
X,X,O,O,19,50,1578,0.9021,0.5938,0.11892,letter,32
X,X,E,E,24,49,388,0.9009,0.7245,1,letter,32
G-,G-,O-,O-,23,47,65,0.9008,1.0531,1,letter,32
S-,S-,B,B,18,49,640,0.9007,0.9937,0.0854331,letter,32
N+,N+,X-,X-,18,48,1063,0.8999,1.0147,0.111403,letter,32
Q,Q,L,L,21,48,490,0.8999,0.8803,0.470879,letter,32
O-,O-,N,N,21,48,171,0.8998,0.7477,0.470879,letter,32
O+,O+,N+,N+,21,49,1107,0.8989,0.9328,0.391603,letter,32
X+,X+,O,O,21,50,1732,0.8976,0.6934,0.322236,letter,32
B,B,X-,X-,23,49,817,0.8975,1.4202,0.77545,letter,32
O,O,N+,N+,14,48,1445,0.8975,0.7638,0.0055152,letter,32
L,L,E+,E+,23,47,120,0.8969,0.9179,1,letter,32
S+,S+,Q,Q,17,49,1976,0.8965,0.6275,0.0443842,letter,32
A+,A+,X-,X-,15,50,1613,0.8965,1.2756,0.00660045,letter,32
S+,S+,T-,T-,19,49,933,0.8962,0.5338,0.152408,letter,32
X+,X+,Z,Z,19,50,2201,0.8957,0.8252,0.11892,letter,32
G-,G-,O,O,21,48,440,0.8956,0.7595,0.470879,letter,32
N,N,L,L,21,48,364,0.8950,0.8024,0.470879,letter,32
B-,B-,Y,Y,21,47,121,0.8949,0.8012,0.560065,letter,32
G,G,I,I,18,49,444,0.8948,1.0371,0.0854331,letter,32
H,H,G,G,21,49,197,0.8947,0.8042,0.391603,letter,32
M,M,E,E,18,49,540,0.8941,1.1917,0.0854331,letter,32
G,G,T+,T+,19,49,600,0.8934,1.3452,0.152408,letter,32
B,B,S+,S+,14,49,1404,0.8933,1.0246,0.00380165,letter,32
O-,O-,B-,B-,23,47,65,0.8931,0.8571,1,letter,32
T+,T+,N+,N+,14,49,1478,0.8931,0.4634,0.00380165,letter,32
H,H,F,F,21,48,236,0.8928,0.7575,0.470879,letter,32
I-,I-,T,T,19,48,401,0.8923,1.0408,0.193413,letter,32
L-,L-,E-,E-,20,49,436,0.8922,1.3295,0.25287,letter,32
E-,E-,A-,A-,17,49,1250,0.8921,0.9709,0.0443842,letter,32
A+,A+,A+,A+,8,50,2367,0.8918,0.9501,1.16356e-06,letter,32
E+,E+,X,X,16,50,1188,0.8913,0.9150,0.0153467,letter,32
A,A,E+,E+,12,49,1680,0.8899,0.6639,0.000469757,letter,32
N-,N-,F,F,23,49,219,0.8892,0.6009,0.77545,letter,32
F,F,I-,I-,21,46,163,0.8886,0.7903,0.658738,letter,32
A-,A-,S+,S+,16,49,1984,0.8883,0.7045,0.0212941,letter,32
E-,E-,G+,G+,16,35,29,0.8880,0.8259,0.735879,letter,32
G-,G-,N+,N+,18,49,447,0.8879,0.7559,0.0854331,letter,32
S+,S+,X,X,17,49,1797,0.8874,0.6066,0.0443842,letter,32
L+,L+,A+,A+,21,47,171,0.8869,1.0601,0.560065,letter,32
Q,Q,S,S,18,50,1937,0.8866,0.6902,0.0649086,letter,32
T-,T-,M,M,16,49,1412,0.8865,0.7599,0.0212941,letter,32
C,C,O-,O-,20,45,45,0.8860,0.7754,0.551484,letter,32
B,B,L,L,21,48,331,0.8856,1.0925,0.470879,letter,32
N+,N+,N,N,14,50,1720,0.8853,0.6882,0.00260217,letter,32
B,B,T+,T+,17,49,1135,0.8853,1.0129,0.0443842,letter,32
L,L,Y,Y,22,48,74,0.8850,0.7648,0.665466,letter,32
N-,N-,S,S,20,49,470,0.8848,0.6214,0.25287,letter,32
I,I,A-,A-,18,49,1210,0.8847,0.9935,0.0854331,letter,32
W,W,Z,Z,22,49,289,0.8843,0.6983,0.568172,letter,32
O,O,I,I,19,48,855,0.8842,0.6470,0.193413,letter,32
A-,A-,B-,B-,23,49,389,0.8839,0.6634,0.77545,letter,32
S+,S+,A+,A+,12,49,2143,0.8838,0.5571,0.000469757,letter,32
N+,N+,T,T,16,50,1657,0.8834,0.7664,0.0153467,letter,32
I-,I-,S+,S+,21,49,486,0.8833,1.6910,0.391603,letter,32
A+,A+,Y,Y,16,49,1620,0.8826,0.8329,0.0212941,letter,32
N-,N-,X+,X+,18,48,590,0.8820,0.7005,0.111403,letter,32
W,W,H,H,22,47,57,0.8820,0.8151,0.770867,letter,32
S+,S+,I,I,20,49,1040,0.8816,0.5482,0.25287,letter,32
A-,A-,T-,T-,14,49,1106,0.8815,0.5393,0.00380165,letter,32
S,S,G,G,20,49,555,0.8797,0.7884,0.25287,letter,32
A+,A+,I+,I+,20,44,89,0.8793,0.4860,0.651588,letter,32
T,T,X-,X-,13,48,1089,0.8792,0.9528,0.00208811,letter,32
B,B,N+,N+,15,49,1240,0.8791,0.9022,0.00939924,letter,32
A+,A+,L-,L-,18,49,587,0.8789,0.4852,0.0854331,letter,32
F,F,S-,S-,20,48,409,0.8782,0.8160,0.312327,letter,32
O-,O-,X,X,21,47,197,0.8780,0.9488,0.560065,letter,32
T-,T-,Z,Z,14,49,1346,0.8775,0.7546,0.00380165,letter,32
G,G,Z,Z,14,49,884,0.8774,1.2131,0.00380165,letter,32
X+,X+,I,I,19,49,1202,0.8772,0.6190,0.152408,letter,32
A-,A-,O-,O-,20,48,266,0.8769,0.6142,0.312327,letter,32
N-,N-,A,A,14,49,926,0.8768,0.7005,0.00380165,letter,32
I,I,K,K,18,48,523,0.8761,0.9886,0.111403,letter,32
P,P,A,A,19,49,376,0.8760,0.8587,0.152408,letter,32
W,W,W,W,18,49,37,0.8758,0.7389,0.0854331,letter,32
L+,L+,T+,T+,22,45,81,0.8750,1.1061,1,letter,32
H,H,W,W,20,48,84,0.8742,0.8580,0.312327,letter,32
N+,N+,T+,T+,10,49,1500,0.8733,0.7279,3.84591e-05,letter,32
O+,O+,C,C,18,48,245,0.8732,0.7739,0.111403,letter,32
Y,Y,G-,G-,19,48,318,0.8723,0.7435,0.193413,letter,32
A+,A+,O,O,8,49,2081,0.8717,0.8056,1.96465e-06,letter,32
G,G,Y,Y,20,48,258,0.8712,1.1841,0.312327,letter,32
S-,S-,O,O,19,49,689,0.8708,0.8183,0.152408,letter,32
T-,T-,A-,A-,19,49,1166,0.8691,1.0019,0.152408,letter,32
P,P,K,K,19,49,129,0.8690,1.0618,0.152408,letter,32
S+,S+,O,O,19,49,1558,0.8689,0.5508,0.152408,letter,32
L+,L+,S+,S+,20,47,133,0.8684,1.2516,0.381693,letter,32
X,X,C,C,21,48,540,0.8682,0.5006,0.470879,letter,32
S-,S-,G,G,20,49,259,0.8681,0.6511,0.25287,letter,32
Q,Q,O+,O+,19,49,1289,0.8673,0.7038,0.152408,letter,32
X,X,X+,X+,17,50,1769,0.8669,0.6157,0.0328391,letter,32
O,O,B,B,17,49,1218,0.8667,0.9451,0.0443842,letter,32
E,E,S,S,16,48,329,0.8658,0.3758,0.0293049,letter,32
N-,N-,G-,G-,18,45,97,0.8656,0.5151,0.232693,letter,32
N-,N-,H,H,21,48,139,0.8649,0.6565,0.470879,letter,32
A-,A-,I,I,13,49,1157,0.8640,0.5531,0.00140269,letter,32
E-,E-,X-,X-,22,49,754,0.8639,1.2542,0.568172,letter,32
N-,N-,I,I,20,49,250,0.8638,0.6419,0.25287,letter,32
A+,A+,E,E,14,49,520,0.8632,1.0041,0.00380165,letter,32
A,A,X-,X-,14,50,1592,0.8632,0.9958,0.00260217,letter,32
A,A,C,C,18,49,783,0.8631,0.5644,0.0854331,letter,32
Y,Y,F,F,18,48,499,0.8629,0.7540,0.111403,letter,32
E-,E-,N-,N-,16,48,444,0.8628,0.9185,0.0293049,letter,32
W,W,S+,S+,18,47,201,0.8626,0.9470,0.143865,letter,32
C,C,B,B,18,49,439,0.8623,0.8230,0.0854331,letter,32
Q,Q,E+,E+,16,49,1563,0.8623,0.6929,0.0212941,letter,32
B+,B+,Z,Z,17,43,53,0.8621,1.2318,0.222053,letter,32
X+,X+,B,B,15,49,1489,0.8618,0.7331,0.00939924,letter,32
E,E,O,O,21,48,307,0.8617,0.4516,0.470879,letter,32
S,S,A+,A+,13,50,1976,0.8614,1.0323,0.000936223,letter,32
Q,Q,N-,N-,18,49,956,0.8614,0.7519,0.0854331,letter,32
L-,L-,H,H,17,47,214,0.8614,1.1655,0.0789407,letter,32
A+,A+,G+,G+,21,46,93,0.8607,1.0280,0.658738,letter,32
B,B,F+,F+,14,28,16,0.8599,0.0000,1,letter,32
T-,T-,N,N,17,49,937,0.8592,0.6742,0.0443842,letter,32
A+,A+,H,H,16,49,1037,0.8587,0.8257,0.0212941,letter,32
I-,I-,T+,T+,19,49,399,0.8580,1.3110,0.152408,letter,32
I,I,B,B,18,49,816,0.8562,1.0544,0.0854331,letter,32
O,O,E-,E-,16,49,1050,0.8557,0.6502,0.0212941,letter,32
B,B,N-,N-,18,49,518,0.8556,0.9267,0.0854331,letter,32
I,I,G-,G-,22,49,309,0.8551,0.6745,0.568172,letter,32
Z,Z,E,E,17,49,475,0.8548,1.2176,0.0443842,letter,32
S,S,N+,N+,13,50,1567,0.8547,0.9449,0.000936223,letter,32
T-,T-,I,I,16,49,651,0.8545,0.7448,0.0212941,letter,32
P,P,X+,X+,18,48,253,0.8544,0.7456,0.111403,letter,32
E+,E+,T,T,20,49,1061,0.8543,0.6958,0.25287,letter,32
G-,G-,B-,B-,21,49,121,0.8534,0.7165,0.391603,letter,32
T,T,G-,G-,18,48,406,0.8531,0.6121,0.111403,letter,32
E,E,N+,N+,21,48,286,0.8528,0.5650,0.470879,letter,32
K,K,L-,L-,22,48,184,0.8528,0.2803,0.665466,letter,32
G-,G-,S+,S+,17,49,545,0.8528,0.8571,0.0443842,letter,32
C,C,O,O,21,49,538,0.8524,0.8671,0.391603,letter,32
G-,G-,A,A,17,49,745,0.8522,0.7806,0.0443842,letter,32
W,W,X+,X+,22,48,201,0.8522,0.8517,0.665466,letter,32
B+,B+,X,X,19,39,47,0.8513,1.4756,1,letter,32
T-,T-,T,T,17,49,977,0.8508,0.7370,0.0443842,letter,32
N,N,T+,T+,17,49,1474,0.8508,1.0193,0.0443842,letter,32
A+,A+,E+,E+,11,49,1690,0.8492,0.7756,0.000141971,letter,32
T-,T-,W,W,20,46,99,0.8486,0.6899,0.461391,letter,32
S+,S+,E,E,20,49,321,0.8474,0.6008,0.25287,letter,32
I+,I+,Z,Z,17,38,33,0.8472,0.3015,0.627103,letter,32
P,P,T,T,20,48,180,0.8469,0.5810,0.312327,letter,32
X-,X-,Z,Z,18,49,1028,0.8465,0.3688,0.0854331,letter,32
Y,Y,Z,Z,11,48,1493,0.8465,0.6960,0.000222245,letter,32
X-,X-,G-,G-,23,48,156,0.8458,0.2497,0.885433,letter,32
I-,I-,S,S,22,49,389,0.8454,1.1868,0.568172,letter,32
A+,A+,X+,X+,7,50,2218,0.8450,0.9005,2.09868e-07,letter,32
L,L,O+,O+,21,48,91,0.8449,0.9304,0.470879,letter,32
E+,E+,T-,T-,23,49,449,0.8443,0.7015,0.77545,letter,32
N+,N+,C,C,19,49,444,0.8436,0.6340,0.152408,letter,32
Z,Z,S,S,12,50,2187,0.8436,0.8666,0.000305864,letter,32
S-,S-,K,K,22,49,389,0.8436,0.9583,0.568172,letter,32
G-,G-,A-,A-,17,49,574,0.8429,0.7861,0.0443842,letter,32
Y,Y,I+,I+,13,26,29,0.8423,1.2561,1,letter,32
Q,Q,O-,O-,21,48,346,0.8419,0.6310,0.470879,letter,32
N,N,I-,I-,22,48,279,0.8416,0.9941,0.665466,letter,32
A,A,L+,L+,19,49,165,0.8415,0.4156,0.152408,letter,32
G-,G-,X-,X-,18,48,343,0.8414,1.1202,0.111403,letter,32
H,H,A,A,18,49,895,0.8408,1.0690,0.0854331,letter,32
O-,O-,A+,A+,19,48,300,0.8402,0.6061,0.193413,letter,32
E+,E+,S+,S+,15,50,1163,0.8400,0.8331,0.00660045,letter,32
M,M,W,W,18,49,417,0.8399,0.8155,0.0854331,letter,32
N+,N+,I,I,18,49,1102,0.8396,0.6534,0.0854331,letter,32
T,T,O-,O-,18,46,218,0.8396,0.6941,0.183925,letter,32
X-,X-,M,M,18,49,1092,0.8394,0.3364,0.0854331,letter,32
O,O,A,A,11,49,1954,0.8391,0.8417,0.000141971,letter,32
O+,O+,L+,L+,18,39,43,0.8390,0.9188,0.749259,letter,32
A+,A+,S-,S-,15,49,1427,0.8384,0.7737,0.00939924,letter,32
A+,A+,T-,T-,12,49,1426,0.8382,0.8331,0.000469757,letter,32
F+,F+,E-,E-,17,37,39,0.8377,1.3516,0.742829,letter,32
L,L,T+,T+,18,48,140,0.8374,0.9996,0.111403,letter,32
B+,B+,I,I,17,37,30,0.8372,0.9195,0.742829,letter,32
H,H,N+,N+,18,49,530,0.8369,0.9466,0.0854331,letter,32
C,C,K,K,20,47,235,0.8361,0.7501,0.381693,letter,32
N-,N-,N,N,20,49,534,0.8359,0.5449,0.25287,letter,32
B,B,A,A,10,49,1693,0.8354,0.9832,3.84591e-05,letter,32
O,O,P,P,20,48,248,0.8352,0.6731,0.312327,letter,32
E-,E-,T,T,18,49,998,0.8350,0.8292,0.0854331,letter,32
A,A,W,W,19,48,399,0.8350,0.6480,0.193413,letter,32
M,M,I-,I-,15,49,664,0.8349,0.8522,0.00939924,letter,32
T,T,B,B,17,49,1236,0.8346,0.7753,0.0443842,letter,32
O,O,T-,T-,21,49,756,0.8345,0.7548,0.391603,letter,32
S,S,L,L,21,49,301,0.8334,1.0937,0.391603,letter,32
W,W,A+,A+,19,48,290,0.8330,0.8412,0.193413,letter,32
Q,Q,L-,L-,20,49,526,0.8329,0.4700,0.25287,letter,32
H,H,E+,E+,16,48,320,0.8316,0.8679,0.0293049,letter,32
I+,I+,S+,S+,17,38,24,0.8316,0.3741,0.627103,letter,32
B,B,E-,E-,14,49,926,0.8316,0.8560,0.00380165,letter,32
S,S,B,B,20,49,1103,0.8312,1.1068,0.25287,letter,32
Y,Y,K,K,17,48,425,0.8311,0.7990,0.0594634,letter,32
O,O,A-,A-,15,49,1642,0.8310,0.7830,0.00939924,letter,32
C,C,W,W,21,44,41,0.8292,0.6032,0.880396,letter,32
X,X,S,S,16,50,1538,0.8285,0.5209,0.0153467,letter,32
I,I,Y,Y,19,49,610,0.8282,0.7724,0.152408,letter,32
I-,I-,P,P,22,49,74,0.8262,0.9499,0.568172,letter,32
Z,Z,S-,S-,15,49,1390,0.8261,0.7696,0.00939924,letter,32
X+,X+,X-,X-,19,49,1257,0.8259,1.0412,0.152408,letter,32
I,I,C,C,18,48,285,0.8255,0.8683,0.111403,letter,32
E-,E-,Z,Z,14,49,1406,0.8255,0.7595,0.00380165,letter,32
I-,I-,M,M,18,49,717,0.8247,1.0797,0.0854331,letter,32
B,B,P,P,19,49,255,0.8243,0.8056,0.152408,letter,32
C,C,N+,N+,18,48,528,0.8238,0.6622,0.111403,letter,32
C,C,Z,Z,13,48,793,0.8236,0.7161,0.00208811,letter,32
B,B,C,C,15,49,350,0.8236,0.7245,0.00939924,letter,32
H,H,X-,X-,17,48,296,0.8236,1.3050,0.0594634,letter,32
G,G,G,G,13,49,248,0.8225,0.8820,0.00140269,letter,32
L-,L-,T,T,19,48,433,0.8222,1.5231,0.193413,letter,32
S,S,H,H,19,49,604,0.8221,0.8328,0.152408,letter,32
G,G,B-,B-,23,49,174,0.8215,1.2814,0.77545,letter,32
T,T,H,H,20,49,566,0.8208,0.7020,0.25287,letter,32
Z,Z,L,L,23,49,529,0.8206,0.9537,0.77545,letter,32
Y,Y,S,S,19,48,967,0.8205,0.6604,0.193413,letter,32
X,X,G,G,20,49,620,0.8203,0.5397,0.25287,letter,32
X+,X+,P,P,21,48,325,0.8200,0.5026,0.470879,letter,32
L,L,Z,Z,22,48,268,0.8195,1.0044,0.665466,letter,32
T,T,Y,Y,16,49,1390,0.8193,0.6086,0.0212941,letter,32
A,A,G-,G-,11,49,720,0.8191,0.5230,0.000141971,letter,32
B-,B-,X+,X+,21,49,349,0.8191,0.9180,0.391603,letter,32
P,P,G,G,21,49,57,0.8182,0.5579,0.391603,letter,32
X,X,Z,Z,13,50,2039,0.8176,0.5730,0.000936223,letter,32
N-,N-,A+,A+,15,49,881,0.8170,0.7687,0.00939924,letter,32
E+,E+,C,C,19,49,244,0.8163,0.6083,0.152408,letter,32
A,A,I-,I-,14,49,619,0.8148,0.6408,0.00380165,letter,32
E,E,A+,A+,15,48,549,0.8141,0.5372,0.0132833,letter,32
A+,A+,F,F,13,49,1184,0.8139,0.7622,0.00140269,letter,32
W-,W-,O,O,19,39,18,0.8134,0.3739,1,letter,32
G,G,B,B,16,49,430,0.8127,1.1403,0.0212941,letter,32
L-,L-,O,O,14,49,490,0.8126,1.3542,0.00380165,letter,32
A+,A+,G,G,15,49,942,0.8124,0.6887,0.00939924,letter,32
N+,N+,N-,N-,20,49,569,0.8120,0.7535,0.25287,letter,32
O+,O+,F,F,18,49,489,0.8119,0.6882,0.0854331,letter,32
E+,E+,E+,E+,19,49,582,0.8118,0.6425,0.152408,letter,32
E,E,G,G,18,46,81,0.8109,0.4194,0.183925,letter,32
Y,Y,O+,O+,19,48,777,0.8107,0.6146,0.193413,letter,32
L-,L-,Z,Z,13,49,644,0.8106,1.6092,0.00140269,letter,32
B,B,O+,O+,19,49,771,0.8102,0.7117,0.152408,letter,32
B-,B-,A,A,12,49,487,0.8099,0.8750,0.000469757,letter,32
G-,G-,E,E,21,49,63,0.8099,0.7200,0.391603,letter,32
N+,N+,T-,T-,12,49,940,0.8098,0.5776,0.000469757,letter,32
M,M,B-,B-,14,49,573,0.8096,0.8381,0.00380165,letter,32
N-,N-,E,E,16,45,92,0.8094,0.7792,0.0724543,letter,32
E-,E-,S-,S-,14,49,596,0.8091,0.7462,0.00380165,letter,32
T,T,N-,N-,19,48,585,0.8090,0.7037,0.193413,letter,32
Z,Z,Y,Y,2,49,1676,0.8083,0.7545,4.35563e-12,letter,32
A+,A+,B-,B-,16,49,540,0.8081,0.8529,0.0212941,letter,32
A,A,O+,O+,7,49,1505,0.8080,0.5980,3.62458e-07,letter,32
L-,L-,B-,B-,11,48,185,0.8078,1.2906,0.000222245,letter,32
F,F,S,S,20,49,729,0.8075,0.9241,0.25287,letter,32
H,H,I,I,20,49,401,0.8064,0.8522,0.25287,letter,32
I,I,G,G,21,49,418,0.8062,0.7942,0.391603,letter,32
E+,E+,S,S,9,50,910,0.8061,0.7090,5.6141e-06,letter,32
I,I,I,I,12,49,639,0.8056,0.7259,0.000469757,letter,32
C,C,S,S,17,48,502,0.8038,0.7310,0.0594634,letter,32
S-,S-,N-,N-,19,48,269,0.8025,0.7400,0.193413,letter,32
Y,Y,T,T,9,48,1163,0.8023,0.7118,1.52218e-05,letter,32
S+,S+,S-,S-,20,49,856,0.8017,0.4836,0.25287,letter,32
E-,E-,Y,Y,16,49,640,0.8016,0.7608,0.0212941,letter,32
K,K,E+,E+,18,49,477,0.8011,0.5471,0.0854331,letter,32
A+,A+,I-,I-,17,49,617,0.8011,0.7841,0.0443842,letter,32
O,O,C,C,20,49,410,0.8011,0.7246,0.25287,letter,32
S+,S+,T,T,14,49,1692,0.8008,0.4811,0.00380165,letter,32
O,O,E,E,16,49,286,0.8006,0.8321,0.0212941,letter,32
E+,E+,M,M,12,49,1472,0.8003,0.5937,0.000469757,letter,32
T+,T+,E,E,17,48,251,0.8001,0.3996,0.0594634,letter,32
E-,E-,H,H,20,48,352,0.7995,0.8932,0.312327,letter,32
T-,T-,E-,E-,16,49,587,0.7988,0.6898,0.0212941,letter,32
C,C,G,G,21,48,143,0.7975,0.6096,0.470879,letter,32
A,A,I,I,9,50,1554,0.7953,0.5461,5.6141e-06,letter,32
F+,F+,Z,Z,18,43,53,0.7948,1.2711,0.360378,letter,32
H,H,Z,Z,18,49,797,0.7945,0.8753,0.0854331,letter,32
T,T,F,F,17,49,697,0.7944,0.7695,0.0443842,letter,32
G,G,T,T,18,49,537,0.7940,1.1263,0.0854331,letter,32
M,M,B+,B+,16,42,65,0.7938,0.2511,0.164149,letter,32
K,K,Q,Q,14,49,952,0.7938,0.5951,0.00380165,letter,32
T,T,W,W,17,48,153,0.7936,0.6995,0.0594634,letter,32
P,P,M,M,16,49,391,0.7936,0.6760,0.0212941,letter,32
N-,N-,X,X,16,49,671,0.7925,0.7730,0.0212941,letter,32
A+,A+,W-,W-,19,44,26,0.7915,0.7742,0.451381,letter,32
O-,O-,W,W,20,45,41,0.7914,0.7476,0.551484,letter,32
Y,Y,B-,B-,19,47,146,0.7910,0.8628,0.24296,letter,32
A+,A+,O+,O+,9,49,1489,0.7897,0.6377,9.26355e-06,letter,32
T,T,E,E,19,49,277,0.7896,0.8478,0.152408,letter,32
Y,Y,C,C,21,48,207,0.7894,0.7700,0.470879,letter,32
G+,G+,S+,S+,17,42,24,0.7890,0.2493,0.279956,letter,32
Y,Y,A,A,5,48,1484,0.7872,0.8135,1.36805e-08,letter,32
Q,Q,K,K,11,49,1171,0.7869,0.7062,0.000141971,letter,32
X+,X+,X+,X+,4,50,1790,0.7865,0.6923,4.46178e-10,letter,32
O-,O-,T-,T-,21,47,52,0.7864,0.4245,0.560065,letter,32
S+,S+,W-,W-,17,35,15,0.7862,0.5159,1,letter,32
X,X,E+,E+,13,49,1213,0.7862,0.4274,0.00140269,letter,32
O+,O+,S,S,17,49,921,0.7860,0.8864,0.0443842,letter,32
B-,B-,A+,A+,20,49,484,0.7854,0.8984,0.25287,letter,32
E,E,E+,E+,19,48,271,0.7849,0.4268,0.193413,letter,32
O,O,X+,X+,11,49,1657,0.7846,0.7296,0.000141971,letter,32
L+,L+,E,E,20,46,53,0.7828,1.2564,0.461391,letter,32
A+,A+,C,C,9,49,800,0.7820,0.7203,9.26355e-06,letter,32
X+,X+,X,X,2,50,1884,0.7814,0.7307,2.26663e-12,letter,32
O,O,O+,O+,20,49,779,0.7813,0.7015,0.25287,letter,32
O+,O+,B,B,17,49,811,0.7806,1.0375,0.0443842,letter,32
G-,G-,G,G,20,48,138,0.7794,0.6371,0.312327,letter,32
N,N,I,I,19,49,968,0.7784,0.6851,0.152408,letter,32
W,W,N+,N+,17,48,164,0.7772,0.7174,0.0594634,letter,32
N+,N+,O+,O+,17,49,982,0.7756,0.5676,0.0443842,letter,32
A-,A-,A-,A-,6,49,1929,0.7751,0.5696,5.72777e-08,letter,32
A-,A-,F,F,16,49,928,0.7748,0.5274,0.0212941,letter,32
H,H,H,H,8,50,222,0.7746,0.7604,1.16356e-06,letter,32
B+,B+,E-,E-,14,38,18,0.7737,1.1493,0.143307,letter,32
E-,E-,L,L,22,48,234,0.7737,1.0645,0.665466,letter,32
F+,F+,K,K,17,38,29,0.7735,0.8641,0.627103,letter,32
F,F,H,H,18,48,298,0.7731,0.7909,0.111403,letter,32
Y,Y,Y,Y,14,47,855,0.7731,0.6621,0.00794273,letter,32
G-,G-,S-,S-,17,48,259,0.7722,0.5600,0.0594634,letter,32
A,A,F,F,15,49,1178,0.7721,0.5288,0.00939924,letter,32
X,X,X,X,4,50,1656,0.7716,0.5801,4.46178e-10,letter,32
B-,B-,E,E,16,48,96,0.7709,0.8427,0.0293049,letter,32
F-,F-,A,A,13,35,46,0.7707,0.5321,0.175465,letter,32
L-,L-,K,K,19,48,303,0.7696,1.7018,0.193413,letter,32
T+,T+,F,F,17,49,680,0.7695,0.3429,0.0443842,letter,32
A+,A+,B,B,11,49,1791,0.7691,0.8814,0.000141971,letter,32
Q,Q,I-,I-,18,49,565,0.7685,0.7080,0.0854331,letter,32
A-,A-,P,P,21,49,316,0.7679,0.4257,0.391603,letter,32
X-,X-,Q,Q,13,49,955,0.7665,0.3792,0.00140269,letter,32
B,B,G,G,18,49,393,0.7662,0.6732,0.0854331,letter,32
M,M,L+,L+,18,49,173,0.7655,0.5210,0.0854331,letter,32
I,I,B-,B-,20,49,189,0.7652,0.7213,0.25287,letter,32
E-,E-,S+,S+,13,49,1196,0.7652,0.8576,0.00140269,letter,32
B+,B+,A+,A+,15,44,61,0.7651,1.3090,0.0487668,letter,32
T,T,B-,B-,18,49,240,0.7645,0.5693,0.0854331,letter,32
N-,N-,O,O,18,49,507,0.7639,0.6886,0.0854331,letter,32
B,B,I-,I-,20,48,292,0.7639,0.6526,0.312327,letter,32
S,S,S,S,10,50,1282,0.7637,0.8473,2.38613e-05,letter,32
B-,B-,P,P,18,44,63,0.7632,0.7729,0.291215,letter,32
S,S,I-,I-,19,49,328,0.7625,0.7486,0.152408,letter,32
X-,X-,B,B,17,49,489,0.7591,0.3551,0.0443842,letter,32
X,X,P,P,13,49,311,0.7588,0.3941,0.00140269,letter,32
S,S,T-,T-,9,49,871,0.7585,0.7598,9.26355e-06,letter,32
C,C,T-,T-,18,47,209,0.7576,0.6741,0.143865,letter,32
Y,Y,O-,O-,22,48,179,0.7566,0.6945,0.665466,letter,32
X+,X+,L,L,22,47,372,0.7553,0.7957,0.770867,letter,32
O-,O-,L,L,20,46,44,0.7553,0.7186,0.461391,letter,32
K,K,F,F,14,49,372,0.7553,0.3958,0.00380165,letter,32
T-,T-,Y,Y,16,48,607,0.7548,0.5243,0.0293049,letter,32
L,L,A+,A+,17,48,312,0.7546,0.8850,0.0594634,letter,32
S-,S-,S-,S-,13,49,287,0.7545,0.6595,0.00140269,letter,32
Q,Q,B+,B+,17,36,47,0.7527,0.1293,0.867939,letter,32
S+,S+,C,C,11,48,450,0.7518,0.4065,0.000222245,letter,32
B-,B-,X-,X-,17,48,183,0.7512,1.0391,0.0594634,letter,32
I,I,L-,L-,18,49,234,0.7512,0.3969,0.0854331,letter,32
I,I,X-,X-,9,48,674,0.7509,1.1769,1.52218e-05,letter,32
L+,L+,X-,X-,16,45,71,0.7508,1.0748,0.0724543,letter,32
S+,S+,X+,X+,7,49,1812,0.7488,0.4568,3.62458e-07,letter,32
P,P,O,O,18,48,187,0.7483,0.8576,0.111403,letter,32
K,K,L,L,18,45,147,0.7481,0.5745,0.232693,letter,32
X,X,N-,N-,22,49,662,0.7474,0.4349,0.568172,letter,32
L,L,T,T,19,48,148,0.7462,0.7984,0.193413,letter,32
L,L,G,G,21,47,69,0.7452,0.7613,0.560065,letter,32
N,N,B-,B-,21,49,259,0.7450,0.7764,0.391603,letter,32
Y,Y,N-,N-,16,48,389,0.7439,0.7156,0.0293049,letter,32
Q,Q,E-,E-,10,49,1541,0.7437,0.6196,3.84591e-05,letter,32
O+,O+,E+,E+,16,49,641,0.7422,0.8195,0.0212941,letter,32
M,M,C,C,12,49,798,0.7406,0.7764,0.000469757,letter,32
G,G,C,C,13,48,171,0.7399,0.8420,0.00208811,letter,32
L,L,S-,S-,21,47,79,0.7396,0.6390,0.560065,letter,32
Q,Q,Q,Q,0,50,2092,0.7385,0.6973,1.77636e-15,letter,32
X,X,B+,B+,14,36,43,0.7385,0.0610,0.242985,letter,32
L+,L+,X,X,17,47,148,0.7383,1.4615,0.0789407,letter,32
C,C,I,I,18,48,270,0.7383,0.5457,0.111403,letter,32
E+,E+,N,N,17,49,1019,0.7376,0.6289,0.0443842,letter,32
A,A,B+,B+,15,41,59,0.7360,0.1585,0.117275,letter,32
L,L,O,O,13,48,189,0.7358,0.7989,0.00208811,letter,32
S-,S-,B-,B-,17,49,191,0.7357,0.7573,0.0443842,letter,32
X-,X-,O,O,18,48,521,0.7356,0.3212,0.111403,letter,32
T+,T+,T-,T-,21,49,855,0.7353,0.4142,0.391603,letter,32
L,L,A-,A-,19,48,224,0.7353,0.9672,0.193413,letter,32
O,O,F+,F+,12,27,17,0.7345,0.0000,0.701108,letter,32
P,P,H,H,18,47,76,0.7343,0.5976,0.143865,letter,32
A+,A+,G-,G-,5,49,732,0.7343,0.6099,7.59716e-09,letter,32
G,G,X-,X-,13,49,389,0.7331,1.5151,0.00140269,letter,32
A,A,L-,L-,7,49,598,0.7329,0.2443,3.62458e-07,letter,32
W,W,E-,E-,19,45,127,0.7309,0.6539,0.371298,letter,32
E+,E+,O+,O+,19,49,467,0.7304,0.6193,0.152408,letter,32
L-,L-,N,N,21,48,429,0.7297,1.2542,0.470879,letter,32
N,N,L-,L-,18,48,273,0.7287,0.3346,0.111403,letter,32
G+,G+,A+,A+,15,42,35,0.7282,0.2476,0.0884295,letter,32
N-,N-,T+,T+,17,49,468,0.7281,0.7743,0.0443842,letter,32
G,G,I-,I-,23,49,162,0.7267,1.0442,0.77545,letter,32
O-,O-,I,I,19,44,61,0.7249,0.5813,0.451381,letter,32
T+,T+,L-,L-,17,49,312,0.7243,0.2098,0.0443842,letter,32
X,X,Y,Y,17,49,1096,0.7229,0.4989,0.0443842,letter,32
B,B,O-,O-,11,47,216,0.7224,0.6247,0.000346001,letter,32
F,F,O+,O+,12,49,476,0.7222,0.6621,0.000469757,letter,32
O,O,W,W,21,48,223,0.7221,0.6034,0.470879,letter,32
K,K,P,P,18,49,161,0.7216,0.4470,0.0854331,letter,32
P,P,Y,Y,18,46,110,0.7211,0.7421,0.183925,letter,32
T-,T-,B,B,15,49,659,0.7211,0.7588,0.00939924,letter,32
L,L,S,S,14,48,173,0.7199,0.6214,0.0055152,letter,32
O+,O+,A-,A-,14,49,1190,0.7198,0.8282,0.00380165,letter,32
G-,G-,N-,N-,17,45,117,0.7196,0.6765,0.135156,letter,32
X+,X+,E,E,15,49,388,0.7187,0.7186,0.00939924,letter,32
C,C,C,C,16,47,77,0.7170,0.5222,0.0399861,letter,32
I,I,L,L,20,47,184,0.7149,1.0153,0.381693,letter,32
O-,O-,C,C,19,45,30,0.7134,0.3534,0.371298,letter,32
S-,S-,T-,T-,17,49,381,0.7128,0.6173,0.0443842,letter,32
A+,A+,P,P,7,49,495,0.7119,0.5050,3.62458e-07,letter,32
P,P,X,X,14,49,288,0.7118,0.8375,0.00380165,letter,32
N+,N+,L+,L+,20,46,73,0.7109,0.3259,0.461391,letter,32
E+,E+,S-,S-,15,49,471,0.7109,0.4918,0.00939924,letter,32
W-,W-,Z,Z,16,37,19,0.7105,0.3613,0.511376,letter,32
F,F,B,B,10,49,739,0.7103,0.9389,3.84591e-05,letter,32
E+,E+,L-,L-,20,49,153,0.7101,0.2817,0.25287,letter,32
H,H,C,C,22,48,141,0.7085,0.8508,0.665466,letter,32
E-,E-,G-,G-,15,49,364,0.7084,0.6174,0.00939924,letter,32
Z,Z,B-,B-,12,50,514,0.7081,0.8299,0.000305864,letter,32
A,A,F-,F-,11,33,37,0.7077,0.0904,0.0801433,letter,32
S-,S-,S,S,12,49,720,0.7076,0.7414,0.000469757,letter,32
N,N,I+,I+,17,40,40,0.7072,0.6357,0.429591,letter,32
S-,S-,T,T,16,49,733,0.7063,0.6808,0.0212941,letter,32
E-,E-,F,F,14,49,540,0.7063,0.6826,0.00380165,letter,32
O+,O+,I-,I-,20,46,171,0.7062,0.9582,0.461391,letter,32
B,B,W-,W-,19,40,23,0.7061,0.8680,0.874629,letter,32
F+,F+,M,M,14,43,57,0.7058,1.1532,0.0315395,letter,32
G+,G+,X,X,19,40,17,0.7047,0.1926,0.874629,letter,32
O+,O+,N-,N-,11,47,366,0.7044,0.6174,0.000346001,letter,32
A,A,P,P,9,49,468,0.7044,0.4842,9.26355e-06,letter,32
B-,B-,I,I,15,49,179,0.7032,0.5986,0.00939924,letter,32
H,H,O-,O-,17,44,42,0.7031,0.6849,0.174171,letter,32
A-,A-,N-,N-,13,49,786,0.7025,0.4645,0.00140269,letter,32
E+,E+,Y,Y,17,49,673,0.7019,0.5648,0.0443842,letter,32
W,W,O,O,19,48,180,0.7011,0.6425,0.193413,letter,32
Q,Q,G,G,8,49,859,0.7001,0.5584,1.96465e-06,letter,32
N,N,N-,N-,20,49,596,0.7000,0.8400,0.25287,letter,32
K,K,S,S,16,49,710,0.7000,0.4082,0.0212941,letter,32
N-,N-,E+,E+,19,49,379,0.6984,0.5434,0.152408,letter,32
W,W,X-,X-,12,44,103,0.6983,0.8917,0.00365777,letter,32
B-,B-,N,N,18,49,229,0.6979,0.9103,0.0854331,letter,32
I-,I-,K,K,13,47,185,0.6959,1.0519,0.00308768,letter,32
O+,O+,T+,T+,16,49,933,0.6948,0.7898,0.0212941,letter,32
N,N,G-,G-,17,48,393,0.6948,0.6599,0.0594634,letter,32
K,K,I-,I-,17,47,134,0.6944,0.3808,0.0789407,letter,32
I,I,W,W,20,46,93,0.6927,0.6312,0.461391,letter,32
T,T,I,I,11,49,1023,0.6927,0.6285,0.000141971,letter,32
L,L,A,A,14,48,335,0.6920,0.7295,0.0055152,letter,32
I-,I-,X-,X-,16,49,243,0.6918,1.5412,0.0212941,letter,32
T+,T+,E-,E-,13,49,964,0.6915,0.2678,0.00140269,letter,32
T+,T+,G-,G-,17,48,373,0.6906,0.2487,0.0594634,letter,32
P,P,S,S,14,49,196,0.6903,0.5921,0.00380165,letter,32
P,P,X-,X-,18,48,116,0.6890,0.7563,0.111403,letter,32
G,G,S-,S-,13,49,335,0.6888,0.8806,0.00140269,letter,32
I,I,O+,O+,16,49,512,0.6887,0.6008,0.0212941,letter,32
S+,S+,S+,S+,5,49,1701,0.6875,0.4813,7.59716e-09,letter,32
G,G,H,H,16,49,260,0.6856,0.9559,0.0212941,letter,32
I+,I+,X+,X+,15,38,31,0.6854,0.2055,0.255875,letter,32
T-,T-,L,L,17,48,141,0.6854,0.8572,0.0594634,letter,32
I-,I-,S-,S-,19,48,192,0.6850,0.9564,0.193413,letter,32
X-,X-,E-,E-,17,49,416,0.6845,0.2915,0.0443842,letter,32
P,P,B,B,19,49,168,0.6845,0.6959,0.152408,letter,32
F,F,N-,N-,18,49,284,0.6820,0.7116,0.0854331,letter,32
T,T,T-,T-,14,49,888,0.6797,0.5678,0.00380165,letter,32
E,E,I,I,18,48,188,0.6793,0.3511,0.111403,letter,32
I-,I-,N-,N-,17,47,121,0.6786,0.9116,0.0789407,letter,32
T+,T+,P,P,20,49,223,0.6768,0.3252,0.25287,letter,32
C,C,A,A,12,49,902,0.6765,0.6351,0.000469757,letter,32
O-,O-,A-,A-,17,48,207,0.6765,0.5746,0.0594634,letter,32
W,W,T-,T-,17,46,64,0.6763,0.5621,0.103805,letter,32
S+,S+,L,L,21,48,322,0.6757,0.4140,0.470879,letter,32
Q,Q,L+,L+,19,48,140,0.6754,0.3230,0.193413,letter,32
A,A,G+,G+,18,46,89,0.6752,0.6133,0.183925,letter,32
B-,B-,G,G,16,49,118,0.6748,0.3929,0.0212941,letter,32
B-,B-,B,B,11,49,302,0.6742,0.7812,0.000141971,letter,32
I,I,F,F,10,49,423,0.6733,0.5665,3.84591e-05,letter,32
G-,G-,G-,G-,14,48,181,0.6728,0.3727,0.0055152,letter,32
B+,B+,X+,X+,17,40,47,0.6725,1.1841,0.429591,letter,32
B,B,I+,I+,15,35,42,0.6712,0.5326,0.49956,letter,32
B-,B-,O-,O-,17,47,62,0.6707,0.5731,0.0789407,letter,32
X-,X-,Y,Y,16,48,393,0.6706,0.2886,0.0293049,letter,32
I,I,H,H,11,49,446,0.6703,0.6501,0.000141971,letter,32
S-,S-,L,L,17,47,152,0.6703,0.7162,0.0789407,letter,32
I+,I+,A+,A+,16,38,43,0.6666,0.2372,0.417692,letter,32
E+,E+,F,F,13,49,417,0.6665,0.4279,0.00140269,letter,32
Q,Q,B-,B-,13,49,466,0.6664,0.6232,0.00140269,letter,32
O+,O+,O,O,12,49,924,0.6661,0.7394,0.000469757,letter,32
W-,W-,M,M,13,38,20,0.6660,0.2836,0.0729514,letter,32
K,K,B-,B-,18,49,176,0.6648,0.3667,0.0854331,letter,32
X,X,L+,L+,18,48,123,0.6630,0.3318,0.111403,letter,32
I-,I-,B,B,15,48,266,0.6623,1.1904,0.0132833,letter,32
E-,E-,L-,L-,13,49,332,0.6618,0.2998,0.00140269,letter,32
N+,N+,I-,I-,17,47,326,0.6611,0.5405,0.0789407,letter,32
H,H,N-,N-,17,48,146,0.6608,0.7337,0.0594634,letter,32
O+,O+,L,L,17,48,198,0.6601,0.9782,0.0594634,letter,32
I-,I-,Z,Z,11,49,624,0.6598,0.9149,0.000141971,letter,32
T-,T-,O+,O+,17,49,474,0.6597,0.5154,0.0443842,letter,32
E,E,S-,S-,13,48,137,0.6591,0.3266,0.00208811,letter,32
L-,L-,X-,X-,14,49,367,0.6587,1.8846,0.00380165,letter,32
T,T,C,C,15,48,475,0.6581,0.5681,0.0132833,letter,32
N-,N-,N-,N-,14,48,139,0.6577,0.5088,0.0055152,letter,32
S+,S+,F,F,13,49,768,0.6567,0.3537,0.00140269,letter,32
X-,X-,N-,N-,19,48,183,0.6554,0.2929,0.193413,letter,32
F-,F-,M,M,11,36,50,0.6554,0.5334,0.0288167,letter,32
L+,L+,S,S,12,47,132,0.6551,0.7368,0.00108854,letter,32
T+,T+,S-,S-,16,49,745,0.6549,0.2852,0.0212941,letter,32
S+,S+,I-,I-,15,49,352,0.6547,0.2811,0.00939924,letter,32
O-,O-,S-,S-,18,48,92,0.6541,0.3469,0.111403,letter,32
L-,L-,L+,L+,13,47,89,0.6535,0.6948,0.00308768,letter,32
B-,B-,E-,E-,8,49,300,0.6513,0.5501,1.96465e-06,letter,32
O,O,G,G,19,49,471,0.6505,0.5720,0.152408,letter,32
W,W,L,L,18,47,53,0.6501,0.6572,0.143865,letter,32
A+,A+,L+,L+,13,48,164,0.6484,0.3810,0.00208811,letter,32
E-,E-,L+,L+,20,48,104,0.6482,0.4830,0.312327,letter,32
W,W,I,I,19,46,85,0.6475,0.5522,0.301996,letter,32
E+,E+,O,O,11,48,976,0.6464,0.6153,0.000222245,letter,32
B-,B-,L,L,13,47,85,0.6463,0.8932,0.00308768,letter,32
L-,L-,B,B,9,49,440,0.6453,1.2682,9.26355e-06,letter,32
L+,L+,I,I,19,47,102,0.6447,0.5168,0.24296,letter,32
N,N,T-,T-,10,49,827,0.6443,0.5746,3.84591e-05,letter,32
E-,E-,E-,E-,1,49,753,0.6443,0.6083,1.77636e-13,letter,32
T,T,G+,G+,20,41,41,0.6439,0.8422,1,letter,32
I+,I+,A,A,13,38,38,0.6429,0.2008,0.0729514,letter,32
W,W,S,S,15,47,159,0.6429,0.4974,0.0186238,letter,32
N+,N+,B+,B+,14,38,30,0.6427,0.1065,0.143307,letter,32
S-,S-,H,H,17,49,248,0.6418,0.4928,0.0443842,letter,32
Q,Q,W,W,14,49,305,0.6408,0.5364,0.00380165,letter,32
G-,G-,I-,I-,18,47,71,0.6408,0.5176,0.143865,letter,32
G,G,O+,O+,13,49,238,0.6390,0.8216,0.00140269,letter,32
G,G,E-,E-,7,49,473,0.6376,0.8026,3.62458e-07,letter,32
O,O,O-,O-,13,47,236,0.6368,0.4671,0.00308768,letter,32
X-,X-,K,K,15,49,288,0.6356,0.3272,0.00939924,letter,32
W,W,A,A,17,48,318,0.6354,0.7511,0.0594634,letter,32
E+,E+,B,B,7,49,828,0.6347,0.6436,3.62458e-07,letter,32
T-,T-,E,E,19,49,151,0.6339,0.6054,0.152408,letter,32
S-,S-,C,C,18,45,159,0.6335,0.3957,0.232693,letter,32
H,H,B,B,11,49,417,0.6327,0.7956,0.000141971,letter,32
O-,O-,O-,O-,13,46,38,0.6324,0.4568,0.00453386,letter,32
T+,T+,G+,G+,16,40,35,0.6320,0.4263,0.268187,letter,32
E+,E+,G-,G-,15,49,242,0.6317,0.4874,0.00939924,letter,32
L,L,L,L,6,48,79,0.6312,0.7704,1.00875e-07,letter,32
S-,S-,F,F,14,48,371,0.6300,0.5442,0.0055152,letter,32
F,F,O,O,11,49,778,0.6298,0.6663,0.000141971,letter,32
O+,O+,O+,O+,7,49,505,0.6280,0.6103,3.62458e-07,letter,32
L-,L-,Y,Y,16,48,248,0.6277,1.1868,0.0293049,letter,32
W,W,P,P,16,38,28,0.6272,0.6101,0.417692,letter,32
N+,N+,N+,N+,4,50,1607,0.6271,0.4899,4.46178e-10,letter,32
F+,F+,O,O,9,38,20,0.6264,0.2967,0.00165805,letter,32
G-,G-,I,I,13,49,276,0.6253,0.4765,0.00140269,letter,32
C,C,N-,N-,17,47,200,0.6248,0.6409,0.0789407,letter,32
L-,L-,G,G,13,49,201,0.6234,0.8978,0.00140269,letter,32
L+,L+,B,B,19,46,92,0.6231,0.8953,0.301996,letter,32
L,L,I,I,19,47,102,0.6216,0.6087,0.24296,letter,32
F+,F+,X-,X-,12,38,29,0.6203,1.2964,0.0335524,letter,32
G-,G-,B,B,13,48,390,0.6201,0.7294,0.00208811,letter,32
W,W,T,T,11,48,168,0.6198,0.5939,0.000222245,letter,32
B-,B-,X,X,11,49,348,0.6197,0.7907,0.000141971,letter,32
E+,E+,B-,B-,18,49,200,0.6193,0.5812,0.0854331,letter,32
H,H,L-,L-,15,47,108,0.6159,0.3307,0.0186238,letter,32
O,O,L+,L+,16,44,62,0.6150,0.2949,0.0961418,letter,32
B+,B+,O,O,16,37,17,0.6148,0.5698,0.511376,letter,32
N-,N-,W,W,18,47,82,0.6148,0.4376,0.143865,letter,32
Z,Z,W-,W-,16,43,36,0.6138,0.5791,0.126289,letter,32
Y,Y,W,W,16,48,107,0.6113,0.3120,0.0293049,letter,32
O-,O-,G-,G-,19,47,61,0.6090,0.3310,0.24296,letter,32
A+,A+,F+,F+,13,28,30,0.6068,0.0000,0.850554,letter,32
K,K,B,B,8,49,614,0.6041,0.5369,1.96465e-06,letter,32
H,H,P,P,19,47,114,0.6030,0.6454,0.24296,letter,32
G,G,L,L,17,47,114,0.5992,0.6253,0.0789407,letter,32
N-,N-,T,T,17,48,521,0.5991,0.4167,0.0594634,letter,32
X-,X-,T+,T+,7,49,575,0.5971,0.2494,3.62458e-07,letter,32
B+,B+,N,N,10,28,15,0.5964,0.3398,0.184933,letter,32
L-,L-,S,S,3,49,473,0.5956,1.0078,6.98108e-11,letter,32
B,B,A-,A-,3,49,1445,0.5955,0.6525,6.98108e-11,letter,32
L,L,N,N,17,48,167,0.5937,0.6036,0.0594634,letter,32
I,I,P,P,12,49,177,0.5935,0.4828,0.000469757,letter,32
H,H,I+,I+,13,27,11,0.5920,1.1977,1,letter,32
F,F,G,G,15,49,253,0.5910,0.5421,0.00939924,letter,32
T-,T-,X-,X-,14,49,585,0.5905,0.9160,0.00380165,letter,32
F,F,P,P,17,48,136,0.5904,0.5163,0.0594634,letter,32
L,L,C,C,19,46,44,0.5903,0.5273,0.301996,letter,32
F+,F+,A-,A-,15,40,36,0.5899,0.8479,0.15386,letter,32
K,K,K,K,9,49,397,0.5895,0.4229,9.26355e-06,letter,32
I-,I-,O,O,19,48,375,0.5886,0.7093,0.193413,letter,32
W,W,A-,A-,15,47,206,0.5883,0.5808,0.0186238,letter,32
S-,S-,W,W,16,45,85,0.5882,0.4644,0.0724543,letter,32
L,L,L-,L-,19,47,51,0.5873,0.1918,0.24296,letter,32
K,K,E-,E-,10,49,491,0.5870,0.3390,3.84591e-05,letter,32
H,H,L,L,17,48,112,0.5867,0.8307,0.0594634,letter,32
W,W,X,X,11,47,223,0.5865,0.6130,0.000346001,letter,32
X-,X-,S,S,9,49,632,0.5852,0.2020,9.26355e-06,letter,32
A-,A-,I+,I+,17,41,54,0.5827,0.3464,0.348889,letter,32
B+,B+,X-,X-,9,39,28,0.5811,1.0470,0.00106502,letter,32
E+,E+,E,E,14,49,247,0.5808,0.6133,0.00380165,letter,32
L+,L+,B-,B-,18,42,43,0.5804,0.7393,0.440799,letter,32
E,E,L,L,17,42,48,0.5785,0.3058,0.279956,letter,32
L-,L-,L-,L-,12,49,190,0.5770,0.4273,0.000469757,letter,32
Z,Z,F+,F+,12,28,33,0.5754,0.0050,0.571588,letter,32
T-,T-,T-,T-,13,49,467,0.5747,0.5172,0.00140269,letter,32
M,M,Q-,Q-,9,25,13,0.5744,0.2152,0.229523,letter,32
X+,X+,I-,I-,14,49,454,0.5738,0.5296,0.00380165,letter,32
W-,W-,B,B,15,38,14,0.5734,0.6097,0.255875,letter,32
P,P,S-,S-,16,48,95,0.5728,0.4581,0.0293049,letter,32
G-,G-,O+,O+,16,47,206,0.5698,0.5586,0.0399861,letter,32
X,X,W-,W-,17,41,14,0.5691,0.1580,0.348889,letter,32
T-,T-,I-,I-,14,49,197,0.5686,0.5410,0.00380165,letter,32
T+,T+,B-,B-,14,49,234,0.5683,0.3739,0.00380165,letter,32
X-,X-,F,F,18,49,231,0.5665,0.2221,0.0854331,letter,32
B+,B+,B,B,11,40,34,0.5662,0.8471,0.00642658,letter,32
L+,L+,E+,E+,14,46,72,0.5658,0.6185,0.0113516,letter,32
E-,E-,W,W,15,45,146,0.5652,0.7160,0.0356978,letter,32
T+,T+,L,L,16,48,307,0.5649,0.3358,0.0293049,letter,32
E,E,B,B,18,48,225,0.5645,0.4438,0.111403,letter,32
P,P,E-,E-,16,49,142,0.5642,0.4833,0.0212941,letter,32
S+,S+,O+,O+,11,49,925,0.5607,0.3173,0.000141971,letter,32
O+,O+,E,E,18,47,133,0.5605,0.6877,0.143865,letter,32
F+,F+,E+,E+,16,40,27,0.5598,0.9144,0.268187,letter,32
E,E,K,K,19,48,155,0.5597,0.2734,0.193413,letter,32
S,S,O-,O-,12,48,208,0.5596,0.8073,0.00071727,letter,32
B+,B+,A-,A-,9,42,34,0.5571,0.8031,0.000271539,letter,32
X-,X-,S-,S-,17,48,279,0.5559,0.1995,0.0594634,letter,32
H,H,Y,Y,15,48,239,0.5559,0.6707,0.0132833,letter,32
O-,O-,Y,Y,17,48,109,0.5553,0.3384,0.0594634,letter,32
N,N,C,C,14,49,440,0.5529,0.5755,0.00380165,letter,32
B-,B-,G-,G-,16,49,96,0.5523,0.4360,0.0212941,letter,32
G,G,G+,G+,16,43,25,0.5515,0.4666,0.126289,letter,32
F+,F+,N+,N+,12,40,38,0.5511,0.8834,0.016589,letter,32
F,F,L+,L+,17,43,59,0.5509,0.2806,0.222053,letter,32
A,A,F+,F+,10,28,33,0.5504,0.0079,0.184933,letter,32
X+,X+,W,W,13,48,234,0.5500,0.3430,0.00208811,letter,32
A+,A+,F-,F-,14,34,29,0.5497,0.2498,0.391528,letter,32
N,N,B+,B+,11,27,18,0.5497,0.0000,0.442068,letter,32
G+,G+,G,G,18,41,11,0.5436,0.0851,0.532709,letter,32
O+,O+,O-,O-,10,47,147,0.5433,0.5146,9.84888e-05,letter,32
T+,T+,K,K,14,49,743,0.5429,0.3530,0.00380165,letter,32
N-,N-,G,G,16,47,170,0.5415,0.3371,0.0399861,letter,32
G,G,L-,L-,11,49,175,0.5413,0.3774,0.000141971,letter,32
W,W,S-,S-,18,45,59,0.5410,0.5068,0.232693,letter,32
E,E,T,T,14,48,309,0.5408,0.1951,0.0055152,letter,32
B-,B-,S,S,7,49,297,0.5395,0.4984,3.62458e-07,letter,32
C,C,H,H,15,48,152,0.5378,0.4814,0.0132833,letter,32
C,C,O+,O+,10,48,206,0.5366,0.3405,6.16964e-05,letter,32
L-,L-,W,W,17,46,65,0.5359,0.8173,0.103805,letter,32
B-,B-,H,H,9,46,114,0.5344,0.4459,4.05604e-05,letter,32
S+,S+,G+,G+,18,45,56,0.5337,0.2801,0.232693,letter,32
G,G,L+,L+,16,47,52,0.5322,0.5351,0.0399861,letter,32
E,E,X+,X+,6,48,419,0.5299,0.3327,1.00875e-07,letter,32
P,P,E+,E+,12,48,129,0.5298,0.5409,0.00071727,letter,32
Y,Y,S-,S-,8,48,481,0.5296,0.4653,3.30527e-06,letter,32
T-,T-,B-,B-,8,49,159,0.5295,0.4937,1.96465e-06,letter,32
T,T,L-,L-,13,48,274,0.5290,0.2670,0.00208811,letter,32
A-,A-,L+,L+,16,47,105,0.5267,0.2318,0.0399861,letter,32
E,E,F,F,17,47,108,0.5258,0.2896,0.0789407,letter,32
I-,I-,Y,Y,14,47,228,0.5219,0.5263,0.00794273,letter,32
S-,S-,X-,X-,12,48,489,0.5187,0.6282,0.00071727,letter,32
E+,E+,N-,N-,10,49,383,0.5175,0.4860,3.84591e-05,letter,32
W,W,T+,T+,12,49,151,0.5172,0.6035,0.000469757,letter,32
C,C,F,F,11,49,220,0.5171,0.3962,0.000141971,letter,32
T+,T+,N-,N-,7,49,549,0.5164,0.2916,3.62458e-07,letter,32
L,L,X+,X+,12,47,189,0.5160,0.6273,0.00108854,letter,32
K,K,S-,S-,11,49,357,0.5157,0.2777,0.000141971,letter,32
L-,L-,O+,O+,15,47,217,0.5147,0.9588,0.0186238,letter,32
G,G,O-,O-,14,46,73,0.5141,0.9007,0.0113516,letter,32
B-,B-,F,F,15,48,168,0.5137,0.5021,0.0132833,letter,32
F,F,L,L,11,49,188,0.5131,0.5694,0.000141971,letter,32
A+,A+,B+,B+,16,42,59,0.5117,0.1928,0.164149,letter,32
I-,I-,F,F,15,46,168,0.5113,0.8348,0.0258961,letter,32
O-,O-,E+,E+,17,48,126,0.5059,0.3440,0.0594634,letter,32
G+,G+,M,M,12,42,29,0.5051,0.1595,0.0079159,letter,32
X-,X-,E+,E+,7,49,427,0.5030,0.2136,3.62458e-07,letter,32
A-,A-,I-,I-,12,49,456,0.5028,0.4246,0.000469757,letter,32
O-,O-,X-,X-,13,48,111,0.5021,0.5668,0.00208811,letter,32
O-,O-,L-,L-,20,45,36,0.5004,0.1635,0.551484,letter,32
L,L,W,W,16,47,48,0.4997,0.5446,0.0399861,letter,32
W,W,G,G,21,47,57,0.4982,0.5797,0.560065,letter,32
B-,B-,O,O,12,49,258,0.4963,0.5472,0.000469757,letter,32
W-,W-,A,A,13,38,17,0.4955,0.2917,0.0729514,letter,32
F,F,O-,O-,9,47,117,0.4931,0.3720,2.4904e-05,letter,32
O,O,G+,G+,16,34,14,0.4920,0.3737,0.864166,letter,32
E+,E+,L+,L+,16,47,82,0.4907,0.2848,0.0399861,letter,32
G-,G-,K,K,15,49,212,0.4897,0.6270,0.00939924,letter,32
O+,O+,B-,B-,11,49,212,0.4891,0.4471,0.000141971,letter,32
E,E,X,X,4,48,449,0.4873,0.3932,1.51383e-09,letter,32
W,W,N,N,12,48,183,0.4865,0.3558,0.00071727,letter,32
I-,I-,T-,T-,14,49,233,0.4814,0.5548,0.00380165,letter,32
E,E,T-,T-,14,48,133,0.4764,0.2852,0.0055152,letter,32
E+,E+,L,L,14,47,192,0.4739,0.5057,0.00794273,letter,32
N-,N-,O-,O-,13,47,93,0.4734,0.3229,0.00308768,letter,32
X+,X+,G+,G+,16,44,57,0.4718,0.3463,0.0961418,letter,32
G-,G-,L-,L-,9,48,121,0.4712,0.1711,1.52218e-05,letter,32
W,W,O+,O+,15,47,98,0.4712,0.5035,0.0186238,letter,32
B-,B-,N-,N-,10,46,101,0.4681,0.4205,0.000156417,letter,32
Z,Z,F-,F-,9,33,28,0.4630,0.0156,0.013531,letter,32
L,L,K,K,9,45,108,0.4625,0.6598,6.57466e-05,letter,32
B+,B+,Q,Q,17,39,50,0.4616,0.8559,0.522397,letter,32
I-,I-,I,I,15,49,260,0.4615,0.6362,0.00939924,letter,32
N-,N-,T-,T-,14,49,223,0.4610,0.3708,0.00380165,letter,32
I+,I+,X,X,14,35,32,0.4589,0.1342,0.310505,letter,32
L,L,P,P,14,46,33,0.4576,0.5085,0.0113516,letter,32
W,W,B,B,9,48,169,0.4559,0.4009,1.52218e-05,letter,32
N-,N-,P,P,18,45,64,0.4537,0.3749,0.232693,letter,32
P,P,O+,O+,16,48,67,0.4516,0.2370,0.0293049,letter,32
O+,O+,W,W,10,47,131,0.4512,0.4458,9.84888e-05,letter,32
N-,N-,N+,N+,9,49,499,0.4456,0.3377,9.26355e-06,letter,32
L-,L-,N-,N-,7,47,145,0.4419,0.6963,1.07091e-06,letter,32
O-,O-,S+,S+,9,47,191,0.4403,0.4302,2.4904e-05,letter,32
T-,T-,L-,L-,11,49,184,0.4394,0.1863,0.000141971,letter,32
I-,I-,E,E,9,41,45,0.4378,0.6698,0.000430857,letter,32
E,E,C,C,13,47,97,0.4346,0.2298,0.00308768,letter,32
O,O,I-,I-,9,48,307,0.4337,0.3809,1.52218e-05,letter,32
G,G,I+,I+,14,37,16,0.4332,0.3253,0.187742,letter,32
L+,L+,Z,Z,9,47,128,0.4329,0.5144,2.4904e-05,letter,32
S-,S-,L-,L-,9,49,174,0.4281,0.1738,9.26355e-06,letter,32
T+,T+,C,C,9,48,369,0.4279,0.2376,1.52218e-05,letter,32
I-,I-,G-,G-,14,47,99,0.4272,0.3795,0.00794273,letter,32
X-,X-,L,L,12,45,70,0.4253,0.1505,0.0024589,letter,32
I,I,I+,I+,17,40,36,0.4231,0.2591,0.429591,letter,32
G,G,W,W,12,47,76,0.4216,0.3750,0.00108854,letter,32
T,T,I+,I+,16,36,38,0.4182,0.1819,0.617719,letter,32
E,E,H,H,8,46,102,0.4181,0.2254,9.2477e-06,letter,32
X-,X-,P,P,16,48,70,0.4162,0.1584,0.0293049,letter,32
H,H,I-,I-,13,47,105,0.4157,0.4108,0.00308768,letter,32
Y,Y,E,E,15,46,86,0.4150,0.4735,0.0258961,letter,32
I-,I-,B-,B-,16,45,85,0.4149,0.8064,0.0724543,letter,32
X+,X+,L+,L+,15,47,118,0.4149,0.1858,0.0186238,letter,32
F+,F+,B,B,12,43,41,0.4119,0.4000,0.00540157,letter,32
B-,B-,L+,L+,20,42,39,0.4110,0.4499,0.877614,letter,32
L,L,N-,N-,10,47,86,0.4107,0.4609,9.84888e-05,letter,32
G+,G+,X+,X+,16,41,17,0.4105,0.0825,0.211024,letter,32
X-,X-,E,E,13,48,134,0.4092,0.2718,0.00208811,letter,32
E+,E+,W,W,17,48,118,0.4092,0.3316,0.0594634,letter,32
B+,B+,T,T,13,37,15,0.4070,0.2179,0.0988717,letter,32
I-,I-,O+,O+,8,46,154,0.4066,0.5064,9.2477e-06,letter,32
L,L,N+,N+,9,48,173,0.4061,0.4174,1.52218e-05,letter,32
N+,N+,B-,B-,9,49,302,0.4057,0.3233,9.26355e-06,letter,32
P,P,G-,G-,19,44,36,0.4033,0.3618,0.451381,letter,32
I+,I+,Q,Q,13,38,38,0.4028,0.1689,0.0729514,letter,32
G+,G+,Q,Q,14,42,27,0.4023,0.0700,0.0435585,letter,32
F-,F-,X,X,12,30,33,0.4010,0.1150,0.361595,letter,32
F+,F+,O+,O+,16,40,36,0.4006,0.2534,0.268187,letter,32
X-,X-,O-,O-,16,48,79,0.4006,0.2096,0.0293049,letter,32
Y,Y,L-,L-,14,48,149,0.4001,0.1344,0.0055152,letter,32
B+,B+,N+,N+,12,41,38,0.3997,0.4806,0.0115078,letter,32
A-,A-,F+,F+,12,26,20,0.3994,0.0000,0.845019,letter,32
E,E,B-,B-,15,48,81,0.3993,0.2069,0.0132833,letter,32
W,W,B-,B-,16,42,34,0.3991,0.4789,0.164149,letter,32
L,L,B-,B-,16,47,82,0.3959,0.6452,0.0399861,letter,32
E,E,E-,E-,12,48,238,0.3952,0.2480,0.00071727,letter,32
O-,O-,E,E,15,41,27,0.3930,0.2574,0.117275,letter,32
S+,S+,L+,L+,18,48,101,0.3930,0.1823,0.111403,letter,32
E,E,L-,L-,15,48,59,0.3908,0.1090,0.0132833,letter,32
G-,G-,F,F,5,47,212,0.3858,0.3294,2.45798e-08,letter,32
A-,A-,G+,G+,16,46,59,0.3819,0.2848,0.054076,letter,32
L-,L-,F,F,7,49,301,0.3807,0.6684,3.62458e-07,letter,32
O-,O-,H,H,18,44,44,0.3801,0.2633,0.291215,letter,32
E+,E+,I-,I-,14,48,157,0.3750,0.2559,0.0055152,letter,32
L+,L+,G+,G+,13,32,15,0.3742,1.3782,0.377086,letter,32
L+,L+,L-,L-,15,46,53,0.3733,0.1476,0.0258961,letter,32
I-,I-,W,W,15,40,35,0.3728,0.6239,0.15386,letter,32
X,X,G+,G+,13,43,52,0.3691,0.2747,0.0137182,letter,32
O+,O+,W-,W-,13,44,18,0.3676,0.4005,0.00955988,letter,32
W,W,E+,E+,15,48,96,0.3673,0.3343,0.0132833,letter,32
X,X,L,L,12,48,332,0.3648,0.2783,0.00071727,letter,32
X-,X-,X-,X-,6,48,340,0.3603,0.2141,1.00875e-07,letter,32
L+,L+,F,F,14,43,51,0.3602,0.4282,0.0315395,letter,32
B-,B-,L-,L-,6,48,118,0.3586,0.1585,1.00875e-07,letter,32
W,W,O-,O-,6,45,30,0.3566,0.3482,5.41777e-07,letter,32
L,L,E,E,16,42,40,0.3539,0.6191,0.164149,letter,32
K,K,L+,L+,15,46,75,0.3498,0.1829,0.0258961,letter,32
C,C,G-,G-,11,46,101,0.3498,0.2620,0.000535585,letter,32
F,F,W,W,15,49,142,0.3492,0.3694,0.00939924,letter,32
L-,L-,L,L,10,47,119,0.3460,0.8125,9.84888e-05,letter,32
C,C,S-,S-,11,45,204,0.3421,0.2755,0.000824082,letter,32
S-,S-,I-,I-,11,48,134,0.3413,0.2936,0.000222245,letter,32
Y,Y,L,L,12,48,217,0.3407,0.3187,0.00071727,letter,32
G+,G+,Z,Z,13,40,29,0.3398,0.0259,0.0384773,letter,32
O+,O+,F-,F-,12,29,12,0.3392,0.0000,0.458258,letter,32
F,F,F+,F+,8,28,19,0.3369,0.0000,0.0356981,letter,32
I-,I-,H,H,12,47,120,0.3347,0.4607,0.00108854,letter,32
I,I,B+,B+,13,38,26,0.3313,0.0613,0.0729514,letter,32
L+,L+,N+,N+,11,46,76,0.3309,0.3910,0.000535585,letter,32
X-,X-,I-,I-,13,49,105,0.3275,0.1443,0.00140269,letter,32
I-,I-,L,L,14,43,50,0.3250,0.6468,0.0315395,letter,32
E-,E-,O-,O-,8,48,173,0.3211,0.2786,3.30527e-06,letter,32
T-,T-,L+,L+,11,48,62,0.3207,0.1426,0.000222245,letter,32
I-,I-,C,C,12,47,80,0.3206,0.3417,0.00108854,letter,32
L+,L+,N,N,15,42,56,0.3179,0.2640,0.0884295,letter,32
F+,F+,T,T,11,33,25,0.3157,0.1747,0.0801433,letter,32
L+,L+,P,P,13,41,49,0.3137,0.2070,0.0275332,letter,32
I,I,L+,L+,14,49,78,0.3129,0.2301,0.00380165,letter,32
S,S,F-,F-,12,30,20,0.3111,0.0300,0.361595,letter,32
O,O,W-,W-,8,45,28,0.3110,0.2596,1.53741e-05,letter,32
G-,G-,H,H,11,47,117,0.3066,0.2550,0.000346001,letter,32
F-,F-,B,B,11,34,18,0.3041,0.0834,0.0576127,letter,32
K,K,C,C,13,47,167,0.3014,0.1913,0.00308768,letter,32
I-,I-,E-,E-,5,48,287,0.2992,0.3375,1.36805e-08,letter,32
B+,B+,K,K,15,36,29,0.2975,0.5345,0.405032,letter,32
X-,X-,O+,O+,13,49,286,0.2974,0.1393,0.00140269,letter,32
I+,I+,M,M,10,37,38,0.2974,0.0471,0.00763208,letter,32
X-,X-,C,C,13,48,136,0.2969,0.1295,0.00208811,letter,32
G-,G-,L,L,12,46,56,0.2924,0.3730,0.00164149,letter,32
F-,F-,T,T,12,30,19,0.2910,0.0677,0.361595,letter,32
B-,B-,W,W,10,42,52,0.2909,0.3844,0.000940674,letter,32
I+,I+,A-,A-,12,38,23,0.2906,0.1356,0.0335524,letter,32
I-,I-,L-,L-,12,49,122,0.2865,0.1889,0.000469757,letter,32
O+,O+,I+,I+,8,27,22,0.2855,0.2431,0.052239,letter,32
I-,I-,G,G,5,49,198,0.2849,0.2976,7.59716e-09,letter,32
X+,X+,F+,F+,10,26,21,0.2779,0.0000,0.32694,letter,32
C,C,P,P,14,45,63,0.2746,0.1819,0.0160944,letter,32
L+,L+,C,C,13,35,22,0.2622,0.2086,0.175465,letter,32
O-,O-,E-,E-,12,48,131,0.2615,0.1769,0.00071727,letter,32
L,L,O-,O-,8,46,40,0.2611,0.2808,9.2477e-06,letter,32
P,P,B-,B-,13,44,41,0.2601,0.2298,0.00955988,letter,32
T-,T-,O-,O-,9,47,104,0.2591,0.3132,2.4904e-05,letter,32
I+,I+,N+,N+,8,36,20,0.2586,0.0292,0.00119324,letter,32
X+,X+,I+,I+,10,42,45,0.2546,0.1306,0.000940674,letter,32
E+,E+,G+,G+,14,41,33,0.2482,0.2355,0.0595839,letter,32
W,W,E,E,7,37,23,0.2469,0.2806,0.000191076,letter,32
B+,B+,S,S,13,38,41,0.2464,0.3119,0.0729514,letter,32
G+,G+,I,I,16,40,17,0.2456,0.0608,0.268187,letter,32
W,W,W-,W-,13,43,10,0.2362,0.2679,0.0137182,letter,32
X,X,I+,I+,10,38,44,0.2315,0.1298,0.00509764,letter,32
L-,L-,O-,O-,8,44,56,0.2297,0.5497,2.54486e-05,letter,32
W,W,K,K,7,48,100,0.2286,0.2529,6.24041e-07,letter,32
H,H,L+,L+,13,45,37,0.2286,0.1439,0.00660882,letter,32
S-,S-,L+,L+,13,48,63,0.2253,0.1258,0.00208811,letter,32
E,E,G-,G-,10,48,56,0.2248,0.1326,6.16964e-05,letter,32
W,W,Y,Y,15,47,113,0.2224,0.2740,0.0186238,letter,32
B,B,G+,G+,10,33,25,0.2209,0.1064,0.035082,letter,32
A-,A-,W-,W-,11,43,20,0.2198,0.1880,0.00191396,letter,32
S,S,B+,B+,11,36,37,0.2183,0.0496,0.0288167,letter,32
P,P,F,F,14,48,76,0.2176,0.2598,0.0055152,letter,32
G-,G-,P,P,11,44,49,0.2175,0.2405,0.00126003,letter,32
W,W,C,C,13,44,36,0.2173,0.1608,0.00955988,letter,32
T,T,L+,L+,11,45,55,0.2168,0.1348,0.000824082,letter,32
E,E,P,P,12,45,52,0.2155,0.1124,0.0024589,letter,32
B-,B-,I-,I-,13,45,59,0.2086,0.2555,0.00660882,letter,32
X-,X-,L+,L+,14,45,39,0.2059,0.0680,0.0160944,letter,32
P,P,I-,I-,14,49,43,0.2052,0.2006,0.00380165,letter,32
W-,W-,H,H,12,35,10,0.2050,0.0000,0.0895311,letter,32
E,E,W,W,12,37,26,0.2037,0.1082,0.047031,letter,32
I-,I-,I-,I-,5,48,71,0.1945,0.2012,1.36805e-08,letter,32
B+,B+,S+,S+,7,37,42,0.1926,0.2423,0.000191076,letter,32
S,S,I+,I+,10,42,40,0.1800,0.1024,0.000940674,letter,32
F-,F-,E+,E+,7,25,23,0.1800,0.2430,0.0432853,letter,32
B+,B+,O+,O+,11,37,35,0.1773,0.2846,0.0200739,letter,32
T+,T+,T+,T+,1,49,1142,0.1732,0.1099,1.77636e-13,letter,32
K,K,G+,G+,14,34,19,0.1731,0.0252,0.391528,letter,32
X-,X-,B+,B+,16,38,13,0.1724,0.0000,0.417692,letter,32
X+,X+,B+,B+,13,37,35,0.1709,0.0601,0.0988717,letter,32
L,L,T-,T-,7,48,80,0.1686,0.1827,6.24041e-07,letter,32
I-,I-,O-,O-,11,40,40,0.1685,0.3074,0.00642658,letter,32
A-,A-,B+,B+,17,39,36,0.1665,0.0401,0.522397,letter,32
Q,Q,F-,F-,6,28,22,0.1577,0.0069,0.00371917,letter,32
F-,F-,S+,S+,7,32,28,0.1523,0.0000,0.0021024,letter,32
N,N,G+,G+,11,34,30,0.1522,0.2588,0.0576127,letter,32
N,N,F-,F-,9,28,11,0.1511,0.0000,0.0871586,letter,32
L+,L+,G,G,10,45,44,0.1412,0.1305,0.000247088,letter,32
P,P,L-,L-,8,46,46,0.1297,0.0530,9.2477e-06,letter,32
B,B,B+,B+,8,40,32,0.1245,0.0036,0.000182166,letter,32
E,E,I-,I-,12,40,43,0.1241,0.0829,0.016589,letter,32
T,T,F-,F-,11,32,14,0.1233,0.0196,0.110184,letter,32
L+,L+,H,H,12,45,61,0.1164,0.1360,0.0024589,letter,32
S-,S-,G+,G+,8,41,26,0.1110,0.0489,0.000112221,letter,32
L+,L+,W,W,17,38,15,0.1067,0.0938,0.627103,letter,32
S+,S+,I+,I+,11,44,30,0.0984,0.0529,0.00126003,letter,32
X+,X+,F-,F-,8,28,23,0.0924,0.0000,0.0356981,letter,32
L+,L+,O+,O+,8,39,26,0.0883,0.1994,0.000294077,letter,32
B+,B+,G,G,11,27,12,0.0849,0.0000,0.442068,letter,32
P,P,L,L,9,46,41,0.0846,0.0691,4.05604e-05,letter,32
G-,G-,W,W,10,43,50,0.0821,0.0618,0.000606107,letter,32
X-,X-,W,W,9,44,54,0.0805,0.0352,0.000106045,letter,32
L,L,I-,I-,7,43,32,0.0785,0.0773,8.96304e-06,letter,32
T+,T+,L+,L+,17,46,41,0.0780,0.0341,0.103805,letter,32
S+,S+,B+,B+,15,38,33,0.0755,0.0009,0.255875,letter,32
I+,I+,T,T,8,34,18,0.0733,0.0000,0.00293506,letter,32
C,C,L,L,9,46,81,0.0676,0.0490,4.05604e-05,letter,32
S+,S+,F-,F-,9,30,13,0.0675,0.0000,0.0427739,letter,32
B+,B+,S-,S-,11,37,26,0.0658,0.0376,0.0200739,letter,32
C,C,B-,B-,7,49,74,0.0599,0.0750,3.62458e-07,letter,32
W,W,I-,I-,9,40,22,0.0597,0.0416,0.000679548,letter,32
F-,F-,N,N,11,32,11,0.0595,0.0000,0.110184,letter,32
N-,N-,W-,W-,12,35,12,0.0555,0.0164,0.0895311,letter,32
W-,W-,A+,A+,8,39,15,0.0541,0.0000,0.000294077,letter,32
N-,N-,I-,I-,8,47,96,0.0500,0.0499,5.53962e-06,letter,32
C,C,L-,L-,12,48,67,0.0499,0.0110,0.00071727,letter,32
F+,F+,S-,S-,12,38,21,0.0492,0.0829,0.0335524,letter,32
T+,T+,I+,I+,14,36,33,0.0467,0.0000,0.242985,letter,32
C,C,I-,I-,17,47,64,0.0428,0.0513,0.0789407,letter,32
Q,Q,W-,W-,14,34,12,0.0311,0.0580,0.391528,letter,32
F+,F+,F,F,10,42,27,0.0262,0.0000,0.000940674,letter,32
L+,L+,L,L,12,40,27,0.0261,0.0560,0.016589,letter,32
F,F,G+,G+,6,25,14,0.0242,0.0713,0.0146333,letter,32
W,W,L-,L-,14,46,29,0.0233,0.0165,0.0113516,letter,32
W-,W-,O+,O+,11,38,13,0.0135,0.0000,0.013853,letter,32
S+,S+,F+,F+,7,25,13,0.0101,0.0000,0.0432853,letter,32
W-,W-,X,X,6,36,14,0.0080,0.0000,6.96017e-05,letter,32
G+,G+,X-,X-,9,33,15,0.0000,0.0000,0.013531,letter,32
N-,N-,L+,L+,7,30,13,0.0000,0.0000,0.00522288,letter,32
G+,G+,T,T,10,38,11,0.0000,0.0000,0.00509764,letter,32
L+,L+,N-,N-,11,30,22,0.0000,0.0000,0.200488,letter,32
W-,W-,S+,S+,6,30,12,0.0000,0.0000,0.00143091,letter,32
B+,B+,Y,Y,9,30,10,0.0000,0.0000,0.0427739,letter,32
I+,I+,T+,T+,8,33,13,0.0000,0.0000,0.00455138,letter,32
W-,W-,W,W,3,36,10,0.0000,0.0000,2.27214e-07,letter,32
G+,G+,S-,S-,5,39,14,0.0000,0.0000,2.42991e-06,letter,32
B+,B+,F,F,12,34,23,0.0000,0.0000,0.121449,letter,32
F-,F-,E-,E-,9,31,24,0.0000,0.0000,0.0294494,letter,32
F-,F-,A-,A-,6,31,30,0.0000,0.0000,0.00087791,letter,32
E+,E+,B+,B+,7,32,22,0.0000,0.0000,0.0021024,letter,32
K,K,I+,I+,7,25,13,0.0000,0.0000,0.0432853,letter,32
W-,W-,N+,N+,5,37,12,0.0000,0.0000,7.42753e-06,letter,32
F-,F-,S,S,5,32,30,0.0000,0.0000,0.000113074,letter,32
I-,I-,I+,I+,4,27,10,0.0000,0.0000,0.000310749,letter,32
C,C,L+,L+,12,36,14,0.0000,0.0000,0.0652453,letter,32
T-,T-,I+,I+,10,31,25,0.0000,0.0000,0.0707555,letter,32
W-,W-,N-,N-,9,31,10,0.0000,0.0000,0.0294494,letter,32
E-,E-,I+,I+,12,29,16,0.0000,0.0000,0.458258,letter,32
F+,F+,T-,T-,5,29,13,0.0000,0.0000,0.000546113,letter,32
E,E,L+,L+,6,47,26,0.0000,0.0000,1.7717e-07,letter,32
T,T,W-,W-,6,38,12,0.0000,0.0000,2.43426e-05,letter,32
O+,O+,F+,F+,10,27,21,0.0000,0.0000,0.247789,letter,32
P,P,L+,L+,11,42,21,0.0000,0.0000,0.00288725,letter,32
G-,G-,G+,G+,5,26,13,0.0000,0.0000,0.00249392,letter,32
L,L,L+,L+,10,40,12,0.0000,0.0000,0.00222143,letter,32
B+,B+,T+,T+,7,36,12,0.0000,0.0000,0.000312551,letter,32
Q,Q,F+,F+,8,26,26,0.0000,0.0000,0.0755187,letter,32
I+,I+,O,O,8,35,15,0.0000,0.0000,0.00187823,letter,32
Y,Y,B+,B+,11,28,12,0.0000,0.0000,0.344928,letter,32
G-,G-,L+,L+,12,45,19,0.0000,0.0000,0.0024589,letter,32
F,F,B+,B+,11,32,24,0.0000,0.0000,0.110184,letter,32
G+,G+,E-,E-,9,33,16,0.0000,0.0000,0.013531,letter,32
E+,E+,I+,I+,5,25,12,0.0000,0.0000,0.00407732,letter,32
O-,O-,I-,I-,12,40,23,0.0000,0.0000,0.016589,letter,32
N+,N+,F-,F-,9,25,18,0.0000,0.0000,0.229523,letter,32
K,K,F+,F+,6,25,11,0.0000,0.0000,0.0146333,letter,32
T,T,B+,B+,11,35,19,0.0000,0.0000,0.0409596,letter,32
E-,E-,F-,F-,7,29,14,0.0000,0.0000,0.00813006,letter,32
X-,X-,G+,G+,13,36,20,0.0000,0.0000,0.132498,letter,32
N+,N+,F+,F+,10,26,15,0.0000,0.0000,0.32694,letter,32
N-,N-,I+,I+,6,34,14,0.0000,0.0000,0.000195126,letter,32
G+,G+,E+,E+,11,38,11,0.0000,0.0000,0.013853,letter,32
G+,G+,N+,N+,9,37,19,0.0000,0.0000,0.00256321,letter,32
K,K,W-,W-,13,34,10,0.0000,0.0000,0.229481,letter,32
I-,I-,L+,L+,9,36,16,0.0000,0.0000,0.00393317,letter,32
B+,B+,E+,E+,10,35,31,0.0000,0.0000,0.0166738,letter,32
O+,O+,B+,B+,9,34,22,0.0000,0.0000,0.00904119,letter,32
S-,S-,B+,B+,8,35,22,0.0000,0.0000,0.00187823,letter,32
O-,O-,P,P,8,30,14,0.0000,0.0000,0.0161248,letter,32
I+,I+,N,N,7,35,16,0.0000,0.0000,0.00050826,letter,32
I+,I+,I,I,10,38,15,0.0000,0.0000,0.00509764,letter,32
T+,T+,B+,B+,11,34,14,0.0000,0.0000,0.0576127,letter,32
F+,F+,N,N,8,31,18,0.0000,0.0000,0.0106738,letter,32
X,X,F+,F+,4,26,10,0.0000,0.0000,0.000533521,letter,32
P,P,W,W,11,38,25,0.0000,0.0000,0.013853,letter,32
W-,W-,N,N,9,38,12,0.0000,0.0000,0.00165805,letter,32
K,K,B+,B+,8,33,27,0.0000,0.0000,0.00455138,letter,32
F+,F+,I,I,11,32,16,0.0000,0.0000,0.110184,letter,32
G+,G+,S,S,6,39,19,0.0000,0.0000,1.42993e-05,letter,32
S,S,F+,F+,5,25,11,0.0000,0.0000,0.00407732,letter,32
N-,N-,G+,G+,10,29,10,0.0000,0.0000,0.136046,letter,32
L+,L+,I-,I-,6,36,21,0.0000,0.0000,6.96017e-05,letter,32
E+,E+,W-,W-,11,32,11,0.0000,0.0000,0.110184,letter,32
T-,T-,B+,B+,12,35,24,0.0000,0.0000,0.0895311,letter,32
E-,E-,B+,B+,11,35,18,0.0000,0.0000,0.0409596,letter,32
