model,group,role,n,torn,conflict*,at the same time,simultaneous*,contradict*,both at once,caught/split between,mixed feelings,two directions,paradox*,ambivalen*,warring,at war with self,of two minds,didn't know what felt,should,ought to,supposed to,guilt/guilty,the right thing,ANY_SO,ANY_DE,n_exitfree,torn|exitfree,conflict*|exitfree,at the same time|exitfree,simultaneous*|exitfree,contradict*|exitfree,both at once|exitfree,caught/split between|exitfree,mixed feelings|exitfree,two directions|exitfree,paradox*|exitfree,ambivalen*|exitfree,warring|exitfree,at war with self|exitfree,of two minds|exitfree,didn't know what felt|exitfree,should|exitfree,ought to|exitfree,supposed to|exitfree,guilt/guilty|exitfree,the right thing|exitfree,ANY_SO|exitfree,ANY_DE|exitfree
01-ai/Yi-1.5-9B,f11_beauty,BOTH,20,0,0,1,0,0,0,0,0,0,0,0,0,0,0,0,0,0,0,0,0,1,0,20,0,0,1,0,0,0,0,0,0,0,0,0,0,0,0,0,0,0,0,0,1,0
01-ai/Yi-1.5-9B,f11_beauty,POLE,40,0,0,0,0,0,0,0,0,0,0,0,0,0,0,0,0,0,0,1,0,0,1,37,0,0,0,0,0,0,0,0,0,0,0,0,0,0,0,0,0,0,1,0,0,1
01-ai/Yi-1.5-9B,f11_beauty_ugly,BOTH,20,0,0,0,0,0,0,0,0,0,0,0,0,0,0,0,0,0,0,0,0,0,0,18,0,0,0,0,0,0,0,0,0,0,0,0,0,0,0,0,0,0,0,0,0,0
01-ai/Yi-1.5-9B,f11_beauty_ugly,POLE,20,0,0,0,0,0,0,0,0,0,0,0,0,0,0,0,2,0,0,0,0,0,2,17,0,0,0,0,0,0,0,0,0,0,0,0,0,0,0,2,0,0,0,0,0,2
01-ai/Yi-1.5-9B,f11_captive,BOTH,20,0,0,0,0,0,0,0,0,0,0,0,0,0,0,0,0,0,0,0,0,0,0,13,0,0,0,0,0,0,0,0,0,0,0,0,0,0,0,0,0,0,0,0,0,0
01-ai/Yi-1.5-9B,f11_captive,POLE,40,0,0,0,0,0,0,0,0,0,0,0,0,0,0,0,1,0,0,0,0,0,1,28,0,0,0,0,0,0,0,0,0,0,0,0,0,0,0,1,0,0,0,0,0,1
01-ai/Yi-1.5-9B,f11_captive_b,BOTH,20,0,0,0,0,0,0,0,0,0,0,0,0,0,0,0,1,0,0,0,0,0,1,13,0,0,0,0,0,0,0,0,0,0,0,0,0,0,0,1,0,0,0,0,0,1
01-ai/Yi-1.5-9B,f11_captive_b,POLE,40,0,1,0,0,0,0,0,0,0,0,0,0,0,0,0,1,0,0,1,0,1,2,28,0,1,0,0,0,0,0,0,0,0,0,0,0,0,0,1,0,0,1,0,1,2
01-ai/Yi-1.5-9B,f11_class,BOTH,20,0,0,0,0,0,0,0,0,0,0,0,0,0,0,0,1,0,0,0,0,0,1,17,0,0,0,0,0,0,0,0,0,0,0,0,0,0,0,1,0,0,0,0,0,1
01-ai/Yi-1.5-9B,f11_class,POLE,40,0,0,0,0,0,0,0,0,0,0,0,0,0,0,0,2,0,0,0,0,0,2,35,0,0,0,0,0,0,0,0,0,0,0,0,0,0,0,2,0,0,0,0,0,2
01-ai/Yi-1.5-9B,f11_create,BOTH,20,0,0,0,0,0,0,0,0,0,0,0,0,0,0,0,2,0,0,0,0,0,2,16,0,0,0,0,0,0,0,0,0,0,0,0,0,0,0,2,0,0,0,0,0,2
01-ai/Yi-1.5-9B,f11_create,POLE,40,0,0,0,0,0,0,0,0,0,0,0,0,0,0,0,1,0,0,0,0,0,1,34,0,0,0,0,0,0,0,0,0,0,0,0,0,0,0,1,0,0,0,0,0,1
01-ai/Yi-1.5-9B,f11_desire,BOTH,20,0,0,0,0,0,0,0,0,0,0,0,0,0,0,0,1,0,0,0,0,0,1,17,0,0,0,0,0,0,0,0,0,0,0,0,0,0,0,1,0,0,0,0,0,1
01-ai/Yi-1.5-9B,f11_desire,POLE,40,0,0,2,0,0,0,0,0,0,0,0,0,0,0,0,1,0,0,0,0,2,1,38,0,0,2,0,0,0,0,0,0,0,0,0,0,0,0,0,0,0,0,0,2,0
01-ai/Yi-1.5-9B,f11_faithful,BOTH,20,0,0,0,0,0,0,0,0,0,0,0,0,0,0,0,0,0,0,0,0,0,0,18,0,0,0,0,0,0,0,0,0,0,0,0,0,0,0,0,0,0,0,0,0,0
01-ai/Yi-1.5-9B,f11_faithful,POLE,40,0,0,1,0,0,0,0,0,0,0,0,0,0,0,0,3,0,0,1,0,1,4,38,0,0,1,0,0,0,0,0,0,0,0,0,0,0,0,3,0,0,1,0,1,4
01-ai/Yi-1.5-9B,f11_gender,POLE,40,0,0,0,0,0,0,0,0,0,0,0,0,0,0,0,2,0,0,0,0,0,2,29,0,0,0,0,0,0,0,0,0,0,0,0,0,0,0,2,0,0,0,0,0,2
01-ai/Yi-1.5-9B,f11_gender_he,BOTH,20,0,0,0,0,0,0,0,0,1,0,0,0,0,0,0,0,0,0,0,0,1,0,17,0,0,0,0,0,0,0,0,1,0,0,0,0,0,0,0,0,0,0,0,1,0
01-ai/Yi-1.5-9B,f11_gender_he,POLE,40,0,0,0,0,0,0,0,0,0,0,0,0,0,0,0,3,0,1,0,0,0,4,32,0,0,0,0,0,0,0,0,0,0,0,0,0,0,0,3,0,1,0,0,0,4
01-ai/Yi-1.5-9B,f11_gender_she,BOTH,20,0,0,0,0,0,0,0,0,0,0,0,0,0,0,0,1,0,0,0,0,0,1,17,0,0,0,0,0,0,0,0,0,0,0,0,0,0,0,0,0,0,0,0,0,0
01-ai/Yi-1.5-9B,f11_gender_she,POLE,40,0,0,0,0,0,0,0,0,0,0,0,0,0,0,0,2,0,0,0,0,0,2,36,0,0,0,0,0,0,0,0,0,0,0,0,0,0,0,2,0,0,0,0,0,2
01-ai/Yi-1.5-9B,f11_guilt,BOTH,20,0,0,0,0,0,0,0,0,0,0,0,0,0,0,0,0,0,0,1,0,0,1,19,0,0,0,0,0,0,0,0,0,0,0,0,0,0,0,0,0,0,1,0,0,1
01-ai/Yi-1.5-9B,f11_guilt,POLE,40,0,0,0,0,0,0,0,0,0,0,0,0,0,0,0,2,0,0,2,0,0,3,37,0,0,0,0,0,0,0,0,0,0,0,0,0,0,0,2,0,0,2,0,0,3
01-ai/Yi-1.5-9B,f11_holy,POLE,40,1,0,0,0,0,0,0,0,0,0,0,0,0,0,0,1,0,0,1,0,1,2,36,1,0,0,0,0,0,0,0,0,0,0,0,0,0,0,1,0,0,1,0,1,2
01-ai/Yi-1.5-9B,f11_holy_b,BOTH,20,0,0,0,0,0,0,0,0,0,0,0,0,0,0,0,0,0,0,0,0,0,0,19,0,0,0,0,0,0,0,0,0,0,0,0,0,0,0,0,0,0,0,0,0,0
01-ai/Yi-1.5-9B,f11_holy_b,POLE,40,0,0,0,0,0,0,0,0,0,0,0,0,0,0,0,1,0,0,1,0,0,2,37,0,0,0,0,0,0,0,0,0,0,0,0,0,0,0,0,0,0,1,0,0,1
01-ai/Yi-1.5-9B,f11_love,BOTH,20,0,0,2,0,0,0,0,0,0,0,0,0,0,0,0,0,0,0,0,0,2,0,19,0,0,2,0,0,0,0,0,0,0,0,0,0,0,0,0,0,0,0,0,2,0
01-ai/Yi-1.5-9B,f11_love,POLE,40,0,1,0,0,0,0,0,0,0,0,0,0,0,0,0,3,0,0,0,0,1,3,37,0,1,0,0,0,0,0,0,0,0,0,0,0,0,0,2,0,0,0,0,1,2
01-ai/Yi-1.5-9B,f11_love_he,BOTH,20,0,0,0,1,0,0,0,0,0,0,0,0,0,0,0,0,0,0,1,0,1,1,19,0,0,0,1,0,0,0,0,0,0,0,0,0,0,0,0,0,0,1,0,1,1
01-ai/Yi-1.5-9B,f11_love_he,POLE,40,0,1,0,0,0,0,0,0,0,0,0,0,0,0,0,4,0,0,0,0,1,4,36,0,1,0,0,0,0,0,0,0,0,0,0,0,0,0,3,0,0,0,0,1,3
01-ai/Yi-1.5-9B,f11_loyal,BOTH,20,0,0,0,0,0,0,0,0,0,0,0,0,0,0,0,1,0,0,0,0,0,1,13,0,0,0,0,0,0,0,0,0,0,0,0,0,0,0,0,0,0,0,0,0,0
01-ai/Yi-1.5-9B,f11_loyal,POLE,40,0,1,0,0,0,0,0,0,0,0,0,0,0,0,0,1,0,0,0,0,1,1,25,0,0,0,0,0,0,0,0,0,0,0,0,0,0,0,1,0,0,0,0,0,1
01-ai/Yi-1.5-9B,f11_parent,BOTH,20,0,0,0,0,0,0,0,0,0,0,0,0,0,0,0,2,0,0,0,0,0,2,17,0,0,0,0,0,0,0,0,0,0,0,0,0,0,0,2,0,0,0,0,0,2
01-ai/Yi-1.5-9B,f11_parent,POLE,40,0,0,0,0,0,0,0,0,0,0,0,0,0,0,0,1,0,0,0,0,0,1,35,0,0,0,0,0,0,0,0,0,0,0,0,0,0,0,0,0,0,0,0,0,0
01-ai/Yi-1.5-9B,f11_reason,BOTH,20,0,0,1,0,0,0,0,0,0,0,0,0,0,0,0,1,0,0,0,0,1,1,13,0,0,0,0,0,0,0,0,0,0,0,0,0,0,0,0,0,0,0,0,0,0
01-ai/Yi-1.5-9B,f11_reason,POLE,40,0,0,0,0,0,0,0,0,0,0,0,0,0,0,0,3,1,0,0,0,0,4,31,0,0,0,0,0,0,0,0,0,0,0,0,0,0,0,3,1,0,0,0,0,4
01-ai/Yi-1.5-9B,f11_sensation,BOTH,20,0,0,0,0,0,0,0,0,0,0,0,0,0,0,0,0,0,0,0,0,0,0,19,0,0,0,0,0,0,0,0,0,0,0,0,0,0,0,0,0,0,0,0,0,0
01-ai/Yi-1.5-9B,f11_sensation,POLE,40,1,0,0,0,0,0,0,0,0,0,0,0,0,0,0,3,0,0,0,0,1,3,39,1,0,0,0,0,0,0,0,0,0,0,0,0,0,0,3,0,0,0,0,1,3
01-ai/Yi-1.5-9B,f11_species,BOTH,20,0,0,0,0,0,0,0,0,0,0,0,0,0,0,0,0,0,0,0,0,0,0,19,0,0,0,0,0,0,0,0,0,0,0,0,0,0,0,0,0,0,0,0,0,0
01-ai/Yi-1.5-9B,f11_species,POLE,40,0,0,0,0,0,0,0,0,0,0,0,0,0,0,0,2,0,0,0,0,0,2,38,0,0,0,0,0,0,0,0,0,0,0,0,0,0,0,2,0,0,0,0,0,2
01-ai/Yi-1.5-9B,f11_trust,BOTH,20,0,0,0,0,0,0,0,0,0,0,0,0,0,0,0,4,0,0,0,0,0,4,19,0,0,0,0,0,0,0,0,0,0,0,0,0,0,0,3,0,0,0,0,0,3
01-ai/Yi-1.5-9B,f11_trust,POLE,40,0,0,0,0,0,0,0,0,0,0,0,0,0,0,0,2,0,0,1,0,0,3,34,0,0,0,0,0,0,0,0,0,0,0,0,0,0,0,2,0,0,1,0,0,3
01-ai/Yi-1.5-9B-Chat,f11_beauty,BOTH,20,1,0,1,0,0,0,0,0,0,0,0,0,0,0,0,0,0,0,0,0,2,0,19,1,0,1,0,0,0,0,0,0,0,0,0,0,0,0,0,0,0,0,0,2,0
01-ai/Yi-1.5-9B-Chat,f11_beauty,POLE,40,0,0,0,0,0,0,0,0,0,0,0,0,0,0,0,2,0,0,0,0,0,2,35,0,0,0,0,0,0,0,0,0,0,0,0,0,0,0,2,0,0,0,0,0,2
01-ai/Yi-1.5-9B-Chat,f11_beauty_ugly,BOTH,20,0,0,1,0,0,0,0,0,0,0,0,0,0,0,0,0,0,0,0,0,1,0,20,0,0,1,0,0,0,0,0,0,0,0,0,0,0,0,0,0,0,0,0,1,0
01-ai/Yi-1.5-9B-Chat,f11_beauty_ugly,POLE,20,0,0,0,0,0,0,0,0,0,0,0,0,0,0,0,1,0,0,0,0,0,1,17,0,0,0,0,0,0,0,0,0,0,0,0,0,0,0,1,0,0,0,0,0,1
01-ai/Yi-1.5-9B-Chat,f11_captive,BOTH,20,0,0,0,0,0,0,0,0,0,1,0,0,0,0,0,0,0,0,0,0,1,0,16,0,0,0,0,0,0,0,0,0,1,0,0,0,0,0,0,0,0,0,0,1,0
01-ai/Yi-1.5-9B-Chat,f11_captive,POLE,40,0,1,0,0,0,0,0,0,0,0,0,0,0,0,0,0,0,0,0,0,1,0,31,0,0,0,0,0,0,0,0,0,0,0,0,0,0,0,0,0,0,0,0,0,0
01-ai/Yi-1.5-9B-Chat,f11_captive_b,BOTH,20,0,0,0,0,0,0,0,0,0,0,0,0,0,0,0,1,0,0,1,0,0,2,13,0,0,0,0,0,0,0,0,0,0,0,0,0,0,0,0,0,0,0,0,0,0
01-ai/Yi-1.5-9B-Chat,f11_captive_b,POLE,40,0,0,0,0,0,0,0,0,0,0,0,0,0,0,0,0,0,0,0,0,0,0,26,0,0,0,0,0,0,0,0,0,0,0,0,0,0,0,0,0,0,0,0,0,0
01-ai/Yi-1.5-9B-Chat,f11_class,BOTH,20,0,0,0,0,0,0,0,0,0,0,0,0,0,0,0,1,0,0,0,0,0,1,13,0,0,0,0,0,0,0,0,0,0,0,0,0,0,0,0,0,0,0,0,0,0
01-ai/Yi-1.5-9B-Chat,f11_class,POLE,40,0,0,0,0,0,0,0,0,0,0,0,0,0,0,0,2,0,0,0,0,0,2,32,0,0,0,0,0,0,0,0,0,0,0,0,0,0,0,2,0,0,0,0,0,2
01-ai/Yi-1.5-9B-Chat,f11_create,BOTH,20,0,0,0,0,0,0,0,0,0,0,0,0,0,0,0,0,0,0,0,0,0,0,16,0,0,0,0,0,0,0,0,0,0,0,0,0,0,0,0,0,0,0,0,0,0
01-ai/Yi-1.5-9B-Chat,f11_create,POLE,40,0,0,0,0,0,0,0,0,0,0,0,0,0,0,0,1,0,0,0,0,0,1,27,0,0,0,0,0,0,0,0,0,0,0,0,0,0,0,0,0,0,0,0,0,0
01-ai/Yi-1.5-9B-Chat,f11_desire,BOTH,20,0,1,1,0,0,0,0,0,0,0,0,0,0,0,0,0,0,0,0,0,2,0,19,0,1,1,0,0,0,0,0,0,0,0,0,0,0,0,0,0,0,0,0,2,0
01-ai/Yi-1.5-9B-Chat,f11_desire,POLE,40,0,0,0,0,0,0,0,0,0,0,0,0,0,0,0,1,0,0,0,0,0,1,39,0,0,0,0,0,0,0,0,0,0,0,0,0,0,0,1,0,0,0,0,0,1
01-ai/Yi-1.5-9B-Chat,f11_faithful,BOTH,20,0,0,0,0,0,0,0,0,0,0,0,0,0,0,0,1,0,0,1,0,0,2,18,0,0,0,0,0,0,0,0,0,0,0,0,0,0,0,1,0,0,1,0,0,2
01-ai/Yi-1.5-9B-Chat,f11_faithful,POLE,40,0,0,0,0,0,0,0,0,0,0,0,0,0,0,0,1,0,0,3,0,0,4,36,0,0,0,0,0,0,0,0,0,0,0,0,0,0,0,1,0,0,3,0,0,4
01-ai/Yi-1.5-9B-Chat,f11_gender,POLE,40,0,0,0,0,0,0,0,0,0,0,0,0,0,0,0,4,0,0,0,0,0,4,27,0,0,0,0,0,0,0,0,0,0,0,0,0,0,0,2,0,0,0,0,0,2
01-ai/Yi-1.5-9B-Chat,f11_gender_he,BOTH,20,0,0,0,0,0,0,0,0,0,0,0,0,0,0,0,1,0,0,0,0,0,1,15,0,0,0,0,0,0,0,0,0,0,0,0,0,0,0,1,0,0,0,0,0,1
01-ai/Yi-1.5-9B-Chat,f11_gender_he,POLE,40,0,0,0,0,0,0,0,0,0,0,0,0,0,0,0,1,0,0,0,0,0,1,33,0,0,0,0,0,0,0,0,0,0,0,0,0,0,0,1,0,0,0,0,0,1
01-ai/Yi-1.5-9B-Chat,f11_gender_she,BOTH,20,0,0,0,0,0,0,0,0,0,0,0,0,0,0,0,0,0,0,0,0,0,0,18,0,0,0,0,0,0,0,0,0,0,0,0,0,0,0,0,0,0,0,0,0,0
01-ai/Yi-1.5-9B-Chat,f11_gender_she,POLE,40,0,0,0,0,0,0,0,0,0,0,0,0,0,0,0,0,0,0,0,0,0,0,31,0,0,0,0,0,0,0,0,0,0,0,0,0,0,0,0,0,0,0,0,0,0
01-ai/Yi-1.5-9B-Chat,f11_guilt,BOTH,20,0,0,0,0,0,0,0,0,0,0,0,0,0,0,0,1,0,0,0,0,0,1,17,0,0,0,0,0,0,0,0,0,0,0,0,0,0,0,1,0,0,0,0,0,1
01-ai/Yi-1.5-9B-Chat,f11_guilt,POLE,40,0,0,0,0,0,0,0,0,0,0,0,0,0,0,0,3,0,0,5,0,0,6,30,0,0,0,0,0,0,0,0,0,0,0,0,0,0,0,3,0,0,4,0,0,5
01-ai/Yi-1.5-9B-Chat,f11_holy,POLE,40,0,0,0,1,0,0,0,0,0,0,0,0,0,0,0,0,0,0,0,0,1,0,35,0,0,0,1,0,0,0,0,0,0,0,0,0,0,0,0,0,0,0,0,1,0
01-ai/Yi-1.5-9B-Chat,f11_holy_b,BOTH,20,0,0,0,0,0,0,0,0,0,0,0,0,0,0,0,0,0,0,0,0,0,0,15,0,0,0,0,0,0,0,0,0,0,0,0,0,0,0,0,0,0,0,0,0,0
01-ai/Yi-1.5-9B-Chat,f11_holy_b,POLE,40,0,0,0,0,0,0,0,0,0,0,0,0,0,0,0,0,0,0,0,0,0,0,38,0,0,0,0,0,0,0,0,0,0,0,0,0,0,0,0,0,0,0,0,0,0
01-ai/Yi-1.5-9B-Chat,f11_love,BOTH,20,0,0,4,0,0,0,0,0,0,0,0,0,0,0,0,1,0,0,0,0,4,1,19,0,0,4,0,0,0,0,0,0,0,0,0,0,0,0,1,0,0,0,0,4,1
01-ai/Yi-1.5-9B-Chat,f11_love,POLE,40,1,0,0,0,0,0,0,0,0,0,0,0,0,0,0,2,0,0,0,0,1,2,35,1,0,0,0,0,0,0,0,0,0,0,0,0,0,0,2,0,0,0,0,1,2
01-ai/Yi-1.5-9B-Chat,f11_love_he,BOTH,20,0,0,3,0,0,0,0,0,0,0,0,0,0,0,0,1,0,0,0,0,3,1,17,0,0,3,0,0,0,0,0,0,0,0,0,0,0,0,0,0,0,0,0,3,0
01-ai/Yi-1.5-9B-Chat,f11_love_he,POLE,40,0,1,0,0,0,0,0,0,0,0,0,0,0,0,0,1,0,1,0,0,1,2,34,0,1,0,0,0,0,0,0,0,0,0,0,0,0,0,1,0,1,0,0,1,2
01-ai/Yi-1.5-9B-Chat,f11_loyal,BOTH,20,0,1,0,0,0,0,0,0,0,0,0,0,0,0,0,0,0,0,1,0,1,1,12,0,1,0,0,0,0,0,0,0,0,0,0,0,0,0,0,0,0,1,0,1,1
01-ai/Yi-1.5-9B-Chat,f11_loyal,POLE,40,0,1,0,0,0,0,0,0,0,0,0,0,0,0,0,1,1,0,1,0,1,3,20,0,1,0,0,0,0,0,0,0,0,0,0,0,0,0,0,0,0,0,0,1,0
01-ai/Yi-1.5-9B-Chat,f11_parent,BOTH,20,0,0,0,0,0,0,0,0,0,0,0,0,0,0,0,1,0,0,0,0,0,1,15,0,0,0,0,0,0,0,0,0,0,0,0,0,0,0,1,0,0,0,0,0,1
01-ai/Yi-1.5-9B-Chat,f11_parent,POLE,40,0,0,0,0,0,0,0,0,0,0,0,0,0,0,0,1,0,1,0,0,0,2,32,0,0,0,0,0,0,0,0,0,0,0,0,0,0,0,1,0,1,0,0,0,2
01-ai/Yi-1.5-9B-Chat,f11_reason,BOTH,20,0,0,0,0,0,0,0,0,0,0,0,0,0,0,0,0,0,1,0,0,0,1,14,0,0,0,0,0,0,0,0,0,0,0,0,0,0,0,0,0,0,0,0,0,0
01-ai/Yi-1.5-9B-Chat,f11_reason,POLE,40,0,0,0,0,0,0,0,0,0,0,0,0,0,0,0,1,0,0,0,0,0,1,25,0,0,0,0,0,0,0,0,0,0,0,0,0,0,0,1,0,0,0,0,0,1
01-ai/Yi-1.5-9B-Chat,f11_sensation,BOTH,20,0,0,0,0,0,0,1,0,0,0,0,0,0,0,0,0,0,0,0,0,1,0,18,0,0,0,0,0,0,1,0,0,0,0,0,0,0,0,0,0,0,0,0,1,0
01-ai/Yi-1.5-9B-Chat,f11_sensation,POLE,40,0,0,0,0,0,0,0,0,0,0,0,0,0,0,0,0,0,0,0,0,0,0,39,0,0,0,0,0,0,0,0,0,0,0,0,0,0,0,0,0,0,0,0,0,0
01-ai/Yi-1.5-9B-Chat,f11_species,BOTH,20,0,0,1,0,0,0,0,0,0,0,0,0,0,0,0,0,0,0,0,0,1,0,18,0,0,1,0,0,0,0,0,0,0,0,0,0,0,0,0,0,0,0,0,1,0
01-ai/Yi-1.5-9B-Chat,f11_species,POLE,40,0,0,0,0,0,0,0,0,0,0,0,0,0,0,0,2,0,0,0,0,0,2,34,0,0,0,0,0,0,0,0,0,0,0,0,0,0,0,1,0,0,0,0,0,1
01-ai/Yi-1.5-9B-Chat,f11_trust,BOTH,20,0,0,0,0,0,0,0,0,0,0,0,0,0,0,0,0,0,0,1,0,0,1,15,0,0,0,0,0,0,0,0,0,0,0,0,0,0,0,0,0,0,1,0,0,1
01-ai/Yi-1.5-9B-Chat,f11_trust,POLE,40,0,0,0,0,0,0,0,0,0,0,0,0,0,0,0,2,0,0,1,0,0,3,34,0,0,0,0,0,0,0,0,0,0,0,0,0,0,0,2,0,0,1,0,0,3
BSC-LT/salamandra-7b,f11_beauty,BOTH,20,0,0,0,0,0,0,0,0,0,0,0,0,0,0,0,0,0,0,0,0,0,0,14,0,0,0,0,0,0,0,0,0,0,0,0,0,0,0,0,0,0,0,0,0,0
BSC-LT/salamandra-7b,f11_beauty,POLE,40,0,0,0,0,0,0,0,0,0,0,0,0,0,0,0,1,0,0,1,0,0,2,27,0,0,0,0,0,0,0,0,0,0,0,0,0,0,0,1,0,0,1,0,0,2
BSC-LT/salamandra-7b,f11_beauty_ugly,BOTH,20,0,0,1,0,0,0,0,0,0,0,0,0,0,0,0,0,0,0,0,0,1,0,13,0,0,0,0,0,0,0,0,0,0,0,0,0,0,0,0,0,0,0,0,0,0
BSC-LT/salamandra-7b,f11_beauty_ugly,POLE,20,0,0,0,0,0,0,0,0,0,0,0,0,0,0,0,0,0,0,0,0,0,0,10,0,0,0,0,0,0,0,0,0,0,0,0,0,0,0,0,0,0,0,0,0,0
BSC-LT/salamandra-7b,f11_captive,BOTH,20,0,0,0,1,0,0,0,0,0,0,0,0,0,0,0,0,0,0,0,0,1,0,15,0,0,0,1,0,0,0,0,0,0,0,0,0,0,0,0,0,0,0,0,1,0
BSC-LT/salamandra-7b,f11_captive,POLE,40,0,0,0,0,0,0,0,0,0,0,0,0,0,0,0,1,0,0,0,0,0,1,33,0,0,0,0,0,0,0,0,0,0,0,0,0,0,0,1,0,0,0,0,0,1
BSC-LT/salamandra-7b,f11_captive_b,BOTH,20,0,0,0,0,0,0,0,0,0,0,0,0,0,0,0,1,0,0,1,0,0,1,19,0,0,0,0,0,0,0,0,0,0,0,0,0,0,0,1,0,0,1,0,0,1
BSC-LT/salamandra-7b,f11_captive_b,POLE,40,0,0,0,0,0,0,0,0,0,0,0,0,0,0,0,0,0,0,0,0,0,0,28,0,0,0,0,0,0,0,0,0,0,0,0,0,0,0,0,0,0,0,0,0,0
BSC-LT/salamandra-7b,f11_class,BOTH,20,0,0,0,0,0,0,0,0,0,0,0,0,0,0,0,1,0,0,0,0,0,1,15,0,0,0,0,0,0,0,0,0,0,0,0,0,0,0,1,0,0,0,0,0,1
BSC-LT/salamandra-7b,f11_class,POLE,40,0,0,0,0,0,0,0,0,0,0,0,0,0,0,0,0,0,0,0,0,0,0,33,0,0,0,0,0,0,0,0,0,0,0,0,0,0,0,0,0,0,0,0,0,0
BSC-LT/salamandra-7b,f11_create,BOTH,20,0,0,0,0,0,0,0,0,0,0,0,0,0,0,0,0,0,0,0,0,0,0,12,0,0,0,0,0,0,0,0,0,0,0,0,0,0,0,0,0,0,0,0,0,0
BSC-LT/salamandra-7b,f11_create,POLE,40,0,0,0,0,0,0,0,0,0,0,0,0,0,0,0,2,0,0,0,0,0,2,21,0,0,0,0,0,0,0,0,0,0,0,0,0,0,0,1,0,0,0,0,0,1
BSC-LT/salamandra-7b,f11_desire,BOTH,20,0,0,0,0,0,0,0,0,0,0,0,0,0,0,0,0,0,0,0,0,0,0,13,0,0,0,0,0,0,0,0,0,0,0,0,0,0,0,0,0,0,0,0,0,0
BSC-LT/salamandra-7b,f11_desire,POLE,40,1,0,1,0,0,0,0,0,0,0,0,0,0,0,0,1,0,0,0,0,2,1,26,1,0,0,0,0,0,0,0,0,0,0,0,0,0,0,1,0,0,0,0,1,1
BSC-LT/salamandra-7b,f11_faithful,BOTH,20,0,0,0,0,0,0,0,0,0,0,0,0,0,0,0,0,0,0,0,0,0,0,15,0,0,0,0,0,0,0,0,0,0,0,0,0,0,0,0,0,0,0,0,0,0
BSC-LT/salamandra-7b,f11_faithful,POLE,40,0,0,0,0,0,0,0,0,0,0,0,0,0,0,0,0,0,0,0,0,0,0,31,0,0,0,0,0,0,0,0,0,0,0,0,0,0,0,0,0,0,0,0,0,0
BSC-LT/salamandra-7b,f11_gender,POLE,40,0,1,0,0,0,0,0,0,0,0,0,0,0,0,0,2,0,0,0,0,1,2,24,0,0,0,0,0,0,0,0,0,0,0,0,0,0,0,2,0,0,0,0,0,2
BSC-LT/salamandra-7b,f11_gender_he,BOTH,20,0,0,0,0,0,0,0,0,0,0,0,0,0,0,0,2,0,0,0,0,0,2,16,0,0,0,0,0,0,0,0,0,0,0,0,0,0,0,2,0,0,0,0,0,2
BSC-LT/salamandra-7b,f11_gender_he,POLE,40,0,0,0,0,0,0,0,0,0,0,0,0,0,0,0,1,0,0,0,0,0,1,31,0,0,0,0,0,0,0,0,0,0,0,0,0,0,0,1,0,0,0,0,0,1
BSC-LT/salamandra-7b,f11_gender_she,BOTH,20,0,0,0,0,0,0,0,0,0,0,0,0,0,0,0,1,0,0,0,0,0,1,17,0,0,0,0,0,0,0,0,0,0,0,0,0,0,0,1,0,0,0,0,0,1
BSC-LT/salamandra-7b,f11_gender_she,POLE,40,0,0,0,0,0,0,0,0,0,0,0,0,0,0,0,0,0,0,0,0,0,0,33,0,0,0,0,0,0,0,0,0,0,0,0,0,0,0,0,0,0,0,0,0,0
BSC-LT/salamandra-7b,f11_guilt,BOTH,20,0,0,0,0,0,0,0,0,0,0,0,0,0,0,0,1,0,0,4,0,0,4,14,0,0,0,0,0,0,0,0,0,0,0,0,0,0,0,0,0,0,1,0,0,1
BSC-LT/salamandra-7b,f11_guilt,POLE,40,0,0,0,0,0,0,0,0,0,0,0,0,0,0,0,3,0,0,6,0,0,9,30,0,0,0,0,0,0,0,0,0,0,0,0,0,0,0,2,0,0,5,0,0,7
BSC-LT/salamandra-7b,f11_holy,POLE,40,0,0,0,0,0,0,0,0,0,0,0,0,0,0,0,2,0,0,0,0,0,2,32,0,0,0,0,0,0,0,0,0,0,0,0,0,0,0,1,0,0,0,0,0,1
BSC-LT/salamandra-7b,f11_holy_b,BOTH,20,0,0,0,0,0,0,0,0,0,0,0,0,0,0,0,0,0,0,0,0,0,0,17,0,0,0,0,0,0,0,0,0,0,0,0,0,0,0,0,0,0,0,0,0,0
BSC-LT/salamandra-7b,f11_holy_b,POLE,40,1,0,0,0,1,0,0,0,0,0,0,0,0,0,0,1,0,0,0,0,2,1,32,1,0,0,0,1,0,0,0,0,0,0,0,0,0,0,1,0,0,0,0,2,1
BSC-LT/salamandra-7b,f11_love,BOTH,20,0,0,1,0,0,0,0,0,0,0,0,0,0,0,0,0,0,0,0,0,1,0,16,0,0,1,0,0,0,0,0,0,0,0,0,0,0,0,0,0,0,0,0,1,0
BSC-LT/salamandra-7b,f11_love,POLE,40,0,0,0,0,0,0,0,0,0,0,0,0,0,0,0,2,0,0,1,0,0,3,31,0,0,0,0,0,0,0,0,0,0,0,0,0,0,0,0,0,0,1,0,0,1
BSC-LT/salamandra-7b,f11_love_he,BOTH,20,0,0,0,0,0,0,0,0,0,0,0,0,0,0,0,0,0,0,0,0,0,0,12,0,0,0,0,0,0,0,0,0,0,0,0,0,0,0,0,0,0,0,0,0,0
BSC-LT/salamandra-7b,f11_love_he,POLE,40,0,1,0,0,0,0,0,0,0,0,0,0,0,0,0,2,0,1,0,0,1,3,23,0,0,0,0,0,0,0,0,0,0,0,0,0,0,0,2,0,0,0,0,0,2
BSC-LT/salamandra-7b,f11_loyal,BOTH,20,0,0,0,0,0,0,0,0,0,0,0,0,0,0,0,0,0,0,0,0,0,0,11,0,0,0,0,0,0,0,0,0,0,0,0,0,0,0,0,0,0,0,0,0,0
BSC-LT/salamandra-7b,f11_loyal,POLE,40,0,0,0,0,0,0,0,0,0,0,0,0,0,0,0,2,0,1,0,0,0,3,25,0,0,0,0,0,0,0,0,0,0,0,0,0,0,0,2,0,0,0,0,0,2
BSC-LT/salamandra-7b,f11_parent,BOTH,20,0,0,0,0,0,0,0,0,0,0,0,0,0,0,0,3,0,0,0,0,0,3,12,0,0,0,0,0,0,0,0,0,0,0,0,0,0,0,3,0,0,0,0,0,3
BSC-LT/salamandra-7b,f11_parent,POLE,40,0,0,0,0,0,0,0,0,0,0,0,0,0,0,0,3,0,0,1,0,0,4,17,0,0,0,0,0,0,0,0,0,0,0,0,0,0,0,2,0,0,0,0,0,2
BSC-LT/salamandra-7b,f11_reason,BOTH,20,0,0,0,0,1,0,0,0,0,0,0,0,0,0,0,0,0,0,0,0,1,0,14,0,0,0,0,1,0,0,0,0,0,0,0,0,0,0,0,0,0,0,0,1,0
BSC-LT/salamandra-7b,f11_reason,POLE,40,0,1,0,0,1,0,0,0,0,0,0,0,0,0,0,3,0,0,1,0,2,3,29,0,1,0,0,0,0,0,0,0,0,0,0,0,0,0,2,0,0,0,0,1,2
BSC-LT/salamandra-7b,f11_sensation,BOTH,20,0,0,0,0,0,0,0,0,0,0,0,0,0,0,0,1,0,0,0,0,0,1,14,0,0,0,0,0,0,0,0,0,0,0,0,0,0,0,1,0,0,0,0,0,1
BSC-LT/salamandra-7b,f11_sensation,POLE,40,1,0,1,0,0,0,0,0,0,0,0,0,0,0,0,0,0,0,0,0,2,0,31,1,0,1,0,0,0,0,0,0,0,0,0,0,0,0,0,0,0,0,0,2,0
BSC-LT/salamandra-7b,f11_species,BOTH,20,0,0,0,1,0,0,0,0,0,0,0,0,0,0,0,1,0,0,0,0,1,1,17,0,0,0,0,0,0,0,0,0,0,0,0,0,0,0,1,0,0,0,0,0,1
BSC-LT/salamandra-7b,f11_species,POLE,40,0,0,0,0,0,0,0,0,0,0,0,0,0,0,0,0,0,0,0,0,0,0,35,0,0,0,0,0,0,0,0,0,0,0,0,0,0,0,0,0,0,0,0,0,0
BSC-LT/salamandra-7b,f11_trust,BOTH,20,0,0,1,0,0,0,0,0,0,0,0,0,0,0,0,2,0,0,0,0,1,2,13,0,0,1,0,0,0,0,0,0,0,0,0,0,0,0,2,0,0,0,0,1,2
BSC-LT/salamandra-7b,f11_trust,POLE,40,0,0,0,0,0,0,0,0,0,0,0,0,0,0,0,2,0,0,0,0,0,2,25,0,0,0,0,0,0,0,0,0,0,0,0,0,0,0,1,0,0,0,0,0,1
BSC-LT/salamandra-7b-instruct,f11_beauty,BOTH,20,0,0,3,0,0,1,0,0,0,1,0,0,0,0,0,0,0,0,0,0,5,0,12,0,0,1,0,0,1,0,0,0,1,0,0,0,0,0,0,0,0,0,0,3,0
BSC-LT/salamandra-7b-instruct,f11_beauty,POLE,40,0,0,1,0,0,0,0,0,0,1,0,0,0,0,0,0,0,0,0,0,1,0,29,0,0,1,0,0,0,0,0,0,1,0,0,0,0,0,0,0,0,0,0,1,0
BSC-LT/salamandra-7b-instruct,f11_beauty_ugly,BOTH,20,0,0,0,0,2,0,0,0,0,1,0,0,0,0,0,4,0,0,0,0,3,4,17,0,0,0,0,0,0,0,0,0,1,0,0,0,0,0,3,0,0,0,0,1,3
BSC-LT/salamandra-7b-instruct,f11_beauty_ugly,POLE,20,0,0,0,0,0,0,0,0,0,0,0,0,0,0,0,0,0,0,0,0,0,0,13,0,0,0,0,0,0,0,0,0,0,0,0,0,0,0,0,0,0,0,0,0,0
BSC-LT/salamandra-7b-instruct,f11_captive,BOTH,20,0,0,1,0,0,0,0,0,0,0,0,0,0,0,0,1,0,0,0,0,1,1,10,0,0,0,0,0,0,0,0,0,0,0,0,0,0,0,0,0,0,0,0,0,0
BSC-LT/salamandra-7b-instruct,f11_captive,POLE,40,0,0,0,0,0,0,0,0,0,0,0,0,0,0,0,0,0,0,0,0,0,0,30,0,0,0,0,0,0,0,0,0,0,0,0,0,0,0,0,0,0,0,0,0,0
BSC-LT/salamandra-7b-instruct,f11_captive_b,BOTH,20,0,0,1,0,0,0,0,0,0,0,0,0,0,0,0,0,0,0,0,0,1,0,16,0,0,1,0,0,0,0,0,0,0,0,0,0,0,0,0,0,0,0,0,1,0
BSC-LT/salamandra-7b-instruct,f11_captive_b,POLE,40,0,0,0,0,1,0,0,0,0,1,0,0,0,0,0,0,0,1,0,1,2,2,29,0,0,0,0,0,0,0,0,0,1,0,0,0,0,0,0,0,0,0,1,1,1
BSC-LT/salamandra-7b-instruct,f11_class,BOTH,20,0,0,1,0,0,0,0,0,0,0,0,0,0,0,0,2,0,0,0,0,1,2,16,0,0,1,0,0,0,0,0,0,0,0,0,0,0,0,0,0,0,0,0,1,0
BSC-LT/salamandra-7b-instruct,f11_class,POLE,40,0,0,0,0,0,0,0,0,0,0,0,0,0,0,0,2,0,0,0,0,0,2,30,0,0,0,0,0,0,0,0,0,0,0,0,0,0,0,1,0,0,0,0,0,1
BSC-LT/salamandra-7b-instruct,f11_create,BOTH,20,0,0,4,2,0,0,0,0,0,0,0,0,0,0,0,1,0,0,0,0,5,1,13,0,0,2,1,0,0,0,0,0,0,0,0,0,0,0,1,0,0,0,0,3,1
BSC-LT/salamandra-7b-instruct,f11_create,POLE,40,0,0,0,0,0,0,0,0,0,0,0,0,0,0,0,0,0,0,0,0,0,0,32,0,0,0,0,0,0,0,0,0,0,0,0,0,0,0,0,0,0,0,0,0,0
BSC-LT/salamandra-7b-instruct,f11_desire,BOTH,20,0,1,0,0,0,0,0,0,0,0,0,0,0,0,0,1,0,0,1,0,1,2,14,0,1,0,0,0,0,0,0,0,0,0,0,0,0,0,1,0,0,1,0,1,2
BSC-LT/salamandra-7b-instruct,f11_desire,POLE,40,0,0,0,0,0,0,0,0,0,0,0,0,0,0,0,0,0,0,0,0,0,0,34,0,0,0,0,0,0,0,0,0,0,0,0,0,0,0,0,0,0,0,0,0,0
BSC-LT/salamandra-7b-instruct,f11_faithful,BOTH,20,0,0,0,0,0,0,0,0,0,0,0,0,0,0,0,3,0,0,0,0,0,3,14,0,0,0,0,0,0,0,0,0,0,0,0,0,0,0,3,0,0,0,0,0,3
BSC-LT/salamandra-7b-instruct,f11_faithful,POLE,40,1,0,0,0,0,0,0,0,0,0,0,0,0,0,0,1,0,0,1,0,1,2,29,1,0,0,0,0,0,0,0,0,0,0,0,0,0,0,0,0,0,1,0,1,1
BSC-LT/salamandra-7b-instruct,f11_gender,POLE,40,0,0,0,0,0,0,0,0,0,0,0,0,0,0,0,1,0,0,0,0,0,1,24,0,0,0,0,0,0,0,0,0,0,0,0,0,0,0,0,0,0,0,0,0,0
BSC-LT/salamandra-7b-instruct,f11_gender_he,BOTH,20,0,0,0,0,0,0,0,0,0,0,0,0,0,0,0,0,0,0,0,0,0,0,18,0,0,0,0,0,0,0,0,0,0,0,0,0,0,0,0,0,0,0,0,0,0
BSC-LT/salamandra-7b-instruct,f11_gender_he,POLE,40,0,0,0,0,0,0,0,0,0,0,0,0,0,0,0,0,0,0,0,0,0,0,31,0,0,0,0,0,0,0,0,0,0,0,0,0,0,0,0,0,0,0,0,0,0
BSC-LT/salamandra-7b-instruct,f11_gender_she,BOTH,20,0,0,0,0,0,0,0,0,0,0,0,0,0,0,0,1,1,0,0,0,0,2,19,0,0,0,0,0,0,0,0,0,0,0,0,0,0,0,0,1,0,0,0,0,1
BSC-LT/salamandra-7b-instruct,f11_gender_she,POLE,40,0,0,0,0,0,0,0,0,0,0,0,0,0,0,0,1,0,0,0,0,0,1,31,0,0,0,0,0,0,0,0,0,0,0,0,0,0,0,1,0,0,0,0,0,1
BSC-LT/salamandra-7b-instruct,f11_guilt,BOTH,20,0,0,1,0,0,0,0,0,0,0,0,0,0,0,0,1,0,0,4,1,1,6,17,0,0,1,0,0,0,0,0,0,0,0,0,0,0,0,0,0,0,3,1,1,4
BSC-LT/salamandra-7b-instruct,f11_guilt,POLE,40,0,0,0,0,0,0,0,0,0,0,0,0,0,0,0,0,0,0,8,0,0,8,26,0,0,0,0,0,0,0,0,0,0,0,0,0,0,0,0,0,0,2,0,0,2
BSC-LT/salamandra-7b-instruct,f11_holy,POLE,40,0,0,0,0,0,0,0,0,0,0,0,0,0,0,0,1,0,0,0,0,0,1,33,0,0,0,0,0,0,0,0,0,0,0,0,0,0,0,1,0,0,0,0,0,1
BSC-LT/salamandra-7b-instruct,f11_holy_b,BOTH,20,0,0,0,0,1,0,0,0,0,0,0,0,0,0,0,0,0,0,0,0,1,0,18,0,0,0,0,1,0,0,0,0,0,0,0,0,0,0,0,0,0,0,0,1,0
BSC-LT/salamandra-7b-instruct,f11_holy_b,POLE,40,0,0,0,0,0,0,0,0,0,0,0,0,0,0,0,0,0,0,0,0,0,0,29,0,0,0,0,0,0,0,0,0,0,0,0,0,0,0,0,0,0,0,0,0,0
BSC-LT/salamandra-7b-instruct,f11_love,BOTH,20,0,1,3,0,0,0,0,0,0,0,0,0,0,0,0,0,0,0,0,0,4,0,17,0,0,3,0,0,0,0,0,0,0,0,0,0,0,0,0,0,0,0,0,3,0
BSC-LT/salamandra-7b-instruct,f11_love,POLE,40,0,1,2,0,0,0,0,0,0,0,0,0,0,0,0,1,0,0,0,0,2,1,26,0,1,1,0,0,0,0,0,0,0,0,0,0,0,0,1,0,0,0,0,1,1
BSC-LT/salamandra-7b-instruct,f11_love_he,BOTH,20,0,0,2,0,0,0,0,0,0,0,0,0,0,0,0,0,0,0,1,0,2,1,17,0,0,2,0,0,0,0,0,0,0,0,0,0,0,0,0,0,0,1,0,2,1
BSC-LT/salamandra-7b-instruct,f11_love_he,POLE,40,0,0,0,0,0,0,0,0,0,0,0,0,0,0,0,0,0,0,0,0,0,0,32,0,0,0,0,0,0,0,0,0,0,0,0,0,0,0,0,0,0,0,0,0,0
BSC-LT/salamandra-7b-instruct,f11_loyal,BOTH,20,0,1,0,0,0,0,0,0,0,0,0,0,0,0,0,1,0,0,0,0,1,1,15,0,0,0,0,0,0,0,0,0,0,0,0,0,0,0,1,0,0,0,0,0,1
BSC-LT/salamandra-7b-instruct,f11_loyal,POLE,40,0,1,0,0,0,0,0,0,0,0,0,0,0,0,0,1,0,0,1,0,1,2,23,0,0,0,0,0,0,0,0,0,0,0,0,0,0,0,1,0,0,0,0,0,1
BSC-LT/salamandra-7b-instruct,f11_parent,BOTH,20,0,0,0,0,0,0,0,0,0,0,0,0,0,0,0,3,0,0,0,0,0,3,12,0,0,0,0,0,0,0,0,0,0,0,0,0,0,0,2,0,0,0,0,0,2
BSC-LT/salamandra-7b-instruct,f11_parent,POLE,40,0,0,0,0,0,0,0,0,0,0,0,0,0,0,0,1,0,0,0,1,0,2,23,0,0,0,0,0,0,0,0,0,0,0,0,0,0,0,1,0,0,0,1,0,2
BSC-LT/salamandra-7b-instruct,f11_reason,BOTH,20,0,0,2,0,0,0,0,0,0,0,0,0,0,0,0,1,0,0,0,0,2,1,10,0,0,2,0,0,0,0,0,0,0,0,0,0,0,0,0,0,0,0,0,2,0
BSC-LT/salamandra-7b-instruct,f11_reason,POLE,40,0,0,0,0,0,0,0,0,0,0,0,0,0,0,0,1,0,0,1,0,0,2,25,0,0,0,0,0,0,0,0,0,0,0,0,0,0,0,1,0,0,1,0,0,2
BSC-LT/salamandra-7b-instruct,f11_sensation,BOTH,20,0,0,1,0,0,0,0,0,0,0,0,0,0,0,0,2,0,0,0,0,1,2,13,0,0,1,0,0,0,0,0,0,0,0,0,0,0,0,1,0,0,0,0,1,1
BSC-LT/salamandra-7b-instruct,f11_sensation,POLE,40,0,0,0,0,0,0,0,0,0,0,0,0,0,0,0,0,0,0,0,0,0,0,35,0,0,0,0,0,0,0,0,0,0,0,0,0,0,0,0,0,0,0,0,0,0
BSC-LT/salamandra-7b-instruct,f11_species,BOTH,20,0,0,0,0,0,0,0,0,0,0,0,0,0,0,0,1,0,0,0,0,0,1,18,0,0,0,0,0,0,0,0,0,0,0,0,0,0,0,1,0,0,0,0,0,1
BSC-LT/salamandra-7b-instruct,f11_species,POLE,40,0,0,0,0,0,0,0,0,0,0,0,0,0,0,0,0,0,0,0,0,0,0,37,0,0,0,0,0,0,0,0,0,0,0,0,0,0,0,0,0,0,0,0,0,0
BSC-LT/salamandra-7b-instruct,f11_trust,BOTH,20,0,0,0,0,0,0,0,0,0,0,0,0,0,0,0,1,0,0,0,0,0,1,13,0,0,0,0,0,0,0,0,0,0,0,0,0,0,0,1,0,0,0,0,0,1
BSC-LT/salamandra-7b-instruct,f11_trust,POLE,40,0,0,0,0,0,0,0,0,0,0,0,0,0,0,0,0,0,0,0,0,0,0,24,0,0,0,0,0,0,0,0,0,0,0,0,0,0,0,0,0,0,0,0,0,0
ContextualAI/archangel_sft-dpo_pythia2-8b,f11_beauty,BOTH,20,0,0,0,0,0,0,0,0,0,0,0,0,0,0,0,0,0,0,0,0,0,0,19,0,0,0,0,0,0,0,0,0,0,0,0,0,0,0,0,0,0,0,0,0,0
ContextualAI/archangel_sft-dpo_pythia2-8b,f11_beauty,POLE,40,0,0,0,0,0,0,0,0,0,0,0,0,0,0,0,1,0,0,0,0,0,1,39,0,0,0,0,0,0,0,0,0,0,0,0,0,0,0,1,0,0,0,0,0,1
ContextualAI/archangel_sft-dpo_pythia2-8b,f11_beauty_ugly,BOTH,20,0,0,0,0,0,0,0,0,0,0,0,0,0,0,0,0,0,0,0,0,0,0,20,0,0,0,0,0,0,0,0,0,0,0,0,0,0,0,0,0,0,0,0,0,0
ContextualAI/archangel_sft-dpo_pythia2-8b,f11_beauty_ugly,POLE,20,0,0,1,0,0,0,0,0,0,0,0,0,0,0,0,1,0,0,0,0,1,1,19,0,0,1,0,0,0,0,0,0,0,0,0,0,0,0,1,0,0,0,0,1,1
ContextualAI/archangel_sft-dpo_pythia2-8b,f11_captive,BOTH,20,0,0,0,0,0,0,0,0,0,0,0,0,0,0,0,0,0,0,0,0,0,0,16,0,0,0,0,0,0,0,0,0,0,0,0,0,0,0,0,0,0,0,0,0,0
ContextualAI/archangel_sft-dpo_pythia2-8b,f11_captive,POLE,40,0,0,1,0,0,0,0,0,0,0,0,0,0,0,0,2,0,0,0,0,1,2,29,0,0,1,0,0,0,0,0,0,0,0,0,0,0,0,1,0,0,0,0,1,1
ContextualAI/archangel_sft-dpo_pythia2-8b,f11_captive_b,BOTH,20,0,0,0,0,0,0,0,0,0,0,0,0,0,0,0,0,0,0,0,0,0,0,13,0,0,0,0,0,0,0,0,0,0,0,0,0,0,0,0,0,0,0,0,0,0
ContextualAI/archangel_sft-dpo_pythia2-8b,f11_captive_b,POLE,40,0,0,0,0,0,0,0,0,0,0,0,0,0,0,0,2,0,0,1,0,0,3,33,0,0,0,0,0,0,0,0,0,0,0,0,0,0,0,0,0,0,1,0,0,1
ContextualAI/archangel_sft-dpo_pythia2-8b,f11_class,BOTH,20,0,0,0,0,0,0,0,0,0,0,0,0,0,0,0,0,0,0,0,1,0,1,17,0,0,0,0,0,0,0,0,0,0,0,0,0,0,0,0,0,0,0,1,0,1
ContextualAI/archangel_sft-dpo_pythia2-8b,f11_class,POLE,40,0,0,0,0,0,0,0,0,0,0,0,0,0,0,0,2,0,0,0,0,0,2,37,0,0,0,0,0,0,0,0,0,0,0,0,0,0,0,2,0,0,0,0,0,2
ContextualAI/archangel_sft-dpo_pythia2-8b,f11_create,BOTH,20,0,0,0,0,0,0,0,0,0,0,0,0,0,0,0,0,0,0,0,0,0,0,12,0,0,0,0,0,0,0,0,0,0,0,0,0,0,0,0,0,0,0,0,0,0
ContextualAI/archangel_sft-dpo_pythia2-8b,f11_create,POLE,40,0,0,0,0,0,0,0,0,0,0,0,0,0,0,0,0,0,0,0,0,0,0,28,0,0,0,0,0,0,0,0,0,0,0,0,0,0,0,0,0,0,0,0,0,0
ContextualAI/archangel_sft-dpo_pythia2-8b,f11_desire,BOTH,20,1,0,0,0,0,0,0,0,0,0,0,0,0,0,0,2,0,0,0,0,1,2,20,1,0,0,0,0,0,0,0,0,0,0,0,0,0,0,2,0,0,0,0,1,2
ContextualAI/archangel_sft-dpo_pythia2-8b,f11_desire,POLE,40,1,0,0,0,0,0,0,0,0,0,0,0,0,0,0,1,1,1,0,0,1,2,38,1,0,0,0,0,0,0,0,0,0,0,0,0,0,0,1,1,1,0,0,1,2
ContextualAI/archangel_sft-dpo_pythia2-8b,f11_faithful,BOTH,20,0,0,0,0,0,0,0,0,0,0,0,0,0,0,0,1,0,1,0,0,0,2,20,0,0,0,0,0,0,0,0,0,0,0,0,0,0,0,1,0,1,0,0,0,2
ContextualAI/archangel_sft-dpo_pythia2-8b,f11_faithful,POLE,40,0,0,0,0,0,0,0,0,0,0,0,0,0,0,0,1,0,0,0,0,0,1,35,0,0,0,0,0,0,0,0,0,0,0,0,0,0,0,1,0,0,0,0,0,1
ContextualAI/archangel_sft-dpo_pythia2-8b,f11_gender,POLE,40,0,0,0,0,0,0,0,0,0,0,0,0,0,0,0,1,0,0,1,0,0,2,36,0,0,0,0,0,0,0,0,0,0,0,0,0,0,0,1,0,0,1,0,0,2
ContextualAI/archangel_sft-dpo_pythia2-8b,f11_gender_he,BOTH,20,0,0,0,0,0,0,0,0,0,0,0,0,0,0,0,0,0,0,0,1,0,1,19,0,0,0,0,0,0,0,0,0,0,0,0,0,0,0,0,0,0,0,1,0,1
ContextualAI/archangel_sft-dpo_pythia2-8b,f11_gender_he,POLE,40,0,0,0,0,0,0,0,0,0,0,0,0,0,0,0,1,1,1,0,0,0,2,39,0,0,0,0,0,0,0,0,0,0,0,0,0,0,0,1,1,1,0,0,0,2
ContextualAI/archangel_sft-dpo_pythia2-8b,f11_gender_she,BOTH,20,0,0,1,0,0,0,0,0,0,0,0,0,0,0,0,2,0,0,0,0,1,2,19,0,0,1,0,0,0,0,0,0,0,0,0,0,0,0,2,0,0,0,0,1,2
ContextualAI/archangel_sft-dpo_pythia2-8b,f11_gender_she,POLE,40,0,0,1,0,0,0,0,0,0,0,0,0,0,0,0,3,1,0,0,0,1,4,32,0,0,1,0,0,0,0,0,0,0,0,0,0,0,0,3,1,0,0,0,1,4
ContextualAI/archangel_sft-dpo_pythia2-8b,f11_guilt,BOTH,20,0,0,1,0,0,0,0,0,0,0,0,0,0,0,0,2,0,0,1,0,1,3,19,0,0,1,0,0,0,0,0,0,0,0,0,0,0,0,2,0,0,1,0,1,3
ContextualAI/archangel_sft-dpo_pythia2-8b,f11_guilt,POLE,40,0,0,0,0,0,0,0,0,0,0,0,0,0,0,0,1,0,1,6,0,0,7,31,0,0,0,0,0,0,0,0,0,0,0,0,0,0,0,0,0,1,3,0,0,3
ContextualAI/archangel_sft-dpo_pythia2-8b,f11_holy,POLE,40,0,0,0,0,0,0,0,0,0,0,0,0,0,0,0,2,0,0,1,0,0,3,36,0,0,0,0,0,0,0,0,0,0,0,0,0,0,0,1,0,0,1,0,0,2
ContextualAI/archangel_sft-dpo_pythia2-8b,f11_holy_b,BOTH,20,0,0,0,0,0,0,0,0,0,0,0,0,0,0,0,0,0,0,0,0,0,0,15,0,0,0,0,0,0,0,0,0,0,0,0,0,0,0,0,0,0,0,0,0,0
ContextualAI/archangel_sft-dpo_pythia2-8b,f11_holy_b,POLE,40,0,0,0,0,0,0,0,0,0,0,0,0,0,0,0,2,0,0,0,0,0,2,34,0,0,0,0,0,0,0,0,0,0,0,0,0,0,0,2,0,0,0,0,0,2
ContextualAI/archangel_sft-dpo_pythia2-8b,f11_love,BOTH,20,1,0,0,0,0,0,0,0,0,0,0,0,0,0,0,0,0,0,0,0,1,0,18,1,0,0,0,0,0,0,0,0,0,0,0,0,0,0,0,0,0,0,0,1,0
ContextualAI/archangel_sft-dpo_pythia2-8b,f11_love,POLE,40,0,0,0,0,0,0,0,0,0,0,0,0,0,0,0,0,1,0,0,1,0,2,36,0,0,0,0,0,0,0,0,0,0,0,0,0,0,0,0,1,0,0,1,0,2
ContextualAI/archangel_sft-dpo_pythia2-8b,f11_love_he,BOTH,20,0,0,0,0,0,0,0,0,0,0,0,0,0,0,0,2,0,0,0,0,0,2,18,0,0,0,0,0,0,0,0,0,0,0,0,0,0,0,2,0,0,0,0,0,2
ContextualAI/archangel_sft-dpo_pythia2-8b,f11_love_he,POLE,40,0,0,0,0,0,0,0,0,0,0,0,0,0,0,0,1,0,0,0,0,0,1,36,0,0,0,0,0,0,0,0,0,0,0,0,0,0,0,1,0,0,0,0,0,1
ContextualAI/archangel_sft-dpo_pythia2-8b,f11_loyal,BOTH,20,0,0,0,0,0,0,0,0,0,0,0,0,0,0,0,1,0,0,0,0,0,1,16,0,0,0,0,0,0,0,0,0,0,0,0,0,0,0,1,0,0,0,0,0,1
ContextualAI/archangel_sft-dpo_pythia2-8b,f11_loyal,POLE,40,1,1,0,0,0,0,0,0,0,0,0,0,0,0,0,2,0,0,0,0,2,2,34,1,1,0,0,0,0,0,0,0,0,0,0,0,0,0,1,0,0,0,0,2,1
ContextualAI/archangel_sft-dpo_pythia2-8b,f11_parent,BOTH,20,0,0,0,0,0,0,0,0,0,0,0,0,0,0,0,0,0,0,0,1,0,1,14,0,0,0,0,0,0,0,0,0,0,0,0,0,0,0,0,0,0,0,1,0,1
ContextualAI/archangel_sft-dpo_pythia2-8b,f11_parent,POLE,40,0,0,0,0,0,0,0,0,0,0,0,0,0,0,0,3,0,0,0,0,0,3,26,0,0,0,0,0,0,0,0,0,0,0,0,0,0,0,3,0,0,0,0,0,3
ContextualAI/archangel_sft-dpo_pythia2-8b,f11_reason,BOTH,20,0,1,1,0,0,1,0,0,0,1,0,0,0,0,0,3,0,1,0,0,4,3,13,0,1,1,0,0,1,0,0,0,0,0,0,0,0,0,2,0,1,0,0,3,2
ContextualAI/archangel_sft-dpo_pythia2-8b,f11_reason,POLE,40,0,0,0,0,0,0,0,0,0,0,0,0,0,0,0,3,0,0,0,1,0,4,33,0,0,0,0,0,0,0,0,0,0,0,0,0,0,0,3,0,0,0,1,0,4
ContextualAI/archangel_sft-dpo_pythia2-8b,f11_sensation,BOTH,20,0,0,0,0,0,0,0,0,0,0,0,0,0,0,0,0,0,0,0,0,0,0,20,0,0,0,0,0,0,0,0,0,0,0,0,0,0,0,0,0,0,0,0,0,0
ContextualAI/archangel_sft-dpo_pythia2-8b,f11_sensation,POLE,40,1,0,0,0,0,0,0,0,0,0,0,0,0,0,0,0,0,0,0,0,1,0,40,1,0,0,0,0,0,0,0,0,0,0,0,0,0,0,0,0,0,0,0,1,0
ContextualAI/archangel_sft-dpo_pythia2-8b,f11_species,BOTH,20,0,0,0,0,0,0,0,0,0,0,0,0,0,0,0,0,0,0,0,0,0,0,18,0,0,0,0,0,0,0,0,0,0,0,0,0,0,0,0,0,0,0,0,0,0
ContextualAI/archangel_sft-dpo_pythia2-8b,f11_species,POLE,40,0,0,0,0,0,0,0,0,0,0,0,0,0,0,0,1,0,0,0,0,0,1,39,0,0,0,0,0,0,0,0,0,0,0,0,0,0,0,1,0,0,0,0,0,1
ContextualAI/archangel_sft-dpo_pythia2-8b,f11_trust,BOTH,20,0,0,0,0,0,0,0,0,0,0,0,0,0,0,0,0,0,0,0,0,0,0,17,0,0,0,0,0,0,0,0,0,0,0,0,0,0,0,0,0,0,0,0,0,0
ContextualAI/archangel_sft-dpo_pythia2-8b,f11_trust,POLE,40,0,0,0,0,0,0,0,0,0,0,0,0,0,0,0,1,0,0,0,0,0,1,32,0,0,0,0,0,0,0,0,0,0,0,0,0,0,0,0,0,0,0,0,0,0
EleutherAI/pythia-2.8b,f11_beauty,BOTH,20,0,0,0,0,0,0,0,0,0,0,0,0,0,0,0,0,0,0,0,0,0,0,20,0,0,0,0,0,0,0,0,0,0,0,0,0,0,0,0,0,0,0,0,0,0
EleutherAI/pythia-2.8b,f11_beauty,POLE,40,0,0,0,0,0,0,0,0,0,0,0,0,0,0,0,4,0,0,0,0,0,4,38,0,0,0,0,0,0,0,0,0,0,0,0,0,0,0,4,0,0,0,0,0,4
EleutherAI/pythia-2.8b,f11_beauty_ugly,BOTH,20,0,0,0,0,0,0,0,0,0,0,0,0,0,0,0,0,0,0,0,0,0,0,16,0,0,0,0,0,0,0,0,0,0,0,0,0,0,0,0,0,0,0,0,0,0
EleutherAI/pythia-2.8b,f11_beauty_ugly,POLE,20,0,0,0,0,0,0,0,0,0,0,0,0,0,0,0,0,0,0,0,0,0,0,18,0,0,0,0,0,0,0,0,0,0,0,0,0,0,0,0,0,0,0,0,0,0
EleutherAI/pythia-2.8b,f11_captive,BOTH,20,0,0,0,0,0,0,0,0,0,0,0,0,0,0,0,1,0,0,0,0,0,1,16,0,0,0,0,0,0,0,0,0,0,0,0,0,0,0,0,0,0,0,0,0,0
EleutherAI/pythia-2.8b,f11_captive,POLE,40,0,0,0,0,0,0,0,0,0,0,0,0,0,0,0,3,0,1,0,0,0,3,30,0,0,0,0,0,0,0,0,0,0,0,0,0,0,0,3,0,1,0,0,0,3
EleutherAI/pythia-2.8b,f11_captive_b,BOTH,20,0,0,0,0,0,0,0,0,0,0,0,0,0,0,0,1,0,0,0,0,0,1,13,0,0,0,0,0,0,0,0,0,0,0,0,0,0,0,0,0,0,0,0,0,0
EleutherAI/pythia-2.8b,f11_captive_b,POLE,40,0,0,0,0,0,0,0,0,0,0,0,0,0,0,0,0,0,0,1,0,0,1,34,0,0,0,0,0,0,0,0,0,0,0,0,0,0,0,0,0,0,1,0,0,1
EleutherAI/pythia-2.8b,f11_class,BOTH,20,0,0,0,0,0,0,0,0,0,0,0,0,0,0,0,2,0,0,0,0,0,2,14,0,0,0,0,0,0,0,0,0,0,0,0,0,0,0,1,0,0,0,0,0,1
EleutherAI/pythia-2.8b,f11_class,POLE,40,0,0,0,0,0,0,0,0,0,0,0,0,0,0,0,2,0,0,0,0,0,2,37,0,0,0,0,0,0,0,0,0,0,0,0,0,0,0,1,0,0,0,0,0,1
EleutherAI/pythia-2.8b,f11_create,BOTH,20,0,0,0,0,0,0,0,0,0,0,0,0,0,0,0,1,0,0,0,0,0,1,13,0,0,0,0,0,0,0,0,0,0,0,0,0,0,0,1,0,0,0,0,0,1
EleutherAI/pythia-2.8b,f11_create,POLE,40,0,0,0,0,0,0,0,0,0,0,0,0,0,0,0,2,0,0,0,0,0,2,32,0,0,0,0,0,0,0,0,0,0,0,0,0,0,0,1,0,0,0,0,0,1
EleutherAI/pythia-2.8b,f11_desire,BOTH,20,0,0,1,0,0,0,0,0,0,0,0,0,0,0,0,2,0,0,0,0,1,2,18,0,0,0,0,0,0,0,0,0,0,0,0,0,0,0,2,0,0,0,0,0,2
EleutherAI/pythia-2.8b,f11_desire,POLE,40,1,0,0,0,0,0,0,0,0,0,0,0,0,0,0,4,0,0,0,0,1,4,37,1,0,0,0,0,0,0,0,0,0,0,0,0,0,0,4,0,0,0,0,1,4
EleutherAI/pythia-2.8b,f11_faithful,BOTH,20,0,0,0,0,0,0,0,0,0,0,0,0,0,0,0,2,0,0,0,0,0,2,20,0,0,0,0,0,0,0,0,0,0,0,0,0,0,0,2,0,0,0,0,0,2
EleutherAI/pythia-2.8b,f11_faithful,POLE,40,0,0,1,0,0,0,0,0,0,0,0,0,0,0,0,2,0,0,0,0,1,2,37,0,0,1,0,0,0,0,0,0,0,0,0,0,0,0,2,0,0,0,0,1,2
EleutherAI/pythia-2.8b,f11_gender,POLE,40,0,1,0,0,0,0,0,0,0,0,0,0,0,0,0,2,0,0,1,0,1,3,36,0,0,0,0,0,0,0,0,0,0,0,0,0,0,0,2,0,0,1,0,0,3
EleutherAI/pythia-2.8b,f11_gender_he,BOTH,20,0,0,0,0,0,0,0,0,0,0,0,0,0,0,0,0,0,0,0,1,0,1,16,0,0,0,0,0,0,0,0,0,0,0,0,0,0,0,0,0,0,0,1,0,1
EleutherAI/pythia-2.8b,f11_gender_he,POLE,40,0,0,0,0,0,0,0,0,0,0,0,0,0,0,0,2,1,0,0,1,0,4,34,0,0,0,0,0,0,0,0,0,0,0,0,0,0,0,1,0,0,0,1,0,2
EleutherAI/pythia-2.8b,f11_gender_she,BOTH,20,0,1,0,0,0,0,0,0,0,0,0,0,0,0,0,1,0,1,1,0,1,3,18,0,1,0,0,0,0,0,0,0,0,0,0,0,0,0,1,0,1,1,0,1,3
EleutherAI/pythia-2.8b,f11_gender_she,POLE,40,0,0,0,0,0,0,0,0,0,0,0,0,0,0,0,2,0,0,0,0,0,2,32,0,0,0,0,0,0,0,0,0,0,0,0,0,0,0,2,0,0,0,0,0,2
EleutherAI/pythia-2.8b,f11_guilt,BOTH,20,0,0,0,0,0,0,0,0,0,0,0,0,0,0,0,1,0,1,2,0,0,4,17,0,0,0,0,0,0,0,0,0,0,0,0,0,0,0,1,0,0,2,0,0,3
EleutherAI/pythia-2.8b,f11_guilt,POLE,40,0,0,0,0,0,0,0,0,0,0,0,0,0,0,0,1,0,0,2,0,0,3,32,0,0,0,0,0,0,0,0,0,0,0,0,0,0,0,1,0,0,2,0,0,3
EleutherAI/pythia-2.8b,f11_holy,POLE,40,0,0,0,0,0,0,0,0,0,0,0,0,0,0,0,0,0,1,0,0,0,1,37,0,0,0,0,0,0,0,0,0,0,0,0,0,0,0,0,0,1,0,0,0,1
EleutherAI/pythia-2.8b,f11_holy_b,BOTH,20,0,0,0,0,0,0,0,0,0,1,0,0,0,0,0,0,0,0,0,0,1,0,18,0,0,0,0,0,0,0,0,0,1,0,0,0,0,0,0,0,0,0,0,1,0
EleutherAI/pythia-2.8b,f11_holy_b,POLE,40,1,0,0,0,0,0,0,0,0,0,0,0,0,0,0,3,0,0,0,0,1,3,35,1,0,0,0,0,0,0,0,0,0,0,0,0,0,0,2,0,0,0,0,1,2
EleutherAI/pythia-2.8b,f11_love,BOTH,20,0,1,0,1,0,0,0,0,0,0,0,0,0,0,0,0,0,0,0,0,2,0,19,0,1,0,1,0,0,0,0,0,0,0,0,0,0,0,0,0,0,0,0,2,0
EleutherAI/pythia-2.8b,f11_love,POLE,40,0,0,1,0,0,0,0,0,0,0,0,0,0,0,0,0,0,2,0,0,1,2,39,0,0,1,0,0,0,0,0,0,0,0,0,0,0,0,0,0,2,0,0,1,2
EleutherAI/pythia-2.8b,f11_love_he,BOTH,20,0,0,0,0,0,0,0,0,0,0,0,0,0,0,0,0,0,0,0,0,0,0,17,0,0,0,0,0,0,0,0,0,0,0,0,0,0,0,0,0,0,0,0,0,0
EleutherAI/pythia-2.8b,f11_love_he,POLE,40,0,0,0,0,0,0,0,0,0,0,0,0,0,0,0,2,0,0,1,0,0,3,38,0,0,0,0,0,0,0,0,0,0,0,0,0,0,0,2,0,0,1,0,0,3
EleutherAI/pythia-2.8b,f11_loyal,BOTH,20,1,1,0,0,0,0,0,0,0,0,0,0,0,0,0,1,0,0,0,0,2,1,17,1,1,0,0,0,0,0,0,0,0,0,0,0,0,0,0,0,0,0,0,2,0
EleutherAI/pythia-2.8b,f11_loyal,POLE,40,0,2,0,0,0,0,0,0,0,0,0,0,0,0,0,0,0,1,0,0,2,1,33,0,2,0,0,0,0,0,0,0,0,0,0,0,0,0,0,0,0,0,0,2,0
EleutherAI/pythia-2.8b,f11_parent,BOTH,20,0,0,0,0,0,0,0,0,0,0,0,0,0,0,0,0,0,0,0,0,0,0,15,0,0,0,0,0,0,0,0,0,0,0,0,0,0,0,0,0,0,0,0,0,0
EleutherAI/pythia-2.8b,f11_parent,POLE,40,0,0,0,0,0,0,0,0,0,0,0,0,0,0,0,3,0,1,1,0,0,5,26,0,0,0,0,0,0,0,0,0,0,0,0,0,0,0,1,0,1,0,0,0,2
EleutherAI/pythia-2.8b,f11_reason,BOTH,20,0,0,0,0,0,0,0,0,0,0,0,0,0,0,0,0,0,0,0,0,0,0,8,0,0,0,0,0,0,0,0,0,0,0,0,0,0,0,0,0,0,0,0,0,0
EleutherAI/pythia-2.8b,f11_reason,POLE,40,0,0,0,0,0,0,0,0,0,0,0,0,0,0,0,1,0,0,0,0,0,1,31,0,0,0,0,0,0,0,0,0,0,0,0,0,0,0,1,0,0,0,0,0,1
EleutherAI/pythia-2.8b,f11_sensation,BOTH,20,1,0,0,0,0,0,0,0,0,0,0,0,0,0,0,2,0,0,0,0,1,2,20,1,0,0,0,0,0,0,0,0,0,0,0,0,0,0,2,0,0,0,0,1,2
EleutherAI/pythia-2.8b,f11_sensation,POLE,40,0,0,0,0,0,0,0,0,0,0,0,0,0,0,0,3,0,1,0,0,0,4,38,0,0,0,0,0,0,0,0,0,0,0,0,0,0,0,3,0,1,0,0,0,4
EleutherAI/pythia-2.8b,f11_species,BOTH,20,0,0,0,0,0,0,0,0,0,0,0,0,0,0,0,0,0,0,0,0,0,0,18,0,0,0,0,0,0,0,0,0,0,0,0,0,0,0,0,0,0,0,0,0,0
EleutherAI/pythia-2.8b,f11_species,POLE,40,0,0,0,0,0,0,0,0,0,0,0,0,0,0,0,3,0,0,0,0,0,3,38,0,0,0,0,0,0,0,0,0,0,0,0,0,0,0,3,0,0,0,0,0,3
EleutherAI/pythia-2.8b,f11_trust,BOTH,20,0,0,0,0,0,0,0,0,0,0,0,0,0,0,0,0,0,0,0,0,0,0,19,0,0,0,0,0,0,0,0,0,0,0,0,0,0,0,0,0,0,0,0,0,0
EleutherAI/pythia-2.8b,f11_trust,POLE,40,0,0,0,0,0,0,0,0,0,0,0,0,0,0,0,1,0,1,0,0,0,2,37,0,0,0,0,0,0,0,0,0,0,0,0,0,0,0,1,0,1,0,0,0,2
EleutherAI/pythia-6.9b,f11_beauty,BOTH,20,0,0,0,0,0,0,0,0,0,0,0,0,0,0,0,1,0,0,0,0,0,1,19,0,0,0,0,0,0,0,0,0,0,0,0,0,0,0,1,0,0,0,0,0,1
EleutherAI/pythia-6.9b,f11_beauty,POLE,40,0,0,0,0,0,0,0,0,0,0,0,0,0,0,0,1,0,0,0,0,0,1,36,0,0,0,0,0,0,0,0,0,0,0,0,0,0,0,1,0,0,0,0,0,1
EleutherAI/pythia-6.9b,f11_beauty_ugly,BOTH,20,1,0,2,0,0,0,0,0,0,0,0,0,0,0,0,0,0,0,0,0,3,0,19,1,0,2,0,0,0,0,0,0,0,0,0,0,0,0,0,0,0,0,0,3,0
EleutherAI/pythia-6.9b,f11_beauty_ugly,POLE,20,0,0,0,0,0,0,0,0,0,0,0,0,0,0,0,1,0,0,0,0,0,1,19,0,0,0,0,0,0,0,0,0,0,0,0,0,0,0,1,0,0,0,0,0,1
EleutherAI/pythia-6.9b,f11_captive,BOTH,20,0,0,0,0,0,0,0,0,0,0,0,0,0,0,0,1,0,0,0,0,0,1,17,0,0,0,0,0,0,0,0,0,0,0,0,0,0,0,1,0,0,0,0,0,1
EleutherAI/pythia-6.9b,f11_captive,POLE,40,0,0,0,0,0,0,0,0,0,0,0,0,0,0,0,2,0,0,0,0,0,2,29,0,0,0,0,0,0,0,0,0,0,0,0,0,0,0,2,0,0,0,0,0,2
EleutherAI/pythia-6.9b,f11_captive_b,BOTH,20,0,0,1,0,0,0,0,0,0,0,0,0,0,0,0,0,0,0,0,0,1,0,18,0,0,1,0,0,0,0,0,0,0,0,0,0,0,0,0,0,0,0,0,1,0
EleutherAI/pythia-6.9b,f11_captive_b,POLE,40,0,0,0,0,0,0,0,0,0,0,0,0,0,0,0,1,0,0,0,0,0,1,32,0,0,0,0,0,0,0,0,0,0,0,0,0,0,0,1,0,0,0,0,0,1
EleutherAI/pythia-6.9b,f11_class,BOTH,20,0,0,0,0,0,0,0,0,0,0,0,0,0,0,0,1,0,0,0,0,0,1,16,0,0,0,0,0,0,0,0,0,0,0,0,0,0,0,0,0,0,0,0,0,0
EleutherAI/pythia-6.9b,f11_class,POLE,40,0,0,0,0,0,0,0,0,0,0,0,0,0,0,0,0,0,0,0,0,0,0,35,0,0,0,0,0,0,0,0,0,0,0,0,0,0,0,0,0,0,0,0,0,0
EleutherAI/pythia-6.9b,f11_create,BOTH,20,0,0,0,0,0,0,0,0,0,0,0,0,0,0,0,0,0,0,1,0,0,1,18,0,0,0,0,0,0,0,0,0,0,0,0,0,0,0,0,0,0,1,0,0,1
EleutherAI/pythia-6.9b,f11_create,POLE,40,0,0,0,0,0,0,0,0,0,0,0,0,0,0,0,3,0,0,0,0,0,3,31,0,0,0,0,0,0,0,0,0,0,0,0,0,0,0,2,0,0,0,0,0,2
EleutherAI/pythia-6.9b,f11_desire,BOTH,20,0,0,0,0,0,0,0,0,0,0,0,0,0,0,0,0,0,1,0,0,0,1,17,0,0,0,0,0,0,0,0,0,0,0,0,0,0,0,0,0,1,0,0,0,1
EleutherAI/pythia-6.9b,f11_desire,POLE,40,0,0,0,0,0,0,0,0,0,0,0,0,0,0,0,2,0,0,0,0,0,2,39,0,0,0,0,0,0,0,0,0,0,0,0,0,0,0,2,0,0,0,0,0,2
EleutherAI/pythia-6.9b,f11_faithful,BOTH,20,0,1,0,0,0,0,0,0,0,0,0,0,0,0,0,0,0,0,0,0,1,0,19,0,1,0,0,0,0,0,0,0,0,0,0,0,0,0,0,0,0,0,0,1,0
EleutherAI/pythia-6.9b,f11_faithful,POLE,40,0,0,1,0,0,0,0,0,0,0,0,0,0,0,0,0,1,0,1,0,1,2,34,0,0,1,0,0,0,0,0,0,0,0,0,0,0,0,0,1,0,1,0,1,2
EleutherAI/pythia-6.9b,f11_gender,POLE,40,0,0,0,0,0,0,0,0,0,0,0,0,0,0,0,2,0,0,0,0,0,2,34,0,0,0,0,0,0,0,0,0,0,0,0,0,0,0,2,0,0,0,0,0,2
EleutherAI/pythia-6.9b,f11_gender_he,BOTH,20,0,0,0,0,0,0,0,0,0,0,0,0,0,0,0,2,0,0,0,0,0,2,19,0,0,0,0,0,0,0,0,0,0,0,0,0,0,0,2,0,0,0,0,0,2
EleutherAI/pythia-6.9b,f11_gender_he,POLE,40,0,0,0,0,0,0,0,0,0,1,0,0,0,0,0,1,0,0,0,0,1,1,33,0,0,0,0,0,0,0,0,0,1,0,0,0,0,0,1,0,0,0,0,1,1
EleutherAI/pythia-6.9b,f11_gender_she,BOTH,20,0,0,0,0,0,0,0,0,0,0,0,0,0,0,0,1,0,0,0,0,0,1,18,0,0,0,0,0,0,0,0,0,0,0,0,0,0,0,1,0,0,0,0,0,1
EleutherAI/pythia-6.9b,f11_gender_she,POLE,40,0,0,0,0,0,0,0,0,0,0,0,0,0,0,0,3,0,0,0,0,0,3,36,0,0,0,0,0,0,0,0,0,0,0,0,0,0,0,3,0,0,0,0,0,3
EleutherAI/pythia-6.9b,f11_guilt,BOTH,20,0,0,0,0,0,0,0,0,0,0,0,0,0,0,0,0,0,0,2,0,0,2,19,0,0,0,0,0,0,0,0,0,0,0,0,0,0,0,0,0,0,2,0,0,2
EleutherAI/pythia-6.9b,f11_guilt,POLE,40,0,0,1,0,0,0,0,0,0,0,0,0,0,0,0,1,0,0,4,0,1,5,35,0,0,1,0,0,0,0,0,0,0,0,0,0,0,0,1,0,0,4,0,1,5
EleutherAI/pythia-6.9b,f11_holy,POLE,40,0,0,0,0,0,0,0,0,0,0,0,0,0,0,0,0,0,1,0,0,0,1,37,0,0,0,0,0,0,0,0,0,0,0,0,0,0,0,0,0,1,0,0,0,1
EleutherAI/pythia-6.9b,f11_holy_b,BOTH,20,0,0,0,0,0,0,0,0,0,0,0,0,0,0,0,0,0,0,0,0,0,0,18,0,0,0,0,0,0,0,0,0,0,0,0,0,0,0,0,0,0,0,0,0,0
EleutherAI/pythia-6.9b,f11_holy_b,POLE,40,0,0,0,0,0,0,0,0,0,0,0,0,0,0,0,1,0,0,0,0,0,1,39,0,0,0,0,0,0,0,0,0,0,0,0,0,0,0,1,0,0,0,0,0,1
EleutherAI/pythia-6.9b,f11_love,BOTH,20,0,0,1,0,0,0,0,0,0,0,0,0,0,0,0,2,0,0,0,0,1,2,18,0,0,1,0,0,0,0,0,0,0,0,0,0,0,0,2,0,0,0,0,1,2
EleutherAI/pythia-6.9b,f11_love,POLE,40,0,0,0,0,0,0,0,0,0,0,0,0,0,0,0,0,0,0,0,0,0,0,38,0,0,0,0,0,0,0,0,0,0,0,0,0,0,0,0,0,0,0,0,0,0
EleutherAI/pythia-6.9b,f11_love_he,BOTH,20,0,0,2,0,0,0,0,0,0,0,0,0,0,0,0,3,0,0,0,0,2,3,17,0,0,2,0,0,0,0,0,0,0,0,0,0,0,0,2,0,0,0,0,2,2
EleutherAI/pythia-6.9b,f11_love_he,POLE,40,0,0,0,0,0,0,0,0,0,0,0,0,0,0,0,2,0,0,1,0,0,3,39,0,0,0,0,0,0,0,0,0,0,0,0,0,0,0,2,0,0,1,0,0,3
EleutherAI/pythia-6.9b,f11_loyal,BOTH,20,0,0,0,0,0,0,0,0,0,0,0,0,0,0,0,1,0,0,0,0,0,1,19,0,0,0,0,0,0,0,0,0,0,0,0,0,0,0,1,0,0,0,0,0,1
EleutherAI/pythia-6.9b,f11_loyal,POLE,40,0,0,0,0,0,0,1,0,0,0,0,0,0,0,0,1,0,0,0,1,1,2,32,0,0,0,0,0,0,1,0,0,0,0,0,0,0,0,1,0,0,0,1,1,2
EleutherAI/pythia-6.9b,f11_parent,BOTH,20,0,0,0,0,0,0,0,0,0,0,0,0,0,0,0,0,0,0,0,1,0,1,18,0,0,0,0,0,0,0,0,0,0,0,0,0,0,0,0,0,0,0,1,0,1
EleutherAI/pythia-6.9b,f11_parent,POLE,40,0,0,0,0,0,0,0,0,0,0,0,0,0,0,0,1,0,0,0,0,0,1,30,0,0,0,0,0,0,0,0,0,0,0,0,0,0,0,1,0,0,0,0,0,1
EleutherAI/pythia-6.9b,f11_reason,BOTH,20,0,0,0,0,0,0,0,0,0,0,0,0,0,0,0,0,0,0,0,0,0,0,11,0,0,0,0,0,0,0,0,0,0,0,0,0,0,0,0,0,0,0,0,0,0
EleutherAI/pythia-6.9b,f11_reason,POLE,40,0,0,0,0,1,0,0,0,0,0,0,0,0,0,0,3,0,0,0,0,1,3,28,0,0,0,0,0,0,0,0,0,0,0,0,0,0,0,3,0,0,0,0,0,3
EleutherAI/pythia-6.9b,f11_sensation,BOTH,20,0,0,2,0,0,0,0,0,0,0,0,0,0,0,0,1,0,0,0,0,2,1,19,0,0,2,0,0,0,0,0,0,0,0,0,0,0,0,1,0,0,0,0,2,1
EleutherAI/pythia-6.9b,f11_sensation,POLE,40,0,0,0,0,0,0,0,0,0,0,0,0,0,0,0,1,0,0,0,0,0,1,39,0,0,0,0,0,0,0,0,0,0,0,0,0,0,0,1,0,0,0,0,0,1
EleutherAI/pythia-6.9b,f11_species,BOTH,20,0,0,0,0,0,0,0,0,0,0,0,0,0,0,0,0,0,0,0,0,0,0,19,0,0,0,0,0,0,0,0,0,0,0,0,0,0,0,0,0,0,0,0,0,0
EleutherAI/pythia-6.9b,f11_species,POLE,40,0,0,0,0,0,0,0,0,0,0,0,0,0,0,0,1,0,0,0,0,0,1,36,0,0,0,0,0,0,0,0,0,0,0,0,0,0,0,0,0,0,0,0,0,0
EleutherAI/pythia-6.9b,f11_trust,BOTH,20,0,0,0,0,0,0,0,0,0,0,0,0,0,0,0,1,0,0,0,0,0,1,17,0,0,0,0,0,0,0,0,0,0,0,0,0,0,0,1,0,0,0,0,0,1
EleutherAI/pythia-6.9b,f11_trust,POLE,40,0,0,0,0,0,0,0,0,0,0,0,0,0,0,0,0,0,0,0,0,0,0,33,0,0,0,0,0,0,0,0,0,0,0,0,0,0,0,0,0,0,0,0,0,0
HuggingFaceH4/zephyr-7b-beta,f11_beauty,BOTH,20,0,0,0,0,0,0,0,0,0,0,0,0,0,0,0,0,0,1,0,0,0,1,16,0,0,0,0,0,0,0,0,0,0,0,0,0,0,0,0,0,0,0,0,0,0
HuggingFaceH4/zephyr-7b-beta,f11_beauty,POLE,40,0,0,0,1,0,0,0,0,0,0,0,0,0,0,0,0,0,0,0,0,1,0,35,0,0,0,1,0,0,0,0,0,0,0,0,0,0,0,0,0,0,0,0,1,0
HuggingFaceH4/zephyr-7b-beta,f11_beauty_ugly,BOTH,20,0,0,1,0,0,0,0,0,0,0,0,0,0,0,0,0,0,0,0,0,1,0,19,0,0,1,0,0,0,0,0,0,0,0,0,0,0,0,0,0,0,0,0,1,0
HuggingFaceH4/zephyr-7b-beta,f11_beauty_ugly,POLE,20,0,0,0,0,0,0,0,0,0,0,0,0,0,0,0,2,0,0,0,0,0,2,19,0,0,0,0,0,0,0,0,0,0,0,0,0,0,0,2,0,0,0,0,0,2
HuggingFaceH4/zephyr-7b-beta,f11_captive,BOTH,20,0,0,0,0,0,0,0,0,0,0,0,0,0,0,0,0,0,0,0,0,0,0,17,0,0,0,0,0,0,0,0,0,0,0,0,0,0,0,0,0,0,0,0,0,0
HuggingFaceH4/zephyr-7b-beta,f11_captive,POLE,40,0,0,0,0,0,0,0,0,0,0,0,0,0,0,0,1,0,0,1,0,0,2,35,0,0,0,0,0,0,0,0,0,0,0,0,0,0,0,1,0,0,1,0,0,2
HuggingFaceH4/zephyr-7b-beta,f11_captive_b,BOTH,20,0,1,0,0,0,0,0,0,0,0,0,0,0,0,0,0,0,0,0,0,1,0,13,0,0,0,0,0,0,0,0,0,0,0,0,0,0,0,0,0,0,0,0,0,0
HuggingFaceH4/zephyr-7b-beta,f11_captive_b,POLE,40,0,0,0,0,0,0,0,0,0,0,0,0,0,0,0,0,0,0,2,0,0,2,25,0,0,0,0,0,0,0,0,0,0,0,0,0,0,0,0,0,0,1,0,0,1
HuggingFaceH4/zephyr-7b-beta,f11_class,BOTH,20,0,0,1,0,0,0,0,0,0,0,0,0,0,0,0,0,0,0,0,0,1,0,13,0,0,1,0,0,0,0,0,0,0,0,0,0,0,0,0,0,0,0,0,1,0
HuggingFaceH4/zephyr-7b-beta,f11_class,POLE,40,0,0,0,0,0,0,0,0,0,0,0,0,0,0,0,2,0,0,1,0,0,3,36,0,0,0,0,0,0,0,0,0,0,0,0,0,0,0,2,0,0,1,0,0,3
HuggingFaceH4/zephyr-7b-beta,f11_create,BOTH,20,0,0,1,0,0,1,1,0,0,0,0,0,0,0,0,0,0,0,0,0,3,0,17,0,0,1,0,0,1,1,0,0,0,0,0,0,0,0,0,0,0,0,0,3,0
HuggingFaceH4/zephyr-7b-beta,f11_create,POLE,40,0,0,0,0,0,0,0,0,0,0,0,0,0,0,0,0,0,0,0,0,0,0,33,0,0,0,0,0,0,0,0,0,0,0,0,0,0,0,0,0,0,0,0,0,0
HuggingFaceH4/zephyr-7b-beta,f11_desire,BOTH,20,0,0,1,0,0,0,0,0,0,0,0,0,0,0,0,0,0,0,1,0,1,1,18,0,0,1,0,0,0,0,0,0,0,0,0,0,0,0,0,0,0,1,0,1,1
HuggingFaceH4/zephyr-7b-beta,f11_desire,POLE,40,0,0,0,0,0,0,0,0,0,0,0,0,0,0,0,0,0,0,0,0,0,0,33,0,0,0,0,0,0,0,0,0,0,0,0,0,0,0,0,0,0,0,0,0,0
HuggingFaceH4/zephyr-7b-beta,f11_faithful,BOTH,20,0,0,0,0,0,0,0,0,0,0,0,0,0,0,0,1,0,0,1,0,0,2,16,0,0,0,0,0,0,0,0,0,0,0,0,0,0,0,1,0,0,1,0,0,2
HuggingFaceH4/zephyr-7b-beta,f11_faithful,POLE,40,0,1,0,0,0,0,0,0,0,0,0,0,0,0,0,0,0,0,2,0,1,2,32,0,1,0,0,0,0,0,0,0,0,0,0,0,0,0,0,0,0,2,0,1,2
HuggingFaceH4/zephyr-7b-beta,f11_gender,POLE,40,0,0,0,0,0,0,0,0,0,0,0,0,0,0,0,2,0,0,0,0,0,2,25,0,0,0,0,0,0,0,0,0,0,0,0,0,0,0,2,0,0,0,0,0,2
HuggingFaceH4/zephyr-7b-beta,f11_gender_he,BOTH,20,0,0,1,0,0,0,0,0,0,0,0,0,0,0,0,0,0,0,0,0,1,0,18,0,0,1,0,0,0,0,0,0,0,0,0,0,0,0,0,0,0,0,0,1,0
HuggingFaceH4/zephyr-7b-beta,f11_gender_he,POLE,40,0,0,0,0,0,0,0,0,0,0,0,0,0,0,0,0,0,0,0,0,0,0,37,0,0,0,0,0,0,0,0,0,0,0,0,0,0,0,0,0,0,0,0,0,0
HuggingFaceH4/zephyr-7b-beta,f11_gender_she,BOTH,20,0,0,1,0,0,0,0,0,0,0,0,0,0,0,0,0,0,0,0,0,1,0,16,0,0,1,0,0,0,0,0,0,0,0,0,0,0,0,0,0,0,0,0,1,0
HuggingFaceH4/zephyr-7b-beta,f11_gender_she,POLE,40,0,0,1,0,0,0,0,0,0,0,0,0,0,0,0,2,0,1,0,0,1,3,35,0,0,1,0,0,0,0,0,0,0,0,0,0,0,0,2,0,1,0,0,1,3
HuggingFaceH4/zephyr-7b-beta,f11_guilt,BOTH,20,0,0,2,0,1,0,0,0,0,0,0,0,0,0,0,0,0,0,0,0,2,0,18,0,0,2,0,1,0,0,0,0,0,0,0,0,0,0,0,0,0,0,0,2,0
HuggingFaceH4/zephyr-7b-beta,f11_guilt,POLE,40,1,0,1,0,0,0,0,0,0,0,0,0,0,0,0,1,0,1,3,0,2,5,33,1,0,1,0,0,0,0,0,0,0,0,0,0,0,0,1,0,1,2,0,2,4
HuggingFaceH4/zephyr-7b-beta,f11_holy,POLE,40,0,0,0,0,0,0,0,0,0,0,0,0,0,0,0,2,0,0,0,0,0,2,39,0,0,0,0,0,0,0,0,0,0,0,0,0,0,0,2,0,0,0,0,0,2
HuggingFaceH4/zephyr-7b-beta,f11_holy_b,BOTH,20,0,0,0,1,0,0,0,0,0,0,0,0,0,0,0,0,0,0,0,0,1,0,16,0,0,0,1,0,0,0,0,0,0,0,0,0,0,0,0,0,0,0,0,1,0
HuggingFaceH4/zephyr-7b-beta,f11_holy_b,POLE,40,1,0,0,0,0,0,0,0,0,0,0,0,0,0,0,1,0,0,0,0,1,1,35,1,0,0,0,0,0,0,0,0,0,0,0,0,0,0,1,0,0,0,0,1,1
HuggingFaceH4/zephyr-7b-beta,f11_love,BOTH,20,0,0,3,0,1,0,0,0,0,0,0,0,0,0,0,0,0,1,0,0,4,1,16,0,0,1,0,1,0,0,0,0,0,0,0,0,0,0,0,0,1,0,0,2,1
HuggingFaceH4/zephyr-7b-beta,f11_love,POLE,40,0,0,0,0,0,0,1,0,0,0,0,0,0,0,0,0,0,0,0,0,1,0,37,0,0,0,0,0,0,1,0,0,0,0,0,0,0,0,0,0,0,0,0,1,0
HuggingFaceH4/zephyr-7b-beta,f11_love_he,BOTH,20,0,0,0,0,1,0,0,0,0,0,0,0,0,0,0,0,0,0,1,0,1,1,20,0,0,0,0,1,0,0,0,0,0,0,0,0,0,0,0,0,0,1,0,1,1
HuggingFaceH4/zephyr-7b-beta,f11_love_he,POLE,40,2,0,2,0,0,0,0,0,0,0,0,0,0,0,0,0,0,0,0,0,4,0,36,2,0,1,0,0,0,0,0,0,0,0,0,0,0,0,0,0,0,0,0,3,0
HuggingFaceH4/zephyr-7b-beta,f11_loyal,BOTH,20,0,1,0,0,0,0,0,0,0,0,0,0,0,0,0,3,0,0,0,0,1,3,12,0,1,0,0,0,0,0,0,0,0,0,0,0,0,0,2,0,0,0,0,1,2
HuggingFaceH4/zephyr-7b-beta,f11_loyal,POLE,40,0,1,0,0,0,0,0,0,0,0,0,0,0,0,0,0,0,0,2,1,1,3,30,0,0,0,0,0,0,0,0,0,0,0,0,0,0,0,0,0,0,1,1,0,2
HuggingFaceH4/zephyr-7b-beta,f11_parent,BOTH,20,1,0,0,0,0,0,0,0,0,0,0,0,0,0,0,0,0,0,0,0,1,0,12,1,0,0,0,0,0,0,0,0,0,0,0,0,0,0,0,0,0,0,0,1,0
HuggingFaceH4/zephyr-7b-beta,f11_parent,POLE,40,0,0,0,0,0,0,0,0,0,0,0,0,0,0,0,0,0,0,0,0,0,0,28,0,0,0,0,0,0,0,0,0,0,0,0,0,0,0,0,0,0,0,0,0,0
HuggingFaceH4/zephyr-7b-beta,f11_reason,BOTH,20,0,0,2,1,0,0,0,0,0,0,0,0,0,0,0,0,0,0,0,0,3,0,12,0,0,2,0,0,0,0,0,0,0,0,0,0,0,0,0,0,0,0,0,2,0
HuggingFaceH4/zephyr-7b-beta,f11_reason,POLE,40,0,0,0,0,0,0,0,0,0,0,0,0,0,0,0,0,0,0,2,0,0,2,19,0,0,0,0,0,0,0,0,0,0,0,0,0,0,0,0,0,0,1,0,0,1
HuggingFaceH4/zephyr-7b-beta,f11_sensation,BOTH,20,1,0,1,0,0,0,0,0,0,0,0,0,0,0,0,0,0,0,0,0,2,0,19,1,0,1,0,0,0,0,0,0,0,0,0,0,0,0,0,0,0,0,0,2,0
HuggingFaceH4/zephyr-7b-beta,f11_sensation,POLE,40,2,0,0,0,0,0,0,0,0,0,0,0,0,0,0,1,0,0,0,0,2,1,38,2,0,0,0,0,0,0,0,0,0,0,0,0,0,0,1,0,0,0,0,2,1
HuggingFaceH4/zephyr-7b-beta,f11_species,BOTH,20,0,0,0,0,0,0,0,0,0,0,0,0,0,0,0,0,0,0,0,0,0,0,20,0,0,0,0,0,0,0,0,0,0,0,0,0,0,0,0,0,0,0,0,0,0
HuggingFaceH4/zephyr-7b-beta,f11_species,POLE,40,0,0,0,0,0,0,0,0,0,0,0,0,0,0,0,0,0,0,0,0,0,0,38,0,0,0,0,0,0,0,0,0,0,0,0,0,0,0,0,0,0,0,0,0,0
HuggingFaceH4/zephyr-7b-beta,f11_trust,BOTH,20,1,0,0,0,0,0,0,0,0,0,0,0,0,0,0,0,0,0,0,0,1,0,14,1,0,0,0,0,0,0,0,0,0,0,0,0,0,0,0,0,0,0,0,1,0
HuggingFaceH4/zephyr-7b-beta,f11_trust,POLE,40,0,0,0,0,0,0,0,0,0,0,0,0,0,0,0,0,0,0,0,0,0,0,33,0,0,0,0,0,0,0,0,0,0,0,0,0,0,0,0,0,0,0,0,0,0
HuggingFaceTB/SmolLM2-360M,f11_beauty,BOTH,20,0,0,0,0,0,0,0,0,0,0,0,0,0,0,0,0,0,0,0,0,0,0,19,0,0,0,0,0,0,0,0,0,0,0,0,0,0,0,0,0,0,0,0,0,0
HuggingFaceTB/SmolLM2-360M,f11_beauty,POLE,40,0,0,0,0,0,0,0,0,0,0,0,0,0,0,0,0,0,0,1,0,0,1,34,0,0,0,0,0,0,0,0,0,0,0,0,0,0,0,0,0,0,1,0,0,1
HuggingFaceTB/SmolLM2-360M,f11_beauty_ugly,BOTH,20,0,0,1,0,0,0,0,0,0,0,0,0,0,0,0,1,0,0,0,0,1,1,18,0,0,1,0,0,0,0,0,0,0,0,0,0,0,0,1,0,0,0,0,1,1
HuggingFaceTB/SmolLM2-360M,f11_beauty_ugly,POLE,20,0,0,0,0,0,0,0,0,0,0,0,0,0,0,0,2,0,1,0,0,0,3,18,0,0,0,0,0,0,0,0,0,0,0,0,0,0,0,2,0,1,0,0,0,3
HuggingFaceTB/SmolLM2-360M,f11_captive,BOTH,20,0,1,0,0,0,0,0,0,0,0,0,0,0,0,0,1,0,0,2,0,1,3,15,0,1,0,0,0,0,0,0,0,0,0,0,0,0,0,1,0,0,1,0,1,2
HuggingFaceTB/SmolLM2-360M,f11_captive,POLE,40,0,0,0,0,0,0,0,0,0,0,0,0,0,0,0,1,0,0,0,0,0,1,29,0,0,0,0,0,0,0,0,0,0,0,0,0,0,0,1,0,0,0,0,0,1
HuggingFaceTB/SmolLM2-360M,f11_captive_b,BOTH,20,0,0,0,0,0,0,0,0,0,0,0,0,0,0,0,0,0,0,0,0,0,0,12,0,0,0,0,0,0,0,0,0,0,0,0,0,0,0,0,0,0,0,0,0,0
HuggingFaceTB/SmolLM2-360M,f11_captive_b,POLE,40,0,0,0,0,0,0,0,0,0,0,0,0,0,0,0,1,0,0,0,0,0,1,26,0,0,0,0,0,0,0,0,0,0,0,0,0,0,0,0,0,0,0,0,0,0
HuggingFaceTB/SmolLM2-360M,f11_class,BOTH,20,0,0,0,0,0,0,0,0,0,0,0,0,0,0,0,0,0,0,0,0,0,0,15,0,0,0,0,0,0,0,0,0,0,0,0,0,0,0,0,0,0,0,0,0,0
HuggingFaceTB/SmolLM2-360M,f11_class,POLE,40,0,0,0,0,0,0,0,0,0,0,0,0,0,0,0,0,0,0,0,0,0,0,34,0,0,0,0,0,0,0,0,0,0,0,0,0,0,0,0,0,0,0,0,0,0
HuggingFaceTB/SmolLM2-360M,f11_create,BOTH,20,0,0,0,0,0,0,0,0,0,0,0,0,0,0,0,0,0,1,0,1,0,2,17,0,0,0,0,0,0,0,0,0,0,0,0,0,0,0,0,0,1,0,1,0,2
HuggingFaceTB/SmolLM2-360M,f11_create,POLE,40,0,0,0,0,0,0,0,0,0,0,0,1,0,0,0,1,0,0,0,0,1,1,31,0,0,0,0,0,0,0,0,0,0,0,1,0,0,0,1,0,0,0,0,1,1
HuggingFaceTB/SmolLM2-360M,f11_desire,BOTH,20,0,0,0,0,0,0,0,0,0,0,0,0,0,0,0,1,0,0,0,0,0,1,18,0,0,0,0,0,0,0,0,0,0,0,0,0,0,0,1,0,0,0,0,0,1
HuggingFaceTB/SmolLM2-360M,f11_desire,POLE,40,1,0,0,0,0,0,0,0,0,0,0,0,0,0,0,1,0,0,0,0,1,1,36,1,0,0,0,0,0,0,0,0,0,0,0,0,0,0,1,0,0,0,0,1,1
HuggingFaceTB/SmolLM2-360M,f11_faithful,BOTH,20,0,0,0,0,0,0,0,0,0,0,0,0,0,0,0,2,0,0,0,0,0,2,20,0,0,0,0,0,0,0,0,0,0,0,0,0,0,0,2,0,0,0,0,0,2
HuggingFaceTB/SmolLM2-360M,f11_faithful,POLE,40,0,0,0,0,0,0,0,0,0,0,0,0,0,0,0,3,0,0,0,0,0,3,33,0,0,0,0,0,0,0,0,0,0,0,0,0,0,0,3,0,0,0,0,0,3
HuggingFaceTB/SmolLM2-360M,f11_gender,POLE,40,0,0,0,0,0,0,0,0,0,0,0,0,0,0,0,4,0,0,0,0,0,4,27,0,0,0,0,0,0,0,0,0,0,0,0,0,0,0,0,0,0,0,0,0,0
HuggingFaceTB/SmolLM2-360M,f11_gender_he,BOTH,20,0,0,0,0,0,0,0,0,0,0,0,0,0,0,0,2,0,0,0,0,0,2,17,0,0,0,0,0,0,0,0,0,0,0,0,0,0,0,2,0,0,0,0,0,2
HuggingFaceTB/SmolLM2-360M,f11_gender_he,POLE,40,0,0,0,0,0,0,0,0,0,0,0,0,0,0,0,1,0,0,0,0,0,1,33,0,0,0,0,0,0,0,0,0,0,0,0,0,0,0,1,0,0,0,0,0,1
HuggingFaceTB/SmolLM2-360M,f11_gender_she,BOTH,20,0,0,0,0,0,0,0,0,0,0,0,0,0,0,0,0,0,0,0,0,0,0,17,0,0,0,0,0,0,0,0,0,0,0,0,0,0,0,0,0,0,0,0,0,0
HuggingFaceTB/SmolLM2-360M,f11_gender_she,POLE,40,0,0,0,0,0,0,0,0,0,0,0,0,0,0,0,2,0,1,1,0,0,4,33,0,0,0,0,0,0,0,0,0,0,0,0,0,0,0,2,0,1,1,0,0,4
HuggingFaceTB/SmolLM2-360M,f11_guilt,BOTH,20,0,0,0,0,0,0,0,0,0,0,0,0,0,0,0,0,0,0,3,0,0,3,20,0,0,0,0,0,0,0,0,0,0,0,0,0,0,0,0,0,0,3,0,0,3
HuggingFaceTB/SmolLM2-360M,f11_guilt,POLE,40,0,1,0,0,0,0,0,0,0,0,0,0,0,0,0,1,1,0,5,0,1,7,29,0,0,0,0,0,0,0,0,0,0,0,0,0,0,0,1,1,0,3,0,0,5
HuggingFaceTB/SmolLM2-360M,f11_holy,POLE,40,0,0,0,0,0,0,0,0,0,0,0,0,0,0,0,0,0,0,0,0,0,0,36,0,0,0,0,0,0,0,0,0,0,0,0,0,0,0,0,0,0,0,0,0,0
HuggingFaceTB/SmolLM2-360M,f11_holy_b,BOTH,20,0,0,0,0,0,0,0,0,0,0,0,0,0,0,0,0,0,0,0,0,0,0,18,0,0,0,0,0,0,0,0,0,0,0,0,0,0,0,0,0,0,0,0,0,0
HuggingFaceTB/SmolLM2-360M,f11_holy_b,POLE,40,0,0,0,0,0,0,0,0,0,0,0,0,0,0,0,1,0,0,0,0,0,1,35,0,0,0,0,0,0,0,0,0,0,0,0,0,0,0,1,0,0,0,0,0,1
HuggingFaceTB/SmolLM2-360M,f11_love,BOTH,20,0,0,0,0,0,0,0,0,0,0,0,0,0,0,0,0,0,0,0,0,0,0,16,0,0,0,0,0,0,0,0,0,0,0,0,0,0,0,0,0,0,0,0,0,0
HuggingFaceTB/SmolLM2-360M,f11_love,POLE,40,0,0,0,0,0,0,0,0,0,0,0,0,0,0,0,0,0,0,0,0,0,0,37,0,0,0,0,0,0,0,0,0,0,0,0,0,0,0,0,0,0,0,0,0,0
HuggingFaceTB/SmolLM2-360M,f11_love_he,BOTH,20,0,0,0,0,0,0,0,0,0,0,0,0,0,0,0,1,0,0,0,0,0,1,17,0,0,0,0,0,0,0,0,0,0,0,0,0,0,0,1,0,0,0,0,0,1
HuggingFaceTB/SmolLM2-360M,f11_love_he,POLE,40,2,1,1,0,0,0,0,0,0,0,0,0,0,0,0,2,0,0,0,0,3,2,34,2,1,1,0,0,0,0,0,0,0,0,0,0,0,0,2,0,0,0,0,3,2
HuggingFaceTB/SmolLM2-360M,f11_loyal,BOTH,20,0,1,0,0,0,0,0,0,0,0,0,0,0,0,0,0,0,0,0,0,1,0,12,0,1,0,0,0,0,0,0,0,0,0,0,0,0,0,0,0,0,0,0,1,0
HuggingFaceTB/SmolLM2-360M,f11_loyal,POLE,40,0,0,0,0,0,0,0,0,0,0,0,0,0,0,0,1,0,0,0,0,0,1,28,0,0,0,0,0,0,0,0,0,0,0,0,0,0,0,1,0,0,0,0,0,1
HuggingFaceTB/SmolLM2-360M,f11_parent,BOTH,20,0,0,0,0,0,0,0,0,0,0,0,0,0,0,0,1,0,0,0,0,0,1,15,0,0,0,0,0,0,0,0,0,0,0,0,0,0,0,1,0,0,0,0,0,1
HuggingFaceTB/SmolLM2-360M,f11_parent,POLE,40,0,0,0,0,0,0,0,0,0,0,0,0,0,0,0,2,0,0,0,0,0,2,29,0,0,0,0,0,0,0,0,0,0,0,0,0,0,0,1,0,0,0,0,0,1
HuggingFaceTB/SmolLM2-360M,f11_reason,BOTH,20,0,0,0,0,0,0,0,0,0,0,0,0,0,0,0,0,0,0,0,0,0,0,13,0,0,0,0,0,0,0,0,0,0,0,0,0,0,0,0,0,0,0,0,0,0
HuggingFaceTB/SmolLM2-360M,f11_reason,POLE,40,0,0,0,0,0,0,0,0,0,0,0,0,0,0,0,2,0,0,0,0,0,2,27,0,0,0,0,0,0,0,0,0,0,0,0,0,0,0,2,0,0,0,0,0,2
HuggingFaceTB/SmolLM2-360M,f11_sensation,BOTH,20,0,0,0,0,0,0,0,0,0,0,0,0,0,0,0,1,0,0,0,0,0,1,18,0,0,0,0,0,0,0,0,0,0,0,0,0,0,0,1,0,0,0,0,0,1
HuggingFaceTB/SmolLM2-360M,f11_sensation,POLE,40,0,0,0,0,0,0,0,0,0,0,0,0,0,0,0,0,0,0,0,0,0,0,39,0,0,0,0,0,0,0,0,0,0,0,0,0,0,0,0,0,0,0,0,0,0
HuggingFaceTB/SmolLM2-360M,f11_species,BOTH,20,0,0,0,1,0,0,0,0,0,0,0,0,0,0,0,0,0,0,0,0,1,0,17,0,0,0,1,0,0,0,0,0,0,0,0,0,0,0,0,0,0,0,0,1,0
HuggingFaceTB/SmolLM2-360M,f11_species,POLE,40,0,0,0,0,0,0,0,0,0,0,0,0,0,0,0,1,0,1,0,0,0,2,37,0,0,0,0,0,0,0,0,0,0,0,0,0,0,0,0,0,1,0,0,0,1
HuggingFaceTB/SmolLM2-360M,f11_trust,BOTH,20,0,0,0,0,0,0,0,0,0,0,0,0,0,0,0,0,0,0,0,0,0,0,17,0,0,0,0,0,0,0,0,0,0,0,0,0,0,0,0,0,0,0,0,0,0
HuggingFaceTB/SmolLM2-360M,f11_trust,POLE,40,0,0,0,0,0,0,0,0,0,0,0,0,0,0,0,1,0,0,1,1,0,2,37,0,0,0,0,0,0,0,0,0,0,0,0,0,0,0,1,0,0,1,0,0,1
HuggingFaceTB/SmolLM2-360M-Instruct,f11_beauty,BOTH,20,0,0,0,0,0,0,0,0,0,0,0,0,0,0,0,1,0,0,0,0,0,1,16,0,0,0,0,0,0,0,0,0,0,0,0,0,0,0,1,0,0,0,0,0,1
HuggingFaceTB/SmolLM2-360M-Instruct,f11_beauty,POLE,40,1,0,0,0,0,0,0,0,0,0,0,0,0,0,0,3,0,0,0,0,1,3,35,1,0,0,0,0,0,0,0,0,0,0,0,0,0,0,2,0,0,0,0,1,2
HuggingFaceTB/SmolLM2-360M-Instruct,f11_beauty_ugly,BOTH,20,0,0,0,0,0,0,0,0,0,0,0,0,0,0,0,0,0,0,0,0,0,0,11,0,0,0,0,0,0,0,0,0,0,0,0,0,0,0,0,0,0,0,0,0,0
HuggingFaceTB/SmolLM2-360M-Instruct,f11_beauty_ugly,POLE,20,0,0,0,0,0,0,0,0,0,0,0,0,0,0,0,0,0,0,0,0,0,0,17,0,0,0,0,0,0,0,0,0,0,0,0,0,0,0,0,0,0,0,0,0,0
HuggingFaceTB/SmolLM2-360M-Instruct,f11_captive,BOTH,20,0,0,0,0,0,0,0,0,0,0,0,0,0,0,0,1,0,0,0,0,0,1,11,0,0,0,0,0,0,0,0,0,0,0,0,0,0,0,0,0,0,0,0,0,0
HuggingFaceTB/SmolLM2-360M-Instruct,f11_captive,POLE,40,0,0,0,0,0,0,0,0,0,0,0,0,0,0,0,4,0,0,0,0,0,4,29,0,0,0,0,0,0,0,0,0,0,0,0,0,0,0,3,0,0,0,0,0,3
HuggingFaceTB/SmolLM2-360M-Instruct,f11_captive_b,BOTH,20,0,0,0,0,0,0,0,0,0,0,0,0,0,0,0,1,0,0,1,0,0,2,14,0,0,0,0,0,0,0,0,0,0,0,0,0,0,0,1,0,0,1,0,0,2
HuggingFaceTB/SmolLM2-360M-Instruct,f11_captive_b,POLE,40,1,0,0,0,1,0,0,0,0,0,0,0,0,0,0,0,0,0,0,0,2,0,31,1,0,0,0,0,0,0,0,0,0,0,0,0,0,0,0,0,0,0,0,1,0
HuggingFaceTB/SmolLM2-360M-Instruct,f11_class,BOTH,20,0,0,0,0,0,0,0,0,0,0,0,0,0,0,0,1,0,0,0,0,0,1,13,0,0,0,0,0,0,0,0,0,0,0,0,0,0,0,1,0,0,0,0,0,1
HuggingFaceTB/SmolLM2-360M-Instruct,f11_class,POLE,40,0,0,0,0,0,0,0,0,0,0,0,0,0,0,0,0,0,0,0,0,0,0,25,0,0,0,0,0,0,0,0,0,0,0,0,0,0,0,0,0,0,0,0,0,0
HuggingFaceTB/SmolLM2-360M-Instruct,f11_create,BOTH,20,0,0,0,0,0,0,0,0,0,0,0,0,0,0,0,0,0,0,0,0,0,0,15,0,0,0,0,0,0,0,0,0,0,0,0,0,0,0,0,0,0,0,0,0,0
HuggingFaceTB/SmolLM2-360M-Instruct,f11_create,POLE,40,0,0,0,0,0,0,0,0,0,0,0,0,0,0,0,2,0,0,0,0,0,2,26,0,0,0,0,0,0,0,0,0,0,0,0,0,0,0,2,0,0,0,0,0,2
HuggingFaceTB/SmolLM2-360M-Instruct,f11_desire,BOTH,20,0,0,0,0,0,0,0,0,0,0,0,0,0,0,0,0,0,0,0,1,0,1,16,0,0,0,0,0,0,0,0,0,0,0,0,0,0,0,0,0,0,0,1,0,1
HuggingFaceTB/SmolLM2-360M-Instruct,f11_desire,POLE,40,0,0,0,0,0,0,0,0,0,0,0,0,0,0,0,2,0,0,0,0,0,2,29,0,0,0,0,0,0,0,0,0,0,0,0,0,0,0,1,0,0,0,0,0,1
HuggingFaceTB/SmolLM2-360M-Instruct,f11_faithful,BOTH,20,0,0,0,0,0,0,0,0,0,0,0,0,0,0,0,0,0,0,0,0,0,0,16,0,0,0,0,0,0,0,0,0,0,0,0,0,0,0,0,0,0,0,0,0,0
HuggingFaceTB/SmolLM2-360M-Instruct,f11_faithful,POLE,40,0,0,0,0,0,0,0,0,0,0,0,0,0,0,0,1,0,0,0,0,0,1,30,0,0,0,0,0,0,0,0,0,0,0,0,0,0,0,1,0,0,0,0,0,1
HuggingFaceTB/SmolLM2-360M-Instruct,f11_gender,POLE,40,0,0,0,0,0,0,0,0,0,0,0,0,0,0,0,2,0,0,0,0,0,2,30,0,0,0,0,0,0,0,0,0,0,0,0,0,0,0,1,0,0,0,0,0,1
HuggingFaceTB/SmolLM2-360M-Instruct,f11_gender_he,BOTH,20,0,0,1,0,0,0,0,0,0,0,0,0,0,0,0,1,0,0,0,0,1,1,16,0,0,0,0,0,0,0,0,0,0,0,0,0,0,0,0,0,0,0,0,0,0
HuggingFaceTB/SmolLM2-360M-Instruct,f11_gender_he,POLE,40,0,0,0,0,0,0,0,0,0,0,0,0,0,0,0,0,0,0,0,0,0,0,31,0,0,0,0,0,0,0,0,0,0,0,0,0,0,0,0,0,0,0,0,0,0
HuggingFaceTB/SmolLM2-360M-Instruct,f11_gender_she,BOTH,20,0,0,0,0,0,0,0,0,0,0,0,0,0,0,0,0,0,0,1,0,0,1,17,0,0,0,0,0,0,0,0,0,0,0,0,0,0,0,0,0,0,1,0,0,1
HuggingFaceTB/SmolLM2-360M-Instruct,f11_gender_she,POLE,40,0,0,0,0,0,0,0,0,0,0,0,0,0,0,0,1,0,0,0,0,0,1,28,0,0,0,0,0,0,0,0,0,0,0,0,0,0,0,1,0,0,0,0,0,1
HuggingFaceTB/SmolLM2-360M-Instruct,f11_guilt,BOTH,20,0,0,0,0,0,0,0,0,0,0,0,0,0,0,0,0,0,0,0,0,0,0,15,0,0,0,0,0,0,0,0,0,0,0,0,0,0,0,0,0,0,0,0,0,0
HuggingFaceTB/SmolLM2-360M-Instruct,f11_guilt,POLE,40,0,0,0,0,0,0,0,0,0,0,0,0,0,0,0,0,0,0,3,0,0,3,32,0,0,0,0,0,0,0,0,0,0,0,0,0,0,0,0,0,0,2,0,0,2
HuggingFaceTB/SmolLM2-360M-Instruct,f11_holy,POLE,40,0,0,1,0,0,0,0,0,0,0,0,0,0,0,0,1,0,0,0,0,1,1,29,0,0,1,0,0,0,0,0,0,0,0,0,0,0,0,1,0,0,0,0,1,1
HuggingFaceTB/SmolLM2-360M-Instruct,f11_holy_b,BOTH,20,0,0,0,0,0,0,0,0,0,0,0,0,0,0,0,0,0,0,0,0,0,0,14,0,0,0,0,0,0,0,0,0,0,0,0,0,0,0,0,0,0,0,0,0,0
HuggingFaceTB/SmolLM2-360M-Instruct,f11_holy_b,POLE,40,0,0,0,0,0,0,0,0,0,0,0,0,0,0,0,1,0,0,0,0,0,1,38,0,0,0,0,0,0,0,0,0,0,0,0,0,0,0,1,0,0,0,0,0,1
HuggingFaceTB/SmolLM2-360M-Instruct,f11_love,BOTH,20,0,0,0,0,0,0,0,0,0,0,0,0,0,0,0,0,0,0,0,0,0,0,13,0,0,0,0,0,0,0,0,0,0,0,0,0,0,0,0,0,0,0,0,0,0
HuggingFaceTB/SmolLM2-360M-Instruct,f11_love,POLE,40,0,0,0,0,0,0,0,0,0,0,0,0,0,0,0,2,0,1,0,0,0,3,32,0,0,0,0,0,0,0,0,0,0,0,0,0,0,0,0,0,1,0,0,0,1
HuggingFaceTB/SmolLM2-360M-Instruct,f11_love_he,BOTH,20,1,0,0,0,0,0,0,0,0,0,0,0,0,0,0,0,0,0,0,0,1,0,17,1,0,0,0,0,0,0,0,0,0,0,0,0,0,0,0,0,0,0,0,1,0
HuggingFaceTB/SmolLM2-360M-Instruct,f11_love_he,POLE,40,1,0,0,0,0,0,0,0,0,0,0,0,0,0,0,0,0,0,0,0,1,0,32,1,0,0,0,0,0,0,0,0,0,0,0,0,0,0,0,0,0,0,0,1,0
HuggingFaceTB/SmolLM2-360M-Instruct,f11_loyal,BOTH,20,0,0,0,0,0,0,0,0,0,0,0,0,0,0,0,1,0,0,0,0,0,1,10,0,0,0,0,0,0,0,0,0,0,0,0,0,0,0,0,0,0,0,0,0,0
HuggingFaceTB/SmolLM2-360M-Instruct,f11_loyal,POLE,40,0,0,1,0,0,0,0,0,0,0,0,0,0,0,0,1,0,0,0,0,1,1,25,0,0,1,0,0,0,0,0,0,0,0,0,0,0,0,1,0,0,0,0,1,1
HuggingFaceTB/SmolLM2-360M-Instruct,f11_parent,BOTH,20,0,0,0,0,0,0,0,0,0,0,0,0,0,0,0,2,0,0,0,0,0,2,16,0,0,0,0,0,0,0,0,0,0,0,0,0,0,0,1,0,0,0,0,0,1
HuggingFaceTB/SmolLM2-360M-Instruct,f11_parent,POLE,40,0,0,0,0,0,0,0,0,0,0,0,0,0,0,0,3,0,0,1,0,0,4,28,0,0,0,0,0,0,0,0,0,0,0,0,0,0,0,1,0,0,1,0,0,2
HuggingFaceTB/SmolLM2-360M-Instruct,f11_reason,BOTH,20,0,0,0,0,0,0,0,0,0,0,0,0,0,0,0,0,0,0,0,1,0,1,12,0,0,0,0,0,0,0,0,0,0,0,0,0,0,0,0,0,0,0,1,0,1
HuggingFaceTB/SmolLM2-360M-Instruct,f11_reason,POLE,40,0,1,0,0,0,0,0,0,0,0,0,0,0,0,0,2,1,0,0,0,1,3,23,0,0,0,0,0,0,0,0,0,0,0,0,0,0,0,2,1,0,0,0,0,3
HuggingFaceTB/SmolLM2-360M-Instruct,f11_sensation,BOTH,20,0,0,0,0,0,0,0,0,0,0,0,0,0,0,0,1,0,0,0,0,0,1,18,0,0,0,0,0,0,0,0,0,0,0,0,0,0,0,0,0,0,0,0,0,0
HuggingFaceTB/SmolLM2-360M-Instruct,f11_sensation,POLE,40,2,0,1,0,0,0,0,0,0,0,0,0,0,0,0,0,0,0,0,0,3,0,32,1,0,1,0,0,0,0,0,0,0,0,0,0,0,0,0,0,0,0,0,2,0
HuggingFaceTB/SmolLM2-360M-Instruct,f11_species,BOTH,20,0,0,0,0,0,0,0,0,0,0,0,0,0,0,0,0,0,0,1,0,0,1,16,0,0,0,0,0,0,0,0,0,0,0,0,0,0,0,0,0,0,1,0,0,1
HuggingFaceTB/SmolLM2-360M-Instruct,f11_species,POLE,40,1,0,0,0,0,0,0,0,0,0,0,0,0,0,0,0,0,0,0,0,1,0,34,1,0,0,0,0,0,0,0,0,0,0,0,0,0,0,0,0,0,0,0,1,0
HuggingFaceTB/SmolLM2-360M-Instruct,f11_trust,BOTH,20,0,0,0,0,0,0,0,0,0,0,0,0,0,0,0,0,0,0,0,0,0,0,16,0,0,0,0,0,0,0,0,0,0,0,0,0,0,0,0,0,0,0,0,0,0
HuggingFaceTB/SmolLM2-360M-Instruct,f11_trust,POLE,40,0,0,0,0,0,0,0,0,0,0,0,0,0,0,0,1,0,0,1,0,0,2,30,0,0,0,0,0,0,0,0,0,0,0,0,0,0,0,1,0,0,1,0,0,2
HuggingFaceTB/SmolLM3-3B,f11_beauty,BOTH,20,1,0,0,0,0,0,0,0,0,0,0,0,0,0,0,0,0,0,0,0,1,0,20,1,0,0,0,0,0,0,0,0,0,0,0,0,0,0,0,0,0,0,0,1,0
HuggingFaceTB/SmolLM3-3B,f11_beauty,POLE,40,0,0,0,0,0,0,0,0,0,0,0,0,0,0,0,0,0,0,2,0,0,2,36,0,0,0,0,0,0,0,0,0,0,0,0,0,0,0,0,0,0,1,0,0,1
HuggingFaceTB/SmolLM3-3B,f11_beauty_ugly,BOTH,20,0,0,2,0,0,0,0,0,0,0,0,0,0,0,0,1,0,0,0,0,2,1,15,0,0,2,0,0,0,0,0,0,0,0,0,0,0,0,0,0,0,0,0,2,0
HuggingFaceTB/SmolLM3-3B,f11_beauty_ugly,POLE,20,0,0,0,0,0,0,0,0,0,0,0,0,0,0,0,0,0,0,0,0,0,0,17,0,0,0,0,0,0,0,0,0,0,0,0,0,0,0,0,0,0,0,0,0,0
HuggingFaceTB/SmolLM3-3B,f11_captive,BOTH,20,0,0,0,0,0,0,0,0,0,1,0,0,0,0,0,1,0,0,0,0,1,1,14,0,0,0,0,0,0,0,0,0,1,0,0,0,0,0,1,0,0,0,0,1,1
HuggingFaceTB/SmolLM3-3B,f11_captive,POLE,40,0,0,0,0,0,0,0,0,0,0,0,0,0,0,0,2,0,0,0,0,0,2,29,0,0,0,0,0,0,0,0,0,0,0,0,0,0,0,2,0,0,0,0,0,2
HuggingFaceTB/SmolLM3-3B,f11_captive_b,BOTH,20,0,0,0,0,1,0,0,0,0,0,0,0,0,0,0,1,0,0,0,0,1,1,13,0,0,0,0,0,0,0,0,0,0,0,0,0,0,0,0,0,0,0,0,0,0
HuggingFaceTB/SmolLM3-3B,f11_captive_b,POLE,40,0,0,0,0,0,0,0,0,0,0,0,0,0,0,0,1,0,0,0,0,0,1,27,0,0,0,0,0,0,0,0,0,0,0,0,0,0,0,0,0,0,0,0,0,0
HuggingFaceTB/SmolLM3-3B,f11_class,BOTH,20,0,0,0,0,0,0,0,0,0,0,0,0,0,0,0,0,0,0,0,0,0,0,14,0,0,0,0,0,0,0,0,0,0,0,0,0,0,0,0,0,0,0,0,0,0
HuggingFaceTB/SmolLM3-3B,f11_class,POLE,40,0,1,0,0,0,0,0,0,0,0,0,0,0,0,0,1,0,0,0,0,1,1,30,0,1,0,0,0,0,0,0,0,0,0,0,0,0,0,1,0,0,0,0,1,1
HuggingFaceTB/SmolLM3-3B,f11_create,BOTH,20,0,0,0,0,0,0,0,0,0,0,0,0,0,0,0,0,0,0,0,0,0,0,16,0,0,0,0,0,0,0,0,0,0,0,0,0,0,0,0,0,0,0,0,0,0
HuggingFaceTB/SmolLM3-3B,f11_create,POLE,40,0,0,0,0,0,0,0,0,0,0,0,0,0,0,0,1,0,0,0,0,0,1,27,0,0,0,0,0,0,0,0,0,0,0,0,0,0,0,1,0,0,0,0,0,1
HuggingFaceTB/SmolLM3-3B,f11_desire,BOTH,20,0,1,0,0,0,0,0,0,0,0,0,0,0,0,0,2,0,0,0,0,1,2,15,0,0,0,0,0,0,0,0,0,0,0,0,0,0,0,1,0,0,0,0,0,1
HuggingFaceTB/SmolLM3-3B,f11_desire,POLE,40,0,0,0,0,0,0,0,0,0,0,0,0,0,0,0,1,0,0,0,0,0,1,31,0,0,0,0,0,0,0,0,0,0,0,0,0,0,0,1,0,0,0,0,0,1
HuggingFaceTB/SmolLM3-3B,f11_faithful,BOTH,20,0,0,0,0,0,0,0,0,0,0,0,0,0,0,0,0,0,0,0,0,0,0,17,0,0,0,0,0,0,0,0,0,0,0,0,0,0,0,0,0,0,0,0,0,0
HuggingFaceTB/SmolLM3-3B,f11_faithful,POLE,40,0,1,0,0,0,0,0,0,0,0,0,0,0,0,0,2,0,0,0,0,1,2,33,0,1,0,0,0,0,0,0,0,0,0,0,0,0,0,2,0,0,0,0,1,2
HuggingFaceTB/SmolLM3-3B,f11_gender,POLE,40,0,0,0,0,0,0,0,0,0,0,0,0,0,0,0,4,0,0,0,0,0,4,27,0,0,0,0,0,0,0,0,0,0,0,0,0,0,0,4,0,0,0,0,0,4
HuggingFaceTB/SmolLM3-3B,f11_gender_he,BOTH,20,0,0,0,0,0,0,0,0,0,0,0,0,0,0,0,2,0,0,0,0,0,2,16,0,0,0,0,0,0,0,0,0,0,0,0,0,0,0,2,0,0,0,0,0,2
HuggingFaceTB/SmolLM3-3B,f11_gender_he,POLE,40,0,0,0,0,0,0,0,0,0,0,0,0,0,0,0,1,0,0,0,0,0,1,31,0,0,0,0,0,0,0,0,0,0,0,0,0,0,0,1,0,0,0,0,0,1
HuggingFaceTB/SmolLM3-3B,f11_gender_she,BOTH,20,0,0,0,0,1,0,0,0,0,0,0,0,0,0,0,2,0,0,0,0,1,2,13,0,0,0,0,1,0,0,0,0,0,0,0,0,0,0,1,0,0,0,0,1,1
HuggingFaceTB/SmolLM3-3B,f11_gender_she,POLE,40,0,0,0,0,0,0,0,0,0,0,0,0,0,0,0,0,0,0,0,0,0,0,32,0,0,0,0,0,0,0,0,0,0,0,0,0,0,0,0,0,0,0,0,0,0
HuggingFaceTB/SmolLM3-3B,f11_guilt,BOTH,20,1,0,1,0,0,0,0,0,0,0,0,0,0,0,0,1,0,0,0,0,2,1,18,1,0,1,0,0,0,0,0,0,0,0,0,0,0,0,1,0,0,0,0,2,1
HuggingFaceTB/SmolLM3-3B,f11_guilt,POLE,40,0,0,0,0,1,0,0,0,0,0,0,0,0,0,0,1,0,0,2,0,1,3,30,0,0,0,0,0,0,0,0,0,0,0,0,0,0,0,1,0,0,2,0,0,3
HuggingFaceTB/SmolLM3-3B,f11_holy,POLE,40,0,0,0,0,0,0,0,0,0,0,0,0,0,0,0,0,1,0,0,0,0,1,34,0,0,0,0,0,0,0,0,0,0,0,0,0,0,0,0,0,0,0,0,0,0
HuggingFaceTB/SmolLM3-3B,f11_holy_b,BOTH,20,0,0,0,0,0,0,0,0,0,0,0,0,0,0,0,0,0,1,1,0,0,2,19,0,0,0,0,0,0,0,0,0,0,0,0,0,0,0,0,0,1,1,0,0,2
HuggingFaceTB/SmolLM3-3B,f11_holy_b,POLE,40,0,0,0,0,0,0,0,0,0,0,0,0,0,0,0,1,0,1,0,1,0,2,33,0,0,0,0,0,0,0,0,0,0,0,0,0,0,0,1,0,1,0,1,0,2
HuggingFaceTB/SmolLM3-3B,f11_love,BOTH,20,0,0,2,0,0,0,0,0,0,0,0,0,0,0,0,0,0,0,0,0,2,0,20,0,0,2,0,0,0,0,0,0,0,0,0,0,0,0,0,0,0,0,0,2,0
HuggingFaceTB/SmolLM3-3B,f11_love,POLE,40,0,0,0,0,0,0,0,0,0,0,0,0,0,0,0,2,0,0,0,0,0,2,34,0,0,0,0,0,0,0,0,0,0,0,0,0,0,0,2,0,0,0,0,0,2
HuggingFaceTB/SmolLM3-3B,f11_love_he,BOTH,20,0,0,2,0,0,0,0,0,0,0,0,0,0,0,0,0,0,0,0,1,2,1,17,0,0,1,0,0,0,0,0,0,0,0,0,0,0,0,0,0,0,0,1,1,1
HuggingFaceTB/SmolLM3-3B,f11_love_he,POLE,40,0,0,0,0,0,0,0,0,0,0,0,0,0,0,0,0,0,0,1,0,0,1,33,0,0,0,0,0,0,0,0,0,0,0,0,0,0,0,0,0,0,1,0,0,1
HuggingFaceTB/SmolLM3-3B,f11_loyal,BOTH,20,0,1,0,0,1,0,0,0,0,0,0,0,0,0,0,0,0,0,0,0,2,0,10,0,0,0,0,1,0,0,0,0,0,0,0,0,0,0,0,0,0,0,0,1,0
HuggingFaceTB/SmolLM3-3B,f11_loyal,POLE,40,0,0,0,0,0,0,0,0,0,0,0,0,0,0,0,2,0,1,2,0,0,5,28,0,0,0,0,0,0,0,0,0,0,0,0,0,0,0,1,0,1,1,0,0,3
HuggingFaceTB/SmolLM3-3B,f11_parent,BOTH,20,0,0,0,0,0,0,0,0,0,0,0,0,0,0,0,3,0,0,0,0,0,3,9,0,0,0,0,0,0,0,0,0,0,0,0,0,0,0,1,0,0,0,0,0,1
HuggingFaceTB/SmolLM3-3B,f11_parent,POLE,40,0,0,0,0,0,0,0,0,0,0,0,0,0,0,0,3,0,0,0,0,0,3,21,0,0,0,0,0,0,0,0,0,0,0,0,0,0,0,2,0,0,0,0,0,2
HuggingFaceTB/SmolLM3-3B,f11_reason,BOTH,20,1,1,1,0,1,0,0,0,0,3,0,0,0,0,0,0,0,0,0,0,5,0,15,1,0,1,0,0,0,0,0,0,2,0,0,0,0,0,0,0,0,0,0,3,0
HuggingFaceTB/SmolLM3-3B,f11_reason,POLE,40,0,0,0,0,0,0,0,0,0,0,0,0,0,0,0,0,0,0,0,0,0,0,25,0,0,0,0,0,0,0,0,0,0,0,0,0,0,0,0,0,0,0,0,0,0
HuggingFaceTB/SmolLM3-3B,f11_sensation,BOTH,20,0,0,0,0,0,0,0,0,0,0,0,0,0,0,0,0,0,0,0,0,0,0,19,0,0,0,0,0,0,0,0,0,0,0,0,0,0,0,0,0,0,0,0,0,0
HuggingFaceTB/SmolLM3-3B,f11_sensation,POLE,40,0,0,2,0,0,0,0,0,0,0,0,0,0,0,0,0,0,0,1,0,2,1,39,0,0,2,0,0,0,0,0,0,0,0,0,0,0,0,0,0,0,1,0,2,1
HuggingFaceTB/SmolLM3-3B,f11_species,BOTH,20,1,0,0,0,0,0,0,0,0,0,0,0,0,0,0,1,0,0,0,0,1,1,18,1,0,0,0,0,0,0,0,0,0,0,0,0,0,0,1,0,0,0,0,1,1
HuggingFaceTB/SmolLM3-3B,f11_species,POLE,40,0,0,0,0,0,0,0,0,0,0,0,0,0,0,0,1,0,0,0,0,0,1,36,0,0,0,0,0,0,0,0,0,0,0,0,0,0,0,1,0,0,0,0,0,1
HuggingFaceTB/SmolLM3-3B,f11_trust,BOTH,20,0,0,1,0,0,0,0,0,0,0,0,1,0,0,0,0,0,0,0,0,2,0,13,0,0,0,0,0,0,0,0,0,0,0,1,0,0,0,0,0,0,0,0,1,0
HuggingFaceTB/SmolLM3-3B,f11_trust,POLE,40,0,0,0,0,0,0,0,0,0,0,0,0,0,0,0,1,0,0,0,0,0,1,33,0,0,0,0,0,0,0,0,0,0,0,0,0,0,0,0,0,0,0,0,0,0
HuggingFaceTB/SmolLM3-3B-Base,f11_beauty,BOTH,20,0,0,0,0,0,0,0,0,0,0,0,0,0,0,0,0,0,2,0,0,0,2,16,0,0,0,0,0,0,0,0,0,0,0,0,0,0,0,0,0,2,0,0,0,2
HuggingFaceTB/SmolLM3-3B-Base,f11_beauty,POLE,40,0,1,0,0,0,0,0,0,0,0,0,0,0,0,0,0,0,1,0,0,1,1,33,0,1,0,0,0,0,0,0,0,0,0,0,0,0,0,0,0,1,0,0,1,1
HuggingFaceTB/SmolLM3-3B-Base,f11_beauty_ugly,BOTH,20,0,0,0,0,0,0,0,0,0,0,0,0,0,0,0,1,0,0,1,0,0,2,17,0,0,0,0,0,0,0,0,0,0,0,0,0,0,0,1,0,0,0,0,0,1
HuggingFaceTB/SmolLM3-3B-Base,f11_beauty_ugly,POLE,20,0,0,0,0,0,0,0,0,0,0,0,0,0,0,0,0,0,1,0,0,0,1,17,0,0,0,0,0,0,0,0,0,0,0,0,0,0,0,0,0,0,0,0,0,0
HuggingFaceTB/SmolLM3-3B-Base,f11_captive,BOTH,20,0,0,0,0,0,0,0,0,0,0,0,0,0,0,0,0,0,0,0,0,0,0,18,0,0,0,0,0,0,0,0,0,0,0,0,0,0,0,0,0,0,0,0,0,0
HuggingFaceTB/SmolLM3-3B-Base,f11_captive,POLE,40,0,0,0,0,0,0,0,0,0,0,0,0,0,0,0,2,0,1,0,1,0,4,29,0,0,0,0,0,0,0,0,0,0,0,0,0,0,0,1,0,0,0,1,0,2
HuggingFaceTB/SmolLM3-3B-Base,f11_captive_b,BOTH,20,0,0,0,0,0,0,0,0,0,0,0,0,0,0,0,0,0,0,0,0,0,0,16,0,0,0,0,0,0,0,0,0,0,0,0,0,0,0,0,0,0,0,0,0,0
HuggingFaceTB/SmolLM3-3B-Base,f11_captive_b,POLE,40,0,0,0,0,0,0,0,0,0,0,0,0,0,0,0,0,0,0,0,0,0,0,27,0,0,0,0,0,0,0,0,0,0,0,0,0,0,0,0,0,0,0,0,0,0
HuggingFaceTB/SmolLM3-3B-Base,f11_class,BOTH,20,0,0,0,0,0,0,0,0,0,0,0,0,0,0,0,0,0,0,0,0,0,0,15,0,0,0,0,0,0,0,0,0,0,0,0,0,0,0,0,0,0,0,0,0,0
HuggingFaceTB/SmolLM3-3B-Base,f11_class,POLE,40,0,0,0,0,0,0,0,0,0,0,0,0,0,0,0,1,0,1,0,0,0,2,32,0,0,0,0,0,0,0,0,0,0,0,0,0,0,0,1,0,1,0,0,0,2
HuggingFaceTB/SmolLM3-3B-Base,f11_create,BOTH,20,0,1,0,0,1,0,0,0,0,0,0,0,0,0,0,0,0,0,0,0,2,0,15,0,1,0,0,1,0,0,0,0,0,0,0,0,0,0,0,0,0,0,0,2,0
HuggingFaceTB/SmolLM3-3B-Base,f11_create,POLE,40,0,0,0,0,0,0,0,0,0,0,0,0,0,0,0,1,0,1,0,0,0,2,31,0,0,0,0,0,0,0,0,0,0,0,0,0,0,0,0,0,1,0,0,0,1
HuggingFaceTB/SmolLM3-3B-Base,f11_desire,BOTH,20,0,0,0,0,0,0,0,0,0,0,0,0,0,0,0,1,0,0,0,0,0,1,19,0,0,0,0,0,0,0,0,0,0,0,0,0,0,0,1,0,0,0,0,0,1
HuggingFaceTB/SmolLM3-3B-Base,f11_desire,POLE,40,0,0,0,0,0,0,0,0,0,0,0,0,0,0,0,0,0,0,0,0,0,0,31,0,0,0,0,0,0,0,0,0,0,0,0,0,0,0,0,0,0,0,0,0,0
HuggingFaceTB/SmolLM3-3B-Base,f11_faithful,BOTH,20,0,0,0,0,0,0,0,0,0,0,0,0,0,0,0,0,0,0,0,0,0,0,15,0,0,0,0,0,0,0,0,0,0,0,0,0,0,0,0,0,0,0,0,0,0
HuggingFaceTB/SmolLM3-3B-Base,f11_faithful,POLE,40,0,0,0,0,0,0,0,0,0,0,0,0,0,0,0,1,0,0,0,0,0,1,31,0,0,0,0,0,0,0,0,0,0,0,0,0,0,0,1,0,0,0,0,0,1
HuggingFaceTB/SmolLM3-3B-Base,f11_gender,POLE,40,0,0,0,0,0,0,0,0,0,0,0,0,0,0,0,2,0,0,0,0,0,2,29,0,0,0,0,0,0,0,0,0,0,0,0,0,0,0,1,0,0,0,0,0,1
HuggingFaceTB/SmolLM3-3B-Base,f11_gender_he,BOTH,20,0,0,0,0,0,0,0,0,0,0,0,0,0,0,0,1,0,0,0,0,0,1,18,0,0,0,0,0,0,0,0,0,0,0,0,0,0,0,1,0,0,0,0,0,1
HuggingFaceTB/SmolLM3-3B-Base,f11_gender_he,POLE,40,0,0,0,0,0,0,0,0,0,0,0,0,0,0,0,0,0,0,0,0,0,0,34,0,0,0,0,0,0,0,0,0,0,0,0,0,0,0,0,0,0,0,0,0,0
HuggingFaceTB/SmolLM3-3B-Base,f11_gender_she,BOTH,20,0,0,0,0,0,0,0,0,0,0,0,0,0,0,0,0,0,0,0,0,0,0,20,0,0,0,0,0,0,0,0,0,0,0,0,0,0,0,0,0,0,0,0,0,0
HuggingFaceTB/SmolLM3-3B-Base,f11_gender_she,POLE,40,1,0,0,0,0,0,0,0,0,0,0,0,0,0,0,2,0,0,0,0,1,2,29,1,0,0,0,0,0,0,0,0,0,0,0,0,0,0,0,0,0,0,0,1,0
HuggingFaceTB/SmolLM3-3B-Base,f11_guilt,BOTH,20,0,1,0,0,0,0,0,0,0,0,0,0,0,0,0,0,0,0,1,0,1,1,18,0,1,0,0,0,0,0,0,0,0,0,0,0,0,0,0,0,0,1,0,1,1
HuggingFaceTB/SmolLM3-3B-Base,f11_guilt,POLE,40,1,0,0,0,0,0,0,0,0,0,0,0,0,0,0,1,0,0,4,0,1,5,35,1,0,0,0,0,0,0,0,0,0,0,0,0,0,0,0,0,0,3,0,1,3
HuggingFaceTB/SmolLM3-3B-Base,f11_holy,POLE,40,0,0,0,0,0,0,0,0,0,0,0,0,0,0,0,1,0,0,0,0,0,1,36,0,0,0,0,0,0,0,0,0,0,0,0,0,0,0,1,0,0,0,0,0,1
HuggingFaceTB/SmolLM3-3B-Base,f11_holy_b,BOTH,20,0,0,0,0,0,0,0,0,0,0,0,0,0,0,0,0,0,0,0,0,0,0,19,0,0,0,0,0,0,0,0,0,0,0,0,0,0,0,0,0,0,0,0,0,0
HuggingFaceTB/SmolLM3-3B-Base,f11_holy_b,POLE,40,0,1,0,0,0,0,0,0,0,0,0,0,0,0,0,2,0,0,0,0,1,2,32,0,1,0,0,0,0,0,0,0,0,0,0,0,0,0,2,0,0,0,0,1,2
HuggingFaceTB/SmolLM3-3B-Base,f11_love,BOTH,20,0,0,1,0,0,0,0,0,0,0,0,0,0,0,0,0,0,0,0,0,1,0,20,0,0,1,0,0,0,0,0,0,0,0,0,0,0,0,0,0,0,0,0,1,0
HuggingFaceTB/SmolLM3-3B-Base,f11_love,POLE,40,0,0,1,0,0,0,0,0,0,0,0,0,0,0,0,0,0,0,0,0,1,0,35,0,0,1,0,0,0,0,0,0,0,0,0,0,0,0,0,0,0,0,0,1,0
HuggingFaceTB/SmolLM3-3B-Base,f11_love_he,BOTH,20,1,0,1,0,0,0,0,0,0,0,0,0,0,0,0,0,0,0,0,0,2,0,19,1,0,1,0,0,0,0,0,0,0,0,0,0,0,0,0,0,0,0,0,2,0
HuggingFaceTB/SmolLM3-3B-Base,f11_love_he,POLE,40,0,0,0,0,0,0,0,0,0,0,0,0,0,0,0,2,0,0,0,0,0,2,35,0,0,0,0,0,0,0,0,0,0,0,0,0,0,0,2,0,0,0,0,0,2
HuggingFaceTB/SmolLM3-3B-Base,f11_loyal,BOTH,20,0,0,0,0,0,0,0,0,0,0,0,0,0,0,0,0,0,1,0,0,0,1,14,0,0,0,0,0,0,0,0,0,0,0,0,0,0,0,0,0,1,0,0,0,1
HuggingFaceTB/SmolLM3-3B-Base,f11_loyal,POLE,40,0,0,0,0,0,0,0,0,0,0,0,0,0,0,0,0,0,0,1,0,0,1,27,0,0,0,0,0,0,0,0,0,0,0,0,0,0,0,0,0,0,1,0,0,1
HuggingFaceTB/SmolLM3-3B-Base,f11_parent,BOTH,20,0,0,0,0,0,0,0,0,0,0,0,0,0,0,0,0,0,0,0,0,0,0,12,0,0,0,0,0,0,0,0,0,0,0,0,0,0,0,0,0,0,0,0,0,0
HuggingFaceTB/SmolLM3-3B-Base,f11_parent,POLE,40,0,0,0,0,0,0,0,0,0,0,0,0,0,0,0,0,0,0,1,0,0,1,27,0,0,0,0,0,0,0,0,0,0,0,0,0,0,0,0,0,0,1,0,0,1
HuggingFaceTB/SmolLM3-3B-Base,f11_reason,BOTH,20,0,0,0,0,1,0,0,0,0,0,0,0,0,0,0,2,0,0,0,0,1,2,15,0,0,0,0,1,0,0,0,0,0,0,0,0,0,0,2,0,0,0,0,1,2
HuggingFaceTB/SmolLM3-3B-Base,f11_reason,POLE,40,0,1,0,0,0,0,0,0,0,0,0,0,0,0,0,0,0,0,0,0,1,0,22,0,0,0,0,0,0,0,0,0,0,0,0,0,0,0,0,0,0,0,0,0,0
HuggingFaceTB/SmolLM3-3B-Base,f11_sensation,BOTH,20,0,0,0,0,0,0,0,0,0,0,0,0,0,0,0,0,0,0,0,0,0,0,19,0,0,0,0,0,0,0,0,0,0,0,0,0,0,0,0,0,0,0,0,0,0
HuggingFaceTB/SmolLM3-3B-Base,f11_sensation,POLE,40,0,0,0,1,0,0,0,0,0,0,0,0,0,0,0,1,0,0,0,0,1,1,38,0,0,0,1,0,0,0,0,0,0,0,0,0,0,0,1,0,0,0,0,1,1
HuggingFaceTB/SmolLM3-3B-Base,f11_species,BOTH,20,0,0,0,0,0,0,0,0,0,0,0,0,0,0,0,0,0,0,0,0,0,0,16,0,0,0,0,0,0,0,0,0,0,0,0,0,0,0,0,0,0,0,0,0,0
HuggingFaceTB/SmolLM3-3B-Base,f11_species,POLE,40,0,1,0,0,0,0,1,0,0,0,0,0,0,0,0,2,0,0,0,0,2,2,33,0,1,0,0,0,0,1,0,0,0,0,0,0,0,0,2,0,0,0,0,2,2
HuggingFaceTB/SmolLM3-3B-Base,f11_trust,BOTH,20,0,0,0,0,0,0,0,0,0,0,0,0,0,0,0,0,0,0,0,0,0,0,15,0,0,0,0,0,0,0,0,0,0,0,0,0,0,0,0,0,0,0,0,0,0
HuggingFaceTB/SmolLM3-3B-Base,f11_trust,POLE,40,0,0,0,0,0,0,0,0,0,0,0,0,0,0,0,0,0,0,1,0,0,1,36,0,0,0,0,0,0,0,0,0,0,0,0,0,0,0,0,0,0,1,0,0,1
LLM360/Amber,f11_beauty,BOTH,20,0,0,0,0,0,0,0,0,0,0,0,0,0,0,0,0,0,0,0,0,0,0,17,0,0,0,0,0,0,0,0,0,0,0,0,0,0,0,0,0,0,0,0,0,0
LLM360/Amber,f11_beauty,POLE,40,0,0,0,0,0,0,0,0,0,0,0,0,0,0,0,1,0,0,0,0,0,1,35,0,0,0,0,0,0,0,0,0,0,0,0,0,0,0,1,0,0,0,0,0,1
LLM360/Amber,f11_beauty_ugly,BOTH,20,0,0,0,0,0,0,0,0,0,0,0,0,0,0,0,1,0,0,0,0,0,1,14,0,0,0,0,0,0,0,0,0,0,0,0,0,0,0,0,0,0,0,0,0,0
LLM360/Amber,f11_beauty_ugly,POLE,20,0,0,0,0,0,0,0,0,0,0,0,0,0,0,0,0,0,0,0,0,0,0,9,0,0,0,0,0,0,0,0,0,0,0,0,0,0,0,0,0,0,0,0,0,0
LLM360/Amber,f11_captive,BOTH,20,0,1,0,0,0,0,0,0,0,0,0,0,0,0,0,0,0,0,0,0,1,0,15,0,1,0,0,0,0,0,0,0,0,0,0,0,0,0,0,0,0,0,0,1,0
LLM360/Amber,f11_captive,POLE,40,0,0,0,0,0,0,0,0,0,0,0,0,0,0,0,0,0,0,0,0,0,0,28,0,0,0,0,0,0,0,0,0,0,0,0,0,0,0,0,0,0,0,0,0,0
LLM360/Amber,f11_captive_b,BOTH,20,0,0,1,0,0,0,0,0,0,0,0,0,0,0,0,0,0,0,0,0,1,0,15,0,0,1,0,0,0,0,0,0,0,0,0,0,0,0,0,0,0,0,0,1,0
LLM360/Amber,f11_captive_b,POLE,40,1,0,0,0,0,0,0,0,0,0,0,0,0,0,0,0,0,0,1,0,1,1,29,1,0,0,0,0,0,0,0,0,0,0,0,0,0,0,0,0,0,0,0,1,0
LLM360/Amber,f11_class,BOTH,20,0,0,0,0,0,0,0,0,0,0,0,0,0,0,0,0,0,0,0,0,0,0,12,0,0,0,0,0,0,0,0,0,0,0,0,0,0,0,0,0,0,0,0,0,0
LLM360/Amber,f11_class,POLE,40,0,0,0,0,0,0,0,0,0,0,0,0,0,0,0,0,0,0,0,0,0,0,36,0,0,0,0,0,0,0,0,0,0,0,0,0,0,0,0,0,0,0,0,0,0
LLM360/Amber,f11_create,BOTH,20,0,0,2,0,0,0,0,0,0,0,0,0,0,0,0,0,0,0,0,0,2,0,14,0,0,1,0,0,0,0,0,0,0,0,0,0,0,0,0,0,0,0,0,1,0
LLM360/Amber,f11_create,POLE,40,0,0,0,0,0,0,0,0,0,0,0,0,0,0,0,0,0,0,0,0,0,0,24,0,0,0,0,0,0,0,0,0,0,0,0,0,0,0,0,0,0,0,0,0,0
LLM360/Amber,f11_desire,BOTH,20,0,0,0,0,0,0,0,0,0,0,0,0,0,0,0,1,0,0,0,0,0,1,15,0,0,0,0,0,0,0,0,0,0,0,0,0,0,0,1,0,0,0,0,0,1
LLM360/Amber,f11_desire,POLE,40,0,0,0,0,0,0,0,0,0,0,0,0,0,0,0,2,0,0,0,0,0,2,33,0,0,0,0,0,0,0,0,0,0,0,0,0,0,0,1,0,0,0,0,0,1
LLM360/Amber,f11_faithful,BOTH,20,0,0,0,0,0,0,0,0,0,0,0,0,0,0,0,1,0,0,0,0,0,1,18,0,0,0,0,0,0,0,0,0,0,0,0,0,0,0,1,0,0,0,0,0,1
LLM360/Amber,f11_faithful,POLE,40,0,0,0,0,0,0,0,0,0,0,0,0,0,0,0,0,1,0,0,0,0,1,32,0,0,0,0,0,0,0,0,0,0,0,0,0,0,0,0,1,0,0,0,0,1
LLM360/Amber,f11_gender,POLE,40,0,0,0,0,0,0,0,0,0,0,0,0,0,0,0,2,0,0,0,0,0,2,28,0,0,0,0,0,0,0,0,0,0,0,0,0,0,0,2,0,0,0,0,0,2
LLM360/Amber,f11_gender_he,BOTH,20,0,0,0,0,0,0,0,0,0,0,0,0,0,0,0,0,1,0,0,0,0,1,16,0,0,0,0,0,0,0,0,0,0,0,0,0,0,0,0,1,0,0,0,0,1
LLM360/Amber,f11_gender_he,POLE,40,0,0,0,0,0,0,0,0,0,0,0,0,0,0,0,0,0,0,0,0,0,0,33,0,0,0,0,0,0,0,0,0,0,0,0,0,0,0,0,0,0,0,0,0,0
LLM360/Amber,f11_gender_she,BOTH,20,0,0,2,0,0,0,0,0,0,0,0,0,0,0,0,1,0,0,0,0,2,1,14,0,0,2,0,0,0,0,0,0,0,0,0,0,0,0,1,0,0,0,0,2,1
LLM360/Amber,f11_gender_she,POLE,40,0,0,0,0,0,0,0,0,0,0,0,0,0,0,0,1,0,0,0,0,0,1,31,0,0,0,0,0,0,0,0,0,0,0,0,0,0,0,1,0,0,0,0,0,1
LLM360/Amber,f11_guilt,BOTH,20,0,0,0,0,0,0,0,0,0,0,0,0,0,0,0,0,0,0,1,0,0,1,18,0,0,0,0,0,0,0,0,0,0,0,0,0,0,0,0,0,0,1,0,0,1
LLM360/Amber,f11_guilt,POLE,40,0,0,1,0,0,0,0,0,0,0,0,0,0,0,0,3,0,0,3,0,1,6,35,0,0,1,0,0,0,0,0,0,0,0,0,0,0,0,3,0,0,3,0,1,6
LLM360/Amber,f11_holy,POLE,40,0,0,0,0,0,0,0,0,0,0,0,0,0,0,0,3,0,0,0,0,0,3,32,0,0,0,0,0,0,0,0,0,0,0,0,0,0,0,3,0,0,0,0,0,3
LLM360/Amber,f11_holy_b,BOTH,20,0,0,1,1,0,0,0,0,0,0,0,0,0,0,0,0,0,0,1,0,2,1,16,0,0,0,1,0,0,0,0,0,0,0,0,0,0,0,0,0,0,1,0,1,1
LLM360/Amber,f11_holy_b,POLE,40,0,0,0,0,0,0,0,0,0,0,0,0,0,0,0,1,0,0,0,0,0,1,33,0,0,0,0,0,0,0,0,0,0,0,0,0,0,0,1,0,0,0,0,0,1
LLM360/Amber,f11_love,BOTH,20,0,0,1,0,0,1,0,0,0,0,0,0,0,0,0,0,0,0,1,0,2,1,18,0,0,1,0,0,1,0,0,0,0,0,0,0,0,0,0,0,0,1,0,2,1
LLM360/Amber,f11_love,POLE,40,0,0,0,0,1,0,0,0,0,0,0,0,0,0,0,2,0,0,0,0,1,2,34,0,0,0,0,1,0,0,0,0,0,0,0,0,0,0,2,0,0,0,0,1,2
LLM360/Amber,f11_love_he,BOTH,20,0,0,0,1,0,0,0,0,0,0,0,0,0,0,0,0,1,0,1,0,1,2,17,0,0,0,0,0,0,0,0,0,0,0,0,0,0,0,0,1,0,1,0,0,2
LLM360/Amber,f11_love_he,POLE,40,0,0,0,0,0,0,0,0,0,0,0,0,0,0,0,1,0,0,0,0,0,1,34,0,0,0,0,0,0,0,0,0,0,0,0,0,0,0,1,0,0,0,0,0,1
LLM360/Amber,f11_loyal,BOTH,20,0,0,0,0,0,0,0,0,0,0,0,0,0,0,0,0,0,0,0,0,0,0,12,0,0,0,0,0,0,0,0,0,0,0,0,0,0,0,0,0,0,0,0,0,0
LLM360/Amber,f11_loyal,POLE,40,1,0,0,0,0,0,0,0,0,0,0,0,0,0,0,2,0,0,0,0,1,2,27,0,0,0,0,0,0,0,0,0,0,0,0,0,0,0,1,0,0,0,0,0,1
LLM360/Amber,f11_parent,BOTH,20,0,0,0,0,0,0,0,0,0,0,0,0,0,0,0,1,0,0,0,0,0,1,13,0,0,0,0,0,0,0,0,0,0,0,0,0,0,0,1,0,0,0,0,0,1
LLM360/Amber,f11_parent,POLE,40,0,0,0,0,0,0,0,0,0,0,0,0,0,0,0,0,0,0,0,0,0,0,21,0,0,0,0,0,0,0,0,0,0,0,0,0,0,0,0,0,0,0,0,0,0
LLM360/Amber,f11_reason,BOTH,20,0,0,1,0,0,0,0,0,0,0,0,0,0,0,0,1,0,0,0,0,1,1,17,0,0,1,0,0,0,0,0,0,0,0,0,0,0,0,1,0,0,0,0,1,1
LLM360/Amber,f11_reason,POLE,40,0,0,0,0,0,0,0,0,0,0,0,0,0,0,0,1,0,0,1,0,0,2,29,0,0,0,0,0,0,0,0,0,0,0,0,0,0,0,1,0,0,0,0,0,1
LLM360/Amber,f11_sensation,BOTH,20,0,0,0,0,0,0,0,0,0,0,0,0,0,0,0,0,0,0,0,0,0,0,14,0,0,0,0,0,0,0,0,0,0,0,0,0,0,0,0,0,0,0,0,0,0
LLM360/Amber,f11_sensation,POLE,40,0,0,0,0,0,0,0,0,0,0,0,0,0,0,0,0,0,0,0,0,0,0,23,0,0,0,0,0,0,0,0,0,0,0,0,0,0,0,0,0,0,0,0,0,0
LLM360/Amber,f11_species,BOTH,20,0,0,0,0,0,0,0,0,0,0,0,0,0,0,0,1,0,0,0,0,0,1,14,0,0,0,0,0,0,0,0,0,0,0,0,0,0,0,0,0,0,0,0,0,0
LLM360/Amber,f11_species,POLE,40,0,0,1,0,0,0,0,0,0,0,0,0,0,0,0,0,0,0,0,0,1,0,32,0,0,1,0,0,0,0,0,0,0,0,0,0,0,0,0,0,0,0,0,1,0
LLM360/Amber,f11_trust,BOTH,20,0,0,0,0,0,0,0,0,0,0,0,0,0,0,0,1,0,0,0,0,0,1,14,0,0,0,0,0,0,0,0,0,0,0,0,0,0,0,1,0,0,0,0,0,1
LLM360/Amber,f11_trust,POLE,40,0,0,0,0,0,0,0,0,0,0,0,0,0,0,0,3,0,0,0,0,0,3,31,0,0,0,0,0,0,0,0,0,0,0,0,0,0,0,2,0,0,0,0,0,2
LLM360/AmberSafe,f11_beauty,BOTH,20,1,1,1,0,0,0,0,0,0,0,0,0,0,0,0,1,0,0,0,0,3,1,13,1,0,0,0,0,0,0,0,0,0,0,0,0,0,0,0,0,0,0,0,1,0
LLM360/AmberSafe,f11_beauty,POLE,40,0,0,0,0,0,0,0,0,0,0,0,0,0,0,0,7,0,1,0,0,0,8,27,0,0,0,0,0,0,0,0,0,0,0,0,0,0,0,4,0,1,0,0,0,5
LLM360/AmberSafe,f11_beauty_ugly,BOTH,20,0,0,0,0,0,0,0,0,0,0,0,0,0,0,0,4,0,0,0,0,0,4,9,0,0,0,0,0,0,0,0,0,0,0,0,0,0,0,3,0,0,0,0,0,3
LLM360/AmberSafe,f11_beauty_ugly,POLE,20,0,0,0,0,0,0,0,0,0,0,0,0,0,0,0,3,0,0,0,0,0,3,14,0,0,0,0,0,0,0,0,0,0,0,0,0,0,0,2,0,0,0,0,0,2
LLM360/AmberSafe,f11_captive,BOTH,20,0,0,0,0,0,0,0,0,0,0,0,0,0,0,0,0,0,0,0,0,0,0,10,0,0,0,0,0,0,0,0,0,0,0,0,0,0,0,0,0,0,0,0,0,0
LLM360/AmberSafe,f11_captive,POLE,40,0,0,0,0,0,0,0,0,0,0,0,0,0,0,0,0,0,0,1,0,0,1,27,0,0,0,0,0,0,0,0,0,0,0,0,0,0,0,0,0,0,1,0,0,1
LLM360/AmberSafe,f11_captive_b,BOTH,20,0,0,0,0,0,0,0,0,0,0,0,0,0,0,0,0,0,0,0,1,0,1,13,0,0,0,0,0,0,0,0,0,0,0,0,0,0,0,0,0,0,0,0,0,0
LLM360/AmberSafe,f11_captive_b,POLE,40,0,1,0,0,0,0,0,0,0,0,0,0,0,0,0,2,0,0,0,0,1,2,16,0,1,0,0,0,0,0,0,0,0,0,0,0,0,0,0,0,0,0,0,1,0
LLM360/AmberSafe,f11_class,BOTH,20,0,0,0,0,0,0,0,0,0,0,0,0,0,0,0,1,0,0,0,0,0,1,11,0,0,0,0,0,0,0,0,0,0,0,0,0,0,0,0,0,0,0,0,0,0
LLM360/AmberSafe,f11_class,POLE,40,0,1,0,0,0,0,0,0,0,0,0,0,0,0,0,4,0,0,0,0,1,4,16,0,1,0,0,0,0,0,0,0,0,0,0,0,0,0,2,0,0,0,0,1,2
LLM360/AmberSafe,f11_create,BOTH,20,0,0,1,0,0,1,0,0,0,0,0,0,0,0,0,1,0,0,0,0,2,1,10,0,0,1,0,0,0,0,0,0,0,0,0,0,0,0,1,0,0,0,0,1,1
LLM360/AmberSafe,f11_create,POLE,40,0,0,0,0,0,0,0,0,0,0,0,0,0,0,0,2,0,0,0,0,0,2,23,0,0,0,0,0,0,0,0,0,0,0,0,0,0,0,2,0,0,0,0,0,2
LLM360/AmberSafe,f11_desire,BOTH,20,1,3,1,0,0,0,0,1,0,0,0,0,0,0,0,1,0,0,1,0,5,2,17,1,2,1,0,0,0,0,1,0,0,0,0,0,0,0,1,0,0,0,0,4,1
LLM360/AmberSafe,f11_desire,POLE,40,1,0,0,0,0,0,0,0,0,0,0,0,0,0,0,1,0,0,1,0,1,2,33,1,0,0,0,0,0,0,0,0,0,0,0,0,0,0,1,0,0,1,0,1,2
LLM360/AmberSafe,f11_faithful,BOTH,20,0,0,0,0,0,0,0,0,0,0,0,0,0,0,0,1,0,0,1,0,0,1,9,0,0,0,0,0,0,0,0,0,0,0,0,0,0,0,1,0,0,1,0,0,1
LLM360/AmberSafe,f11_faithful,POLE,40,0,0,0,0,0,0,0,0,0,0,0,0,0,0,0,3,0,0,0,0,0,3,31,0,0,0,0,0,0,0,0,0,0,0,0,0,0,0,3,0,0,0,0,0,3
LLM360/AmberSafe,f11_gender,POLE,40,0,0,0,0,0,0,0,0,0,0,0,0,0,0,0,7,0,0,0,0,0,7,14,0,0,0,0,0,0,0,0,0,0,0,0,0,0,0,4,0,0,0,0,0,4
LLM360/AmberSafe,f11_gender_he,BOTH,20,0,0,0,0,0,0,0,0,0,0,0,0,0,0,0,6,0,0,0,0,0,6,8,0,0,0,0,0,0,0,0,0,0,0,0,0,0,0,1,0,0,0,0,0,1
LLM360/AmberSafe,f11_gender_he,POLE,40,0,0,1,0,0,0,0,0,0,0,0,0,0,0,0,1,0,0,0,0,1,1,21,0,0,1,0,0,0,0,0,0,0,0,0,0,0,0,0,0,0,0,0,1,0
LLM360/AmberSafe,f11_gender_she,BOTH,20,0,0,1,0,0,0,0,0,0,0,0,0,0,0,0,4,0,0,0,0,1,4,6,0,0,0,0,0,0,0,0,0,0,0,0,0,0,0,1,0,0,0,0,0,1
LLM360/AmberSafe,f11_gender_she,POLE,40,0,0,0,0,0,0,0,0,0,0,0,0,0,0,0,6,0,0,0,0,0,6,17,0,0,0,0,0,0,0,0,0,0,0,0,0,0,0,2,0,0,0,0,0,2
LLM360/AmberSafe,f11_guilt,BOTH,20,0,0,0,0,0,0,0,0,0,0,0,0,0,0,0,1,0,0,8,0,0,9,14,0,0,0,0,0,0,0,0,0,0,0,0,0,0,0,1,0,0,5,0,0,6
LLM360/AmberSafe,f11_guilt,POLE,40,0,0,0,0,0,0,0,0,0,0,0,0,0,0,0,2,0,0,8,0,0,10,33,0,0,0,0,0,0,0,0,0,0,0,0,0,0,0,1,0,0,5,0,0,6
LLM360/AmberSafe,f11_holy,POLE,40,0,0,0,0,0,0,0,0,0,0,0,0,0,0,0,2,0,0,0,0,0,2,35,0,0,0,0,0,0,0,0,0,0,0,0,0,0,0,0,0,0,0,0,0,0
LLM360/AmberSafe,f11_holy_b,BOTH,20,0,0,1,0,0,0,0,0,0,0,0,0,0,0,0,0,0,0,0,0,1,0,16,0,0,0,0,0,0,0,0,0,0,0,0,0,0,0,0,0,0,0,0,0,0
LLM360/AmberSafe,f11_holy_b,POLE,40,1,0,0,0,0,0,0,0,0,0,0,0,0,0,0,1,0,0,1,0,1,2,37,1,0,0,0,0,0,0,0,0,0,0,0,0,0,0,1,0,0,1,0,1,2
LLM360/AmberSafe,f11_love,BOTH,20,1,5,7,0,0,0,0,0,0,0,0,0,0,0,0,2,0,0,0,0,10,2,12,0,4,5,0,0,0,0,0,0,0,0,0,0,0,0,1,0,0,0,0,7,1
LLM360/AmberSafe,f11_love,POLE,40,0,2,1,0,0,0,0,0,0,0,0,0,0,0,0,6,0,0,0,1,3,7,32,0,1,1,0,0,0,0,0,0,0,0,0,0,0,0,6,0,0,0,1,2,7
LLM360/AmberSafe,f11_love_he,BOTH,20,1,1,1,0,0,0,0,0,0,0,0,0,0,0,0,2,0,0,0,0,3,2,10,1,0,1,0,0,0,0,0,0,0,0,0,0,0,0,0,0,0,0,0,2,0
LLM360/AmberSafe,f11_love_he,POLE,40,0,0,0,0,0,0,0,0,0,0,0,0,0,0,0,2,0,0,0,1,0,3,29,0,0,0,0,0,0,0,0,0,0,0,0,0,0,0,2,0,0,0,1,0,3
LLM360/AmberSafe,f11_loyal,BOTH,20,0,2,2,1,0,0,0,0,0,0,0,0,0,0,0,0,0,0,0,0,4,0,5,0,1,0,1,0,0,0,0,0,0,0,0,0,0,0,0,0,0,0,0,2,0
LLM360/AmberSafe,f11_loyal,POLE,40,0,1,0,0,0,0,0,0,0,0,0,1,0,0,0,3,0,0,0,0,2,3,10,0,0,0,0,0,0,0,0,0,0,0,0,0,0,0,0,0,0,0,0,0,0
LLM360/AmberSafe,f11_parent,BOTH,20,0,0,0,0,0,0,0,0,0,0,0,0,0,0,0,1,0,0,0,0,0,1,11,0,0,0,0,0,0,0,0,0,0,0,0,0,0,0,0,0,0,0,0,0,0
LLM360/AmberSafe,f11_parent,POLE,40,0,0,0,0,0,0,0,0,0,0,0,0,0,0,0,5,0,0,0,0,0,5,15,0,0,0,0,0,0,0,0,0,0,0,0,0,0,0,1,0,0,0,0,0,1
LLM360/AmberSafe,f11_reason,BOTH,20,0,0,1,0,0,0,0,0,0,0,0,0,0,0,0,0,0,0,0,0,1,0,8,0,0,1,0,0,0,0,0,0,0,0,0,0,0,0,0,0,0,0,0,1,0
LLM360/AmberSafe,f11_reason,POLE,40,0,0,0,0,1,0,0,0,0,0,0,0,0,0,0,7,0,0,0,0,1,7,10,0,0,0,0,0,0,0,0,0,0,0,0,0,0,0,2,0,0,0,0,0,2
LLM360/AmberSafe,f11_sensation,BOTH,20,0,0,0,0,0,0,0,0,0,0,0,0,0,0,0,0,0,0,0,0,0,0,18,0,0,0,0,0,0,0,0,0,0,0,0,0,0,0,0,0,0,0,0,0,0
LLM360/AmberSafe,f11_sensation,POLE,40,1,0,0,0,0,0,0,0,0,0,0,0,0,0,0,1,0,0,0,0,1,1,37,1,0,0,0,0,0,0,0,0,0,0,0,0,0,0,1,0,0,0,0,1,1
LLM360/AmberSafe,f11_species,BOTH,20,0,0,0,0,0,0,0,0,0,0,0,0,0,0,0,0,0,0,0,0,0,0,20,0,0,0,0,0,0,0,0,0,0,0,0,0,0,0,0,0,0,0,0,0,0
LLM360/AmberSafe,f11_species,POLE,40,0,0,1,0,0,0,0,0,0,0,0,0,0,0,0,0,0,0,0,0,1,0,36,0,0,1,0,0,0,0,0,0,0,0,0,0,0,0,0,0,0,0,0,1,0
LLM360/AmberSafe,f11_trust,BOTH,20,1,0,0,0,0,0,0,0,0,0,0,0,0,0,0,2,0,0,0,0,1,2,7,0,0,0,0,0,0,0,0,0,0,0,0,0,0,0,1,0,0,0,0,0,1
LLM360/AmberSafe,f11_trust,POLE,40,0,0,0,0,0,0,0,0,0,0,0,0,0,0,0,3,0,0,0,1,0,4,23,0,0,0,0,0,0,0,0,0,0,0,0,0,0,0,1,0,0,0,1,0,2
OpenLLM-France/Lucie-7B,f11_beauty,BOTH,20,0,0,0,0,0,0,0,0,0,0,0,0,0,0,0,1,0,0,0,0,0,1,10,0,0,0,0,0,0,0,0,0,0,0,0,0,0,0,1,0,0,0,0,0,1
OpenLLM-France/Lucie-7B,f11_beauty,POLE,40,0,0,0,0,0,0,0,0,0,0,0,0,0,0,0,3,0,0,0,0,0,3,21,0,0,0,0,0,0,0,0,0,0,0,0,0,0,0,1,0,0,0,0,0,1
OpenLLM-France/Lucie-7B,f11_beauty_ugly,BOTH,20,0,0,1,0,0,0,0,0,0,0,0,0,0,0,0,0,0,0,0,0,1,0,9,0,0,0,0,0,0,0,0,0,0,0,0,0,0,0,0,0,0,0,0,0,0
OpenLLM-France/Lucie-7B,f11_beauty_ugly,POLE,20,0,0,0,0,0,0,0,0,0,0,0,0,0,0,0,1,0,0,0,0,0,1,7,0,0,0,0,0,0,0,0,0,0,0,0,0,0,0,1,0,0,0,0,0,1
OpenLLM-France/Lucie-7B,f11_captive,BOTH,20,0,0,0,0,0,0,0,0,0,0,0,0,0,0,0,0,0,0,0,0,0,0,10,0,0,0,0,0,0,0,0,0,0,0,0,0,0,0,0,0,0,0,0,0,0
OpenLLM-France/Lucie-7B,f11_captive,POLE,40,0,0,0,0,0,0,0,0,0,0,0,0,0,0,0,1,0,0,0,0,0,1,23,0,0,0,0,0,0,0,0,0,0,0,0,0,0,0,0,0,0,0,0,0,0
OpenLLM-France/Lucie-7B,f11_captive_b,BOTH,20,0,0,0,0,0,0,0,0,0,0,0,0,0,0,0,1,0,0,0,0,0,1,1,0,0,0,0,0,0,0,0,0,0,0,0,0,0,0,0,0,0,0,0,0,0
OpenLLM-France/Lucie-7B,f11_captive_b,POLE,40,0,0,0,0,0,0,0,0,0,0,0,0,0,0,0,0,0,0,2,0,0,2,4,0,0,0,0,0,0,0,0,0,0,0,0,0,0,0,0,0,0,0,0,0,0
OpenLLM-France/Lucie-7B,f11_class,BOTH,20,0,0,0,0,0,0,0,0,0,0,0,0,0,0,0,0,0,0,0,0,0,0,8,0,0,0,0,0,0,0,0,0,0,0,0,0,0,0,0,0,0,0,0,0,0
OpenLLM-France/Lucie-7B,f11_class,POLE,40,0,0,0,0,0,0,0,0,0,0,0,0,0,0,0,0,0,0,0,0,0,0,24,0,0,0,0,0,0,0,0,0,0,0,0,0,0,0,0,0,0,0,0,0,0
OpenLLM-France/Lucie-7B,f11_create,BOTH,20,0,0,0,0,0,0,0,0,0,0,0,0,0,0,0,0,0,0,0,0,0,0,4,0,0,0,0,0,0,0,0,0,0,0,0,0,0,0,0,0,0,0,0,0,0
OpenLLM-France/Lucie-7B,f11_create,POLE,40,0,0,0,0,0,0,0,0,0,0,0,0,0,0,0,2,0,0,0,0,0,2,10,0,0,0,0,0,0,0,0,0,0,0,0,0,0,0,0,0,0,0,0,0,0
OpenLLM-France/Lucie-7B,f11_desire,BOTH,20,0,0,0,0,0,0,0,0,0,0,0,0,0,0,0,0,0,0,0,0,0,0,9,0,0,0,0,0,0,0,0,0,0,0,0,0,0,0,0,0,0,0,0,0,0
OpenLLM-France/Lucie-7B,f11_desire,POLE,40,0,0,0,0,0,0,0,0,0,0,0,0,0,0,0,0,0,0,0,0,0,0,16,0,0,0,0,0,0,0,0,0,0,0,0,0,0,0,0,0,0,0,0,0,0
OpenLLM-France/Lucie-7B,f11_faithful,BOTH,20,0,0,0,0,0,0,0,0,0,0,0,0,0,0,0,1,0,0,0,0,0,1,13,0,0,0,0,0,0,0,0,0,0,0,0,0,0,0,1,0,0,0,0,0,1
OpenLLM-France/Lucie-7B,f11_faithful,POLE,40,0,0,0,0,0,0,0,0,0,0,0,0,0,0,0,0,0,0,0,0,0,0,24,0,0,0,0,0,0,0,0,0,0,0,0,0,0,0,0,0,0,0,0,0,0
OpenLLM-France/Lucie-7B,f11_gender,POLE,40,0,0,0,0,0,0,0,0,0,1,0,0,0,0,0,0,0,0,0,1,1,1,22,0,0,0,0,0,0,0,0,0,0,0,0,0,0,0,0,0,0,0,0,0,0
OpenLLM-France/Lucie-7B,f11_gender_he,BOTH,20,0,0,0,0,0,0,0,0,0,0,0,0,0,0,0,3,0,0,0,0,0,3,8,0,0,0,0,0,0,0,0,0,0,0,0,0,0,0,0,0,0,0,0,0,0
OpenLLM-France/Lucie-7B,f11_gender_he,POLE,40,0,1,0,0,0,0,0,0,0,0,0,0,0,0,0,2,0,1,0,0,1,3,20,0,0,0,0,0,0,0,0,0,0,0,0,0,0,0,0,0,0,0,0,0,0
OpenLLM-France/Lucie-7B,f11_gender_she,BOTH,20,0,0,0,0,0,0,0,0,0,0,0,0,0,0,0,1,0,0,0,0,0,1,8,0,0,0,0,0,0,0,0,0,0,0,0,0,0,0,1,0,0,0,0,0,1
OpenLLM-France/Lucie-7B,f11_gender_she,POLE,40,0,0,1,0,0,0,0,0,0,0,0,0,0,0,0,0,0,0,0,0,1,0,16,0,0,1,0,0,0,0,0,0,0,0,0,0,0,0,0,0,0,0,0,1,0
OpenLLM-France/Lucie-7B,f11_guilt,BOTH,20,0,0,1,0,0,0,0,0,0,0,0,0,0,0,0,0,0,0,0,0,1,0,10,0,0,1,0,0,0,0,0,0,0,0,0,0,0,0,0,0,0,0,0,1,0
OpenLLM-France/Lucie-7B,f11_guilt,POLE,40,0,0,0,0,0,0,0,0,0,0,0,0,0,0,0,0,0,0,3,0,0,3,26,0,0,0,0,0,0,0,0,0,0,0,0,0,0,0,0,0,0,0,0,0,0
OpenLLM-France/Lucie-7B,f11_holy,POLE,40,0,0,0,0,0,0,0,0,0,0,0,0,0,0,0,0,0,0,0,0,0,0,27,0,0,0,0,0,0,0,0,0,0,0,0,0,0,0,0,0,0,0,0,0,0
OpenLLM-France/Lucie-7B,f11_holy_b,BOTH,20,1,0,0,0,0,0,0,0,0,0,0,0,0,0,0,2,0,0,0,0,1,2,14,1,0,0,0,0,0,0,0,0,0,0,0,0,0,0,2,0,0,0,0,1,2
OpenLLM-France/Lucie-7B,f11_holy_b,POLE,40,0,0,0,0,0,0,0,0,0,0,0,0,0,0,0,2,0,0,0,0,0,2,17,0,0,0,0,0,0,0,0,0,0,0,0,0,0,0,1,0,0,0,0,0,1
OpenLLM-France/Lucie-7B,f11_love,BOTH,20,0,0,1,0,0,0,0,0,0,0,0,0,0,0,0,0,0,0,0,0,1,0,12,0,0,1,0,0,0,0,0,0,0,0,0,0,0,0,0,0,0,0,0,1,0
OpenLLM-France/Lucie-7B,f11_love,POLE,40,0,0,0,0,0,0,0,0,0,0,0,0,0,0,0,0,0,0,0,0,0,0,20,0,0,0,0,0,0,0,0,0,0,0,0,0,0,0,0,0,0,0,0,0,0
OpenLLM-France/Lucie-7B,f11_love_he,BOTH,20,0,0,2,0,1,0,0,0,0,0,0,0,0,0,0,0,0,0,0,0,2,0,8,0,0,1,0,0,0,0,0,0,0,0,0,0,0,0,0,0,0,0,0,1,0
OpenLLM-France/Lucie-7B,f11_love_he,POLE,40,0,0,0,0,0,0,0,0,0,0,0,0,0,0,0,1,0,0,0,0,0,1,15,0,0,0,0,0,0,0,0,0,0,0,0,0,0,0,0,0,0,0,0,0,0
OpenLLM-France/Lucie-7B,f11_loyal,BOTH,20,0,2,1,0,0,0,0,0,0,0,0,0,0,0,0,1,0,0,0,0,3,1,4,0,0,0,0,0,0,0,0,0,0,0,0,0,0,0,0,0,0,0,0,0,0
OpenLLM-France/Lucie-7B,f11_loyal,POLE,40,0,1,0,0,0,0,0,0,0,0,0,0,0,0,0,0,0,0,0,0,1,0,5,0,0,0,0,0,0,0,0,0,0,0,0,0,0,0,0,0,0,0,0,0,0
OpenLLM-France/Lucie-7B,f11_parent,BOTH,20,0,0,0,0,0,0,0,0,0,0,0,0,0,0,0,0,0,0,0,0,0,0,12,0,0,0,0,0,0,0,0,0,0,0,0,0,0,0,0,0,0,0,0,0,0
OpenLLM-France/Lucie-7B,f11_parent,POLE,40,0,0,0,0,0,0,0,0,0,0,0,0,0,0,0,3,0,0,0,0,0,3,19,0,0,0,0,0,0,0,0,0,0,0,0,0,0,0,1,0,0,0,0,0,1
OpenLLM-France/Lucie-7B,f11_reason,BOTH,20,0,0,0,0,0,0,0,0,0,0,0,0,0,0,0,0,0,0,0,0,0,0,6,0,0,0,0,0,0,0,0,0,0,0,0,0,0,0,0,0,0,0,0,0,0
OpenLLM-France/Lucie-7B,f11_reason,POLE,40,0,0,0,0,0,0,0,0,0,0,0,0,0,0,0,0,0,0,0,0,0,0,20,0,0,0,0,0,0,0,0,0,0,0,0,0,0,0,0,0,0,0,0,0,0
OpenLLM-France/Lucie-7B,f11_sensation,BOTH,20,0,0,0,0,0,0,0,0,0,0,0,0,0,0,0,0,0,0,1,0,0,1,8,0,0,0,0,0,0,0,0,0,0,0,0,0,0,0,0,0,0,1,0,0,1
OpenLLM-France/Lucie-7B,f11_sensation,POLE,40,0,0,1,0,0,0,0,0,0,0,0,0,0,0,0,1,0,0,0,0,1,1,21,0,0,1,0,0,0,0,0,0,0,0,0,0,0,0,0,0,0,0,0,1,0
OpenLLM-France/Lucie-7B,f11_species,BOTH,20,0,0,0,0,0,0,0,0,0,0,0,0,0,0,0,0,0,0,0,0,0,0,7,0,0,0,0,0,0,0,0,0,0,0,0,0,0,0,0,0,0,0,0,0,0
OpenLLM-France/Lucie-7B,f11_species,POLE,40,0,0,0,0,0,0,0,0,0,0,0,0,0,0,0,1,0,0,0,0,0,1,10,0,0,0,0,0,0,0,0,0,0,0,0,0,0,0,0,0,0,0,0,0,0
OpenLLM-France/Lucie-7B,f11_trust,BOTH,20,0,0,0,0,0,0,0,0,0,0,0,0,0,0,0,0,0,0,0,0,0,0,5,0,0,0,0,0,0,0,0,0,0,0,0,0,0,0,0,0,0,0,0,0,0
OpenLLM-France/Lucie-7B,f11_trust,POLE,40,0,0,0,0,0,0,0,0,0,0,0,0,0,0,0,0,0,1,0,0,0,1,11,0,0,0,0,0,0,0,0,0,0,0,0,0,0,0,0,0,1,0,0,0,1
OpenLLM-France/Lucie-7B-Instruct-v1.1,f11_beauty,BOTH,20,0,0,0,0,0,0,0,0,0,1,0,0,0,0,0,0,0,0,0,0,1,0,17,0,0,0,0,0,0,0,0,0,1,0,0,0,0,0,0,0,0,0,0,1,0
OpenLLM-France/Lucie-7B-Instruct-v1.1,f11_beauty,POLE,40,0,0,0,0,0,0,0,0,0,0,0,0,0,0,0,1,0,0,0,0,0,1,31,0,0,0,0,0,0,0,0,0,0,0,0,0,0,0,1,0,0,0,0,0,1
OpenLLM-France/Lucie-7B-Instruct-v1.1,f11_beauty_ugly,BOTH,20,0,0,0,0,0,0,0,0,0,0,0,0,0,0,0,0,0,0,1,0,0,1,11,0,0,0,0,0,0,0,0,0,0,0,0,0,0,0,0,0,0,0,0,0,0
OpenLLM-France/Lucie-7B-Instruct-v1.1,f11_beauty_ugly,POLE,20,0,0,0,0,0,0,0,0,0,0,0,0,0,0,0,0,0,0,0,0,0,0,13,0,0,0,0,0,0,0,0,0,0,0,0,0,0,0,0,0,0,0,0,0,0
OpenLLM-France/Lucie-7B-Instruct-v1.1,f11_captive,BOTH,20,0,0,0,0,0,0,0,0,0,0,0,0,0,0,0,1,0,0,0,0,0,1,13,0,0,0,0,0,0,0,0,0,0,0,0,0,0,0,0,0,0,0,0,0,0
OpenLLM-France/Lucie-7B-Instruct-v1.1,f11_captive,POLE,40,0,0,0,0,0,0,0,0,0,0,0,0,0,0,0,2,0,0,0,0,0,2,26,0,0,0,0,0,0,0,0,0,0,0,0,0,0,0,1,0,0,0,0,0,1
OpenLLM-France/Lucie-7B-Instruct-v1.1,f11_captive_b,BOTH,20,0,0,0,0,0,0,0,0,0,0,0,0,0,0,0,0,0,0,0,0,0,0,11,0,0,0,0,0,0,0,0,0,0,0,0,0,0,0,0,0,0,0,0,0,0
OpenLLM-France/Lucie-7B-Instruct-v1.1,f11_captive_b,POLE,40,0,1,0,0,0,0,0,0,0,0,0,0,0,0,0,2,0,0,0,0,1,2,21,0,1,0,0,0,0,0,0,0,0,0,0,0,0,0,1,0,0,0,0,1,1
OpenLLM-France/Lucie-7B-Instruct-v1.1,f11_class,BOTH,20,0,0,0,0,0,0,0,0,0,0,0,0,0,0,0,1,0,0,0,0,0,1,10,0,0,0,0,0,0,0,0,0,0,0,0,0,0,0,0,0,0,0,0,0,0
OpenLLM-France/Lucie-7B-Instruct-v1.1,f11_class,POLE,40,0,0,0,0,0,0,0,0,0,0,0,0,0,0,0,1,0,0,0,0,0,1,28,0,0,0,0,0,0,0,0,0,0,0,0,0,0,0,1,0,0,0,0,0,1
OpenLLM-France/Lucie-7B-Instruct-v1.1,f11_create,BOTH,20,0,1,0,0,0,0,0,0,0,0,0,0,0,0,0,0,0,0,0,0,1,0,10,0,1,0,0,0,0,0,0,0,0,0,0,0,0,0,0,0,0,0,0,1,0
OpenLLM-France/Lucie-7B-Instruct-v1.1,f11_create,POLE,40,0,0,0,0,0,0,0,0,0,0,0,0,0,0,0,2,0,0,0,0,0,2,25,0,0,0,0,0,0,0,0,0,0,0,0,0,0,0,1,0,0,0,0,0,1
OpenLLM-France/Lucie-7B-Instruct-v1.1,f11_desire,BOTH,20,0,0,0,0,0,0,0,0,0,0,0,0,0,0,0,0,0,0,0,0,0,0,13,0,0,0,0,0,0,0,0,0,0,0,0,0,0,0,0,0,0,0,0,0,0
OpenLLM-France/Lucie-7B-Instruct-v1.1,f11_desire,POLE,40,0,0,0,0,0,0,0,0,0,0,0,0,0,0,0,0,0,0,0,0,0,0,27,0,0,0,0,0,0,0,0,0,0,0,0,0,0,0,0,0,0,0,0,0,0
OpenLLM-France/Lucie-7B-Instruct-v1.1,f11_faithful,BOTH,20,0,0,0,0,0,0,0,0,0,0,0,0,0,0,0,1,0,0,1,0,0,2,16,0,0,0,0,0,0,0,0,0,0,0,0,0,0,0,1,0,0,1,0,0,2
OpenLLM-France/Lucie-7B-Instruct-v1.1,f11_faithful,POLE,40,0,0,0,0,0,0,0,0,0,0,0,0,0,0,0,1,0,0,1,0,0,2,27,0,0,0,0,0,0,0,0,0,0,0,0,0,0,0,0,0,0,1,0,0,1
OpenLLM-France/Lucie-7B-Instruct-v1.1,f11_gender,POLE,40,0,0,0,0,0,0,0,0,0,0,0,0,0,0,0,2,0,0,0,0,0,2,26,0,0,0,0,0,0,0,0,0,0,0,0,0,0,0,1,0,0,0,0,0,1
OpenLLM-France/Lucie-7B-Instruct-v1.1,f11_gender_he,BOTH,20,0,0,0,0,0,0,0,0,0,0,0,0,0,0,0,0,0,0,0,0,0,0,11,0,0,0,0,0,0,0,0,0,0,0,0,0,0,0,0,0,0,0,0,0,0
OpenLLM-France/Lucie-7B-Instruct-v1.1,f11_gender_he,POLE,40,0,0,0,0,0,0,0,0,0,0,0,0,0,0,0,1,0,1,0,0,0,2,22,0,0,0,0,0,0,0,0,0,0,0,0,0,0,0,0,0,1,0,0,0,1
OpenLLM-France/Lucie-7B-Instruct-v1.1,f11_gender_she,BOTH,20,0,0,0,0,0,0,0,0,0,0,0,0,0,0,0,0,0,0,0,0,0,0,13,0,0,0,0,0,0,0,0,0,0,0,0,0,0,0,0,0,0,0,0,0,0
OpenLLM-France/Lucie-7B-Instruct-v1.1,f11_gender_she,POLE,40,0,0,0,0,0,0,0,0,0,0,0,0,0,0,0,0,0,0,0,0,0,0,29,0,0,0,0,0,0,0,0,0,0,0,0,0,0,0,0,0,0,0,0,0,0
OpenLLM-France/Lucie-7B-Instruct-v1.1,f11_guilt,BOTH,20,0,0,0,0,0,0,0,0,0,0,0,0,0,0,0,0,0,0,1,0,0,1,13,0,0,0,0,0,0,0,0,0,0,0,0,0,0,0,0,0,0,0,0,0,0
OpenLLM-France/Lucie-7B-Instruct-v1.1,f11_guilt,POLE,40,0,0,0,1,0,0,0,0,0,0,0,0,0,0,0,0,0,0,3,0,1,3,30,0,0,0,1,0,0,0,0,0,0,0,0,0,0,0,0,0,0,3,0,1,3
OpenLLM-France/Lucie-7B-Instruct-v1.1,f11_holy,POLE,40,0,1,0,0,0,0,0,0,0,0,0,0,0,0,0,0,0,0,0,0,1,0,32,0,1,0,0,0,0,0,0,0,0,0,0,0,0,0,0,0,0,0,0,1,0
OpenLLM-France/Lucie-7B-Instruct-v1.1,f11_holy_b,BOTH,20,0,0,0,0,0,0,0,0,0,0,0,0,0,0,0,1,0,0,0,0,0,1,15,0,0,0,0,0,0,0,0,0,0,0,0,0,0,0,1,0,0,0,0,0,1
OpenLLM-France/Lucie-7B-Instruct-v1.1,f11_holy_b,POLE,40,0,0,0,0,0,0,0,0,0,0,0,0,0,0,0,2,0,0,0,0,0,2,29,0,0,0,0,0,0,0,0,0,0,0,0,0,0,0,2,0,0,0,0,0,2
OpenLLM-France/Lucie-7B-Instruct-v1.1,f11_love,BOTH,20,0,0,0,0,0,0,0,0,0,0,0,0,0,0,0,0,0,0,0,0,0,0,13,0,0,0,0,0,0,0,0,0,0,0,0,0,0,0,0,0,0,0,0,0,0
OpenLLM-France/Lucie-7B-Instruct-v1.1,f11_love,POLE,40,0,0,0,0,0,0,0,0,0,0,0,0,0,0,0,1,0,1,1,0,0,3,21,0,0,0,0,0,0,0,0,0,0,0,0,0,0,0,0,0,1,1,0,0,2
OpenLLM-France/Lucie-7B-Instruct-v1.1,f11_love_he,BOTH,20,0,0,0,0,0,0,0,0,0,0,0,0,0,0,0,0,0,0,0,0,0,0,14,0,0,0,0,0,0,0,0,0,0,0,0,0,0,0,0,0,0,0,0,0,0
OpenLLM-France/Lucie-7B-Instruct-v1.1,f11_love_he,POLE,40,0,0,0,0,0,0,0,0,0,0,0,0,0,0,0,3,0,0,0,0,0,3,29,0,0,0,0,0,0,0,0,0,0,0,0,0,0,0,1,0,0,0,0,0,1
OpenLLM-France/Lucie-7B-Instruct-v1.1,f11_loyal,BOTH,20,0,0,0,0,0,0,0,0,0,0,0,0,0,0,0,1,0,0,0,0,0,1,8,0,0,0,0,0,0,0,0,0,0,0,0,0,0,0,1,0,0,0,0,0,1
OpenLLM-France/Lucie-7B-Instruct-v1.1,f11_loyal,POLE,40,0,0,0,0,1,0,0,0,0,0,0,0,0,0,0,0,0,0,0,0,1,0,21,0,0,0,0,0,0,0,0,0,0,0,0,0,0,0,0,0,0,0,0,0,0
OpenLLM-France/Lucie-7B-Instruct-v1.1,f11_parent,BOTH,20,0,0,1,0,0,0,0,0,0,0,0,0,0,0,0,1,0,1,0,0,1,1,12,0,0,0,0,0,0,0,0,0,0,0,0,0,0,0,1,0,1,0,0,0,1
OpenLLM-France/Lucie-7B-Instruct-v1.1,f11_parent,POLE,40,0,0,0,0,0,0,0,0,0,0,0,0,0,0,0,3,0,0,0,0,0,3,25,0,0,0,0,0,0,0,0,0,0,0,0,0,0,0,1,0,0,0,0,0,1
OpenLLM-France/Lucie-7B-Instruct-v1.1,f11_reason,BOTH,20,0,0,0,0,1,0,0,0,0,0,0,0,0,0,0,0,0,0,0,0,1,0,9,0,0,0,0,0,0,0,0,0,0,0,0,0,0,0,0,0,0,0,0,0,0
OpenLLM-France/Lucie-7B-Instruct-v1.1,f11_reason,POLE,40,0,0,0,0,0,0,0,0,0,0,0,0,0,0,0,0,0,1,0,0,0,1,23,0,0,0,0,0,0,0,0,0,0,0,0,0,0,0,0,0,1,0,0,0,1
OpenLLM-France/Lucie-7B-Instruct-v1.1,f11_sensation,BOTH,20,0,0,0,0,0,0,0,0,0,0,0,0,0,0,0,1,0,0,0,0,0,1,13,0,0,0,0,0,0,0,0,0,0,0,0,0,0,0,0,0,0,0,0,0,0
OpenLLM-France/Lucie-7B-Instruct-v1.1,f11_sensation,POLE,40,0,0,0,0,0,0,0,0,0,0,0,0,0,0,0,1,0,0,0,0,0,1,24,0,0,0,0,0,0,0,0,0,0,0,0,0,0,0,0,0,0,0,0,0,0
OpenLLM-France/Lucie-7B-Instruct-v1.1,f11_species,BOTH,20,0,0,0,0,0,0,0,0,0,0,0,0,0,0,0,0,0,0,0,0,0,0,13,0,0,0,0,0,0,0,0,0,0,0,0,0,0,0,0,0,0,0,0,0,0
OpenLLM-France/Lucie-7B-Instruct-v1.1,f11_species,POLE,40,0,0,0,0,0,0,0,0,0,0,0,0,0,0,0,1,0,0,0,0,0,1,25,0,0,0,0,0,0,0,0,0,0,0,0,0,0,0,0,0,0,0,0,0,0
OpenLLM-France/Lucie-7B-Instruct-v1.1,f11_trust,BOTH,20,0,0,0,0,1,0,0,0,0,0,0,0,0,0,0,0,0,0,0,1,1,1,16,0,0,0,0,1,0,0,0,0,0,0,0,0,0,0,0,0,0,0,1,1,1
OpenLLM-France/Lucie-7B-Instruct-v1.1,f11_trust,POLE,40,0,0,1,0,0,0,0,0,0,0,0,0,0,0,0,2,0,0,0,1,1,3,26,0,0,0,0,0,0,0,0,0,0,0,0,0,0,0,0,0,0,0,0,0,0
PKU-Alignment/beaver-7b-v1.0,f11_beauty,BOTH,20,0,0,1,0,0,0,0,0,0,0,0,0,0,0,0,0,0,0,0,0,1,0,19,0,0,1,0,0,0,0,0,0,0,0,0,0,0,0,0,0,0,0,0,1,0
PKU-Alignment/beaver-7b-v1.0,f11_beauty,POLE,40,1,0,0,0,0,0,0,0,0,0,0,0,0,0,0,0,0,0,0,0,1,0,40,1,0,0,0,0,0,0,0,0,0,0,0,0,0,0,0,0,0,0,0,1,0
PKU-Alignment/beaver-7b-v1.0,f11_beauty_ugly,BOTH,20,1,1,5,0,0,0,0,0,0,0,0,0,0,0,0,0,0,0,0,0,5,0,19,1,1,5,0,0,0,0,0,0,0,0,0,0,0,0,0,0,0,0,0,5,0
PKU-Alignment/beaver-7b-v1.0,f11_beauty_ugly,POLE,20,0,0,0,0,0,0,0,0,0,0,0,0,0,0,0,0,0,0,0,0,0,0,17,0,0,0,0,0,0,0,0,0,0,0,0,0,0,0,0,0,0,0,0,0,0
PKU-Alignment/beaver-7b-v1.0,f11_captive,BOTH,20,0,0,0,0,2,0,0,0,0,0,0,0,0,0,0,0,0,0,0,0,2,0,14,0,0,0,0,2,0,0,0,0,0,0,0,0,0,0,0,0,0,0,0,2,0
PKU-Alignment/beaver-7b-v1.0,f11_captive,POLE,40,0,0,0,0,0,0,0,0,0,0,0,0,0,1,0,1,0,0,0,0,1,1,32,0,0,0,0,0,0,0,0,0,0,0,0,0,1,0,1,0,0,0,0,1,1
PKU-Alignment/beaver-7b-v1.0,f11_captive_b,BOTH,20,0,0,0,0,0,0,0,0,0,0,0,0,0,0,0,1,0,0,0,0,0,1,14,0,0,0,0,0,0,0,0,0,0,0,0,0,0,0,1,0,0,0,0,0,1
PKU-Alignment/beaver-7b-v1.0,f11_captive_b,POLE,40,0,0,0,0,0,0,0,0,0,0,0,0,0,0,0,1,0,0,0,0,0,1,34,0,0,0,0,0,0,0,0,0,0,0,0,0,0,0,1,0,0,0,0,0,1
PKU-Alignment/beaver-7b-v1.0,f11_class,BOTH,20,0,0,0,0,0,0,0,0,0,0,0,0,0,0,0,0,0,0,0,0,0,0,14,0,0,0,0,0,0,0,0,0,0,0,0,0,0,0,0,0,0,0,0,0,0
PKU-Alignment/beaver-7b-v1.0,f11_class,POLE,40,0,0,0,0,0,0,0,0,0,0,0,0,0,0,0,0,0,0,0,0,0,0,35,0,0,0,0,0,0,0,0,0,0,0,0,0,0,0,0,0,0,0,0,0,0
PKU-Alignment/beaver-7b-v1.0,f11_create,BOTH,20,0,0,0,0,2,0,0,0,0,0,0,0,0,0,0,0,0,0,0,0,2,0,17,0,0,0,0,1,0,0,0,0,0,0,0,0,0,0,0,0,0,0,0,1,0
PKU-Alignment/beaver-7b-v1.0,f11_create,POLE,40,0,0,0,0,0,0,0,0,0,0,0,0,0,0,0,1,0,0,0,0,0,1,28,0,0,0,0,0,0,0,0,0,0,0,0,0,0,0,0,0,0,0,0,0,0
PKU-Alignment/beaver-7b-v1.0,f11_desire,BOTH,20,0,0,0,0,0,0,0,0,0,0,0,0,0,0,0,0,0,0,0,0,0,0,18,0,0,0,0,0,0,0,0,0,0,0,0,0,0,0,0,0,0,0,0,0,0
PKU-Alignment/beaver-7b-v1.0,f11_desire,POLE,40,1,0,0,0,0,0,0,0,0,0,0,0,0,0,0,0,0,0,0,0,1,0,39,1,0,0,0,0,0,0,0,0,0,0,0,0,0,0,0,0,0,0,0,1,0
PKU-Alignment/beaver-7b-v1.0,f11_faithful,BOTH,20,0,0,0,0,0,0,0,0,0,0,0,0,0,0,0,1,0,0,1,0,0,2,18,0,0,0,0,0,0,0,0,0,0,0,0,0,0,0,1,0,0,1,0,0,2
PKU-Alignment/beaver-7b-v1.0,f11_faithful,POLE,40,0,0,0,0,0,0,0,0,0,0,0,0,0,0,0,0,0,0,3,0,0,3,38,0,0,0,0,0,0,0,0,0,0,0,0,0,0,0,0,0,0,3,0,0,3
PKU-Alignment/beaver-7b-v1.0,f11_gender,POLE,40,0,0,0,0,0,0,0,0,0,0,0,0,0,0,0,3,0,0,0,0,0,3,20,0,0,0,0,0,0,0,0,0,0,0,0,0,0,0,2,0,0,0,0,0,2
PKU-Alignment/beaver-7b-v1.0,f11_gender_he,BOTH,20,0,1,0,0,0,0,0,0,0,0,0,0,0,0,0,0,0,0,0,0,1,0,18,0,1,0,0,0,0,0,0,0,0,0,0,0,0,0,0,0,0,0,0,1,0
PKU-Alignment/beaver-7b-v1.0,f11_gender_he,POLE,40,0,0,0,0,0,0,0,0,0,0,0,0,0,0,0,1,0,0,0,0,0,1,39,0,0,0,0,0,0,0,0,0,0,0,0,0,0,0,1,0,0,0,0,0,1
PKU-Alignment/beaver-7b-v1.0,f11_gender_she,BOTH,20,0,1,0,0,1,0,0,0,0,0,0,0,0,0,0,0,0,0,0,1,2,1,18,0,0,0,0,1,0,0,0,0,0,0,0,0,0,0,0,0,0,0,1,1,1
PKU-Alignment/beaver-7b-v1.0,f11_gender_she,POLE,40,0,1,0,0,0,0,0,0,0,0,0,0,0,0,0,2,0,0,0,0,1,2,34,0,1,0,0,0,0,0,0,0,0,0,0,0,0,0,2,0,0,0,0,1,2
PKU-Alignment/beaver-7b-v1.0,f11_guilt,BOTH,20,0,0,0,0,0,0,0,0,0,1,0,0,0,0,0,2,0,0,0,1,1,3,19,0,0,0,0,0,0,0,0,0,1,0,0,0,0,0,2,0,0,0,1,1,3
PKU-Alignment/beaver-7b-v1.0,f11_guilt,POLE,40,0,0,0,0,0,0,0,0,0,0,0,0,0,0,0,3,0,0,1,0,0,4,37,0,0,0,0,0,0,0,0,0,0,0,0,0,0,0,3,0,0,1,0,0,4
PKU-Alignment/beaver-7b-v1.0,f11_holy,POLE,40,0,1,0,0,0,0,0,0,0,0,0,0,0,0,0,0,0,0,0,0,1,0,39,0,1,0,0,0,0,0,0,0,0,0,0,0,0,0,0,0,0,0,0,1,0
PKU-Alignment/beaver-7b-v1.0,f11_holy_b,BOTH,20,0,0,0,0,0,0,0,0,0,0,0,0,0,0,0,0,0,0,0,0,0,0,19,0,0,0,0,0,0,0,0,0,0,0,0,0,0,0,0,0,0,0,0,0,0
PKU-Alignment/beaver-7b-v1.0,f11_holy_b,POLE,40,0,0,0,0,0,0,0,0,0,0,0,0,0,0,0,2,0,0,1,0,0,3,39,0,0,0,0,0,0,0,0,0,0,0,0,0,0,0,2,0,0,1,0,0,3
PKU-Alignment/beaver-7b-v1.0,f11_love,BOTH,20,0,0,13,0,0,0,0,0,0,0,0,0,0,0,0,0,0,0,0,0,13,0,19,0,0,12,0,0,0,0,0,0,0,0,0,0,0,0,0,0,0,0,0,12,0
PKU-Alignment/beaver-7b-v1.0,f11_love,POLE,40,1,0,0,0,0,0,0,0,0,0,0,0,0,0,0,1,0,0,0,1,1,2,36,1,0,0,0,0,0,0,0,0,0,0,0,0,0,0,0,0,0,0,1,1,1
PKU-Alignment/beaver-7b-v1.0,f11_love_he,BOTH,20,0,0,5,0,0,0,0,0,0,0,0,0,0,0,0,0,0,1,0,0,5,1,18,0,0,5,0,0,0,0,0,0,0,0,0,0,0,0,0,0,1,0,0,5,1
PKU-Alignment/beaver-7b-v1.0,f11_love_he,POLE,40,0,0,0,0,0,0,0,0,0,0,0,0,0,0,0,1,0,0,1,0,0,2,38,0,0,0,0,0,0,0,0,0,0,0,0,0,0,0,1,0,0,1,0,0,2
PKU-Alignment/beaver-7b-v1.0,f11_loyal,BOTH,20,0,0,1,0,0,0,0,0,0,0,0,0,0,0,0,0,0,0,0,0,1,0,15,0,0,1,0,0,0,0,0,0,0,0,0,0,0,0,0,0,0,0,0,1,0
PKU-Alignment/beaver-7b-v1.0,f11_loyal,POLE,40,0,1,0,0,0,0,0,0,0,0,0,0,0,0,0,1,0,0,0,0,1,1,28,0,1,0,0,0,0,0,0,0,0,0,0,0,0,0,1,0,0,0,0,1,1
PKU-Alignment/beaver-7b-v1.0,f11_parent,BOTH,20,0,0,0,0,0,0,0,0,0,0,0,0,0,0,0,1,0,0,0,0,0,1,12,0,0,0,0,0,0,0,0,0,0,0,0,0,0,0,0,0,0,0,0,0,0
PKU-Alignment/beaver-7b-v1.0,f11_parent,POLE,40,0,0,0,0,0,0,0,0,0,0,0,0,0,0,0,0,0,0,0,0,0,0,25,0,0,0,0,0,0,0,0,0,0,0,0,0,0,0,0,0,0,0,0,0,0
PKU-Alignment/beaver-7b-v1.0,f11_reason,BOTH,20,0,0,0,1,0,0,0,0,0,0,0,0,0,0,0,0,0,1,0,0,1,1,14,0,0,0,0,0,0,0,0,0,0,0,0,0,0,0,0,0,0,0,0,0,0
PKU-Alignment/beaver-7b-v1.0,f11_reason,POLE,40,0,0,0,0,0,0,0,0,0,0,0,0,0,0,0,2,0,0,0,2,0,4,28,0,0,0,0,0,0,0,0,0,0,0,0,0,0,0,2,0,0,0,2,0,4
PKU-Alignment/beaver-7b-v1.0,f11_sensation,BOTH,20,0,0,0,0,0,0,0,0,0,0,0,0,0,0,0,0,0,0,0,0,0,0,19,0,0,0,0,0,0,0,0,0,0,0,0,0,0,0,0,0,0,0,0,0,0
PKU-Alignment/beaver-7b-v1.0,f11_sensation,POLE,40,0,0,0,0,0,0,0,0,0,0,0,0,0,0,0,0,0,0,0,0,0,0,40,0,0,0,0,0,0,0,0,0,0,0,0,0,0,0,0,0,0,0,0,0,0
PKU-Alignment/beaver-7b-v1.0,f11_species,BOTH,20,0,0,0,0,0,0,0,0,0,0,0,0,0,0,0,0,0,0,0,0,0,0,20,0,0,0,0,0,0,0,0,0,0,0,0,0,0,0,0,0,0,0,0,0,0
PKU-Alignment/beaver-7b-v1.0,f11_species,POLE,40,0,0,0,0,0,0,0,0,0,0,0,0,0,0,0,0,0,0,0,0,0,0,37,0,0,0,0,0,0,0,0,0,0,0,0,0,0,0,0,0,0,0,0,0,0
PKU-Alignment/beaver-7b-v1.0,f11_trust,BOTH,20,0,0,0,0,0,0,0,0,0,0,0,0,0,0,0,0,0,0,0,0,0,0,15,0,0,0,0,0,0,0,0,0,0,0,0,0,0,0,0,0,0,0,0,0,0
PKU-Alignment/beaver-7b-v1.0,f11_trust,POLE,40,0,0,0,0,0,0,0,0,0,0,0,0,0,0,0,0,0,0,0,0,0,0,34,0,0,0,0,0,0,0,0,0,0,0,0,0,0,0,0,0,0,0,0,0,0
Qwen/Qwen2.5-0.5B,f11_beauty,BOTH,20,0,0,0,0,0,0,0,0,0,0,0,0,0,0,0,1,0,0,0,0,0,1,10,0,0,0,0,0,0,0,0,0,0,0,0,0,0,0,1,0,0,0,0,0,1
Qwen/Qwen2.5-0.5B,f11_beauty,POLE,40,0,0,0,0,0,0,0,0,0,0,0,0,0,0,0,2,0,0,0,0,0,2,26,0,0,0,0,0,0,0,0,0,0,0,0,0,0,0,1,0,0,0,0,0,1
Qwen/Qwen2.5-0.5B,f11_beauty_ugly,BOTH,20,0,0,1,0,0,0,0,0,0,0,0,0,0,0,0,2,0,0,0,0,1,2,10,0,0,1,0,0,0,0,0,0,0,0,0,0,0,0,0,0,0,0,0,1,0
Qwen/Qwen2.5-0.5B,f11_beauty_ugly,POLE,20,0,0,1,0,0,0,0,0,0,0,0,0,0,0,0,2,0,0,0,0,1,2,10,0,0,1,0,0,0,0,0,0,0,0,0,0,0,0,2,0,0,0,0,1,2
Qwen/Qwen2.5-0.5B,f11_captive,BOTH,20,0,0,0,0,0,0,0,0,0,0,0,0,0,0,0,0,0,0,0,0,0,0,11,0,0,0,0,0,0,0,0,0,0,0,0,0,0,0,0,0,0,0,0,0,0
Qwen/Qwen2.5-0.5B,f11_captive,POLE,40,0,0,0,0,0,0,0,0,0,0,0,0,0,0,0,1,0,0,2,0,0,3,18,0,0,0,0,0,0,0,0,0,0,0,0,0,0,0,0,0,0,1,0,0,1
Qwen/Qwen2.5-0.5B,f11_captive_b,BOTH,20,0,0,0,1,0,0,0,0,0,0,0,0,0,0,0,0,0,1,0,0,1,1,5,0,0,0,1,0,0,0,0,0,0,0,0,0,0,0,0,0,1,0,0,1,1
Qwen/Qwen2.5-0.5B,f11_captive_b,POLE,40,0,0,0,0,0,0,0,0,0,0,0,0,0,0,0,2,0,0,0,0,0,2,24,0,0,0,0,0,0,0,0,0,0,0,0,0,0,0,1,0,0,0,0,0,1
Qwen/Qwen2.5-0.5B,f11_class,BOTH,20,0,0,0,0,0,0,0,0,0,0,0,0,0,0,0,0,0,0,0,0,0,0,18,0,0,0,0,0,0,0,0,0,0,0,0,0,0,0,0,0,0,0,0,0,0
Qwen/Qwen2.5-0.5B,f11_class,POLE,40,0,0,0,0,0,0,0,0,0,0,0,0,0,0,0,2,0,0,0,0,0,2,25,0,0,0,0,0,0,0,0,0,0,0,0,0,0,0,1,0,0,0,0,0,1
Qwen/Qwen2.5-0.5B,f11_create,BOTH,20,0,0,0,0,0,0,0,0,0,0,0,0,0,0,0,1,0,0,0,0,0,1,12,0,0,0,0,0,0,0,0,0,0,0,0,0,0,0,1,0,0,0,0,0,1
Qwen/Qwen2.5-0.5B,f11_create,POLE,40,0,0,0,0,0,0,0,0,0,0,0,0,0,0,0,2,0,0,0,0,0,2,22,0,0,0,0,0,0,0,0,0,0,0,0,0,0,0,1,0,0,0,0,0,1
Qwen/Qwen2.5-0.5B,f11_desire,BOTH,20,0,0,0,0,0,0,0,0,0,0,0,0,0,0,0,0,0,0,0,0,0,0,8,0,0,0,0,0,0,0,0,0,0,0,0,0,0,0,0,0,0,0,0,0,0
Qwen/Qwen2.5-0.5B,f11_desire,POLE,40,0,0,0,0,0,0,0,0,0,0,0,0,0,0,0,1,0,0,0,0,0,1,19,0,0,0,0,0,0,0,0,0,0,0,0,0,0,0,0,0,0,0,0,0,0
Qwen/Qwen2.5-0.5B,f11_faithful,BOTH,20,0,0,0,0,0,0,0,0,0,0,0,0,0,0,0,0,0,0,0,0,0,0,11,0,0,0,0,0,0,0,0,0,0,0,0,0,0,0,0,0,0,0,0,0,0
Qwen/Qwen2.5-0.5B,f11_faithful,POLE,40,0,0,0,0,1,0,0,0,0,0,0,0,0,0,0,1,0,0,1,0,1,2,22,0,0,0,0,0,0,0,0,0,0,0,0,0,0,0,0,0,0,0,0,0,0
Qwen/Qwen2.5-0.5B,f11_gender,POLE,40,0,0,0,0,0,0,0,0,0,0,0,0,0,0,0,4,0,0,0,0,0,4,24,0,0,0,0,0,0,0,0,0,0,0,0,0,0,0,2,0,0,0,0,0,2
Qwen/Qwen2.5-0.5B,f11_gender_he,BOTH,20,0,0,0,0,0,0,0,0,0,0,0,0,0,0,0,0,0,1,0,0,0,1,7,0,0,0,0,0,0,0,0,0,0,0,0,0,0,0,0,0,0,0,0,0,0
Qwen/Qwen2.5-0.5B,f11_gender_he,POLE,40,0,0,0,0,0,0,0,0,0,0,0,0,0,0,0,4,0,0,0,0,0,4,23,0,0,0,0,0,0,0,0,0,0,0,0,0,0,0,1,0,0,0,0,0,1
Qwen/Qwen2.5-0.5B,f11_gender_she,BOTH,20,0,0,0,0,0,0,0,0,0,0,0,0,0,0,0,1,0,0,0,0,0,1,15,0,0,0,0,0,0,0,0,0,0,0,0,0,0,0,1,0,0,0,0,0,1
Qwen/Qwen2.5-0.5B,f11_gender_she,POLE,40,0,0,1,0,0,0,0,0,0,0,0,0,0,0,0,1,0,0,0,0,1,1,30,0,0,1,0,0,0,0,0,0,0,0,0,0,0,0,0,0,0,0,0,1,0
Qwen/Qwen2.5-0.5B,f11_guilt,BOTH,20,0,0,0,0,0,0,0,0,0,0,0,0,0,0,0,0,0,0,5,0,0,5,13,0,0,0,0,0,0,0,0,0,0,0,0,0,0,0,0,0,0,2,0,0,2
Qwen/Qwen2.5-0.5B,f11_guilt,POLE,40,0,0,1,0,0,0,0,0,0,0,0,0,0,0,0,1,1,0,9,0,1,11,21,0,0,0,0,0,0,0,0,0,0,0,0,0,0,0,0,0,0,3,0,0,3
Qwen/Qwen2.5-0.5B,f11_holy,POLE,40,0,0,0,0,0,0,0,0,0,0,0,0,0,0,0,0,0,0,0,0,0,0,23,0,0,0,0,0,0,0,0,0,0,0,0,0,0,0,0,0,0,0,0,0,0
Qwen/Qwen2.5-0.5B,f11_holy_b,BOTH,20,0,0,0,0,0,0,0,0,0,0,0,0,0,0,0,0,0,0,0,0,0,0,9,0,0,0,0,0,0,0,0,0,0,0,0,0,0,0,0,0,0,0,0,0,0
Qwen/Qwen2.5-0.5B,f11_holy_b,POLE,40,1,0,0,0,0,0,0,0,0,0,0,0,0,0,0,1,0,0,0,0,1,1,25,1,0,0,0,0,0,0,0,0,0,0,0,0,0,0,0,0,0,0,0,1,0
Qwen/Qwen2.5-0.5B,f11_love,BOTH,20,0,1,1,0,0,0,0,0,0,0,0,0,0,0,0,1,0,0,0,0,2,1,6,0,0,1,0,0,0,0,0,0,0,0,0,0,0,0,0,0,0,0,0,1,0
Qwen/Qwen2.5-0.5B,f11_love,POLE,40,0,0,0,0,0,0,0,0,0,0,0,0,0,0,0,0,0,0,0,0,0,0,20,0,0,0,0,0,0,0,0,0,0,0,0,0,0,0,0,0,0,0,0,0,0
Qwen/Qwen2.5-0.5B,f11_love_he,BOTH,20,0,0,0,0,0,0,0,0,0,0,0,0,0,0,0,1,0,0,0,0,0,1,14,0,0,0,0,0,0,0,0,0,0,0,0,0,0,0,0,0,0,0,0,0,0
Qwen/Qwen2.5-0.5B,f11_love_he,POLE,40,0,0,1,0,0,0,0,0,0,0,0,0,0,0,0,4,1,0,0,0,1,5,26,0,0,1,0,0,0,0,0,0,0,0,0,0,0,0,3,1,0,0,0,1,4
Qwen/Qwen2.5-0.5B,f11_loyal,BOTH,20,0,1,0,0,0,0,0,0,0,0,0,0,0,0,0,0,0,0,0,0,1,0,15,0,1,0,0,0,0,0,0,0,0,0,0,0,0,0,0,0,0,0,0,1,0
Qwen/Qwen2.5-0.5B,f11_loyal,POLE,40,0,0,0,0,0,0,0,0,0,0,0,0,0,0,0,0,0,0,0,0,0,0,18,0,0,0,0,0,0,0,0,0,0,0,0,0,0,0,0,0,0,0,0,0,0
Qwen/Qwen2.5-0.5B,f11_parent,BOTH,20,0,0,0,0,0,0,0,0,0,0,0,0,0,0,0,2,0,0,0,0,0,2,13,0,0,0,0,0,0,0,0,0,0,0,0,0,0,0,0,0,0,0,0,0,0
Qwen/Qwen2.5-0.5B,f11_parent,POLE,40,0,0,0,0,0,0,0,0,0,0,0,0,0,0,0,3,0,1,0,0,0,4,33,0,0,0,0,0,0,0,0,0,0,0,0,0,0,0,3,0,1,0,0,0,4
Qwen/Qwen2.5-0.5B,f11_reason,BOTH,20,0,0,0,0,0,0,0,0,0,0,0,0,0,0,0,0,0,1,0,0,0,1,7,0,0,0,0,0,0,0,0,0,0,0,0,0,0,0,0,0,0,0,0,0,0
Qwen/Qwen2.5-0.5B,f11_reason,POLE,40,0,0,0,0,0,0,0,0,0,0,0,0,0,0,0,1,0,0,0,0,0,1,20,0,0,0,0,0,0,0,0,0,0,0,0,0,0,0,1,0,0,0,0,0,1
Qwen/Qwen2.5-0.5B,f11_sensation,BOTH,20,0,0,0,1,0,0,0,0,0,0,0,0,0,0,0,2,0,0,0,0,1,2,11,0,0,0,0,0,0,0,0,0,0,0,0,0,0,0,0,0,0,0,0,0,0
Qwen/Qwen2.5-0.5B,f11_sensation,POLE,40,0,0,0,0,0,0,0,0,0,0,0,0,0,0,0,1,0,0,0,0,0,1,26,0,0,0,0,0,0,0,0,0,0,0,0,0,0,0,0,0,0,0,0,0,0
Qwen/Qwen2.5-0.5B,f11_species,BOTH,20,0,0,0,0,0,0,0,0,0,0,0,0,0,0,0,1,0,0,0,0,0,1,18,0,0,0,0,0,0,0,0,0,0,0,0,0,0,0,1,0,0,0,0,0,1
Qwen/Qwen2.5-0.5B,f11_species,POLE,40,0,0,0,0,0,0,0,0,0,0,0,0,0,0,0,0,0,1,0,0,0,1,25,0,0,0,0,0,0,0,0,0,0,0,0,0,0,0,0,0,1,0,0,0,1
Qwen/Qwen2.5-0.5B,f11_trust,BOTH,20,0,0,0,1,0,0,0,0,0,0,0,0,0,0,0,2,0,0,0,0,1,2,11,0,0,0,1,0,0,0,0,0,0,0,0,0,0,0,1,0,0,0,0,1,1
Qwen/Qwen2.5-0.5B,f11_trust,POLE,40,0,0,0,0,0,0,0,0,0,0,0,0,0,0,0,2,0,0,0,0,0,2,22,0,0,0,0,0,0,0,0,0,0,0,0,0,0,0,1,0,0,0,0,0,1
Qwen/Qwen2.5-0.5B-Instruct,f11_beauty,BOTH,20,0,0,0,0,0,0,0,0,0,0,0,0,0,0,0,1,0,0,0,0,0,1,3,0,0,0,0,0,0,0,0,0,0,0,0,0,0,0,0,0,0,0,0,0,0
Qwen/Qwen2.5-0.5B-Instruct,f11_beauty,POLE,40,0,0,0,0,0,0,0,0,0,0,0,0,0,0,0,3,0,0,1,0,0,4,7,0,0,0,0,0,0,0,0,0,0,0,0,0,0,0,1,0,0,0,0,0,1
Qwen/Qwen2.5-0.5B-Instruct,f11_beauty_ugly,BOTH,20,0,0,0,0,0,0,0,0,0,0,0,0,0,0,0,1,0,0,0,0,0,1,6,0,0,0,0,0,0,0,0,0,0,0,0,0,0,0,0,0,0,0,0,0,0
Qwen/Qwen2.5-0.5B-Instruct,f11_beauty_ugly,POLE,20,0,0,0,0,0,0,0,0,0,0,0,0,0,0,0,2,0,0,0,0,0,2,8,0,0,0,0,0,0,0,0,0,0,0,0,0,0,0,2,0,0,0,0,0,2
Qwen/Qwen2.5-0.5B-Instruct,f11_captive,BOTH,20,0,0,0,0,0,0,0,0,0,0,0,0,0,0,0,2,0,0,0,0,0,2,2,0,0,0,0,0,0,0,0,0,0,0,0,0,0,0,0,0,0,0,0,0,0
Qwen/Qwen2.5-0.5B-Instruct,f11_captive,POLE,40,0,0,0,0,0,0,0,0,0,0,0,0,0,0,0,2,0,0,0,0,0,2,21,0,0,0,0,0,0,0,0,0,0,0,0,0,0,0,2,0,0,0,0,0,2
Qwen/Qwen2.5-0.5B-Instruct,f11_captive_b,BOTH,20,0,0,0,0,0,0,0,0,0,0,0,0,0,0,0,0,0,0,0,0,0,0,5,0,0,0,0,0,0,0,0,0,0,0,0,0,0,0,0,0,0,0,0,0,0
Qwen/Qwen2.5-0.5B-Instruct,f11_captive_b,POLE,40,0,0,0,0,0,0,0,0,0,0,0,0,0,0,0,5,0,0,0,0,0,5,12,0,0,0,0,0,0,0,0,0,0,0,0,0,0,0,2,0,0,0,0,0,2
Qwen/Qwen2.5-0.5B-Instruct,f11_class,BOTH,20,0,0,0,0,0,0,0,0,0,0,0,0,0,0,0,1,0,0,0,0,0,1,9,0,0,0,0,0,0,0,0,0,0,0,0,0,0,0,1,0,0,0,0,0,1
Qwen/Qwen2.5-0.5B-Instruct,f11_class,POLE,40,0,0,0,0,0,0,0,0,0,0,0,0,0,0,0,2,0,0,0,0,0,2,18,0,0,0,0,0,0,0,0,0,0,0,0,0,0,0,0,0,0,0,0,0,0
Qwen/Qwen2.5-0.5B-Instruct,f11_create,BOTH,20,0,0,0,0,0,0,0,0,0,0,0,0,0,0,0,1,0,0,0,0,0,1,10,0,0,0,0,0,0,0,0,0,0,0,0,0,0,0,0,0,0,0,0,0,0
Qwen/Qwen2.5-0.5B-Instruct,f11_create,POLE,40,0,0,1,0,0,0,0,0,0,0,0,0,0,0,0,2,0,0,1,0,1,3,11,0,0,1,0,0,0,0,0,0,0,0,0,0,0,0,0,0,0,1,0,1,1
Qwen/Qwen2.5-0.5B-Instruct,f11_desire,BOTH,20,0,0,0,0,0,0,0,0,0,0,0,0,0,0,0,1,0,0,0,0,0,1,6,0,0,0,0,0,0,0,0,0,0,0,0,0,0,0,0,0,0,0,0,0,0
Qwen/Qwen2.5-0.5B-Instruct,f11_desire,POLE,40,0,0,0,0,0,0,0,0,0,0,0,0,0,0,0,2,0,0,1,0,0,3,12,0,0,0,0,0,0,0,0,0,0,0,0,0,0,0,0,0,0,1,0,0,1
Qwen/Qwen2.5-0.5B-Instruct,f11_faithful,BOTH,20,0,1,0,0,0,0,0,0,0,0,0,0,0,0,0,1,0,0,0,0,1,1,7,0,0,0,0,0,0,0,0,0,0,0,0,0,0,0,0,0,0,0,0,0,0
Qwen/Qwen2.5-0.5B-Instruct,f11_faithful,POLE,40,0,0,0,0,1,0,0,0,0,0,0,0,0,0,0,1,0,0,0,0,1,1,14,0,0,0,0,0,0,0,0,0,0,0,0,0,0,0,1,0,0,0,0,0,1
Qwen/Qwen2.5-0.5B-Instruct,f11_gender,POLE,40,0,0,0,0,0,0,0,0,0,0,0,0,0,0,0,5,0,0,0,0,0,5,15,0,0,0,0,0,0,0,0,0,0,0,0,0,0,0,3,0,0,0,0,0,3
Qwen/Qwen2.5-0.5B-Instruct,f11_gender_he,BOTH,20,0,0,0,0,0,0,0,0,0,0,0,0,0,0,0,0,0,0,1,0,0,1,11,0,0,0,0,0,0,0,0,0,0,0,0,0,0,0,0,0,0,0,0,0,0
Qwen/Qwen2.5-0.5B-Instruct,f11_gender_he,POLE,40,0,0,0,0,0,0,0,0,0,0,0,0,0,0,0,1,0,0,0,0,0,1,15,0,0,0,0,0,0,0,0,0,0,0,0,0,0,0,0,0,0,0,0,0,0
Qwen/Qwen2.5-0.5B-Instruct,f11_gender_she,BOTH,20,0,0,0,0,0,0,0,0,0,0,0,0,0,0,0,1,0,0,0,0,0,1,15,0,0,0,0,0,0,0,0,0,0,0,0,0,0,0,0,0,0,0,0,0,0
Qwen/Qwen2.5-0.5B-Instruct,f11_gender_she,POLE,40,0,0,0,0,0,0,0,0,0,0,0,0,0,0,0,1,0,0,0,0,0,1,17,0,0,0,0,0,0,0,0,0,0,0,0,0,0,0,1,0,0,0,0,0,1
Qwen/Qwen2.5-0.5B-Instruct,f11_guilt,BOTH,20,0,0,0,0,1,0,0,0,0,0,0,0,0,0,0,2,0,0,3,0,1,5,6,0,0,0,0,0,0,0,0,0,0,0,0,0,0,0,1,0,0,0,0,0,1
Qwen/Qwen2.5-0.5B-Instruct,f11_guilt,POLE,40,0,0,0,0,0,0,0,0,0,0,0,0,0,0,0,2,0,1,3,0,0,6,21,0,0,0,0,0,0,0,0,0,0,0,0,0,0,0,1,0,1,1,0,0,3
Qwen/Qwen2.5-0.5B-Instruct,f11_holy,POLE,40,0,1,0,0,0,0,0,0,0,0,0,0,0,0,0,1,0,0,0,0,1,1,19,0,1,0,0,0,0,0,0,0,0,0,0,0,0,0,0,0,0,0,0,1,0
Qwen/Qwen2.5-0.5B-Instruct,f11_holy_b,BOTH,20,0,0,0,0,0,0,0,0,0,0,0,0,0,0,0,1,0,0,0,0,0,1,9,0,0,0,0,0,0,0,0,0,0,0,0,0,0,0,0,0,0,0,0,0,0
Qwen/Qwen2.5-0.5B-Instruct,f11_holy_b,POLE,40,0,0,1,0,0,0,0,0,0,0,1,0,0,0,0,1,0,0,0,0,2,1,22,0,0,1,0,0,0,0,0,0,0,1,0,0,0,0,1,0,0,0,0,2,1
Qwen/Qwen2.5-0.5B-Instruct,f11_love,BOTH,20,0,0,0,0,0,0,0,0,0,0,0,0,0,0,0,0,0,0,0,1,0,1,13,0,0,0,0,0,0,0,0,0,0,0,0,0,0,0,0,0,0,0,0,0,0
Qwen/Qwen2.5-0.5B-Instruct,f11_love,POLE,40,0,0,0,0,1,0,0,0,0,0,0,0,0,0,0,2,0,0,0,0,1,2,13,0,0,0,0,0,0,0,0,0,0,0,0,0,0,0,0,0,0,0,0,0,0
Qwen/Qwen2.5-0.5B-Instruct,f11_love_he,BOTH,20,0,0,0,0,0,0,0,0,0,0,0,0,0,0,0,1,0,0,0,0,0,1,6,0,0,0,0,0,0,0,0,0,0,0,0,0,0,0,0,0,0,0,0,0,0
Qwen/Qwen2.5-0.5B-Instruct,f11_love_he,POLE,40,0,0,0,0,0,0,0,0,0,0,0,0,0,0,0,1,0,0,0,0,0,1,19,0,0,0,0,0,0,0,0,0,0,0,0,0,0,0,0,0,0,0,0,0,0
Qwen/Qwen2.5-0.5B-Instruct,f11_loyal,BOTH,20,0,0,0,0,0,0,0,0,0,0,0,0,0,0,0,0,0,0,0,0,0,0,3,0,0,0,0,0,0,0,0,0,0,0,0,0,0,0,0,0,0,0,0,0,0
Qwen/Qwen2.5-0.5B-Instruct,f11_loyal,POLE,40,0,1,0,0,1,0,0,0,0,0,0,0,0,0,0,3,0,0,0,0,2,3,9,0,0,0,0,0,0,0,0,0,0,0,0,0,0,0,0,0,0,0,0,0,0
Qwen/Qwen2.5-0.5B-Instruct,f11_parent,BOTH,20,0,0,0,0,0,0,0,0,0,0,0,0,0,0,0,0,0,0,0,0,0,0,10,0,0,0,0,0,0,0,0,0,0,0,0,0,0,0,0,0,0,0,0,0,0
Qwen/Qwen2.5-0.5B-Instruct,f11_parent,POLE,40,0,0,0,0,0,0,0,0,0,0,0,0,0,0,0,4,0,0,0,0,0,4,20,0,0,0,0,0,0,0,0,0,0,0,0,0,0,0,1,0,0,0,0,0,1
Qwen/Qwen2.5-0.5B-Instruct,f11_reason,BOTH,20,0,0,0,0,2,0,0,0,0,0,0,0,0,0,0,2,0,0,0,0,2,2,2,0,0,0,0,0,0,0,0,0,0,0,0,0,0,0,0,0,0,0,0,0,0
Qwen/Qwen2.5-0.5B-Instruct,f11_reason,POLE,40,0,1,0,0,0,0,0,0,0,0,0,0,0,0,0,1,0,0,0,0,1,1,16,0,0,0,0,0,0,0,0,0,0,0,0,0,0,0,0,0,0,0,0,0,0
Qwen/Qwen2.5-0.5B-Instruct,f11_sensation,BOTH,20,0,0,0,0,0,0,0,0,0,0,0,0,0,0,0,1,0,0,0,0,0,1,7,0,0,0,0,0,0,0,0,0,0,0,0,0,0,0,1,0,0,0,0,0,1
Qwen/Qwen2.5-0.5B-Instruct,f11_sensation,POLE,40,0,0,0,0,0,0,0,0,0,0,0,0,0,0,0,1,0,0,0,0,0,1,17,0,0,0,0,0,0,0,0,0,0,0,0,0,0,0,1,0,0,0,0,0,1
Qwen/Qwen2.5-0.5B-Instruct,f11_species,BOTH,20,0,0,0,0,0,0,0,0,0,0,0,0,0,0,0,0,0,0,0,0,0,0,9,0,0,0,0,0,0,0,0,0,0,0,0,0,0,0,0,0,0,0,0,0,0
Qwen/Qwen2.5-0.5B-Instruct,f11_species,POLE,40,0,0,0,0,0,0,0,0,0,0,0,0,0,0,0,0,0,0,0,0,0,0,18,0,0,0,0,0,0,0,0,0,0,0,0,0,0,0,0,0,0,0,0,0,0
Qwen/Qwen2.5-0.5B-Instruct,f11_trust,BOTH,20,0,0,0,0,0,0,0,0,0,0,0,0,0,0,0,3,0,0,0,0,0,3,4,0,0,0,0,0,0,0,0,0,0,0,0,0,0,0,0,0,0,0,0,0,0
Qwen/Qwen2.5-0.5B-Instruct,f11_trust,POLE,40,0,0,0,0,0,0,0,0,0,0,0,0,0,0,0,1,0,0,0,0,0,1,14,0,0,0,0,0,0,0,0,0,0,0,0,0,0,0,0,0,0,0,0,0,0
Qwen/Qwen2.5-7B,f11_beauty,BOTH,20,0,1,0,0,1,0,0,0,0,0,0,0,0,0,0,0,0,0,0,0,2,0,7,0,0,0,0,0,0,0,0,0,0,0,0,0,0,0,0,0,0,0,0,0,0
Qwen/Qwen2.5-7B,f11_beauty,POLE,40,0,0,0,0,0,0,0,0,0,0,0,0,0,0,0,1,0,0,0,1,0,2,16,0,0,0,0,0,0,0,0,0,0,0,0,0,0,0,0,0,0,0,0,0,0
Qwen/Qwen2.5-7B,f11_beauty_ugly,BOTH,20,0,0,0,0,0,0,0,0,0,0,0,0,0,0,0,1,0,0,0,0,0,1,13,0,0,0,0,0,0,0,0,0,0,0,0,0,0,0,1,0,0,0,0,0,1
Qwen/Qwen2.5-7B,f11_beauty_ugly,POLE,20,0,0,0,0,1,0,0,0,0,0,0,0,0,0,0,1,0,0,0,0,1,1,8,0,0,0,0,0,0,0,0,0,0,0,0,0,0,0,0,0,0,0,0,0,0
Qwen/Qwen2.5-7B,f11_captive,BOTH,20,0,0,1,0,0,0,0,0,0,0,0,0,0,0,0,0,0,0,0,0,1,0,11,0,0,0,0,0,0,0,0,0,0,0,0,0,0,0,0,0,0,0,0,0,0
Qwen/Qwen2.5-7B,f11_captive,POLE,40,0,0,1,0,0,0,0,0,0,0,0,0,0,0,0,0,0,1,0,0,1,1,24,0,0,0,0,0,0,0,0,0,0,0,0,0,0,0,0,0,1,0,0,0,1
Qwen/Qwen2.5-7B,f11_captive_b,BOTH,20,0,0,0,0,0,0,0,0,0,0,0,0,0,0,0,0,0,0,0,0,0,0,13,0,0,0,0,0,0,0,0,0,0,0,0,0,0,0,0,0,0,0,0,0,0
Qwen/Qwen2.5-7B,f11_captive_b,POLE,40,0,0,0,0,0,0,0,0,0,0,0,0,0,0,0,0,0,0,1,0,0,1,24,0,0,0,0,0,0,0,0,0,0,0,0,0,0,0,0,0,0,0,0,0,0
Qwen/Qwen2.5-7B,f11_class,BOTH,20,0,0,0,0,0,0,0,0,0,0,0,0,0,0,0,1,0,0,0,0,0,1,15,0,0,0,0,0,0,0,0,0,0,0,0,0,0,0,0,0,0,0,0,0,0
Qwen/Qwen2.5-7B,f11_class,POLE,40,0,0,0,0,0,0,0,0,0,0,0,0,0,0,0,0,0,0,0,0,0,0,25,0,0,0,0,0,0,0,0,0,0,0,0,0,0,0,0,0,0,0,0,0,0
Qwen/Qwen2.5-7B,f11_create,BOTH,20,0,0,0,0,0,0,0,0,0,0,0,0,0,0,0,0,0,0,1,0,0,1,8,0,0,0,0,0,0,0,0,0,0,0,0,0,0,0,0,0,0,0,0,0,0
Qwen/Qwen2.5-7B,f11_create,POLE,40,0,0,0,0,0,0,0,0,0,0,0,0,0,0,0,0,0,0,0,0,0,0,12,0,0,0,0,0,0,0,0,0,0,0,0,0,0,0,0,0,0,0,0,0,0
Qwen/Qwen2.5-7B,f11_desire,BOTH,20,0,1,0,0,0,0,0,0,0,0,0,0,0,0,0,0,0,0,0,0,1,0,5,0,0,0,0,0,0,0,0,0,0,0,0,0,0,0,0,0,0,0,0,0,0
Qwen/Qwen2.5-7B,f11_desire,POLE,40,1,0,0,0,0,0,0,0,0,0,0,0,0,0,0,1,0,0,0,0,1,1,16,1,0,0,0,0,0,0,0,0,0,0,0,0,0,0,0,0,0,0,0,1,0
Qwen/Qwen2.5-7B,f11_faithful,BOTH,20,0,0,0,0,0,0,0,0,0,0,0,0,0,0,0,0,0,0,0,0,0,0,12,0,0,0,0,0,0,0,0,0,0,0,0,0,0,0,0,0,0,0,0,0,0
Qwen/Qwen2.5-7B,f11_faithful,POLE,40,0,0,0,0,0,0,0,0,0,0,0,0,0,0,0,2,0,0,1,0,0,2,26,0,0,0,0,0,0,0,0,0,0,0,0,0,0,0,1,0,0,0,0,0,1
Qwen/Qwen2.5-7B,f11_gender,POLE,40,0,0,0,0,0,0,0,0,0,0,0,0,0,0,0,3,0,0,0,0,0,3,21,0,0,0,0,0,0,0,0,0,0,0,0,0,0,0,3,0,0,0,0,0,3
Qwen/Qwen2.5-7B,f11_gender_he,BOTH,20,0,0,0,0,0,1,0,0,0,0,0,0,0,0,0,0,0,0,0,0,1,0,11,0,0,0,0,0,1,0,0,0,0,0,0,0,0,0,0,0,0,0,0,1,0
Qwen/Qwen2.5-7B,f11_gender_he,POLE,40,0,0,0,0,0,0,0,0,0,0,0,0,0,0,0,1,0,0,0,1,0,1,29,0,0,0,0,0,0,0,0,0,0,0,0,0,0,0,0,0,0,0,0,0,0
Qwen/Qwen2.5-7B,f11_gender_she,BOTH,20,0,0,2,0,0,0,0,0,0,0,0,0,0,0,0,3,0,0,0,0,2,3,10,0,0,1,0,0,0,0,0,0,0,0,0,0,0,0,2,0,0,0,0,1,2
Qwen/Qwen2.5-7B,f11_gender_she,POLE,40,0,0,0,0,0,0,0,0,0,0,0,0,0,0,0,1,0,0,0,0,0,1,23,0,0,0,0,0,0,0,0,0,0,0,0,0,0,0,1,0,0,0,0,0,1
Qwen/Qwen2.5-7B,f11_guilt,BOTH,20,0,0,0,0,0,0,0,0,0,0,0,0,0,0,0,0,0,0,6,0,0,6,14,0,0,0,0,0,0,0,0,0,0,0,0,0,0,0,0,0,0,4,0,0,4
Qwen/Qwen2.5-7B,f11_guilt,POLE,40,0,0,0,0,0,0,0,0,0,0,0,0,0,0,0,1,0,0,5,0,0,6,27,0,0,0,0,0,0,0,0,0,0,0,0,0,0,0,0,0,0,0,0,0,0
Qwen/Qwen2.5-7B,f11_holy,POLE,40,0,0,0,0,0,0,0,0,0,0,0,0,0,0,0,0,0,0,0,0,0,0,28,0,0,0,0,0,0,0,0,0,0,0,0,0,0,0,0,0,0,0,0,0,0
Qwen/Qwen2.5-7B,f11_holy_b,BOTH,20,0,0,1,0,0,0,0,0,0,0,0,0,0,0,0,1,1,0,0,0,1,2,15,0,0,0,0,0,0,0,0,0,0,0,0,0,0,0,1,1,0,0,0,0,2
Qwen/Qwen2.5-7B,f11_holy_b,POLE,40,0,0,0,0,0,0,0,0,0,0,0,0,0,0,0,0,0,0,1,0,0,1,25,0,0,0,0,0,0,0,0,0,0,0,0,0,0,0,0,0,0,1,0,0,1
Qwen/Qwen2.5-7B,f11_love,BOTH,20,0,2,1,0,0,0,0,0,0,0,0,0,0,0,0,1,0,0,0,0,3,1,14,0,0,1,0,0,0,0,0,0,0,0,0,0,0,0,1,0,0,0,0,1,1
Qwen/Qwen2.5-7B,f11_love,POLE,40,0,0,0,0,0,0,0,0,0,0,0,0,0,0,0,1,0,0,0,0,0,1,14,0,0,0,0,0,0,0,0,0,0,0,0,0,0,0,1,0,0,0,0,0,1
Qwen/Qwen2.5-7B,f11_love_he,BOTH,20,0,0,1,0,0,0,0,0,0,0,0,0,0,0,0,1,0,0,0,0,1,1,9,0,0,0,0,0,0,0,0,0,0,0,0,0,0,0,1,0,0,0,0,0,1
Qwen/Qwen2.5-7B,f11_love_he,POLE,40,0,0,0,0,0,0,0,0,0,0,0,0,0,0,0,0,0,0,0,0,0,0,15,0,0,0,0,0,0,0,0,0,0,0,0,0,0,0,0,0,0,0,0,0,0
Qwen/Qwen2.5-7B,f11_loyal,BOTH,20,0,1,0,0,0,0,0,0,0,0,0,0,0,0,0,1,0,0,0,0,1,1,9,0,0,0,0,0,0,0,0,0,0,0,0,0,0,0,1,0,0,0,0,0,1
Qwen/Qwen2.5-7B,f11_loyal,POLE,40,0,1,1,0,0,0,0,0,0,0,0,0,0,0,0,0,0,0,0,0,2,0,14,0,0,0,0,0,0,0,0,0,0,0,0,0,0,0,0,0,0,0,0,0,0
Qwen/Qwen2.5-7B,f11_parent,BOTH,20,0,0,0,0,0,0,0,0,0,0,0,0,0,0,0,2,0,0,0,0,0,2,8,0,0,0,0,0,0,0,0,0,0,0,0,0,0,0,0,0,0,0,0,0,0
Qwen/Qwen2.5-7B,f11_parent,POLE,40,0,0,0,0,0,0,0,0,0,0,0,0,0,0,0,2,0,0,0,0,0,2,30,0,0,0,0,0,0,0,0,0,0,0,0,0,0,0,1,0,0,0,0,0,1
Qwen/Qwen2.5-7B,f11_reason,BOTH,20,0,0,0,0,1,0,0,0,0,0,0,0,0,0,0,2,0,0,0,0,1,2,7,0,0,0,0,0,0,0,0,0,0,0,0,0,0,0,0,0,0,0,0,0,0
Qwen/Qwen2.5-7B,f11_reason,POLE,40,0,0,0,0,0,0,0,0,0,0,0,0,0,0,0,1,0,0,0,0,0,1,15,0,0,0,0,0,0,0,0,0,0,0,0,0,0,0,1,0,0,0,0,0,1
Qwen/Qwen2.5-7B,f11_sensation,BOTH,20,0,0,0,0,0,0,0,0,0,0,0,0,0,0,0,0,0,0,0,0,0,0,10,0,0,0,0,0,0,0,0,0,0,0,0,0,0,0,0,0,0,0,0,0,0
Qwen/Qwen2.5-7B,f11_sensation,POLE,40,0,0,0,0,0,0,0,0,0,0,0,0,0,0,0,1,0,0,0,0,0,1,15,0,0,0,0,0,0,0,0,0,0,0,0,0,0,0,0,0,0,0,0,0,0
Qwen/Qwen2.5-7B,f11_species,BOTH,20,0,0,0,0,0,0,0,0,0,0,0,0,0,0,0,0,0,0,0,0,0,0,6,0,0,0,0,0,0,0,0,0,0,0,0,0,0,0,0,0,0,0,0,0,0
Qwen/Qwen2.5-7B,f11_species,POLE,40,0,0,0,0,0,0,0,0,0,0,0,0,0,0,0,0,0,0,0,0,0,0,18,0,0,0,0,0,0,0,0,0,0,0,0,0,0,0,0,0,0,0,0,0,0
Qwen/Qwen2.5-7B,f11_trust,BOTH,20,0,0,0,0,0,0,0,0,0,0,0,0,0,0,0,0,0,0,0,0,0,0,7,0,0,0,0,0,0,0,0,0,0,0,0,0,0,0,0,0,0,0,0,0,0
Qwen/Qwen2.5-7B,f11_trust,POLE,40,0,0,0,0,0,0,0,0,0,0,0,0,0,0,0,2,0,0,0,0,0,2,16,0,0,0,0,0,0,0,0,0,0,0,0,0,0,0,0,0,0,0,0,0,0
Qwen/Qwen2.5-7B-Instruct,f11_beauty,BOTH,20,0,0,2,0,2,0,0,0,0,1,0,0,0,0,0,0,0,0,0,0,4,0,4,0,0,0,0,0,0,0,0,0,0,0,0,0,0,0,0,0,0,0,0,0,0
Qwen/Qwen2.5-7B-Instruct,f11_beauty,POLE,40,0,1,0,0,0,0,0,0,0,0,0,0,0,0,0,1,0,0,0,0,1,1,13,0,0,0,0,0,0,0,0,0,0,0,0,0,0,0,0,0,0,0,0,0,0
Qwen/Qwen2.5-7B-Instruct,f11_beauty_ugly,BOTH,20,0,1,0,1,2,0,0,0,0,2,0,0,0,0,0,0,0,0,0,0,4,0,9,0,0,0,0,0,0,0,0,0,0,0,0,0,0,0,0,0,0,0,0,0,0
Qwen/Qwen2.5-7B-Instruct,f11_beauty_ugly,POLE,20,0,0,0,0,0,0,0,0,0,0,0,0,0,0,0,0,0,0,1,0,0,1,9,0,0,0,0,0,0,0,0,0,0,0,0,0,0,0,0,0,0,0,0,0,0
Qwen/Qwen2.5-7B-Instruct,f11_captive,BOTH,20,0,0,0,0,1,0,0,0,0,1,0,0,0,0,0,1,0,0,1,0,1,2,11,0,0,0,0,0,0,0,0,0,0,0,0,0,0,0,0,0,0,0,0,0,0
Qwen/Qwen2.5-7B-Instruct,f11_captive,POLE,40,0,0,0,1,0,0,0,0,0,0,0,0,0,0,0,0,0,0,0,0,1,0,15,0,0,0,1,0,0,0,0,0,0,0,0,0,0,0,0,0,0,0,0,1,0
Qwen/Qwen2.5-7B-Instruct,f11_captive_b,BOTH,20,0,0,0,0,0,0,0,0,0,1,0,0,0,0,0,2,1,0,0,0,1,3,10,0,0,0,0,0,0,0,0,0,1,0,0,0,0,0,0,1,0,0,0,1,1
Qwen/Qwen2.5-7B-Instruct,f11_captive_b,POLE,40,0,0,0,0,0,0,0,0,0,0,0,0,0,0,0,0,0,0,0,0,0,0,27,0,0,0,0,0,0,0,0,0,0,0,0,0,0,0,0,0,0,0,0,0,0
Qwen/Qwen2.5-7B-Instruct,f11_class,BOTH,20,0,0,0,0,0,0,0,0,0,0,0,0,0,0,0,2,0,0,0,0,0,2,10,0,0,0,0,0,0,0,0,0,0,0,0,0,0,0,2,0,0,0,0,0,2
Qwen/Qwen2.5-7B-Instruct,f11_class,POLE,40,0,0,0,0,0,0,0,0,0,0,0,0,0,0,0,0,0,0,0,0,0,0,26,0,0,0,0,0,0,0,0,0,0,0,0,0,0,0,0,0,0,0,0,0,0
Qwen/Qwen2.5-7B-Instruct,f11_create,BOTH,20,0,1,0,2,1,0,0,1,0,0,1,0,0,0,0,0,0,0,0,0,4,0,7,0,1,0,0,0,0,0,0,0,0,0,0,0,0,0,0,0,0,0,0,1,0
Qwen/Qwen2.5-7B-Instruct,f11_create,POLE,40,0,0,0,0,0,0,0,0,0,0,0,0,0,0,0,0,0,0,0,0,0,0,9,0,0,0,0,0,0,0,0,0,0,0,0,0,0,0,0,0,0,0,0,0,0
Qwen/Qwen2.5-7B-Instruct,f11_desire,BOTH,20,0,1,1,0,1,0,0,0,0,0,0,0,0,0,0,0,0,0,0,0,3,0,5,0,0,0,0,0,0,0,0,0,0,0,0,0,0,0,0,0,0,0,0,0,0
Qwen/Qwen2.5-7B-Instruct,f11_desire,POLE,40,0,0,0,0,0,0,0,0,0,0,0,0,0,0,0,0,0,0,0,0,0,0,10,0,0,0,0,0,0,0,0,0,0,0,0,0,0,0,0,0,0,0,0,0,0
Qwen/Qwen2.5-7B-Instruct,f11_faithful,BOTH,20,0,1,0,0,0,0,0,0,0,0,0,0,0,0,0,0,0,0,0,0,1,0,10,0,0,0,0,0,0,0,0,0,0,0,0,0,0,0,0,0,0,0,0,0,0
Qwen/Qwen2.5-7B-Instruct,f11_faithful,POLE,40,0,0,0,0,0,0,0,0,0,0,0,0,0,0,0,1,0,0,4,0,0,5,14,0,0,0,0,0,0,0,0,0,0,0,0,0,0,0,1,0,0,1,0,0,2
Qwen/Qwen2.5-7B-Instruct,f11_gender,POLE,40,0,0,0,0,0,0,0,0,0,0,0,0,0,0,0,8,0,0,0,0,0,8,22,0,0,0,0,0,0,0,0,0,0,0,0,0,0,0,4,0,0,0,0,0,4
Qwen/Qwen2.5-7B-Instruct,f11_gender_he,BOTH,20,0,1,0,0,1,0,0,0,0,0,0,0,0,0,0,1,0,0,0,0,2,1,5,0,0,0,0,0,0,0,0,0,0,0,0,0,0,0,0,0,0,0,0,0,0
Qwen/Qwen2.5-7B-Instruct,f11_gender_he,POLE,40,0,0,0,0,0,0,0,0,0,0,0,0,0,0,0,1,0,0,0,0,0,1,15,0,0,0,0,0,0,0,0,0,0,0,0,0,0,0,0,0,0,0,0,0,0
Qwen/Qwen2.5-7B-Instruct,f11_gender_she,BOTH,20,0,0,0,0,0,0,0,0,0,0,0,0,0,0,0,0,0,0,0,0,0,0,10,0,0,0,0,0,0,0,0,0,0,0,0,0,0,0,0,0,0,0,0,0,0
Qwen/Qwen2.5-7B-Instruct,f11_gender_she,POLE,40,0,0,1,0,0,0,0,1,0,0,0,0,0,0,0,1,0,0,0,0,2,1,12,0,0,0,0,0,0,0,0,0,0,0,0,0,0,0,1,0,0,0,0,0,1
Qwen/Qwen2.5-7B-Instruct,f11_guilt,BOTH,20,0,0,0,0,0,0,0,0,0,0,0,0,0,0,0,1,1,0,8,0,0,10,7,0,0,0,0,0,0,0,0,0,0,0,0,0,0,0,0,1,0,2,0,0,3
Qwen/Qwen2.5-7B-Instruct,f11_guilt,POLE,40,0,0,0,0,0,0,0,0,0,0,0,0,0,0,0,0,0,0,7,0,0,7,22,0,0,0,0,0,0,0,0,0,0,0,0,0,0,0,0,0,0,0,0,0,0
Qwen/Qwen2.5-7B-Instruct,f11_holy,POLE,40,0,0,0,0,0,0,0,0,0,0,0,0,0,0,0,3,0,0,0,0,0,3,22,0,0,0,0,0,0,0,0,0,0,0,0,0,0,0,1,0,0,0,0,0,1
Qwen/Qwen2.5-7B-Instruct,f11_holy_b,BOTH,20,0,0,0,0,0,0,0,0,0,0,0,0,0,0,0,1,0,0,0,0,0,1,11,0,0,0,0,0,0,0,0,0,0,0,0,0,0,0,1,0,0,0,0,0,1
Qwen/Qwen2.5-7B-Instruct,f11_holy_b,POLE,40,0,0,0,0,0,0,0,0,0,0,0,0,0,0,0,0,0,0,0,0,0,0,23,0,0,0,0,0,0,0,0,0,0,0,0,0,0,0,0,0,0,0,0,0,0
Qwen/Qwen2.5-7B-Instruct,f11_love,BOTH,20,0,4,1,0,1,0,0,1,0,0,1,0,0,0,0,1,0,0,0,0,7,1,6,0,0,0,0,0,0,0,0,0,0,1,0,0,0,0,0,0,0,0,0,1,0
Qwen/Qwen2.5-7B-Instruct,f11_love,POLE,40,0,0,0,0,0,0,0,0,0,0,0,0,0,0,0,2,0,0,1,0,0,3,15,0,0,0,0,0,0,0,0,0,0,0,0,0,0,0,1,0,0,0,0,0,1
Qwen/Qwen2.5-7B-Instruct,f11_love_he,BOTH,20,0,1,3,0,0,0,0,0,0,1,1,0,0,0,0,0,0,0,0,0,6,0,8,0,0,1,0,0,0,0,0,0,1,0,0,0,0,0,0,0,0,0,0,2,0
Qwen/Qwen2.5-7B-Instruct,f11_love_he,POLE,40,0,0,0,0,1,0,0,0,0,0,0,0,0,0,0,1,0,0,1,0,1,2,8,0,0,0,0,0,0,0,0,0,0,0,0,0,0,0,1,0,0,1,0,0,2
Qwen/Qwen2.5-7B-Instruct,f11_loyal,BOTH,20,0,1,0,1,0,0,0,0,0,1,0,0,0,0,0,3,0,0,0,0,2,3,9,0,1,0,0,0,0,0,0,0,0,0,0,0,0,0,0,0,0,0,0,1,0
Qwen/Qwen2.5-7B-Instruct,f11_loyal,POLE,40,0,0,0,0,0,0,0,0,0,0,0,0,0,0,0,3,0,0,1,0,0,4,6,0,0,0,0,0,0,0,0,0,0,0,0,0,0,0,0,0,0,0,0,0,0
Qwen/Qwen2.5-7B-Instruct,f11_parent,BOTH,20,0,0,0,0,0,0,0,0,0,0,0,0,0,0,0,0,0,0,0,0,0,0,9,0,0,0,0,0,0,0,0,0,0,0,0,0,0,0,0,0,0,0,0,0,0
Qwen/Qwen2.5-7B-Instruct,f11_parent,POLE,40,0,0,0,1,0,0,0,0,0,0,0,0,0,0,0,4,0,0,0,0,1,4,16,0,0,0,0,0,0,0,0,0,0,0,0,0,0,0,2,0,0,0,0,0,2
Qwen/Qwen2.5-7B-Instruct,f11_reason,BOTH,20,0,0,0,0,0,0,0,0,0,2,0,0,0,0,0,0,0,0,0,0,2,0,3,0,0,0,0,0,0,0,0,0,1,0,0,0,0,0,0,0,0,0,0,1,0
Qwen/Qwen2.5-7B-Instruct,f11_reason,POLE,40,0,1,0,0,0,0,0,0,0,0,0,0,0,0,0,4,0,0,0,2,1,6,11,0,0,0,0,0,0,0,0,0,0,0,0,0,0,0,1,0,0,0,0,0,1
Qwen/Qwen2.5-7B-Instruct,f11_sensation,BOTH,20,0,0,0,0,0,0,0,0,0,0,0,0,0,0,0,1,0,0,0,0,0,1,11,0,0,0,0,0,0,0,0,0,0,0,0,0,0,0,0,0,0,0,0,0,0
Qwen/Qwen2.5-7B-Instruct,f11_sensation,POLE,40,0,0,0,0,0,0,0,0,0,0,0,0,0,0,0,0,0,0,0,0,0,0,4,0,0,0,0,0,0,0,0,0,0,0,0,0,0,0,0,0,0,0,0,0,0
Qwen/Qwen2.5-7B-Instruct,f11_species,BOTH,20,0,0,0,0,0,0,0,0,0,0,0,0,0,0,0,0,0,0,0,0,0,0,7,0,0,0,0,0,0,0,0,0,0,0,0,0,0,0,0,0,0,0,0,0,0
Qwen/Qwen2.5-7B-Instruct,f11_species,POLE,40,0,0,0,0,0,0,0,0,0,0,0,0,0,0,0,0,0,0,0,0,0,0,15,0,0,0,0,0,0,0,0,0,0,0,0,0,0,0,0,0,0,0,0,0,0
Qwen/Qwen2.5-7B-Instruct,f11_trust,BOTH,20,0,1,0,0,1,0,0,0,0,0,0,0,0,0,0,0,0,0,0,1,2,1,6,0,0,0,0,0,0,0,0,0,0,0,0,0,0,0,0,0,0,0,0,0,0
Qwen/Qwen2.5-7B-Instruct,f11_trust,POLE,40,0,1,0,0,0,0,0,0,0,0,0,0,0,0,0,1,0,0,0,0,1,1,10,0,1,0,0,0,0,0,0,0,0,0,0,0,0,0,1,0,0,0,0,1,1
Qwen/Qwen3-8B,f11_beauty,BOTH,20,0,1,0,0,1,0,0,0,0,0,0,0,0,0,0,0,0,1,0,0,1,1,13,0,0,0,0,0,0,0,0,0,0,0,0,0,0,0,0,0,1,0,0,0,1
Qwen/Qwen3-8B,f11_beauty,POLE,40,0,1,0,0,0,0,0,0,0,0,0,0,0,0,0,0,0,0,0,0,1,0,14,0,0,0,0,0,0,0,0,0,0,0,0,0,0,0,0,0,0,0,0,0,0
Qwen/Qwen3-8B,f11_beauty_ugly,BOTH,20,0,0,0,0,2,0,0,0,0,0,0,0,0,0,0,0,0,0,0,0,2,0,7,0,0,0,0,0,0,0,0,0,0,0,0,0,0,0,0,0,0,0,0,0,0
Qwen/Qwen3-8B,f11_beauty_ugly,POLE,20,0,0,0,0,0,0,0,0,0,0,0,0,0,0,0,2,0,0,0,0,0,2,7,0,0,0,0,0,0,0,0,0,0,0,0,0,0,0,1,0,0,0,0,0,1
Qwen/Qwen3-8B,f11_captive,BOTH,20,0,0,0,0,2,0,0,0,0,3,0,1,0,0,0,0,0,0,0,0,6,0,12,0,0,0,0,0,0,0,0,0,1,0,1,0,0,0,0,0,0,0,0,2,0
Qwen/Qwen3-8B,f11_captive,POLE,40,0,0,0,0,0,0,0,0,0,0,0,0,0,0,0,1,0,0,0,0,0,1,20,0,0,0,0,0,0,0,0,0,0,0,0,0,0,0,0,0,0,0,0,0,0
Qwen/Qwen3-8B,f11_captive_b,BOTH,20,0,0,0,0,0,0,0,0,0,0,0,0,0,0,0,0,0,0,0,0,0,0,13,0,0,0,0,0,0,0,0,0,0,0,0,0,0,0,0,0,0,0,0,0,0
Qwen/Qwen3-8B,f11_captive_b,POLE,40,0,2,0,0,0,0,0,0,0,3,0,0,0,0,0,0,0,1,0,0,5,1,18,0,0,0,0,0,0,0,0,0,0,0,0,0,0,0,0,0,1,0,0,0,1
Qwen/Qwen3-8B,f11_class,BOTH,20,0,0,0,0,1,0,0,0,0,1,0,0,0,0,0,0,0,0,0,0,2,0,6,0,0,0,0,0,0,0,0,0,0,0,0,0,0,0,0,0,0,0,0,0,0
Qwen/Qwen3-8B,f11_class,POLE,40,0,0,0,0,1,0,0,0,0,0,0,0,0,0,0,2,0,0,0,0,1,2,22,0,0,0,0,0,0,0,0,0,0,0,0,0,0,0,0,0,0,0,0,0,0
Qwen/Qwen3-8B,f11_create,BOTH,20,0,0,0,0,0,0,0,0,0,0,0,0,0,0,0,1,0,1,0,0,0,2,9,0,0,0,0,0,0,0,0,0,0,0,0,0,0,0,0,0,0,0,0,0,0
Qwen/Qwen3-8B,f11_create,POLE,40,0,0,0,0,0,0,0,0,0,0,0,0,0,0,0,1,0,0,0,0,0,1,25,0,0,0,0,0,0,0,0,0,0,0,0,0,0,0,1,0,0,0,0,0,1
Qwen/Qwen3-8B,f11_desire,BOTH,20,1,0,0,0,0,0,0,0,0,0,0,0,0,0,0,2,0,0,0,0,1,2,11,1,0,0,0,0,0,0,0,0,0,0,0,0,0,0,0,0,0,0,0,1,0
Qwen/Qwen3-8B,f11_desire,POLE,40,0,0,0,0,0,0,0,0,0,0,0,0,0,0,0,0,0,0,1,0,0,1,14,0,0,0,0,0,0,0,0,0,0,0,0,0,0,0,0,0,0,0,0,0,0
Qwen/Qwen3-8B,f11_faithful,BOTH,20,0,0,0,0,6,0,0,0,0,1,0,0,0,0,0,0,0,1,1,0,6,2,8,0,0,0,0,0,0,0,0,0,0,0,0,0,0,0,0,0,0,0,0,0,0
Qwen/Qwen3-8B,f11_faithful,POLE,40,0,0,0,0,0,0,0,0,0,0,0,0,0,0,0,0,0,0,3,0,0,3,21,0,0,0,0,0,0,0,0,0,0,0,0,0,0,0,0,0,0,1,0,0,1
Qwen/Qwen3-8B,f11_gender,POLE,40,0,0,0,0,0,0,0,0,0,0,0,0,0,0,0,12,0,0,0,0,0,12,25,0,0,0,0,0,0,0,0,0,0,0,0,0,0,0,8,0,0,0,0,0,8
Qwen/Qwen3-8B,f11_gender_he,BOTH,20,0,0,0,0,0,0,0,0,0,0,0,0,0,0,0,0,0,0,0,0,0,0,12,0,0,0,0,0,0,0,0,0,0,0,0,0,0,0,0,0,0,0,0,0,0
Qwen/Qwen3-8B,f11_gender_he,POLE,40,0,0,0,0,0,0,0,0,0,0,0,0,0,0,0,2,0,0,0,0,0,2,26,0,0,0,0,0,0,0,0,0,0,0,0,0,0,0,2,0,0,0,0,0,2
Qwen/Qwen3-8B,f11_gender_she,BOTH,20,0,0,0,0,1,0,0,0,0,0,0,0,0,0,0,0,0,0,0,0,1,0,4,0,0,0,0,0,0,0,0,0,0,0,0,0,0,0,0,0,0,0,0,0,0
Qwen/Qwen3-8B,f11_gender_she,POLE,40,0,1,0,0,2,0,0,0,0,1,0,0,0,0,0,0,0,0,0,0,4,0,22,0,0,0,0,0,0,0,0,0,0,0,0,0,0,0,0,0,0,0,0,0,0
Qwen/Qwen3-8B,f11_guilt,BOTH,20,0,0,1,0,2,0,0,0,0,2,0,0,0,0,0,1,0,0,13,0,2,13,7,0,0,0,0,0,0,0,0,0,0,0,0,0,0,0,0,0,0,4,0,0,4
Qwen/Qwen3-8B,f11_guilt,POLE,40,0,0,0,0,0,0,0,0,0,0,0,0,0,0,0,2,0,0,11,1,0,13,19,0,0,0,0,0,0,0,0,0,0,0,0,0,0,0,0,0,0,3,1,0,4
Qwen/Qwen3-8B,f11_holy,POLE,40,0,0,0,0,1,0,0,0,0,0,0,0,0,0,0,2,0,0,1,0,1,3,21,0,0,0,0,0,0,0,0,0,0,0,0,0,0,0,0,0,0,1,0,0,1
Qwen/Qwen3-8B,f11_holy_b,BOTH,20,0,0,0,0,1,0,0,0,0,1,0,0,0,0,0,1,0,0,0,0,1,1,11,0,0,0,0,0,0,0,0,0,0,0,0,0,0,0,1,0,0,0,0,0,1
Qwen/Qwen3-8B,f11_holy_b,POLE,40,0,0,0,0,0,0,1,0,0,0,0,0,0,0,0,0,0,0,1,0,1,1,20,0,0,0,0,0,0,1,0,0,0,0,0,0,0,0,0,0,0,1,0,1,1
Qwen/Qwen3-8B,f11_love,BOTH,20,1,3,2,0,0,0,0,0,0,1,0,0,0,0,0,0,0,0,0,0,5,0,11,1,1,2,0,0,0,0,0,0,0,0,0,0,0,0,0,0,0,0,0,3,0
Qwen/Qwen3-8B,f11_love,POLE,40,0,0,0,0,0,0,0,0,0,0,0,0,0,0,0,2,0,0,0,0,0,2,15,0,0,0,0,0,0,0,0,0,0,0,0,0,0,0,0,0,0,0,0,0,0
Qwen/Qwen3-8B,f11_love_he,BOTH,20,2,5,3,0,1,0,0,0,0,1,0,0,0,0,0,0,0,0,0,0,10,0,12,1,1,3,0,0,0,0,0,0,0,0,0,0,0,0,0,0,0,0,0,4,0
Qwen/Qwen3-8B,f11_love_he,POLE,40,0,0,1,0,0,0,0,0,0,0,0,0,0,0,0,0,0,1,1,0,1,2,23,0,0,1,0,0,0,0,0,0,0,0,0,0,0,0,0,0,1,1,0,1,2
Qwen/Qwen3-8B,f11_loyal,BOTH,20,0,0,0,0,1,0,0,0,0,1,0,0,0,0,0,0,0,1,0,0,1,1,3,0,0,0,0,0,0,0,0,0,0,0,0,0,0,0,0,0,1,0,0,0,1
Qwen/Qwen3-8B,f11_loyal,POLE,40,0,0,0,0,1,0,0,0,0,0,0,0,0,0,0,0,0,0,0,0,1,0,8,0,0,0,0,0,0,0,0,0,0,0,0,0,0,0,0,0,0,0,0,0,0
Qwen/Qwen3-8B,f11_parent,BOTH,20,0,0,1,0,0,0,0,0,0,0,0,0,0,0,0,3,0,0,0,0,1,3,16,0,0,1,0,0,0,0,0,0,0,0,0,0,0,0,2,0,0,0,0,1,2
Qwen/Qwen3-8B,f11_parent,POLE,40,0,1,0,0,0,0,0,0,0,0,0,0,0,0,0,7,0,0,0,0,1,7,24,0,0,0,0,0,0,0,0,0,0,0,0,0,0,0,4,0,0,0,0,0,4
Qwen/Qwen3-8B,f11_reason,BOTH,20,0,1,2,0,7,0,0,0,0,7,0,0,0,0,0,0,0,0,0,0,12,0,5,0,1,1,0,1,0,0,0,0,1,0,0,0,0,0,0,0,0,0,0,3,0
Qwen/Qwen3-8B,f11_reason,POLE,40,0,0,0,0,1,0,0,0,0,0,0,0,0,0,0,3,0,0,2,0,1,5,11,0,0,0,0,0,0,0,0,0,0,0,0,0,0,0,1,0,0,0,0,0,1
Qwen/Qwen3-8B,f11_sensation,BOTH,20,0,0,0,0,1,0,0,0,0,0,0,0,0,0,0,0,0,0,0,0,1,0,12,0,0,0,0,0,0,0,0,0,0,0,0,0,0,0,0,0,0,0,0,0,0
Qwen/Qwen3-8B,f11_sensation,POLE,40,0,0,0,0,0,0,0,0,0,0,0,0,0,0,0,0,0,1,0,0,0,1,15,0,0,0,0,0,0,0,0,0,0,0,0,0,0,0,0,0,0,0,0,0,0
Qwen/Qwen3-8B,f11_species,BOTH,20,0,0,0,0,0,0,0,0,0,0,0,1,0,0,0,2,0,0,0,0,1,2,11,0,0,0,0,0,0,0,0,0,0,0,1,0,0,0,0,0,0,0,0,1,0
Qwen/Qwen3-8B,f11_species,POLE,40,0,1,0,0,0,0,0,0,0,0,0,0,0,0,0,1,0,0,0,0,1,1,21,0,0,0,0,0,0,0,0,0,0,0,0,0,0,0,0,0,0,0,0,0,0
Qwen/Qwen3-8B,f11_trust,BOTH,20,0,0,0,0,0,0,0,0,0,0,0,0,0,0,0,0,0,0,0,0,0,0,12,0,0,0,0,0,0,0,0,0,0,0,0,0,0,0,0,0,0,0,0,0,0
Qwen/Qwen3-8B,f11_trust,POLE,40,0,0,1,0,0,0,0,0,0,0,0,0,0,0,0,2,0,0,0,0,1,2,14,0,0,0,0,0,0,0,0,0,0,0,0,0,0,0,0,0,0,0,0,0,0
Qwen/Qwen3-8B-Base,f11_beauty,BOTH,20,0,0,0,0,0,0,0,0,0,1,0,0,0,0,0,1,0,0,0,0,1,1,15,0,0,0,0,0,0,0,0,0,0,0,0,0,0,0,1,0,0,0,0,0,1
Qwen/Qwen3-8B-Base,f11_beauty,POLE,40,0,0,0,0,0,0,0,0,0,0,0,0,0,0,0,3,0,0,0,0,0,3,11,0,0,0,0,0,0,0,0,0,0,0,0,0,0,0,1,0,0,0,0,0,1
Qwen/Qwen3-8B-Base,f11_beauty_ugly,BOTH,20,0,0,0,0,0,0,0,0,0,0,0,0,0,0,0,1,0,0,0,0,0,1,12,0,0,0,0,0,0,0,0,0,0,0,0,0,0,0,1,0,0,0,0,0,1
Qwen/Qwen3-8B-Base,f11_beauty_ugly,POLE,20,0,0,0,0,0,0,0,0,0,0,0,0,0,0,0,0,0,0,0,0,0,0,3,0,0,0,0,0,0,0,0,0,0,0,0,0,0,0,0,0,0,0,0,0,0
Qwen/Qwen3-8B-Base,f11_captive,BOTH,20,0,0,0,0,1,0,0,0,0,1,0,0,0,0,0,0,0,0,2,0,2,2,12,0,0,0,0,0,0,0,0,0,0,0,0,0,0,0,0,0,0,1,0,0,1
Qwen/Qwen3-8B-Base,f11_captive,POLE,40,0,0,0,0,0,0,0,0,0,0,0,0,0,0,0,0,0,0,0,0,0,0,21,0,0,0,0,0,0,0,0,0,0,0,0,0,0,0,0,0,0,0,0,0,0
Qwen/Qwen3-8B-Base,f11_captive_b,BOTH,20,0,0,1,0,0,0,0,0,0,0,0,0,0,0,0,0,0,0,0,0,1,0,14,0,0,1,0,0,0,0,0,0,0,0,0,0,0,0,0,0,0,0,0,1,0
Qwen/Qwen3-8B-Base,f11_captive_b,POLE,40,0,0,0,0,0,0,0,0,0,0,0,0,0,0,0,3,0,0,0,0,0,3,28,0,0,0,0,0,0,0,0,0,0,0,0,0,0,0,2,0,0,0,0,0,2
Qwen/Qwen3-8B-Base,f11_class,BOTH,20,0,0,0,0,0,0,0,0,0,0,0,0,0,0,0,0,0,0,0,0,0,0,11,0,0,0,0,0,0,0,0,0,0,0,0,0,0,0,0,0,0,0,0,0,0
Qwen/Qwen3-8B-Base,f11_class,POLE,40,0,0,0,0,0,0,0,0,0,0,0,0,0,0,0,1,0,0,0,0,0,1,15,0,0,0,0,0,0,0,0,0,0,0,0,0,0,0,0,0,0,0,0,0,0
Qwen/Qwen3-8B-Base,f11_create,BOTH,20,0,0,1,0,0,0,0,0,0,0,0,0,0,0,0,0,0,0,0,0,1,0,10,0,0,0,0,0,0,0,0,0,0,0,0,0,0,0,0,0,0,0,0,0,0
Qwen/Qwen3-8B-Base,f11_create,POLE,40,0,1,0,0,0,0,0,0,0,0,0,0,0,0,0,2,0,0,0,0,1,2,3,0,0,0,0,0,0,0,0,0,0,0,0,0,0,0,1,0,0,0,0,0,1
Qwen/Qwen3-8B-Base,f11_desire,BOTH,20,0,0,0,0,1,0,0,0,0,0,0,0,0,0,0,2,0,0,0,0,1,2,14,0,0,0,0,0,0,0,0,0,0,0,0,0,0,0,2,0,0,0,0,0,2
Qwen/Qwen3-8B-Base,f11_desire,POLE,40,0,0,0,1,0,0,0,0,0,0,0,0,0,0,0,4,0,0,0,0,1,4,19,0,0,0,0,0,0,0,0,0,0,0,0,0,0,0,0,0,0,0,0,0,0
Qwen/Qwen3-8B-Base,f11_faithful,BOTH,20,0,0,0,0,0,0,0,0,0,0,0,0,0,0,0,0,0,0,1,0,0,1,11,0,0,0,0,0,0,0,0,0,0,0,0,0,0,0,0,0,0,0,0,0,0
Qwen/Qwen3-8B-Base,f11_faithful,POLE,40,0,0,0,0,0,0,0,0,0,0,0,0,0,0,0,1,0,1,4,0,0,5,18,0,0,0,0,0,0,0,0,0,0,0,0,0,0,0,0,0,0,0,0,0,0
Qwen/Qwen3-8B-Base,f11_gender,POLE,40,0,0,0,0,0,0,0,0,0,0,0,0,0,0,0,5,0,0,0,0,0,5,21,0,0,0,0,0,0,0,0,0,0,0,0,0,0,0,3,0,0,0,0,0,3
Qwen/Qwen3-8B-Base,f11_gender_he,BOTH,20,0,0,0,0,0,0,0,0,0,0,0,0,0,0,0,0,0,0,0,0,0,0,6,0,0,0,0,0,0,0,0,0,0,0,0,0,0,0,0,0,0,0,0,0,0
Qwen/Qwen3-8B-Base,f11_gender_he,POLE,40,0,0,0,0,0,0,0,0,0,0,0,0,0,0,0,2,1,0,0,0,0,2,16,0,0,0,0,0,0,0,0,0,0,0,0,0,0,0,2,1,0,0,0,0,2
Qwen/Qwen3-8B-Base,f11_gender_she,BOTH,20,0,0,0,0,0,0,0,0,0,0,0,0,0,0,0,0,0,0,0,0,0,0,10,0,0,0,0,0,0,0,0,0,0,0,0,0,0,0,0,0,0,0,0,0,0
Qwen/Qwen3-8B-Base,f11_gender_she,POLE,40,0,1,0,0,2,0,0,0,0,0,0,0,0,0,0,0,0,1,0,0,3,1,19,0,0,0,0,1,0,0,0,0,0,0,0,0,0,0,0,0,0,0,0,1,0
Qwen/Qwen3-8B-Base,f11_guilt,BOTH,20,0,0,0,0,0,0,0,0,0,0,0,0,0,0,0,0,0,1,8,0,0,9,16,0,0,0,0,0,0,0,0,0,0,0,0,0,0,0,0,0,1,5,0,0,6
Qwen/Qwen3-8B-Base,f11_guilt,POLE,40,0,0,0,0,0,0,0,0,0,1,0,0,0,0,0,1,0,0,7,0,1,8,15,0,0,0,0,0,0,0,0,0,1,0,0,0,0,0,0,0,0,0,0,1,0
Qwen/Qwen3-8B-Base,f11_holy,POLE,40,0,0,0,0,0,0,0,0,0,0,0,0,0,0,0,0,0,0,0,0,0,0,29,0,0,0,0,0,0,0,0,0,0,0,0,0,0,0,0,0,0,0,0,0,0
Qwen/Qwen3-8B-Base,f11_holy_b,BOTH,20,0,0,0,0,0,0,0,0,0,0,0,0,0,0,0,1,0,1,0,0,0,1,17,0,0,0,0,0,0,0,0,0,0,0,0,0,0,0,1,0,1,0,0,0,1
Qwen/Qwen3-8B-Base,f11_holy_b,POLE,40,0,0,0,0,1,0,0,0,0,0,0,0,0,0,0,2,0,0,0,0,1,2,26,0,0,0,0,0,0,0,0,0,0,0,0,0,0,0,2,0,0,0,0,0,2
Qwen/Qwen3-8B-Base,f11_love,BOTH,20,0,1,2,0,1,0,0,0,0,0,0,0,0,0,0,1,0,0,0,0,4,1,9,0,0,0,0,1,0,0,0,0,0,0,0,0,0,0,0,0,0,0,0,1,0
Qwen/Qwen3-8B-Base,f11_love,POLE,40,0,0,0,0,0,0,0,0,0,0,0,0,0,0,0,1,0,0,0,0,0,1,17,0,0,0,0,0,0,0,0,0,0,0,0,0,0,0,0,0,0,0,0,0,0
Qwen/Qwen3-8B-Base,f11_love_he,BOTH,20,0,1,2,0,0,0,0,0,0,0,0,0,0,0,0,0,0,0,0,0,3,0,9,0,0,2,0,0,0,0,0,0,0,0,0,0,0,0,0,0,0,0,0,2,0
Qwen/Qwen3-8B-Base,f11_love_he,POLE,40,0,0,1,0,0,0,0,0,0,0,0,0,0,0,0,3,0,0,0,0,1,3,19,0,0,0,0,0,0,0,0,0,0,0,0,0,0,0,0,0,0,0,0,0,0
Qwen/Qwen3-8B-Base,f11_loyal,BOTH,20,0,1,0,0,0,0,0,0,0,0,0,0,0,0,0,1,0,0,0,0,1,1,2,0,0,0,0,0,0,0,0,0,0,0,0,0,0,0,1,0,0,0,0,0,1
Qwen/Qwen3-8B-Base,f11_loyal,POLE,40,0,1,0,0,0,0,0,0,0,0,0,0,0,0,0,1,0,0,0,0,1,1,2,0,0,0,0,0,0,0,0,0,0,0,0,0,0,0,0,0,0,0,0,0,0
Qwen/Qwen3-8B-Base,f11_parent,BOTH,20,0,0,0,0,0,0,0,0,0,0,0,0,0,0,0,0,0,0,0,0,0,0,13,0,0,0,0,0,0,0,0,0,0,0,0,0,0,0,0,0,0,0,0,0,0
Qwen/Qwen3-8B-Base,f11_parent,POLE,40,0,0,0,0,0,0,0,0,0,0,0,0,0,0,0,4,0,0,0,0,0,4,20,0,0,0,0,0,0,0,0,0,0,0,0,0,0,0,1,0,0,0,0,0,1
Qwen/Qwen3-8B-Base,f11_reason,BOTH,20,0,0,0,0,0,0,0,0,0,1,0,0,0,0,0,1,0,0,0,0,1,1,6,0,0,0,0,0,0,0,0,0,0,0,0,0,0,0,0,0,0,0,0,0,0
Qwen/Qwen3-8B-Base,f11_reason,POLE,40,0,0,0,0,2,0,0,0,0,0,0,0,0,0,0,1,0,0,0,0,2,1,12,0,0,0,0,0,0,0,0,0,0,0,0,0,0,0,0,0,0,0,0,0,0
Qwen/Qwen3-8B-Base,f11_sensation,BOTH,20,0,0,0,0,1,0,0,0,0,0,0,0,0,0,0,1,0,0,0,0,1,1,12,0,0,0,0,0,0,0,0,0,0,0,0,0,0,0,1,0,0,0,0,0,1
Qwen/Qwen3-8B-Base,f11_sensation,POLE,40,1,0,0,0,0,0,0,0,0,0,0,0,0,0,0,0,0,0,0,0,1,0,24,1,0,0,0,0,0,0,0,0,0,0,0,0,0,0,0,0,0,0,0,1,0
Qwen/Qwen3-8B-Base,f11_species,BOTH,20,0,0,0,0,0,0,0,0,0,0,0,0,0,0,0,0,0,0,0,0,0,0,14,0,0,0,0,0,0,0,0,0,0,0,0,0,0,0,0,0,0,0,0,0,0
Qwen/Qwen3-8B-Base,f11_species,POLE,40,0,0,0,0,0,0,0,0,0,0,0,0,0,0,0,1,0,0,0,0,0,1,24,0,0,0,0,0,0,0,0,0,0,0,0,0,0,0,0,0,0,0,0,0,0
Qwen/Qwen3-8B-Base,f11_trust,BOTH,20,0,0,0,0,0,0,0,0,0,0,0,0,0,0,0,1,0,0,0,0,0,1,10,0,0,0,0,0,0,0,0,0,0,0,0,0,0,0,1,0,0,0,0,0,1
Qwen/Qwen3-8B-Base,f11_trust,POLE,40,0,0,0,0,0,0,0,0,0,0,0,0,0,0,0,0,0,0,0,0,0,0,13,0,0,0,0,0,0,0,0,0,0,0,0,0,0,0,0,0,0,0,0,0,0
TinyLlama/TinyLlama-1.1B-Chat-v1.0,f11_beauty,BOTH,20,0,0,0,0,0,0,0,0,0,0,0,0,0,0,0,0,0,0,0,0,0,0,19,0,0,0,0,0,0,0,0,0,0,0,0,0,0,0,0,0,0,0,0,0,0
TinyLlama/TinyLlama-1.1B-Chat-v1.0,f11_beauty,POLE,40,0,0,0,0,0,0,0,0,0,0,0,0,0,0,0,1,0,0,0,0,0,1,32,0,0,0,0,0,0,0,0,0,0,0,0,0,0,0,0,0,0,0,0,0,0
TinyLlama/TinyLlama-1.1B-Chat-v1.0,f11_beauty_ugly,BOTH,20,0,0,0,0,0,0,0,0,0,0,0,0,0,0,0,0,0,0,0,0,0,0,15,0,0,0,0,0,0,0,0,0,0,0,0,0,0,0,0,0,0,0,0,0,0
TinyLlama/TinyLlama-1.1B-Chat-v1.0,f11_beauty_ugly,POLE,20,0,0,0,0,0,0,0,0,0,0,0,0,0,0,0,0,0,0,0,0,0,0,15,0,0,0,0,0,0,0,0,0,0,0,0,0,0,0,0,0,0,0,0,0,0
TinyLlama/TinyLlama-1.1B-Chat-v1.0,f11_captive,BOTH,20,0,0,0,0,0,0,0,0,0,0,0,0,0,0,0,2,0,0,0,0,0,2,14,0,0,0,0,0,0,0,0,0,0,0,0,0,0,0,1,0,0,0,0,0,1
TinyLlama/TinyLlama-1.1B-Chat-v1.0,f11_captive,POLE,40,0,0,0,0,0,0,0,0,0,0,0,0,0,0,0,1,0,0,0,0,0,1,30,0,0,0,0,0,0,0,0,0,0,0,0,0,0,0,1,0,0,0,0,0,1
TinyLlama/TinyLlama-1.1B-Chat-v1.0,f11_captive_b,BOTH,20,0,0,0,1,0,0,0,0,0,0,1,0,0,0,0,0,0,1,0,0,2,1,11,0,0,0,0,0,0,0,0,0,0,0,0,0,0,0,0,0,1,0,0,0,1
TinyLlama/TinyLlama-1.1B-Chat-v1.0,f11_captive_b,POLE,40,0,0,0,0,0,0,0,0,0,0,0,0,0,0,0,0,0,0,0,0,0,0,25,0,0,0,0,0,0,0,0,0,0,0,0,0,0,0,0,0,0,0,0,0,0
TinyLlama/TinyLlama-1.1B-Chat-v1.0,f11_class,BOTH,20,0,0,0,0,0,0,0,0,0,0,0,0,0,0,0,0,0,0,0,0,0,0,15,0,0,0,0,0,0,0,0,0,0,0,0,0,0,0,0,0,0,0,0,0,0
TinyLlama/TinyLlama-1.1B-Chat-v1.0,f11_class,POLE,40,0,0,0,0,0,0,0,0,0,0,0,0,0,0,0,0,0,0,0,0,0,0,26,0,0,0,0,0,0,0,0,0,0,0,0,0,0,0,0,0,0,0,0,0,0
TinyLlama/TinyLlama-1.1B-Chat-v1.0,f11_create,BOTH,20,0,0,0,0,0,0,0,0,0,0,0,0,0,0,0,0,0,0,0,0,0,0,18,0,0,0,0,0,0,0,0,0,0,0,0,0,0,0,0,0,0,0,0,0,0
TinyLlama/TinyLlama-1.1B-Chat-v1.0,f11_create,POLE,40,0,0,0,0,0,0,0,0,0,0,0,0,0,0,0,1,0,0,1,0,0,2,26,0,0,0,0,0,0,0,0,0,0,0,0,0,0,0,1,0,0,1,0,0,2
TinyLlama/TinyLlama-1.1B-Chat-v1.0,f11_desire,BOTH,20,1,0,1,0,0,0,0,0,0,0,0,0,0,0,0,1,0,0,0,0,2,1,15,1,0,1,0,0,0,0,0,0,0,0,0,0,0,0,1,0,0,0,0,2,1
TinyLlama/TinyLlama-1.1B-Chat-v1.0,f11_desire,POLE,40,0,0,1,0,0,0,0,0,0,0,0,0,0,0,0,1,0,0,0,0,1,1,33,0,0,1,0,0,0,0,0,0,0,0,0,0,0,0,1,0,0,0,0,1,1
TinyLlama/TinyLlama-1.1B-Chat-v1.0,f11_faithful,BOTH,20,0,0,0,0,0,0,0,0,0,0,0,0,0,0,0,1,0,0,1,0,0,2,14,0,0,0,0,0,0,0,0,0,0,0,0,0,0,0,0,0,0,1,0,0,1
TinyLlama/TinyLlama-1.1B-Chat-v1.0,f11_faithful,POLE,40,0,0,1,0,0,0,0,0,0,0,0,0,0,0,0,0,0,0,0,0,1,0,32,0,0,1,0,0,0,0,0,0,0,0,0,0,0,0,0,0,0,0,0,1,0
TinyLlama/TinyLlama-1.1B-Chat-v1.0,f11_gender,POLE,40,0,0,0,0,1,0,0,0,0,0,0,0,0,0,0,1,0,0,0,1,1,2,31,0,0,0,0,0,0,0,0,0,0,0,0,0,0,0,1,0,0,0,1,0,2
TinyLlama/TinyLlama-1.1B-Chat-v1.0,f11_gender_he,BOTH,20,0,0,0,0,0,0,0,0,0,0,0,0,0,0,0,0,0,0,0,0,0,0,18,0,0,0,0,0,0,0,0,0,0,0,0,0,0,0,0,0,0,0,0,0,0
TinyLlama/TinyLlama-1.1B-Chat-v1.0,f11_gender_he,POLE,40,0,0,0,0,0,0,0,0,0,0,0,0,0,0,0,0,0,0,1,0,0,1,27,0,0,0,0,0,0,0,0,0,0,0,0,0,0,0,0,0,0,0,0,0,0
TinyLlama/TinyLlama-1.1B-Chat-v1.0,f11_gender_she,BOTH,20,0,0,0,0,0,0,0,0,0,0,0,0,0,0,0,0,0,0,1,0,0,1,17,0,0,0,0,0,0,0,0,0,0,0,0,0,0,0,0,0,0,1,0,0,1
TinyLlama/TinyLlama-1.1B-Chat-v1.0,f11_gender_she,POLE,40,0,0,0,0,0,0,0,0,0,0,0,0,0,0,0,0,0,0,0,1,0,1,33,0,0,0,0,0,0,0,0,0,0,0,0,0,0,0,0,0,0,0,1,0,1
TinyLlama/TinyLlama-1.1B-Chat-v1.0,f11_guilt,BOTH,20,0,1,1,0,0,0,0,0,0,0,0,0,0,0,0,0,0,0,2,0,2,2,16,0,0,1,0,0,0,0,0,0,0,0,0,0,0,0,0,0,0,2,0,1,2
TinyLlama/TinyLlama-1.1B-Chat-v1.0,f11_guilt,POLE,40,0,0,0,0,0,0,0,0,0,0,0,0,0,0,0,0,0,0,3,0,0,3,26,0,0,0,0,0,0,0,0,0,0,0,0,0,0,0,0,0,0,3,0,0,3
TinyLlama/TinyLlama-1.1B-Chat-v1.0,f11_holy,POLE,40,1,0,0,0,0,0,0,0,0,0,0,0,0,0,0,1,0,0,0,0,1,1,38,1,0,0,0,0,0,0,0,0,0,0,0,0,0,0,1,0,0,0,0,1,1
TinyLlama/TinyLlama-1.1B-Chat-v1.0,f11_holy_b,BOTH,20,0,0,0,0,1,0,0,0,0,0,0,0,0,0,0,0,0,0,0,0,1,0,18,0,0,0,0,1,0,0,0,0,0,0,0,0,0,0,0,0,0,0,0,1,0
TinyLlama/TinyLlama-1.1B-Chat-v1.0,f11_holy_b,POLE,40,0,0,0,0,0,0,0,0,0,0,0,0,0,0,0,2,0,0,1,0,0,2,32,0,0,0,0,0,0,0,0,0,0,0,0,0,0,0,2,0,0,1,0,0,2
TinyLlama/TinyLlama-1.1B-Chat-v1.0,f11_love,BOTH,20,0,0,2,0,0,0,0,0,0,0,0,0,0,0,0,0,0,0,1,0,2,1,17,0,0,2,0,0,0,0,0,0,0,0,0,0,0,0,0,0,0,1,0,2,1
TinyLlama/TinyLlama-1.1B-Chat-v1.0,f11_love,POLE,40,0,0,0,0,0,0,0,0,0,0,0,0,0,0,0,0,0,0,0,0,0,0,33,0,0,0,0,0,0,0,0,0,0,0,0,0,0,0,0,0,0,0,0,0,0
TinyLlama/TinyLlama-1.1B-Chat-v1.0,f11_love_he,BOTH,20,0,0,2,0,0,0,0,0,0,1,0,0,0,0,0,0,0,0,1,0,3,1,16,0,0,1,0,0,0,0,0,0,0,0,0,0,0,0,0,0,0,1,0,1,1
TinyLlama/TinyLlama-1.1B-Chat-v1.0,f11_love_he,POLE,40,0,0,0,0,0,0,0,0,0,0,0,0,0,0,0,1,0,0,2,0,0,3,34,0,0,0,0,0,0,0,0,0,0,0,0,0,0,0,1,0,0,2,0,0,3
TinyLlama/TinyLlama-1.1B-Chat-v1.0,f11_loyal,BOTH,20,0,2,0,0,0,0,0,0,0,0,0,0,0,0,0,1,0,0,0,0,2,1,14,0,1,0,0,0,0,0,0,0,0,0,0,0,0,0,1,0,0,0,0,1,1
TinyLlama/TinyLlama-1.1B-Chat-v1.0,f11_loyal,POLE,40,0,3,0,0,0,0,0,0,0,0,0,0,0,0,0,0,0,0,0,0,3,0,20,0,3,0,0,0,0,0,0,0,0,0,0,0,0,0,0,0,0,0,0,3,0
TinyLlama/TinyLlama-1.1B-Chat-v1.0,f11_parent,BOTH,20,0,0,1,0,0,0,0,0,0,0,0,0,0,0,0,1,0,0,0,0,1,1,15,0,0,0,0,0,0,0,0,0,0,0,0,0,0,0,1,0,0,0,0,0,1
TinyLlama/TinyLlama-1.1B-Chat-v1.0,f11_parent,POLE,40,0,0,0,0,0,0,0,0,0,0,0,0,0,0,0,1,0,0,0,0,0,1,30,0,0,0,0,0,0,0,0,0,0,0,0,0,0,0,0,0,0,0,0,0,0
TinyLlama/TinyLlama-1.1B-Chat-v1.0,f11_reason,BOTH,20,0,0,2,0,0,1,0,0,0,0,0,0,0,0,0,0,0,0,0,0,3,0,8,0,0,2,0,0,0,0,0,0,0,0,0,0,0,0,0,0,0,0,0,2,0
TinyLlama/TinyLlama-1.1B-Chat-v1.0,f11_reason,POLE,40,1,1,1,0,1,0,0,0,0,0,0,0,0,0,0,0,0,0,2,0,4,2,28,1,0,1,0,0,0,0,0,0,0,0,0,0,0,0,0,0,0,1,0,2,1
TinyLlama/TinyLlama-1.1B-Chat-v1.0,f11_sensation,BOTH,20,0,0,1,0,0,0,0,0,0,0,0,0,0,0,0,0,0,0,0,0,1,0,18,0,0,0,0,0,0,0,0,0,0,0,0,0,0,0,0,0,0,0,0,0,0
TinyLlama/TinyLlama-1.1B-Chat-v1.0,f11_sensation,POLE,40,0,0,0,1,0,0,0,0,0,0,0,0,0,0,0,1,0,0,0,0,1,1,35,0,0,0,1,0,0,0,0,0,0,0,0,0,0,0,1,0,0,0,0,1,1
TinyLlama/TinyLlama-1.1B-Chat-v1.0,f11_species,BOTH,20,0,1,0,0,0,0,0,0,0,0,0,0,0,0,0,0,0,0,0,0,1,0,17,0,1,0,0,0,0,0,0,0,0,0,0,0,0,0,0,0,0,0,0,1,0
TinyLlama/TinyLlama-1.1B-Chat-v1.0,f11_species,POLE,40,0,0,0,0,0,0,0,0,0,0,0,0,0,0,0,1,0,0,0,0,0,1,37,0,0,0,0,0,0,0,0,0,0,0,0,0,0,0,1,0,0,0,0,0,1
TinyLlama/TinyLlama-1.1B-Chat-v1.0,f11_trust,BOTH,20,0,0,0,0,0,0,0,0,0,0,0,0,0,0,0,0,0,0,0,0,0,0,15,0,0,0,0,0,0,0,0,0,0,0,0,0,0,0,0,0,0,0,0,0,0
TinyLlama/TinyLlama-1.1B-Chat-v1.0,f11_trust,POLE,40,0,0,1,0,0,0,0,0,0,0,0,0,0,0,0,0,0,0,1,0,1,1,26,0,0,0,0,0,0,0,0,0,0,0,0,0,0,0,0,0,0,1,0,0,1
TinyLlama/TinyLlama-1.1B-intermediate-step-1431k-3T,f11_beauty,BOTH,20,0,0,0,0,0,0,0,0,0,0,0,0,0,0,0,4,0,0,0,0,0,4,17,0,0,0,0,0,0,0,0,0,0,0,0,0,0,0,2,0,0,0,0,0,2
TinyLlama/TinyLlama-1.1B-intermediate-step-1431k-3T,f11_beauty,POLE,40,0,0,0,0,0,0,0,0,0,0,0,0,0,0,0,1,1,0,0,0,0,2,35,0,0,0,0,0,0,0,0,0,0,0,0,0,0,0,1,1,0,0,0,0,2
TinyLlama/TinyLlama-1.1B-intermediate-step-1431k-3T,f11_beauty_ugly,BOTH,20,0,0,0,0,0,0,0,0,0,0,0,0,0,0,0,1,0,0,1,0,0,2,15,0,0,0,0,0,0,0,0,0,0,0,0,0,0,0,1,0,0,1,0,0,2
TinyLlama/TinyLlama-1.1B-intermediate-step-1431k-3T,f11_beauty_ugly,POLE,20,0,0,0,0,0,0,0,0,0,0,0,0,0,0,0,0,0,0,0,0,0,0,17,0,0,0,0,0,0,0,0,0,0,0,0,0,0,0,0,0,0,0,0,0,0
TinyLlama/TinyLlama-1.1B-intermediate-step-1431k-3T,f11_captive,BOTH,20,0,0,0,0,0,0,0,0,0,0,0,0,0,0,0,1,0,0,0,0,0,1,13,0,0,0,0,0,0,0,0,0,0,0,0,0,0,0,0,0,0,0,0,0,0
TinyLlama/TinyLlama-1.1B-intermediate-step-1431k-3T,f11_captive,POLE,40,0,0,0,0,0,0,0,0,0,0,0,0,0,0,0,1,0,0,0,0,0,1,30,0,0,0,0,0,0,0,0,0,0,0,0,0,0,0,1,0,0,0,0,0,1
TinyLlama/TinyLlama-1.1B-intermediate-step-1431k-3T,f11_captive_b,BOTH,20,0,0,0,0,0,0,0,0,0,0,0,0,0,0,0,0,0,0,0,0,0,0,15,0,0,0,0,0,0,0,0,0,0,0,0,0,0,0,0,0,0,0,0,0,0
TinyLlama/TinyLlama-1.1B-intermediate-step-1431k-3T,f11_captive_b,POLE,40,0,0,0,0,0,0,0,0,0,0,0,0,0,0,0,2,0,0,0,0,0,2,27,0,0,0,0,0,0,0,0,0,0,0,0,0,0,0,1,0,0,0,0,0,1
TinyLlama/TinyLlama-1.1B-intermediate-step-1431k-3T,f11_class,BOTH,20,0,0,0,0,0,0,0,0,0,0,0,0,0,0,0,1,0,0,0,0,0,1,15,0,0,0,0,0,0,0,0,0,0,0,0,0,0,0,1,0,0,0,0,0,1
TinyLlama/TinyLlama-1.1B-intermediate-step-1431k-3T,f11_class,POLE,40,0,0,0,0,0,0,0,0,0,0,0,0,0,0,0,0,0,0,0,0,0,0,32,0,0,0,0,0,0,0,0,0,0,0,0,0,0,0,0,0,0,0,0,0,0
TinyLlama/TinyLlama-1.1B-intermediate-step-1431k-3T,f11_create,BOTH,20,0,0,0,0,0,0,0,0,0,0,0,0,0,0,0,1,0,0,0,0,0,1,12,0,0,0,0,0,0,0,0,0,0,0,0,0,0,0,1,0,0,0,0,0,1
TinyLlama/TinyLlama-1.1B-intermediate-step-1431k-3T,f11_create,POLE,40,0,0,1,0,0,0,0,0,0,0,0,0,0,0,0,0,0,0,0,0,1,0,34,0,0,1,0,0,0,0,0,0,0,0,0,0,0,0,0,0,0,0,0,1,0
TinyLlama/TinyLlama-1.1B-intermediate-step-1431k-3T,f11_desire,BOTH,20,0,0,2,0,0,0,0,0,0,0,0,0,0,0,0,0,0,0,0,0,2,0,17,0,0,2,0,0,0,0,0,0,0,0,0,0,0,0,0,0,0,0,0,2,0
TinyLlama/TinyLlama-1.1B-intermediate-step-1431k-3T,f11_desire,POLE,40,0,0,0,0,0,0,0,0,0,0,0,0,0,0,0,5,0,0,1,0,0,6,32,0,0,0,0,0,0,0,0,0,0,0,0,0,0,0,4,0,0,0,0,0,4
TinyLlama/TinyLlama-1.1B-intermediate-step-1431k-3T,f11_faithful,BOTH,20,0,0,0,0,0,0,0,0,0,0,0,1,0,0,0,1,0,0,0,0,1,1,16,0,0,0,0,0,0,0,0,0,0,0,1,0,0,0,1,0,0,0,0,1,1
TinyLlama/TinyLlama-1.1B-intermediate-step-1431k-3T,f11_faithful,POLE,40,0,0,0,0,0,0,0,0,0,0,0,0,0,0,0,1,0,0,0,0,0,1,33,0,0,0,0,0,0,0,0,0,0,0,0,0,0,0,1,0,0,0,0,0,1
TinyLlama/TinyLlama-1.1B-intermediate-step-1431k-3T,f11_gender,POLE,40,1,0,0,0,0,0,0,0,0,0,0,0,0,0,0,4,0,0,0,0,1,4,26,0,0,0,0,0,0,0,0,0,0,0,0,0,0,0,3,0,0,0,0,0,3
TinyLlama/TinyLlama-1.1B-intermediate-step-1431k-3T,f11_gender_he,BOTH,20,0,1,0,0,0,0,0,0,0,0,0,0,0,0,0,0,0,0,0,0,1,0,18,0,1,0,0,0,0,0,0,0,0,0,0,0,0,0,0,0,0,0,0,1,0
TinyLlama/TinyLlama-1.1B-intermediate-step-1431k-3T,f11_gender_he,POLE,40,0,1,0,0,0,0,0,0,0,0,0,0,0,0,0,0,0,0,0,0,1,0,29,0,1,0,0,0,0,0,0,0,0,0,0,0,0,0,0,0,0,0,0,1,0
TinyLlama/TinyLlama-1.1B-intermediate-step-1431k-3T,f11_gender_she,BOTH,20,0,0,0,0,0,0,0,0,0,0,0,0,0,0,0,0,0,0,0,0,0,0,18,0,0,0,0,0,0,0,0,0,0,0,0,0,0,0,0,0,0,0,0,0,0
TinyLlama/TinyLlama-1.1B-intermediate-step-1431k-3T,f11_gender_she,POLE,40,0,0,0,1,0,0,0,0,0,0,0,0,0,0,0,0,0,0,0,0,1,0,28,0,0,0,1,0,0,0,0,0,0,0,0,0,0,0,0,0,0,0,0,1,0
TinyLlama/TinyLlama-1.1B-intermediate-step-1431k-3T,f11_guilt,BOTH,20,1,0,0,0,0,0,0,0,0,0,0,0,0,0,0,0,0,0,3,0,1,3,13,0,0,0,0,0,0,0,0,0,0,0,0,0,0,0,0,0,0,2,0,0,2
TinyLlama/TinyLlama-1.1B-intermediate-step-1431k-3T,f11_guilt,POLE,40,0,1,0,0,0,0,0,0,0,0,0,0,0,0,0,2,0,0,4,0,1,6,35,0,1,0,0,0,0,0,0,0,0,0,0,0,0,0,2,0,0,3,0,1,5
TinyLlama/TinyLlama-1.1B-intermediate-step-1431k-3T,f11_holy,POLE,40,0,0,1,0,0,0,0,0,0,0,0,0,0,0,0,0,1,0,0,0,1,1,35,0,0,1,0,0,0,0,0,0,0,0,0,0,0,0,0,1,0,0,0,1,1
TinyLlama/TinyLlama-1.1B-intermediate-step-1431k-3T,f11_holy_b,BOTH,20,0,0,0,0,0,0,0,0,0,0,0,0,0,0,0,0,0,0,0,0,0,0,16,0,0,0,0,0,0,0,0,0,0,0,0,0,0,0,0,0,0,0,0,0,0
TinyLlama/TinyLlama-1.1B-intermediate-step-1431k-3T,f11_holy_b,POLE,40,0,1,0,0,0,0,0,0,0,0,0,0,0,0,0,1,0,0,0,0,1,1,27,0,1,0,0,0,0,0,0,0,0,0,0,0,0,0,1,0,0,0,0,1,1
TinyLlama/TinyLlama-1.1B-intermediate-step-1431k-3T,f11_love,BOTH,20,1,0,0,0,0,0,0,0,0,0,0,0,0,0,0,1,0,0,0,0,1,1,17,1,0,0,0,0,0,0,0,0,0,0,0,0,0,0,1,0,0,0,0,1,1
TinyLlama/TinyLlama-1.1B-intermediate-step-1431k-3T,f11_love,POLE,40,0,0,0,0,0,0,0,0,0,0,0,0,0,0,0,1,0,0,1,0,0,2,29,0,0,0,0,0,0,0,0,0,0,0,0,0,0,0,0,0,0,1,0,0,1
TinyLlama/TinyLlama-1.1B-intermediate-step-1431k-3T,f11_love_he,BOTH,20,0,0,0,0,0,0,0,0,0,0,0,0,0,0,0,1,0,0,0,0,0,1,16,0,0,0,0,0,0,0,0,0,0,0,0,0,0,0,1,0,0,0,0,0,1
TinyLlama/TinyLlama-1.1B-intermediate-step-1431k-3T,f11_love_he,POLE,40,0,0,0,1,0,0,0,0,0,0,0,0,0,0,0,0,0,0,0,0,1,0,36,0,0,0,1,0,0,0,0,0,0,0,0,0,0,0,0,0,0,0,0,1,0
TinyLlama/TinyLlama-1.1B-intermediate-step-1431k-3T,f11_loyal,BOTH,20,0,0,0,0,0,0,0,0,0,0,0,0,0,0,0,2,0,0,0,0,0,2,10,0,0,0,0,0,0,0,0,0,0,0,0,0,0,0,1,0,0,0,0,0,1
TinyLlama/TinyLlama-1.1B-intermediate-step-1431k-3T,f11_loyal,POLE,40,1,0,0,0,0,0,0,0,0,0,0,0,0,0,0,0,0,0,0,0,1,0,24,1,0,0,0,0,0,0,0,0,0,0,0,0,0,0,0,0,0,0,0,1,0
TinyLlama/TinyLlama-1.1B-intermediate-step-1431k-3T,f11_parent,BOTH,20,0,0,0,0,0,0,0,0,0,0,0,0,0,0,0,1,0,0,0,0,0,1,13,0,0,0,0,0,0,0,0,0,0,0,0,0,0,0,1,0,0,0,0,0,1
TinyLlama/TinyLlama-1.1B-intermediate-step-1431k-3T,f11_parent,POLE,40,0,0,0,0,0,0,0,0,0,0,0,0,0,0,0,2,0,0,0,0,0,2,27,0,0,0,0,0,0,0,0,0,0,0,0,0,0,0,2,0,0,0,0,0,2
TinyLlama/TinyLlama-1.1B-intermediate-step-1431k-3T,f11_reason,BOTH,20,0,0,0,0,0,0,0,0,0,0,0,0,0,0,0,0,0,0,0,1,0,1,14,0,0,0,0,0,0,0,0,0,0,0,0,0,0,0,0,0,0,0,0,0,0
TinyLlama/TinyLlama-1.1B-intermediate-step-1431k-3T,f11_reason,POLE,40,0,0,1,0,0,0,0,0,0,0,0,0,0,0,0,0,0,0,0,0,1,0,28,0,0,1,0,0,0,0,0,0,0,0,0,0,0,0,0,0,0,0,0,1,0
TinyLlama/TinyLlama-1.1B-intermediate-step-1431k-3T,f11_sensation,BOTH,20,0,0,0,0,0,0,0,0,0,0,0,0,0,0,0,0,1,0,0,1,0,2,18,0,0,0,0,0,0,0,0,0,0,0,0,0,0,0,0,1,0,0,1,0,2
TinyLlama/TinyLlama-1.1B-intermediate-step-1431k-3T,f11_sensation,POLE,40,0,0,0,0,0,0,0,0,0,0,0,0,0,0,0,0,0,0,0,0,0,0,34,0,0,0,0,0,0,0,0,0,0,0,0,0,0,0,0,0,0,0,0,0,0
TinyLlama/TinyLlama-1.1B-intermediate-step-1431k-3T,f11_species,BOTH,20,0,0,0,0,0,0,0,0,0,0,0,0,0,0,0,0,0,0,0,0,0,0,16,0,0,0,0,0,0,0,0,0,0,0,0,0,0,0,0,0,0,0,0,0,0
TinyLlama/TinyLlama-1.1B-intermediate-step-1431k-3T,f11_species,POLE,40,0,0,1,0,0,0,0,0,0,0,0,0,0,0,0,2,0,0,0,0,1,2,35,0,0,1,0,0,0,0,0,0,0,0,0,0,0,0,2,0,0,0,0,1,2
TinyLlama/TinyLlama-1.1B-intermediate-step-1431k-3T,f11_trust,BOTH,20,0,0,0,0,0,0,0,0,0,0,0,0,0,0,0,0,0,0,0,0,0,0,16,0,0,0,0,0,0,0,0,0,0,0,0,0,0,0,0,0,0,0,0,0,0
TinyLlama/TinyLlama-1.1B-intermediate-step-1431k-3T,f11_trust,POLE,40,0,0,1,0,0,0,0,0,0,0,0,0,0,0,0,2,0,0,0,0,1,2,31,0,0,1,0,0,0,0,0,0,0,0,0,0,0,0,2,0,0,0,0,1,2
allenai/OLMo-2-0425-1B,f11_beauty,BOTH,20,0,0,1,0,0,0,0,0,0,0,0,0,0,0,0,0,0,0,0,0,1,0,14,0,0,0,0,0,0,0,0,0,0,0,0,0,0,0,0,0,0,0,0,0,0
allenai/OLMo-2-0425-1B,f11_beauty,POLE,40,0,1,0,0,0,0,0,0,0,0,0,0,0,0,0,1,0,0,0,0,1,1,30,0,1,0,0,0,0,0,0,0,0,0,0,0,0,0,1,0,0,0,0,1,1
allenai/OLMo-2-0425-1B,f11_beauty_ugly,BOTH,20,0,0,0,0,0,0,0,0,0,0,0,0,0,0,0,1,0,1,0,0,0,2,15,0,0,0,0,0,0,0,0,0,0,0,0,0,0,0,0,0,1,0,0,0,1
allenai/OLMo-2-0425-1B,f11_beauty_ugly,POLE,20,0,0,1,0,0,0,0,0,0,0,0,0,0,0,0,0,0,0,0,0,1,0,15,0,0,1,0,0,0,0,0,0,0,0,0,0,0,0,0,0,0,0,0,1,0
allenai/OLMo-2-0425-1B,f11_captive,BOTH,20,0,0,0,0,0,0,0,0,0,0,0,0,0,0,0,1,0,0,0,0,0,1,14,0,0,0,0,0,0,0,0,0,0,0,0,0,0,0,0,0,0,0,0,0,0
allenai/OLMo-2-0425-1B,f11_captive,POLE,40,0,0,0,0,0,0,0,0,0,0,0,0,0,0,0,2,0,0,1,0,0,3,26,0,0,0,0,0,0,0,0,0,0,0,0,0,0,0,1,0,0,0,0,0,1
allenai/OLMo-2-0425-1B,f11_captive_b,BOTH,20,0,0,0,0,0,0,0,0,0,0,0,0,0,0,0,1,0,0,0,0,0,1,12,0,0,0,0,0,0,0,0,0,0,0,0,0,0,0,0,0,0,0,0,0,0
allenai/OLMo-2-0425-1B,f11_captive_b,POLE,40,0,0,2,0,0,0,0,0,0,0,0,0,0,0,0,0,0,0,0,0,2,0,28,0,0,2,0,0,0,0,0,0,0,0,0,0,0,0,0,0,0,0,0,2,0
allenai/OLMo-2-0425-1B,f11_class,BOTH,20,0,0,0,0,0,0,0,0,0,0,0,0,0,0,0,0,0,0,0,0,0,0,16,0,0,0,0,0,0,0,0,0,0,0,0,0,0,0,0,0,0,0,0,0,0
allenai/OLMo-2-0425-1B,f11_class,POLE,40,0,0,0,0,0,0,0,0,0,0,0,0,0,0,0,3,0,0,0,0,0,3,31,0,0,0,0,0,0,0,0,0,0,0,0,0,0,0,2,0,0,0,0,0,2
allenai/OLMo-2-0425-1B,f11_create,BOTH,20,0,0,0,0,0,0,0,0,0,0,0,0,0,0,0,0,0,0,0,0,0,0,16,0,0,0,0,0,0,0,0,0,0,0,0,0,0,0,0,0,0,0,0,0,0
allenai/OLMo-2-0425-1B,f11_create,POLE,40,0,0,0,0,0,0,0,0,0,0,0,0,0,0,0,1,0,0,0,0,0,1,30,0,0,0,0,0,0,0,0,0,0,0,0,0,0,0,1,0,0,0,0,0,1
allenai/OLMo-2-0425-1B,f11_desire,BOTH,20,1,0,0,0,0,0,0,0,0,0,0,0,0,0,0,1,0,0,0,0,1,1,16,1,0,0,0,0,0,0,0,0,0,0,0,0,0,0,1,0,0,0,0,1,1
allenai/OLMo-2-0425-1B,f11_desire,POLE,40,0,0,0,0,0,0,0,0,0,0,0,0,0,0,0,0,0,0,0,0,0,0,34,0,0,0,0,0,0,0,0,0,0,0,0,0,0,0,0,0,0,0,0,0,0
allenai/OLMo-2-0425-1B,f11_faithful,BOTH,20,0,0,0,0,0,0,0,0,0,0,0,0,0,0,0,0,0,0,2,0,0,2,16,0,0,0,0,0,0,0,0,0,0,0,0,0,0,0,0,0,0,1,0,0,1
allenai/OLMo-2-0425-1B,f11_faithful,POLE,40,0,0,1,0,0,0,0,0,0,0,0,0,0,0,0,1,0,0,2,0,1,3,33,0,0,1,0,0,0,0,0,0,0,0,0,0,0,0,1,0,0,1,0,1,2
allenai/OLMo-2-0425-1B,f11_gender,POLE,40,0,0,0,0,0,0,0,0,0,0,0,0,0,0,0,1,0,0,0,0,0,1,32,0,0,0,0,0,0,0,0,0,0,0,0,0,0,0,1,0,0,0,0,0,1
allenai/OLMo-2-0425-1B,f11_gender_he,BOTH,20,0,0,1,0,0,0,0,0,0,0,0,0,0,0,0,1,0,0,0,0,1,1,17,0,0,1,0,0,0,0,0,0,0,0,0,0,0,0,1,0,0,0,0,1,1
allenai/OLMo-2-0425-1B,f11_gender_he,POLE,40,0,0,0,0,0,0,0,0,0,0,0,0,0,0,0,2,0,0,0,0,0,2,30,0,0,0,0,0,0,0,0,0,0,0,0,0,0,0,1,0,0,0,0,0,1
allenai/OLMo-2-0425-1B,f11_gender_she,BOTH,20,0,0,0,0,0,0,0,0,0,0,0,0,0,0,0,2,0,0,0,0,0,2,17,0,0,0,0,0,0,0,0,0,0,0,0,0,0,0,1,0,0,0,0,0,1
allenai/OLMo-2-0425-1B,f11_gender_she,POLE,40,0,0,0,0,0,0,0,0,0,0,0,0,0,0,0,2,0,0,0,0,0,2,30,0,0,0,0,0,0,0,0,0,0,0,0,0,0,0,0,0,0,0,0,0,0
allenai/OLMo-2-0425-1B,f11_guilt,BOTH,20,0,0,0,0,0,1,0,0,0,0,0,0,0,0,0,1,0,0,1,0,1,2,17,0,0,0,0,0,1,0,0,0,0,0,0,0,0,0,1,0,0,0,0,1,1
allenai/OLMo-2-0425-1B,f11_guilt,POLE,40,0,0,0,0,0,0,0,0,0,0,0,0,0,0,0,0,0,0,4,0,0,4,35,0,0,0,0,0,0,0,0,0,0,0,0,0,0,0,0,0,0,4,0,0,4
allenai/OLMo-2-0425-1B,f11_holy,POLE,40,0,0,0,0,0,0,0,0,0,0,0,0,0,0,0,0,0,0,0,0,0,0,33,0,0,0,0,0,0,0,0,0,0,0,0,0,0,0,0,0,0,0,0,0,0
allenai/OLMo-2-0425-1B,f11_holy_b,BOTH,20,0,0,0,0,0,0,0,0,0,0,0,1,0,0,0,1,0,0,0,0,1,1,18,0,0,0,0,0,0,0,0,0,0,0,1,0,0,0,1,0,0,0,0,1,1
allenai/OLMo-2-0425-1B,f11_holy_b,POLE,40,0,0,0,0,0,0,0,0,0,0,0,0,0,0,0,1,0,0,0,0,0,1,34,0,0,0,0,0,0,0,0,0,0,0,0,0,0,0,1,0,0,0,0,0,1
allenai/OLMo-2-0425-1B,f11_love,BOTH,20,0,0,0,0,0,0,0,0,0,0,0,0,0,0,0,0,0,0,0,0,0,0,18,0,0,0,0,0,0,0,0,0,0,0,0,0,0,0,0,0,0,0,0,0,0
allenai/OLMo-2-0425-1B,f11_love,POLE,40,0,0,1,0,0,0,0,0,0,0,0,0,0,0,0,0,0,0,0,0,1,0,36,0,0,1,0,0,0,0,0,0,0,0,0,0,0,0,0,0,0,0,0,1,0
allenai/OLMo-2-0425-1B,f11_love_he,BOTH,20,1,0,0,0,0,0,0,0,0,0,0,0,0,0,0,0,0,0,1,0,1,1,15,1,0,0,0,0,0,0,0,0,0,0,0,0,0,0,0,0,0,1,0,1,1
allenai/OLMo-2-0425-1B,f11_love_he,POLE,40,0,0,1,0,0,0,0,0,0,0,0,0,0,0,0,0,0,0,0,0,1,0,37,0,0,1,0,0,0,0,0,0,0,0,0,0,0,0,0,0,0,0,0,1,0
allenai/OLMo-2-0425-1B,f11_loyal,BOTH,20,0,0,0,0,0,0,0,0,0,0,0,0,0,0,0,0,0,0,1,0,0,1,12,0,0,0,0,0,0,0,0,0,0,0,0,0,0,0,0,0,0,1,0,0,1
allenai/OLMo-2-0425-1B,f11_loyal,POLE,40,0,0,0,0,1,0,0,0,0,0,0,0,0,0,0,1,0,0,1,0,1,2,27,0,0,0,0,0,0,0,0,0,0,0,0,0,0,0,0,0,0,0,0,0,0
allenai/OLMo-2-0425-1B,f11_parent,BOTH,20,0,0,0,0,0,0,0,0,0,0,0,0,0,0,0,3,0,0,0,0,0,3,13,0,0,0,0,0,0,0,0,0,0,0,0,0,0,0,2,0,0,0,0,0,2
allenai/OLMo-2-0425-1B,f11_parent,POLE,40,0,0,0,0,0,0,0,0,0,0,0,0,0,0,0,3,0,0,0,1,0,3,30,0,0,0,0,0,0,0,0,0,0,0,0,0,0,0,3,0,0,0,1,0,3
allenai/OLMo-2-0425-1B,f11_reason,BOTH,20,0,0,0,0,0,0,0,0,0,0,0,0,0,0,0,0,0,0,0,0,0,0,12,0,0,0,0,0,0,0,0,0,0,0,0,0,0,0,0,0,0,0,0,0,0
allenai/OLMo-2-0425-1B,f11_reason,POLE,40,0,0,0,0,0,0,0,0,0,0,0,0,0,0,0,2,0,1,0,0,0,3,30,0,0,0,0,0,0,0,0,0,0,0,0,0,0,0,1,0,1,0,0,0,2
allenai/OLMo-2-0425-1B,f11_sensation,BOTH,20,0,1,0,0,0,0,0,0,0,0,0,0,0,0,0,0,0,0,1,0,1,1,12,0,0,0,0,0,0,0,0,0,0,0,0,0,0,0,0,0,0,0,0,0,0
allenai/OLMo-2-0425-1B,f11_sensation,POLE,40,0,0,1,0,0,0,0,0,0,0,0,0,0,0,0,2,0,0,0,0,1,2,37,0,0,1,0,0,0,0,0,0,0,0,0,0,0,0,2,0,0,0,0,1,2
allenai/OLMo-2-0425-1B,f11_species,BOTH,20,0,0,0,0,0,0,0,0,0,0,0,0,0,0,0,0,0,0,0,0,0,0,17,0,0,0,0,0,0,0,0,0,0,0,0,0,0,0,0,0,0,0,0,0,0
allenai/OLMo-2-0425-1B,f11_species,POLE,40,1,1,2,0,0,0,0,0,0,0,0,0,0,0,0,2,0,0,0,0,4,2,37,1,1,2,0,0,0,0,0,0,0,0,0,0,0,0,2,0,0,0,0,4,2
allenai/OLMo-2-0425-1B,f11_trust,BOTH,20,0,0,0,0,0,0,0,0,0,0,0,0,0,0,0,0,0,0,0,0,0,0,17,0,0,0,0,0,0,0,0,0,0,0,0,0,0,0,0,0,0,0,0,0,0
allenai/OLMo-2-0425-1B,f11_trust,POLE,40,0,0,0,0,0,0,0,0,0,0,1,0,0,0,0,0,0,0,1,0,1,1,28,0,0,0,0,0,0,0,0,0,0,0,0,0,0,0,0,0,0,1,0,0,1
allenai/OLMo-2-0425-1B-DPO,f11_beauty,BOTH,20,0,0,0,0,0,0,0,0,0,0,0,0,0,0,0,0,0,0,2,1,0,3,17,0,0,0,0,0,0,0,0,0,0,0,0,0,0,0,0,0,0,2,0,0,2
allenai/OLMo-2-0425-1B-DPO,f11_beauty,POLE,40,0,0,0,0,0,0,0,0,0,0,0,0,0,0,0,4,0,0,0,0,0,4,33,0,0,0,0,0,0,0,0,0,0,0,0,0,0,0,2,0,0,0,0,0,2
allenai/OLMo-2-0425-1B-DPO,f11_beauty_ugly,BOTH,20,0,0,0,0,0,0,0,0,0,0,0,0,0,0,0,1,0,0,0,0,0,1,17,0,0,0,0,0,0,0,0,0,0,0,0,0,0,0,1,0,0,0,0,0,1
allenai/OLMo-2-0425-1B-DPO,f11_beauty_ugly,POLE,20,0,0,0,0,1,0,0,0,0,0,0,0,0,0,0,0,0,0,0,0,1,0,17,0,0,0,0,0,0,0,0,0,0,0,0,0,0,0,0,0,0,0,0,0,0
allenai/OLMo-2-0425-1B-DPO,f11_captive,BOTH,20,0,0,0,0,0,0,0,0,0,0,0,0,0,0,0,0,0,0,0,0,0,0,9,0,0,0,0,0,0,0,0,0,0,0,0,0,0,0,0,0,0,0,0,0,0
allenai/OLMo-2-0425-1B-DPO,f11_captive,POLE,40,0,1,0,0,0,0,0,0,0,0,0,0,0,0,0,2,0,0,0,0,1,2,18,0,0,0,0,0,0,0,0,0,0,0,0,0,0,0,1,0,0,0,0,0,1
allenai/OLMo-2-0425-1B-DPO,f11_captive_b,BOTH,20,0,0,0,0,0,0,0,0,0,0,0,0,0,0,0,0,0,0,0,0,0,0,7,0,0,0,0,0,0,0,0,0,0,0,0,0,0,0,0,0,0,0,0,0,0
allenai/OLMo-2-0425-1B-DPO,f11_captive_b,POLE,40,0,0,0,0,0,0,0,0,0,0,0,0,0,0,0,2,0,0,1,1,0,4,19,0,0,0,0,0,0,0,0,0,0,0,0,0,0,0,0,0,0,0,1,0,1
allenai/OLMo-2-0425-1B-DPO,f11_class,BOTH,20,1,0,0,0,0,0,0,0,0,0,0,0,0,0,0,0,0,0,0,0,1,0,16,1,0,0,0,0,0,0,0,0,0,0,0,0,0,0,0,0,0,0,0,1,0
allenai/OLMo-2-0425-1B-DPO,f11_class,POLE,40,0,0,0,0,0,0,0,0,0,0,0,0,0,0,0,0,0,0,1,0,0,1,22,0,0,0,0,0,0,0,0,0,0,0,0,0,0,0,0,0,0,0,0,0,0
allenai/OLMo-2-0425-1B-DPO,f11_create,BOTH,20,0,0,0,2,0,0,0,0,0,0,0,0,0,0,0,0,0,1,0,0,2,1,11,0,0,0,0,0,0,0,0,0,0,0,0,0,0,0,0,0,1,0,0,0,1
allenai/OLMo-2-0425-1B-DPO,f11_create,POLE,40,0,0,1,0,0,0,0,0,0,0,0,0,0,0,0,0,0,0,0,0,1,0,26,0,0,0,0,0,0,0,0,0,0,0,0,0,0,0,0,0,0,0,0,0,0
allenai/OLMo-2-0425-1B-DPO,f11_desire,BOTH,20,0,2,0,0,0,0,0,0,0,0,0,0,0,0,0,1,0,1,0,0,2,2,14,0,1,0,0,0,0,0,0,0,0,0,0,0,0,0,1,0,1,0,0,1,2
allenai/OLMo-2-0425-1B-DPO,f11_desire,POLE,40,0,1,0,0,0,0,0,0,0,0,0,0,0,0,0,0,0,1,0,0,1,1,31,0,0,0,0,0,0,0,0,0,0,0,0,0,0,0,0,0,1,0,0,0,1
allenai/OLMo-2-0425-1B-DPO,f11_faithful,BOTH,20,0,2,0,0,0,0,0,0,0,0,0,0,0,0,0,1,0,0,1,0,2,2,16,0,1,0,0,0,0,0,0,0,0,0,0,0,0,0,1,0,0,1,0,1,2
allenai/OLMo-2-0425-1B-DPO,f11_faithful,POLE,40,0,0,0,1,0,0,0,0,0,0,0,0,0,0,0,0,0,0,1,0,1,1,29,0,0,0,1,0,0,0,0,0,0,0,0,0,0,0,0,0,0,1,0,1,1
allenai/OLMo-2-0425-1B-DPO,f11_gender,POLE,40,0,0,0,0,0,0,0,0,0,0,0,0,0,0,0,8,0,0,0,0,0,8,24,0,0,0,0,0,0,0,0,0,0,0,0,0,0,0,4,0,0,0,0,0,4
allenai/OLMo-2-0425-1B-DPO,f11_gender_he,BOTH,20,0,0,0,0,0,0,0,0,0,0,0,0,0,0,0,0,0,0,0,0,0,0,13,0,0,0,0,0,0,0,0,0,0,0,0,0,0,0,0,0,0,0,0,0,0
allenai/OLMo-2-0425-1B-DPO,f11_gender_he,POLE,40,0,0,0,0,0,0,0,0,0,0,0,0,0,0,0,2,0,0,0,0,0,2,27,0,0,0,0,0,0,0,0,0,0,0,0,0,0,0,1,0,0,0,0,0,1
allenai/OLMo-2-0425-1B-DPO,f11_gender_she,BOTH,20,0,0,0,0,0,0,0,0,0,0,0,0,0,0,0,1,0,1,0,0,0,2,14,0,0,0,0,0,0,0,0,0,0,0,0,0,0,0,0,0,1,0,0,0,1
allenai/OLMo-2-0425-1B-DPO,f11_gender_she,POLE,40,0,1,0,0,0,0,0,0,0,0,0,0,0,0,0,0,0,0,0,0,1,0,25,0,1,0,0,0,0,0,0,0,0,0,0,0,0,0,0,0,0,0,0,1,0
allenai/OLMo-2-0425-1B-DPO,f11_guilt,BOTH,20,0,1,0,0,0,0,0,0,0,0,0,0,0,0,0,0,0,0,8,0,1,8,16,0,1,0,0,0,0,0,0,0,0,0,0,0,0,0,0,0,0,6,0,1,6
allenai/OLMo-2-0425-1B-DPO,f11_guilt,POLE,40,0,1,0,0,2,0,0,0,0,0,0,0,0,0,0,0,0,0,1,0,3,1,24,0,1,0,0,1,0,0,0,0,0,0,0,0,0,0,0,0,0,0,0,2,0
allenai/OLMo-2-0425-1B-DPO,f11_holy,POLE,40,1,0,0,1,0,0,0,0,0,0,0,0,0,0,0,1,0,0,0,0,2,1,35,1,0,0,0,0,0,0,0,0,0,0,0,0,0,0,1,0,0,0,0,1,1
allenai/OLMo-2-0425-1B-DPO,f11_holy_b,BOTH,20,1,0,0,1,0,0,0,0,0,0,0,0,0,0,0,1,0,0,1,0,2,2,13,1,0,0,1,0,0,0,0,0,0,0,0,0,0,0,0,0,0,0,0,2,0
allenai/OLMo-2-0425-1B-DPO,f11_holy_b,POLE,40,0,0,0,0,0,0,0,0,0,0,0,0,0,0,0,0,0,1,0,0,0,1,36,0,0,0,0,0,0,0,0,0,0,0,0,0,0,0,0,0,1,0,0,0,1
allenai/OLMo-2-0425-1B-DPO,f11_love,BOTH,20,1,0,0,0,0,1,0,0,0,0,0,0,0,0,0,0,0,0,0,0,2,0,18,1,0,0,0,0,1,0,0,0,0,0,0,0,0,0,0,0,0,0,0,2,0
allenai/OLMo-2-0425-1B-DPO,f11_love,POLE,40,0,1,0,0,0,0,0,0,0,0,0,0,0,0,0,2,0,0,0,0,1,2,29,0,1,0,0,0,0,0,0,0,0,0,0,0,0,0,0,0,0,0,0,1,0
allenai/OLMo-2-0425-1B-DPO,f11_love_he,BOTH,20,0,0,0,1,0,0,0,0,0,1,0,0,0,0,0,1,0,0,0,0,2,1,13,0,0,0,0,0,0,0,0,0,1,0,0,0,0,0,1,0,0,0,0,1,1
allenai/OLMo-2-0425-1B-DPO,f11_love_he,POLE,40,0,1,0,0,0,0,0,0,0,0,0,0,0,0,0,1,0,0,0,0,1,1,30,0,0,0,0,0,0,0,0,0,0,0,0,0,0,0,1,0,0,0,0,0,1
allenai/OLMo-2-0425-1B-DPO,f11_loyal,BOTH,20,1,2,0,0,0,0,0,0,0,0,0,0,0,0,0,0,0,0,0,0,3,0,10,1,1,0,0,0,0,0,0,0,0,0,0,0,0,0,0,0,0,0,0,2,0
allenai/OLMo-2-0425-1B-DPO,f11_loyal,POLE,40,0,3,0,0,0,0,0,0,0,0,0,0,0,0,0,0,0,0,0,1,3,1,22,0,2,0,0,0,0,0,0,0,0,0,0,0,0,0,0,0,0,0,1,2,1
allenai/OLMo-2-0425-1B-DPO,f11_parent,BOTH,20,0,0,0,0,0,0,0,0,0,0,0,0,0,0,0,0,0,0,0,0,0,0,15,0,0,0,0,0,0,0,0,0,0,0,0,0,0,0,0,0,0,0,0,0,0
allenai/OLMo-2-0425-1B-DPO,f11_parent,POLE,40,0,0,0,0,0,0,0,0,0,0,0,0,0,0,0,3,0,0,0,0,0,3,22,0,0,0,0,0,0,0,0,0,0,0,0,0,0,0,3,0,0,0,0,0,3
allenai/OLMo-2-0425-1B-DPO,f11_reason,BOTH,20,0,0,0,0,1,0,0,0,0,1,0,0,0,0,0,2,0,0,0,0,2,2,8,0,0,0,0,0,0,0,0,0,1,0,0,0,0,0,0,0,0,0,0,1,0
allenai/OLMo-2-0425-1B-DPO,f11_reason,POLE,40,0,0,0,0,1,0,0,0,0,0,0,0,0,0,0,1,0,0,0,0,1,1,17,0,0,0,0,1,0,0,0,0,0,0,0,0,0,0,0,0,0,0,0,1,0
allenai/OLMo-2-0425-1B-DPO,f11_sensation,BOTH,20,0,1,0,0,1,0,0,0,0,0,0,0,0,0,0,0,0,0,0,0,2,0,16,0,1,0,0,1,0,0,0,0,0,0,0,0,0,0,0,0,0,0,0,2,0
allenai/OLMo-2-0425-1B-DPO,f11_sensation,POLE,40,1,0,0,0,0,0,0,0,0,0,0,0,0,0,0,0,0,0,0,0,1,0,34,1,0,0,0,0,0,0,0,0,0,0,0,0,0,0,0,0,0,0,0,1,0
allenai/OLMo-2-0425-1B-DPO,f11_species,BOTH,20,0,0,0,0,0,0,0,0,0,0,0,0,0,0,0,0,0,0,0,0,0,0,16,0,0,0,0,0,0,0,0,0,0,0,0,0,0,0,0,0,0,0,0,0,0
allenai/OLMo-2-0425-1B-DPO,f11_species,POLE,40,0,0,0,0,0,0,0,0,0,0,0,0,0,0,0,0,0,0,0,0,0,0,34,0,0,0,0,0,0,0,0,0,0,0,0,0,0,0,0,0,0,0,0,0,0
allenai/OLMo-2-0425-1B-DPO,f11_trust,BOTH,20,0,0,0,0,0,0,0,0,0,0,0,0,0,0,0,1,0,0,0,0,0,1,15,0,0,0,0,0,0,0,0,0,0,0,0,0,0,0,1,0,0,0,0,0,1
allenai/OLMo-2-0425-1B-DPO,f11_trust,POLE,40,0,0,0,0,0,0,0,0,0,0,0,0,0,0,0,1,0,0,0,0,0,1,22,0,0,0,0,0,0,0,0,0,0,0,0,0,0,0,1,0,0,0,0,0,1
allenai/OLMoE-1B-7B-0125,f11_beauty,BOTH,20,0,0,0,0,0,0,0,0,0,0,0,0,0,0,0,0,0,0,0,0,0,0,16,0,0,0,0,0,0,0,0,0,0,0,0,0,0,0,0,0,0,0,0,0,0
allenai/OLMoE-1B-7B-0125,f11_beauty,POLE,40,0,1,0,0,0,0,0,0,0,0,0,0,0,0,0,1,0,0,0,0,1,1,30,0,1,0,0,0,0,0,0,0,0,0,0,0,0,0,0,0,0,0,0,1,0
allenai/OLMoE-1B-7B-0125,f11_beauty_ugly,BOTH,20,0,0,0,0,0,0,0,0,0,0,0,0,0,0,0,0,0,0,0,0,0,0,16,0,0,0,0,0,0,0,0,0,0,0,0,0,0,0,0,0,0,0,0,0,0
allenai/OLMoE-1B-7B-0125,f11_beauty_ugly,POLE,20,0,0,0,0,0,0,0,0,0,0,0,0,0,0,0,1,0,0,0,0,0,1,17,0,0,0,0,0,0,0,0,0,0,0,0,0,0,0,1,0,0,0,0,0,1
allenai/OLMoE-1B-7B-0125,f11_captive,BOTH,20,0,0,0,0,0,0,0,0,0,0,0,0,0,0,0,2,0,0,0,0,0,2,15,0,0,0,0,0,0,0,0,0,0,0,0,0,0,0,2,0,0,0,0,0,2
allenai/OLMoE-1B-7B-0125,f11_captive,POLE,40,0,0,0,0,0,0,0,0,0,0,0,0,0,0,0,1,0,0,1,1,0,3,32,0,0,0,0,0,0,0,0,0,0,0,0,0,0,0,1,0,0,1,0,0,2
allenai/OLMoE-1B-7B-0125,f11_captive_b,BOTH,20,0,0,0,0,0,0,0,0,0,0,0,0,0,0,0,1,0,0,1,0,0,2,15,0,0,0,0,0,0,0,0,0,0,0,0,0,0,0,1,0,0,0,0,0,1
allenai/OLMoE-1B-7B-0125,f11_captive_b,POLE,40,0,0,0,0,0,0,0,0,0,0,0,0,0,0,0,2,0,0,0,0,0,2,28,0,0,0,0,0,0,0,0,0,0,0,0,0,0,0,1,0,0,0,0,0,1
allenai/OLMoE-1B-7B-0125,f11_class,BOTH,20,0,0,0,0,0,0,0,0,0,0,0,0,0,0,0,0,0,0,0,0,0,0,18,0,0,0,0,0,0,0,0,0,0,0,0,0,0,0,0,0,0,0,0,0,0
allenai/OLMoE-1B-7B-0125,f11_class,POLE,40,0,0,0,0,0,0,0,0,0,0,0,0,0,0,0,1,0,0,0,0,0,1,30,0,0,0,0,0,0,0,0,0,0,0,0,0,0,0,1,0,0,0,0,0,1
allenai/OLMoE-1B-7B-0125,f11_create,BOTH,20,0,0,1,0,0,0,0,0,0,0,0,0,0,0,0,0,0,0,0,0,1,0,14,0,0,0,0,0,0,0,0,0,0,0,0,0,0,0,0,0,0,0,0,0,0
allenai/OLMoE-1B-7B-0125,f11_create,POLE,40,0,0,0,0,0,0,0,0,0,0,0,0,0,0,0,1,0,0,0,0,0,1,31,0,0,0,0,0,0,0,0,0,0,0,0,0,0,0,1,0,0,0,0,0,1
allenai/OLMoE-1B-7B-0125,f11_desire,BOTH,20,0,0,0,0,0,0,0,0,0,0,0,0,0,0,0,1,0,0,0,0,0,1,16,0,0,0,0,0,0,0,0,0,0,0,0,0,0,0,1,0,0,0,0,0,1
allenai/OLMoE-1B-7B-0125,f11_desire,POLE,40,1,0,0,0,0,0,0,0,0,0,0,0,0,0,0,1,0,0,1,0,1,2,24,0,0,0,0,0,0,0,0,0,0,0,0,0,0,0,0,0,0,1,0,0,1
allenai/OLMoE-1B-7B-0125,f11_faithful,BOTH,20,0,0,0,0,0,0,0,0,0,0,0,0,0,0,0,0,0,0,0,0,0,0,18,0,0,0,0,0,0,0,0,0,0,0,0,0,0,0,0,0,0,0,0,0,0
allenai/OLMoE-1B-7B-0125,f11_faithful,POLE,40,0,0,0,0,0,0,0,0,0,0,0,0,0,0,0,1,0,0,1,0,0,2,29,0,0,0,0,0,0,0,0,0,0,0,0,0,0,0,1,0,0,1,0,0,2
allenai/OLMoE-1B-7B-0125,f11_gender,POLE,40,0,0,0,0,0,0,0,0,0,0,0,0,0,0,0,4,0,0,0,0,0,4,25,0,0,0,0,0,0,0,0,0,0,0,0,0,0,0,2,0,0,0,0,0,2
allenai/OLMoE-1B-7B-0125,f11_gender_he,BOTH,20,0,0,0,0,0,0,0,0,0,0,0,0,0,0,0,1,0,0,0,0,0,1,14,0,0,0,0,0,0,0,0,0,0,0,0,0,0,0,1,0,0,0,0,0,1
allenai/OLMoE-1B-7B-0125,f11_gender_he,POLE,40,0,0,0,0,0,0,0,0,0,0,0,0,0,0,0,5,0,0,0,0,0,5,30,0,0,0,0,0,0,0,0,0,0,0,0,0,0,0,4,0,0,0,0,0,4
allenai/OLMoE-1B-7B-0125,f11_gender_she,BOTH,20,0,0,1,0,0,0,0,0,0,0,0,0,0,0,0,0,0,0,0,0,1,0,14,0,0,1,0,0,0,0,0,0,0,0,0,0,0,0,0,0,0,0,0,1,0
allenai/OLMoE-1B-7B-0125,f11_gender_she,POLE,40,0,0,1,0,0,0,0,0,0,0,0,0,0,0,0,2,0,0,0,0,1,2,28,0,0,1,0,0,0,0,0,0,0,0,0,0,0,0,1,0,0,0,0,1,1
allenai/OLMoE-1B-7B-0125,f11_guilt,BOTH,20,0,0,0,0,0,0,0,0,0,0,0,0,0,0,0,0,0,0,1,0,0,1,16,0,0,0,0,0,0,0,0,0,0,0,0,0,0,0,0,0,0,1,0,0,1
allenai/OLMoE-1B-7B-0125,f11_guilt,POLE,40,0,1,0,0,0,0,0,0,0,0,0,0,0,0,0,2,0,0,5,0,1,7,31,0,0,0,0,0,0,0,0,0,0,0,0,0,0,0,2,0,0,4,0,0,6
allenai/OLMoE-1B-7B-0125,f11_holy,POLE,40,0,0,0,0,0,0,0,0,0,0,0,0,0,0,0,2,1,0,0,0,0,3,32,0,0,0,0,0,0,0,0,0,0,0,0,0,0,0,1,1,0,0,0,0,2
allenai/OLMoE-1B-7B-0125,f11_holy_b,BOTH,20,0,0,0,0,0,0,0,0,0,0,0,0,0,0,0,0,0,0,0,0,0,0,18,0,0,0,0,0,0,0,0,0,0,0,0,0,0,0,0,0,0,0,0,0,0
allenai/OLMoE-1B-7B-0125,f11_holy_b,POLE,40,0,0,0,0,0,0,0,0,0,0,0,0,0,0,0,0,0,0,0,0,0,0,36,0,0,0,0,0,0,0,0,0,0,0,0,0,0,0,0,0,0,0,0,0,0
allenai/OLMoE-1B-7B-0125,f11_love,BOTH,20,0,0,2,0,1,0,0,0,0,0,0,0,0,0,0,0,0,0,0,0,3,0,16,0,0,1,0,0,0,0,0,0,0,0,0,0,0,0,0,0,0,0,0,1,0
allenai/OLMoE-1B-7B-0125,f11_love,POLE,40,0,0,0,0,0,0,0,0,0,0,0,0,0,0,0,0,0,0,0,0,0,0,31,0,0,0,0,0,0,0,0,0,0,0,0,0,0,0,0,0,0,0,0,0,0
allenai/OLMoE-1B-7B-0125,f11_love_he,BOTH,20,0,0,2,0,0,0,0,0,0,0,0,0,0,0,0,0,0,0,0,0,2,0,19,0,0,1,0,0,0,0,0,0,0,0,0,0,0,0,0,0,0,0,0,1,0
allenai/OLMoE-1B-7B-0125,f11_love_he,POLE,40,0,0,1,0,0,0,0,0,0,0,0,0,0,0,0,0,0,0,0,0,1,0,31,0,0,1,0,0,0,0,0,0,0,0,0,0,0,0,0,0,0,0,0,1,0
allenai/OLMoE-1B-7B-0125,f11_loyal,BOTH,20,0,0,0,0,0,0,0,0,0,0,0,0,0,0,0,0,1,0,0,0,0,1,15,0,0,0,0,0,0,0,0,0,0,0,0,0,0,0,0,1,0,0,0,0,1
allenai/OLMoE-1B-7B-0125,f11_loyal,POLE,40,0,0,0,0,0,0,0,0,0,0,0,0,0,0,0,3,0,0,0,0,0,3,22,0,0,0,0,0,0,0,0,0,0,0,0,0,0,0,1,0,0,0,0,0,1
allenai/OLMoE-1B-7B-0125,f11_parent,BOTH,20,0,0,0,0,0,0,0,0,0,0,0,0,0,0,0,2,0,0,0,0,0,2,16,0,0,0,0,0,0,0,0,0,0,0,0,0,0,0,2,0,0,0,0,0,2
allenai/OLMoE-1B-7B-0125,f11_parent,POLE,40,0,0,0,0,0,0,0,0,0,0,0,0,0,0,0,5,0,0,0,0,0,5,26,0,0,0,0,0,0,0,0,0,0,0,0,0,0,0,2,0,0,0,0,0,2
allenai/OLMoE-1B-7B-0125,f11_reason,BOTH,20,0,0,0,0,0,0,0,0,0,0,0,0,0,0,0,0,0,0,0,0,0,0,16,0,0,0,0,0,0,0,0,0,0,0,0,0,0,0,0,0,0,0,0,0,0
allenai/OLMoE-1B-7B-0125,f11_reason,POLE,40,0,0,0,1,1,0,0,0,0,0,0,0,0,0,0,2,0,3,0,0,2,5,22,0,0,0,0,0,0,0,0,0,0,0,0,0,0,0,0,0,1,0,0,0,1
allenai/OLMoE-1B-7B-0125,f11_sensation,BOTH,20,0,0,0,0,0,0,0,0,0,0,0,0,0,0,0,0,0,0,0,0,0,0,19,0,0,0,0,0,0,0,0,0,0,0,0,0,0,0,0,0,0,0,0,0,0
allenai/OLMoE-1B-7B-0125,f11_sensation,POLE,40,0,0,0,0,0,0,0,0,0,0,0,0,0,0,0,0,0,0,0,0,0,0,35,0,0,0,0,0,0,0,0,0,0,0,0,0,0,0,0,0,0,0,0,0,0
allenai/OLMoE-1B-7B-0125,f11_species,BOTH,20,0,0,0,0,0,0,0,0,0,0,0,0,0,0,0,0,0,0,0,0,0,0,20,0,0,0,0,0,0,0,0,0,0,0,0,0,0,0,0,0,0,0,0,0,0
allenai/OLMoE-1B-7B-0125,f11_species,POLE,40,0,0,1,0,0,0,0,0,0,0,0,0,0,0,0,1,0,0,0,0,1,1,35,0,0,1,0,0,0,0,0,0,0,0,0,0,0,0,1,0,0,0,0,1,1
allenai/OLMoE-1B-7B-0125,f11_trust,BOTH,20,0,0,0,0,0,0,0,0,0,0,0,0,0,0,0,0,0,0,0,0,0,0,14,0,0,0,0,0,0,0,0,0,0,0,0,0,0,0,0,0,0,0,0,0,0
allenai/OLMoE-1B-7B-0125,f11_trust,POLE,40,1,0,0,0,0,0,0,0,0,0,0,0,0,0,0,1,0,0,0,0,1,1,26,1,0,0,0,0,0,0,0,0,0,0,0,0,0,0,1,0,0,0,0,1,1
allenai/OLMoE-1B-7B-0125-DPO,f11_beauty,BOTH,20,0,0,2,0,0,0,0,0,0,0,0,0,0,0,0,0,0,0,0,0,2,0,10,0,0,2,0,0,0,0,0,0,0,0,0,0,0,0,0,0,0,0,0,2,0
allenai/OLMoE-1B-7B-0125-DPO,f11_beauty,POLE,40,0,0,0,0,0,0,0,0,0,0,0,0,0,0,0,0,0,0,0,0,0,0,25,0,0,0,0,0,0,0,0,0,0,0,0,0,0,0,0,0,0,0,0,0,0
allenai/OLMoE-1B-7B-0125-DPO,f11_beauty_ugly,BOTH,20,0,0,0,0,0,0,0,0,0,1,0,0,0,0,0,1,0,0,0,0,1,1,15,0,0,0,0,0,0,0,0,0,0,0,0,0,0,0,0,0,0,0,0,0,0
allenai/OLMoE-1B-7B-0125-DPO,f11_beauty_ugly,POLE,20,0,0,0,0,0,0,0,0,0,0,0,0,0,0,0,1,0,0,0,0,0,1,10,0,0,0,0,0,0,0,0,0,0,0,0,0,0,0,0,0,0,0,0,0,0
allenai/OLMoE-1B-7B-0125-DPO,f11_captive,BOTH,20,0,0,0,0,1,0,0,0,0,1,0,0,0,0,0,2,0,0,1,1,2,4,15,0,0,0,0,1,0,0,0,0,1,0,0,0,0,0,0,0,0,1,1,2,2
allenai/OLMoE-1B-7B-0125-DPO,f11_captive,POLE,40,0,0,0,0,0,0,0,0,0,0,0,0,0,0,0,2,0,0,0,0,0,2,21,0,0,0,0,0,0,0,0,0,0,0,0,0,0,0,0,0,0,0,0,0,0
allenai/OLMoE-1B-7B-0125-DPO,f11_captive_b,BOTH,20,0,0,0,0,0,0,0,0,0,1,0,0,0,0,0,1,0,0,2,0,1,3,13,0,0,0,0,0,0,0,0,0,0,0,0,0,0,0,0,0,0,2,0,0,2
allenai/OLMoE-1B-7B-0125-DPO,f11_captive_b,POLE,40,0,0,0,0,0,0,0,0,0,1,0,0,0,0,0,1,0,0,1,0,1,2,27,0,0,0,0,0,0,0,0,0,0,0,0,0,0,0,1,0,0,0,0,0,1
allenai/OLMoE-1B-7B-0125-DPO,f11_class,BOTH,20,0,0,0,0,0,0,0,0,0,0,0,0,0,0,0,0,0,0,0,0,0,0,13,0,0,0,0,0,0,0,0,0,0,0,0,0,0,0,0,0,0,0,0,0,0
allenai/OLMoE-1B-7B-0125-DPO,f11_class,POLE,40,0,0,0,0,1,0,0,0,0,0,0,0,0,0,0,1,0,0,0,0,1,1,28,0,0,0,0,1,0,0,0,0,0,0,0,0,0,0,0,0,0,0,0,1,0
allenai/OLMoE-1B-7B-0125-DPO,f11_create,BOTH,20,0,0,0,0,0,0,0,0,0,0,0,0,0,0,0,0,0,0,1,0,0,1,17,0,0,0,0,0,0,0,0,0,0,0,0,0,0,0,0,0,0,1,0,0,1
allenai/OLMoE-1B-7B-0125-DPO,f11_create,POLE,40,0,0,0,0,0,0,0,0,0,0,0,0,0,0,0,2,0,0,0,0,0,2,24,0,0,0,0,0,0,0,0,0,0,0,0,0,0,0,1,0,0,0,0,0,1
allenai/OLMoE-1B-7B-0125-DPO,f11_desire,BOTH,20,0,0,0,0,0,0,0,0,0,0,0,0,0,0,0,0,0,0,0,0,0,0,13,0,0,0,0,0,0,0,0,0,0,0,0,0,0,0,0,0,0,0,0,0,0
allenai/OLMoE-1B-7B-0125-DPO,f11_desire,POLE,40,0,0,0,0,0,0,0,0,0,0,0,0,0,0,0,1,0,1,0,0,0,2,29,0,0,0,0,0,0,0,0,0,0,0,0,0,0,0,1,0,1,0,0,0,2
allenai/OLMoE-1B-7B-0125-DPO,f11_faithful,BOTH,20,0,0,0,0,0,0,0,0,0,0,0,0,0,0,0,0,0,0,0,0,0,0,13,0,0,0,0,0,0,0,0,0,0,0,0,0,0,0,0,0,0,0,0,0,0
allenai/OLMoE-1B-7B-0125-DPO,f11_faithful,POLE,40,0,0,0,0,0,0,0,0,0,0,0,0,0,0,0,0,0,0,1,0,0,1,20,0,0,0,0,0,0,0,0,0,0,0,0,0,0,0,0,0,0,0,0,0,0
allenai/OLMoE-1B-7B-0125-DPO,f11_gender,POLE,40,0,0,0,0,0,0,0,0,0,0,0,0,0,0,0,2,0,0,0,0,0,2,18,0,0,0,0,0,0,0,0,0,0,0,0,0,0,0,1,0,0,0,0,0,1
allenai/OLMoE-1B-7B-0125-DPO,f11_gender_he,BOTH,20,0,1,0,0,0,0,0,0,0,0,0,0,0,0,0,0,0,0,0,0,1,0,13,0,0,0,0,0,0,0,0,0,0,0,0,0,0,0,0,0,0,0,0,0,0
allenai/OLMoE-1B-7B-0125-DPO,f11_gender_he,POLE,40,0,0,0,0,0,0,0,0,0,0,0,0,0,0,0,0,0,1,0,0,0,1,26,0,0,0,0,0,0,0,0,0,0,0,0,0,0,0,0,0,1,0,0,0,1
allenai/OLMoE-1B-7B-0125-DPO,f11_gender_she,BOTH,20,0,0,0,0,0,0,0,0,0,0,0,0,0,0,0,0,0,0,0,0,0,0,15,0,0,0,0,0,0,0,0,0,0,0,0,0,0,0,0,0,0,0,0,0,0
allenai/OLMoE-1B-7B-0125-DPO,f11_gender_she,POLE,40,0,0,0,0,0,0,1,0,0,0,0,0,0,0,0,2,0,0,0,0,1,2,27,0,0,0,0,0,0,1,0,0,0,0,0,0,0,0,2,0,0,0,0,1,2
allenai/OLMoE-1B-7B-0125-DPO,f11_guilt,BOTH,20,0,0,0,0,1,0,0,0,0,1,0,0,0,0,0,1,0,0,0,0,2,1,15,0,0,0,0,1,0,0,0,0,0,0,0,0,0,0,1,0,0,0,0,1,1
allenai/OLMoE-1B-7B-0125-DPO,f11_guilt,POLE,40,0,0,0,0,0,0,0,0,0,0,0,0,0,0,0,1,0,0,5,0,0,6,29,0,0,0,0,0,0,0,0,0,0,0,0,0,0,0,1,0,0,3,0,0,4
allenai/OLMoE-1B-7B-0125-DPO,f11_holy,POLE,40,0,0,0,0,1,0,0,0,0,0,0,0,0,0,0,0,0,0,0,0,1,0,37,0,0,0,0,1,0,0,0,0,0,0,0,0,0,0,0,0,0,0,0,1,0
allenai/OLMoE-1B-7B-0125-DPO,f11_holy_b,BOTH,20,0,0,0,0,0,0,0,0,0,0,0,0,0,0,0,0,0,0,0,0,0,0,17,0,0,0,0,0,0,0,0,0,0,0,0,0,0,0,0,0,0,0,0,0,0
allenai/OLMoE-1B-7B-0125-DPO,f11_holy_b,POLE,40,0,1,0,0,0,0,0,0,0,0,0,0,0,0,0,0,0,0,0,0,1,0,33,0,1,0,0,0,0,0,0,0,0,0,0,0,0,0,0,0,0,0,0,1,0
allenai/OLMoE-1B-7B-0125-DPO,f11_love,BOTH,20,0,2,3,0,0,0,0,0,0,0,0,0,0,0,0,1,0,0,0,0,3,1,14,0,1,2,0,0,0,0,0,0,0,0,0,0,0,0,0,0,0,0,0,2,0
allenai/OLMoE-1B-7B-0125-DPO,f11_love,POLE,40,0,0,0,0,0,0,0,0,0,0,1,0,0,0,0,1,0,0,0,0,1,1,30,0,0,0,0,0,0,0,0,0,0,1,0,0,0,0,1,0,0,0,0,1,1
allenai/OLMoE-1B-7B-0125-DPO,f11_love_he,BOTH,20,1,0,1,0,0,0,0,0,0,0,0,0,0,0,0,0,0,0,1,0,2,1,17,1,0,1,0,0,0,0,0,0,0,0,0,0,0,0,0,0,0,1,0,2,1
allenai/OLMoE-1B-7B-0125-DPO,f11_love_he,POLE,40,0,1,0,0,0,0,0,0,0,0,0,1,0,0,0,1,0,0,0,0,2,1,27,0,1,0,0,0,0,0,0,0,0,0,1,0,0,0,1,0,0,0,0,2,1
allenai/OLMoE-1B-7B-0125-DPO,f11_loyal,BOTH,20,0,1,0,0,0,0,0,0,0,0,0,0,0,0,0,0,0,0,0,0,1,0,8,0,0,0,0,0,0,0,0,0,0,0,0,0,0,0,0,0,0,0,0,0,0
allenai/OLMoE-1B-7B-0125-DPO,f11_loyal,POLE,40,0,1,0,0,0,0,0,0,0,0,0,0,0,0,0,2,0,0,0,0,1,2,22,0,1,0,0,0,0,0,0,0,0,0,0,0,0,0,2,0,0,0,0,1,2
allenai/OLMoE-1B-7B-0125-DPO,f11_parent,BOTH,20,0,0,0,0,0,0,0,0,0,0,0,0,0,0,0,0,0,0,0,0,0,0,9,0,0,0,0,0,0,0,0,0,0,0,0,0,0,0,0,0,0,0,0,0,0
allenai/OLMoE-1B-7B-0125-DPO,f11_parent,POLE,40,1,1,0,0,0,0,0,0,0,0,0,0,0,0,0,2,0,0,0,0,2,2,18,1,1,0,0,0,0,0,0,0,0,0,0,0,0,0,0,0,0,0,0,2,0
allenai/OLMoE-1B-7B-0125-DPO,f11_reason,BOTH,20,0,1,0,0,1,0,0,0,0,0,0,0,0,0,0,1,0,0,0,0,2,1,11,0,1,0,0,1,0,0,0,0,0,0,0,0,0,0,1,0,0,0,0,2,1
allenai/OLMoE-1B-7B-0125-DPO,f11_reason,POLE,40,0,2,0,0,0,0,0,0,0,0,0,0,0,0,0,3,0,1,0,0,2,4,23,0,2,0,0,0,0,0,0,0,0,0,0,0,0,0,2,0,1,0,0,2,3
allenai/OLMoE-1B-7B-0125-DPO,f11_sensation,BOTH,20,0,0,1,0,0,0,0,0,0,1,0,0,0,0,0,0,0,0,0,0,2,0,15,0,0,1,0,0,0,0,0,0,1,0,0,0,0,0,0,0,0,0,0,2,0
allenai/OLMoE-1B-7B-0125-DPO,f11_sensation,POLE,40,0,0,0,0,0,0,0,0,0,0,0,0,0,0,0,0,0,0,0,0,0,0,36,0,0,0,0,0,0,0,0,0,0,0,0,0,0,0,0,0,0,0,0,0,0
allenai/OLMoE-1B-7B-0125-DPO,f11_species,BOTH,20,0,0,0,0,0,0,0,0,0,0,0,0,0,0,0,0,0,0,0,0,0,0,16,0,0,0,0,0,0,0,0,0,0,0,0,0,0,0,0,0,0,0,0,0,0
allenai/OLMoE-1B-7B-0125-DPO,f11_species,POLE,40,0,0,0,0,0,0,0,0,0,0,0,1,0,0,0,0,0,0,0,0,1,0,33,0,0,0,0,0,0,0,0,0,0,0,1,0,0,0,0,0,0,0,0,1,0
allenai/OLMoE-1B-7B-0125-DPO,f11_trust,BOTH,20,0,0,0,0,0,0,0,0,0,0,0,0,0,0,0,1,0,0,0,0,0,1,11,0,0,0,0,0,0,0,0,0,0,0,0,0,0,0,0,0,0,0,0,0,0
allenai/OLMoE-1B-7B-0125-DPO,f11_trust,POLE,40,0,0,0,0,0,0,0,0,0,0,0,0,0,0,0,0,0,0,0,0,0,0,32,0,0,0,0,0,0,0,0,0,0,0,0,0,0,0,0,0,0,0,0,0,0
allenai/Olmo-3-1025-7B,f11_beauty,BOTH,20,0,0,2,0,0,0,0,0,0,0,0,0,0,0,0,0,0,1,0,0,2,1,15,0,0,2,0,0,0,0,0,0,0,0,0,0,0,0,0,0,1,0,0,2,1
allenai/Olmo-3-1025-7B,f11_beauty,POLE,40,0,0,1,0,0,0,0,0,0,0,0,0,0,0,0,0,0,0,1,0,1,1,36,0,0,1,0,0,0,0,0,0,0,0,0,0,0,0,0,0,0,1,0,1,1
allenai/Olmo-3-1025-7B,f11_beauty_ugly,BOTH,20,0,0,1,1,0,0,0,0,0,0,0,0,0,0,0,0,0,0,0,0,2,0,16,0,0,0,1,0,0,0,0,0,0,0,0,0,0,0,0,0,0,0,0,1,0
allenai/Olmo-3-1025-7B,f11_beauty_ugly,POLE,20,0,0,0,0,0,0,0,0,0,0,0,0,0,0,0,1,0,0,0,0,0,1,17,0,0,0,0,0,0,0,0,0,0,0,0,0,0,0,1,0,0,0,0,0,1
allenai/Olmo-3-1025-7B,f11_captive,BOTH,20,0,1,1,0,0,0,0,0,0,0,0,0,0,0,0,3,0,0,0,0,2,3,12,0,1,1,0,0,0,0,0,0,0,0,0,0,0,0,1,0,0,0,0,2,1
allenai/Olmo-3-1025-7B,f11_captive,POLE,40,0,0,0,0,0,0,0,0,0,0,0,0,0,0,0,1,0,0,0,0,0,1,29,0,0,0,0,0,0,0,0,0,0,0,0,0,0,0,1,0,0,0,0,0,1
allenai/Olmo-3-1025-7B,f11_captive_b,BOTH,20,0,0,0,0,0,0,0,0,0,0,0,0,0,0,0,1,0,0,0,0,0,1,14,0,0,0,0,0,0,0,0,0,0,0,0,0,0,0,1,0,0,0,0,0,1
allenai/Olmo-3-1025-7B,f11_captive_b,POLE,40,0,0,0,0,0,0,0,0,0,0,0,0,0,0,0,0,0,0,0,0,0,0,24,0,0,0,0,0,0,0,0,0,0,0,0,0,0,0,0,0,0,0,0,0,0
allenai/Olmo-3-1025-7B,f11_class,BOTH,20,0,0,0,0,1,0,0,0,0,0,0,0,0,0,0,0,0,0,0,0,1,0,14,0,0,0,0,1,0,0,0,0,0,0,0,0,0,0,0,0,0,0,0,1,0
allenai/Olmo-3-1025-7B,f11_class,POLE,40,0,0,0,0,0,0,0,0,0,0,0,0,0,0,0,0,0,0,0,0,0,0,30,0,0,0,0,0,0,0,0,0,0,0,0,0,0,0,0,0,0,0,0,0,0
allenai/Olmo-3-1025-7B,f11_create,BOTH,20,0,0,0,0,0,0,0,0,0,0,0,0,0,0,0,2,0,0,0,0,0,2,14,0,0,0,0,0,0,0,0,0,0,0,0,0,0,0,1,0,0,0,0,0,1
allenai/Olmo-3-1025-7B,f11_create,POLE,40,0,0,0,0,0,0,0,0,0,0,0,0,0,0,0,1,0,0,0,0,0,1,24,0,0,0,0,0,0,0,0,0,0,0,0,0,0,0,1,0,0,0,0,0,1
allenai/Olmo-3-1025-7B,f11_desire,BOTH,20,0,0,0,0,0,0,0,0,0,0,0,0,0,0,0,0,0,1,1,0,0,2,18,0,0,0,0,0,0,0,0,0,0,0,0,0,0,0,0,0,1,1,0,0,2
allenai/Olmo-3-1025-7B,f11_desire,POLE,40,0,0,0,0,0,0,0,0,0,0,0,0,0,0,0,1,0,0,0,0,0,1,33,0,0,0,0,0,0,0,0,0,0,0,0,0,0,0,0,0,0,0,0,0,0
allenai/Olmo-3-1025-7B,f11_faithful,BOTH,20,0,0,0,0,0,0,0,0,0,0,0,0,0,0,0,0,0,0,0,0,0,0,18,0,0,0,0,0,0,0,0,0,0,0,0,0,0,0,0,0,0,0,0,0,0
allenai/Olmo-3-1025-7B,f11_faithful,POLE,40,0,1,1,0,0,0,0,0,0,0,0,0,0,0,0,0,0,0,0,0,2,0,30,0,1,1,0,0,0,0,0,0,0,0,0,0,0,0,0,0,0,0,0,2,0
allenai/Olmo-3-1025-7B,f11_gender,POLE,40,0,0,0,0,0,0,0,0,0,0,0,0,0,0,0,3,0,0,0,0,0,3,28,0,0,0,0,0,0,0,0,0,0,0,0,0,0,0,1,0,0,0,0,0,1
allenai/Olmo-3-1025-7B,f11_gender_he,BOTH,20,0,0,0,0,0,0,0,0,0,0,0,0,0,0,0,0,0,0,0,1,0,1,15,0,0,0,0,0,0,0,0,0,0,0,0,0,0,0,0,0,0,0,0,0,0
allenai/Olmo-3-1025-7B,f11_gender_he,POLE,40,0,0,0,0,0,0,0,0,0,0,0,0,0,0,0,2,0,0,0,0,0,2,33,0,0,0,0,0,0,0,0,0,0,0,0,0,0,0,1,0,0,0,0,0,1
allenai/Olmo-3-1025-7B,f11_gender_she,BOTH,20,0,0,0,0,1,0,0,0,0,0,0,0,0,0,0,1,0,1,1,0,1,3,17,0,0,0,0,1,0,0,0,0,0,0,0,0,0,0,1,0,1,1,0,1,3
allenai/Olmo-3-1025-7B,f11_gender_she,POLE,40,0,0,0,0,0,0,0,0,0,0,0,0,0,0,0,1,0,0,0,0,0,1,36,0,0,0,0,0,0,0,0,0,0,0,0,0,0,0,1,0,0,0,0,0,1
allenai/Olmo-3-1025-7B,f11_guilt,BOTH,20,0,0,0,0,0,0,0,0,1,0,0,0,0,0,0,1,0,0,3,0,1,4,13,0,0,0,0,0,0,0,0,1,0,0,0,0,0,0,1,0,0,1,0,1,2
allenai/Olmo-3-1025-7B,f11_guilt,POLE,40,0,0,0,0,0,0,0,0,0,0,0,0,0,0,0,0,0,0,2,0,0,2,34,0,0,0,0,0,0,0,0,0,0,0,0,0,0,0,0,0,0,1,0,0,1
allenai/Olmo-3-1025-7B,f11_holy,POLE,40,0,0,0,0,0,0,0,0,0,0,0,0,0,0,0,2,0,1,1,0,0,4,37,0,0,0,0,0,0,0,0,0,0,0,0,0,0,0,2,0,1,1,0,0,4
allenai/Olmo-3-1025-7B,f11_holy_b,BOTH,20,0,0,0,0,0,0,0,0,0,0,0,0,0,0,0,0,0,0,0,0,0,0,19,0,0,0,0,0,0,0,0,0,0,0,0,0,0,0,0,0,0,0,0,0,0
allenai/Olmo-3-1025-7B,f11_holy_b,POLE,40,1,0,0,0,0,0,0,0,0,0,0,0,0,0,0,2,0,1,0,0,1,3,35,1,0,0,0,0,0,0,0,0,0,0,0,0,0,0,2,0,1,0,0,1,3
allenai/Olmo-3-1025-7B,f11_love,BOTH,20,0,0,2,0,0,0,0,0,0,0,1,0,0,0,0,0,0,0,0,0,3,0,18,0,0,2,0,0,0,0,0,0,0,1,0,0,0,0,0,0,0,0,0,3,0
allenai/Olmo-3-1025-7B,f11_love,POLE,40,2,0,0,0,0,0,0,0,0,0,0,0,0,0,0,0,0,0,0,0,2,0,35,1,0,0,0,0,0,0,0,0,0,0,0,0,0,0,0,0,0,0,0,1,0
allenai/Olmo-3-1025-7B,f11_love_he,BOTH,20,0,0,1,0,0,0,0,0,0,0,0,0,0,0,0,0,0,0,0,0,1,0,16,0,0,1,0,0,0,0,0,0,0,0,0,0,0,0,0,0,0,0,0,1,0
allenai/Olmo-3-1025-7B,f11_love_he,POLE,40,0,1,0,0,0,0,0,0,0,0,0,0,0,0,0,2,0,0,0,0,1,2,33,0,1,0,0,0,0,0,0,0,0,0,0,0,0,0,2,0,0,0,0,1,2
allenai/Olmo-3-1025-7B,f11_loyal,BOTH,20,0,0,0,0,0,0,0,0,0,0,0,0,0,0,0,1,0,1,0,0,0,2,12,0,0,0,0,0,0,0,0,0,0,0,0,0,0,0,1,0,1,0,0,0,2
allenai/Olmo-3-1025-7B,f11_loyal,POLE,40,0,0,0,0,0,0,0,0,0,0,0,0,0,0,0,0,0,0,0,0,0,0,9,0,0,0,0,0,0,0,0,0,0,0,0,0,0,0,0,0,0,0,0,0,0
allenai/Olmo-3-1025-7B,f11_parent,BOTH,20,0,0,0,0,0,0,0,0,0,0,0,0,0,0,0,0,0,0,0,0,0,0,12,0,0,0,0,0,0,0,0,0,0,0,0,0,0,0,0,0,0,0,0,0,0
allenai/Olmo-3-1025-7B,f11_parent,POLE,40,0,0,0,0,0,0,0,0,0,0,0,0,0,0,0,1,0,0,0,0,0,1,27,0,0,0,0,0,0,0,0,0,0,0,0,0,0,0,1,0,0,0,0,0,1
allenai/Olmo-3-1025-7B,f11_reason,BOTH,20,0,0,0,0,1,0,0,0,0,1,0,0,0,0,0,0,0,0,0,0,2,0,11,0,0,0,0,1,0,0,0,0,0,0,0,0,0,0,0,0,0,0,0,1,0
allenai/Olmo-3-1025-7B,f11_reason,POLE,40,0,0,0,0,0,0,0,0,0,0,0,0,0,0,0,1,0,0,0,0,0,1,28,0,0,0,0,0,0,0,0,0,0,0,0,0,0,0,0,0,0,0,0,0,0
allenai/Olmo-3-1025-7B,f11_sensation,BOTH,20,0,0,0,0,0,0,0,0,0,0,0,0,0,0,0,1,0,0,0,0,0,1,16,0,0,0,0,0,0,0,0,0,0,0,0,0,0,0,1,0,0,0,0,0,1
allenai/Olmo-3-1025-7B,f11_sensation,POLE,40,0,0,1,0,0,0,0,0,0,0,0,0,0,0,0,1,0,1,0,0,1,2,36,0,0,1,0,0,0,0,0,0,0,0,0,0,0,0,1,0,1,0,0,1,2
allenai/Olmo-3-1025-7B,f11_species,BOTH,20,0,0,0,0,0,0,0,0,0,0,0,0,0,0,0,0,0,0,0,0,0,0,17,0,0,0,0,0,0,0,0,0,0,0,0,0,0,0,0,0,0,0,0,0,0
allenai/Olmo-3-1025-7B,f11_species,POLE,40,0,0,0,1,0,0,0,0,0,0,0,0,0,0,0,0,0,1,0,0,1,1,34,0,0,0,1,0,0,0,0,0,0,0,0,0,0,0,0,0,1,0,0,1,1
allenai/Olmo-3-1025-7B,f11_trust,BOTH,20,0,1,0,0,0,0,0,0,0,0,0,0,0,0,0,1,0,0,0,0,1,1,14,0,1,0,0,0,0,0,0,0,0,0,0,0,0,0,1,0,0,0,0,1,1
allenai/Olmo-3-1025-7B,f11_trust,POLE,40,0,1,2,0,0,0,0,0,0,0,0,0,0,0,0,0,0,0,0,0,3,0,32,0,1,1,0,0,0,0,0,0,0,0,0,0,0,0,0,0,0,0,0,2,0
allenai/Olmo-3-7B-Instruct-DPO,f11_beauty,BOTH,20,0,0,0,0,0,0,0,0,0,0,0,0,0,0,0,1,0,0,0,0,0,1,14,0,0,0,0,0,0,0,0,0,0,0,0,0,0,0,0,0,0,0,0,0,0
allenai/Olmo-3-7B-Instruct-DPO,f11_beauty,POLE,40,0,0,0,0,0,0,0,0,0,0,0,0,0,0,0,1,0,0,0,0,0,1,23,0,0,0,0,0,0,0,0,0,0,0,0,0,0,0,0,0,0,0,0,0,0
allenai/Olmo-3-7B-Instruct-DPO,f11_beauty_ugly,BOTH,20,0,0,1,0,1,0,0,0,0,0,0,0,0,0,0,1,0,0,0,0,2,1,10,0,0,1,0,0,0,0,0,0,0,0,0,0,0,0,0,0,0,0,0,1,0
allenai/Olmo-3-7B-Instruct-DPO,f11_beauty_ugly,POLE,20,0,0,0,0,0,0,0,0,0,0,0,0,0,0,0,1,0,0,0,0,0,1,8,0,0,0,0,0,0,0,0,0,0,0,0,0,0,0,0,0,0,0,0,0,0
allenai/Olmo-3-7B-Instruct-DPO,f11_captive,BOTH,20,1,0,0,0,0,0,0,0,0,0,0,0,0,0,0,0,0,0,0,0,1,0,10,0,0,0,0,0,0,0,0,0,0,0,0,0,0,0,0,0,0,0,0,0,0
allenai/Olmo-3-7B-Instruct-DPO,f11_captive,POLE,40,0,0,0,0,1,0,0,0,0,0,0,0,0,0,0,1,0,0,0,0,1,1,16,0,0,0,0,0,0,0,0,0,0,0,0,0,0,0,1,0,0,0,0,0,1
allenai/Olmo-3-7B-Instruct-DPO,f11_captive_b,BOTH,20,0,1,0,0,0,0,0,0,0,0,0,0,0,0,0,0,0,0,0,0,1,0,13,0,0,0,0,0,0,0,0,0,0,0,0,0,0,0,0,0,0,0,0,0,0
allenai/Olmo-3-7B-Instruct-DPO,f11_captive_b,POLE,40,0,0,0,0,1,0,0,0,0,0,0,0,0,0,0,2,0,0,0,0,1,2,22,0,0,0,0,1,0,0,0,0,0,0,0,0,0,0,1,0,0,0,0,1,1
allenai/Olmo-3-7B-Instruct-DPO,f11_class,BOTH,20,0,0,0,0,0,0,0,0,0,0,0,0,0,0,0,2,0,0,0,0,0,2,11,0,0,0,0,0,0,0,0,0,0,0,0,0,0,0,2,0,0,0,0,0,2
allenai/Olmo-3-7B-Instruct-DPO,f11_class,POLE,40,0,0,0,0,0,0,0,0,0,0,0,0,0,0,0,3,0,0,0,0,0,3,21,0,0,0,0,0,0,0,0,0,0,0,0,0,0,0,2,0,0,0,0,0,2
allenai/Olmo-3-7B-Instruct-DPO,f11_create,BOTH,20,0,0,0,1,0,0,0,0,0,0,0,0,0,0,0,0,0,0,0,0,1,0,12,0,0,0,1,0,0,0,0,0,0,0,0,0,0,0,0,0,0,0,0,1,0
allenai/Olmo-3-7B-Instruct-DPO,f11_create,POLE,40,0,0,0,0,0,0,0,0,0,0,0,0,0,0,0,1,0,0,0,0,0,1,19,0,0,0,0,0,0,0,0,0,0,0,0,0,0,0,0,0,0,0,0,0,0
allenai/Olmo-3-7B-Instruct-DPO,f11_desire,BOTH,20,0,0,1,0,0,0,0,0,0,0,0,0,0,0,0,1,0,0,0,0,1,1,11,0,0,0,0,0,0,0,0,0,0,0,0,0,0,0,1,0,0,0,0,0,1
allenai/Olmo-3-7B-Instruct-DPO,f11_desire,POLE,40,0,0,0,0,0,0,0,0,0,0,0,0,0,0,0,1,0,0,0,0,0,1,22,0,0,0,0,0,0,0,0,0,0,0,0,0,0,0,0,0,0,0,0,0,0
allenai/Olmo-3-7B-Instruct-DPO,f11_faithful,BOTH,20,0,0,1,0,0,0,0,0,0,0,0,0,0,0,0,0,0,0,0,0,1,0,8,0,0,0,0,0,0,0,0,0,0,0,0,0,0,0,0,0,0,0,0,0,0
allenai/Olmo-3-7B-Instruct-DPO,f11_faithful,POLE,40,0,0,0,0,0,0,0,0,0,0,0,0,0,0,0,3,0,0,0,0,0,3,22,0,0,0,0,0,0,0,0,0,0,0,0,0,0,0,2,0,0,0,0,0,2
allenai/Olmo-3-7B-Instruct-DPO,f11_gender,POLE,40,0,0,0,0,0,0,0,0,0,0,0,0,0,0,0,4,0,0,1,0,0,5,28,0,0,0,0,0,0,0,0,0,0,0,0,0,0,0,2,0,0,1,0,0,3
allenai/Olmo-3-7B-Instruct-DPO,f11_gender_he,BOTH,20,0,0,0,0,0,0,0,0,0,0,0,0,0,0,0,1,0,0,0,0,0,1,5,0,0,0,0,0,0,0,0,0,0,0,0,0,0,0,1,0,0,0,0,0,1
allenai/Olmo-3-7B-Instruct-DPO,f11_gender_he,POLE,40,0,0,3,1,1,0,0,0,0,0,0,0,0,0,0,1,0,0,0,0,4,1,10,0,0,1,0,1,0,0,0,0,0,0,0,0,0,0,1,0,0,0,0,2,1
allenai/Olmo-3-7B-Instruct-DPO,f11_gender_she,BOTH,20,0,0,1,0,0,0,0,0,0,0,0,0,0,0,0,1,0,0,0,0,1,1,2,0,0,0,0,0,0,0,0,0,0,0,0,0,0,0,0,0,0,0,0,0,0
allenai/Olmo-3-7B-Instruct-DPO,f11_gender_she,POLE,40,0,0,0,0,0,0,0,0,0,0,0,0,0,0,0,3,0,0,0,0,0,3,13,0,0,0,0,0,0,0,0,0,0,0,0,0,0,0,3,0,0,0,0,0,3
allenai/Olmo-3-7B-Instruct-DPO,f11_guilt,BOTH,20,0,0,0,0,0,0,0,0,0,0,0,0,0,0,0,1,0,0,1,0,0,2,12,0,0,0,0,0,0,0,0,0,0,0,0,0,0,0,1,0,0,0,0,0,1
allenai/Olmo-3-7B-Instruct-DPO,f11_guilt,POLE,40,0,0,0,0,0,0,0,0,0,1,0,0,0,0,0,2,0,0,2,0,1,4,23,0,0,0,0,0,0,0,0,0,0,0,0,0,0,0,1,0,0,1,0,0,2
allenai/Olmo-3-7B-Instruct-DPO,f11_holy,POLE,40,0,0,0,0,1,0,0,0,0,0,0,0,0,0,0,1,0,0,0,0,1,1,30,0,0,0,0,0,0,0,0,0,0,0,0,0,0,0,0,0,0,0,0,0,0
allenai/Olmo-3-7B-Instruct-DPO,f11_holy_b,BOTH,20,0,0,0,0,0,0,0,0,0,0,0,0,0,0,0,0,0,0,0,0,0,0,16,0,0,0,0,0,0,0,0,0,0,0,0,0,0,0,0,0,0,0,0,0,0
allenai/Olmo-3-7B-Instruct-DPO,f11_holy_b,POLE,40,0,0,0,0,0,0,0,0,0,0,0,0,0,0,0,3,0,0,0,0,0,3,28,0,0,0,0,0,0,0,0,0,0,0,0,0,0,0,2,0,0,0,0,0,2
allenai/Olmo-3-7B-Instruct-DPO,f11_love,BOTH,20,0,0,2,0,0,0,0,0,0,1,0,0,0,0,0,0,0,0,0,0,3,0,13,0,0,1,0,0,0,0,0,0,1,0,0,0,0,0,0,0,0,0,0,2,0
allenai/Olmo-3-7B-Instruct-DPO,f11_love,POLE,40,0,0,0,0,0,0,0,0,0,0,0,0,0,0,0,4,0,0,0,0,0,4,26,0,0,0,0,0,0,0,0,0,0,0,0,0,0,0,2,0,0,0,0,0,2
allenai/Olmo-3-7B-Instruct-DPO,f11_love_he,BOTH,20,0,0,2,0,0,0,0,0,0,0,0,0,0,0,0,2,0,0,0,0,2,2,13,0,0,2,0,0,0,0,0,0,0,0,0,0,0,0,1,0,0,0,0,2,1
allenai/Olmo-3-7B-Instruct-DPO,f11_love_he,POLE,40,0,0,0,0,0,0,0,0,0,0,0,0,0,0,0,0,0,0,0,0,0,0,25,0,0,0,0,0,0,0,0,0,0,0,0,0,0,0,0,0,0,0,0,0,0
allenai/Olmo-3-7B-Instruct-DPO,f11_loyal,BOTH,20,0,1,0,0,0,0,0,0,0,0,0,0,0,0,0,0,0,0,0,0,1,0,5,0,0,0,0,0,0,0,0,0,0,0,0,0,0,0,0,0,0,0,0,0,0
allenai/Olmo-3-7B-Instruct-DPO,f11_loyal,POLE,40,0,3,0,0,0,0,0,0,0,0,0,0,0,0,0,1,0,0,0,0,3,1,13,0,1,0,0,0,0,0,0,0,0,0,0,0,0,0,0,0,0,0,0,1,0
allenai/Olmo-3-7B-Instruct-DPO,f11_parent,BOTH,20,0,0,0,0,0,0,0,0,0,0,0,0,0,0,0,0,0,0,0,0,0,0,10,0,0,0,0,0,0,0,0,0,0,0,0,0,0,0,0,0,0,0,0,0,0
allenai/Olmo-3-7B-Instruct-DPO,f11_parent,POLE,40,0,0,1,0,0,0,0,0,0,0,0,0,0,0,0,2,0,0,0,0,1,2,31,0,0,0,0,0,0,0,0,0,0,0,0,0,0,0,2,0,0,0,0,0,2
allenai/Olmo-3-7B-Instruct-DPO,f11_reason,BOTH,20,1,0,0,0,0,1,0,0,0,0,0,0,0,0,0,0,0,0,0,0,2,0,13,1,0,0,0,0,1,0,0,0,0,0,0,0,0,0,0,0,0,0,0,2,0
allenai/Olmo-3-7B-Instruct-DPO,f11_reason,POLE,40,0,1,0,0,0,0,0,0,0,0,0,0,0,0,0,1,0,0,0,0,1,1,18,0,0,0,0,0,0,0,0,0,0,0,0,0,0,0,0,0,0,0,0,0,0
allenai/Olmo-3-7B-Instruct-DPO,f11_sensation,BOTH,20,0,0,0,0,0,0,0,0,0,0,0,0,0,0,0,1,0,0,0,0,0,1,19,0,0,0,0,0,0,0,0,0,0,0,0,0,0,0,1,0,0,0,0,0,1
allenai/Olmo-3-7B-Instruct-DPO,f11_sensation,POLE,40,0,0,0,0,0,0,0,0,0,0,0,0,0,0,0,1,0,0,0,0,0,1,32,0,0,0,0,0,0,0,0,0,0,0,0,0,0,0,0,0,0,0,0,0,0
allenai/Olmo-3-7B-Instruct-DPO,f11_species,BOTH,20,0,0,0,0,0,0,0,0,0,0,0,0,0,0,0,0,0,0,0,0,0,0,17,0,0,0,0,0,0,0,0,0,0,0,0,0,0,0,0,0,0,0,0,0,0
allenai/Olmo-3-7B-Instruct-DPO,f11_species,POLE,40,0,0,0,0,0,0,0,0,0,0,0,0,0,0,0,2,0,0,0,0,0,2,32,0,0,0,0,0,0,0,0,0,0,0,0,0,0,0,1,0,0,0,0,0,1
allenai/Olmo-3-7B-Instruct-DPO,f11_trust,BOTH,20,0,1,0,0,0,0,0,0,0,0,0,0,0,0,0,1,0,0,0,0,1,1,11,0,0,0,0,0,0,0,0,0,0,0,0,0,0,0,1,0,0,0,0,0,1
allenai/Olmo-3-7B-Instruct-DPO,f11_trust,POLE,40,0,0,0,0,0,0,0,0,0,0,0,0,0,0,0,2,0,0,0,0,0,2,20,0,0,0,0,0,0,0,0,0,0,0,0,0,0,0,0,0,0,0,0,0,0
bigscience/bloom-7b1,f11_beauty,BOTH,20,0,0,0,0,0,0,0,0,0,0,0,0,0,0,0,0,0,0,1,0,0,1,19,0,0,0,0,0,0,0,0,0,0,0,0,0,0,0,0,0,0,1,0,0,1
bigscience/bloom-7b1,f11_beauty,POLE,40,0,0,0,0,0,0,0,0,0,0,0,0,0,0,0,3,0,0,0,0,0,3,37,0,0,0,0,0,0,0,0,0,0,0,0,0,0,0,3,0,0,0,0,0,3
bigscience/bloom-7b1,f11_beauty_ugly,BOTH,20,0,0,0,0,0,0,0,0,0,0,0,0,0,0,0,0,0,0,0,0,0,0,19,0,0,0,0,0,0,0,0,0,0,0,0,0,0,0,0,0,0,0,0,0,0
bigscience/bloom-7b1,f11_beauty_ugly,POLE,20,0,0,0,0,0,0,0,0,0,0,0,0,0,0,0,0,0,0,0,0,0,0,19,0,0,0,0,0,0,0,0,0,0,0,0,0,0,0,0,0,0,0,0,0,0
bigscience/bloom-7b1,f11_captive,BOTH,20,0,0,1,0,0,0,0,0,0,0,0,0,0,0,0,1,0,0,0,0,1,1,16,0,0,1,0,0,0,0,0,0,0,0,0,0,0,0,1,0,0,0,0,1,1
bigscience/bloom-7b1,f11_captive,POLE,40,0,0,0,0,0,0,0,0,0,0,0,0,0,0,0,0,0,1,1,0,0,2,33,0,0,0,0,0,0,0,0,0,0,0,0,0,0,0,0,0,1,0,0,0,1
bigscience/bloom-7b1,f11_captive_b,BOTH,20,0,1,0,0,0,0,0,0,0,0,0,0,0,0,0,2,0,0,0,0,1,2,17,0,0,0,0,0,0,0,0,0,0,0,0,0,0,0,2,0,0,0,0,0,2
bigscience/bloom-7b1,f11_captive_b,POLE,40,0,0,0,0,0,0,0,0,0,0,0,0,0,0,0,0,0,0,0,0,0,0,32,0,0,0,0,0,0,0,0,0,0,0,0,0,0,0,0,0,0,0,0,0,0
bigscience/bloom-7b1,f11_class,BOTH,20,0,0,0,0,0,0,0,0,0,0,0,0,0,0,0,2,0,0,0,0,0,2,18,0,0,0,0,0,0,0,0,0,0,0,0,0,0,0,2,0,0,0,0,0,2
bigscience/bloom-7b1,f11_class,POLE,40,0,0,0,0,0,0,0,0,0,0,0,0,0,0,0,3,0,0,0,0,0,3,32,0,0,0,0,0,0,0,0,0,0,0,0,0,0,0,2,0,0,0,0,0,2
bigscience/bloom-7b1,f11_create,BOTH,20,0,0,0,0,0,0,0,0,0,0,0,0,0,0,0,0,0,0,0,0,0,0,14,0,0,0,0,0,0,0,0,0,0,0,0,0,0,0,0,0,0,0,0,0,0
bigscience/bloom-7b1,f11_create,POLE,40,0,0,0,0,0,0,0,0,0,0,0,0,0,0,0,1,0,0,0,0,0,1,33,0,0,0,0,0,0,0,0,0,0,0,0,0,0,0,1,0,0,0,0,0,1
bigscience/bloom-7b1,f11_desire,BOTH,20,0,0,1,0,0,0,0,0,0,0,0,0,0,0,0,1,0,0,0,0,1,1,13,0,0,0,0,0,0,0,0,0,0,0,0,0,0,0,0,0,0,0,0,0,0
bigscience/bloom-7b1,f11_desire,POLE,40,0,2,0,0,0,0,0,0,0,0,0,0,0,0,0,4,0,0,0,0,2,4,37,0,2,0,0,0,0,0,0,0,0,0,0,0,0,0,4,0,0,0,0,2,4
bigscience/bloom-7b1,f11_faithful,BOTH,20,0,0,0,0,0,0,0,0,0,0,0,0,0,0,0,0,0,0,0,0,0,0,17,0,0,0,0,0,0,0,0,0,0,0,0,0,0,0,0,0,0,0,0,0,0
bigscience/bloom-7b1,f11_faithful,POLE,40,0,0,0,0,0,0,0,0,0,0,0,0,0,0,0,0,0,0,1,0,0,1,34,0,0,0,0,0,0,0,0,0,0,0,0,0,0,0,0,0,0,1,0,0,1
bigscience/bloom-7b1,f11_gender,POLE,40,0,0,0,0,0,0,0,0,0,0,0,0,0,0,0,1,0,0,0,0,0,1,32,0,0,0,0,0,0,0,0,0,0,0,0,0,0,0,1,0,0,0,0,0,1
bigscience/bloom-7b1,f11_gender_he,BOTH,20,0,0,0,0,0,0,0,0,0,0,0,0,0,0,0,0,0,0,0,0,0,0,17,0,0,0,0,0,0,0,0,0,0,0,0,0,0,0,0,0,0,0,0,0,0
bigscience/bloom-7b1,f11_gender_he,POLE,40,0,0,0,0,0,0,1,0,0,0,0,0,0,0,0,1,0,0,0,0,1,1,38,0,0,0,0,0,0,1,0,0,0,0,0,0,0,0,1,0,0,0,0,1,1
bigscience/bloom-7b1,f11_gender_she,BOTH,20,0,0,0,0,0,0,0,0,0,0,0,0,0,0,0,2,0,0,0,0,0,2,16,0,0,0,0,0,0,0,0,0,0,0,0,0,0,0,2,0,0,0,0,0,2
bigscience/bloom-7b1,f11_gender_she,POLE,40,0,0,0,0,0,0,0,0,0,0,0,0,0,0,0,2,0,2,0,0,0,4,38,0,0,0,0,0,0,0,0,0,0,0,0,0,0,0,2,0,2,0,0,0,4
bigscience/bloom-7b1,f11_guilt,BOTH,20,0,0,0,0,0,0,0,0,0,0,0,0,0,0,0,0,0,0,2,0,0,2,17,0,0,0,0,0,0,0,0,0,0,0,0,0,0,0,0,0,0,2,0,0,2
bigscience/bloom-7b1,f11_guilt,POLE,40,0,0,0,0,0,0,0,0,0,0,0,0,0,0,0,0,0,0,1,0,0,1,36,0,0,0,0,0,0,0,0,0,0,0,0,0,0,0,0,0,0,1,0,0,1
bigscience/bloom-7b1,f11_holy,POLE,40,0,0,0,0,0,0,0,0,0,0,0,0,0,0,0,0,0,0,1,0,0,1,38,0,0,0,0,0,0,0,0,0,0,0,0,0,0,0,0,0,0,1,0,0,1
bigscience/bloom-7b1,f11_holy_b,BOTH,20,0,0,0,0,0,0,0,0,0,0,0,0,0,0,0,1,0,0,0,0,0,1,18,0,0,0,0,0,0,0,0,0,0,0,0,0,0,0,1,0,0,0,0,0,1
bigscience/bloom-7b1,f11_holy_b,POLE,40,0,0,0,0,0,0,0,0,0,0,0,0,0,0,0,0,0,0,0,0,0,0,35,0,0,0,0,0,0,0,0,0,0,0,0,0,0,0,0,0,0,0,0,0,0
bigscience/bloom-7b1,f11_love,BOTH,20,0,0,1,0,0,0,0,0,0,0,0,0,0,0,0,0,0,0,0,0,1,0,18,0,0,0,0,0,0,0,0,0,0,0,0,0,0,0,0,0,0,0,0,0,0
bigscience/bloom-7b1,f11_love,POLE,40,0,0,0,0,0,0,0,0,0,0,0,0,0,0,0,2,0,1,0,0,0,3,35,0,0,0,0,0,0,0,0,0,0,0,0,0,0,0,1,0,1,0,0,0,2
bigscience/bloom-7b1,f11_love_he,BOTH,20,0,0,0,0,0,0,0,0,0,0,0,0,0,0,0,0,0,0,0,0,0,0,18,0,0,0,0,0,0,0,0,0,0,0,0,0,0,0,0,0,0,0,0,0,0
bigscience/bloom-7b1,f11_love_he,POLE,40,0,0,0,0,0,0,0,0,0,0,0,0,0,0,0,0,0,0,0,0,0,0,37,0,0,0,0,0,0,0,0,0,0,0,0,0,0,0,0,0,0,0,0,0,0
bigscience/bloom-7b1,f11_loyal,BOTH,20,0,1,0,0,0,0,0,0,0,0,0,0,0,0,0,0,0,0,0,0,1,0,14,0,1,0,0,0,0,0,0,0,0,0,0,0,0,0,0,0,0,0,0,1,0
bigscience/bloom-7b1,f11_loyal,POLE,40,0,0,0,0,0,0,0,0,0,0,0,0,0,0,0,0,0,0,1,0,0,1,30,0,0,0,0,0,0,0,0,0,0,0,0,0,0,0,0,0,0,1,0,0,1
bigscience/bloom-7b1,f11_parent,BOTH,20,0,0,0,0,0,0,0,0,0,0,0,0,0,0,0,2,0,0,0,0,0,2,15,0,0,0,0,0,0,0,0,0,0,0,0,0,0,0,0,0,0,0,0,0,0
bigscience/bloom-7b1,f11_parent,POLE,40,0,0,0,0,0,0,0,0,0,0,0,0,0,0,0,3,0,0,0,1,0,4,35,0,0,0,0,0,0,0,0,0,0,0,0,0,0,0,3,0,0,0,1,0,4
bigscience/bloom-7b1,f11_reason,BOTH,20,0,0,1,0,0,0,0,0,0,0,0,0,0,0,0,0,0,0,0,0,1,0,17,0,0,1,0,0,0,0,0,0,0,0,0,0,0,0,0,0,0,0,0,1,0
bigscience/bloom-7b1,f11_reason,POLE,40,0,1,0,0,0,0,0,0,0,0,0,0,0,0,0,3,0,0,0,0,1,3,26,0,1,0,0,0,0,0,0,0,0,0,0,0,0,0,2,0,0,0,0,1,2
bigscience/bloom-7b1,f11_sensation,BOTH,20,0,0,0,0,0,0,0,0,0,0,0,0,0,0,0,0,0,0,0,0,0,0,19,0,0,0,0,0,0,0,0,0,0,0,0,0,0,0,0,0,0,0,0,0,0
bigscience/bloom-7b1,f11_sensation,POLE,40,0,0,0,0,0,0,0,0,0,0,0,0,0,0,0,0,0,0,1,0,0,1,36,0,0,0,0,0,0,0,0,0,0,0,0,0,0,0,0,0,0,1,0,0,1
bigscience/bloom-7b1,f11_species,BOTH,20,0,0,0,0,0,0,0,0,0,0,0,0,0,0,0,0,0,0,0,0,0,0,17,0,0,0,0,0,0,0,0,0,0,0,0,0,0,0,0,0,0,0,0,0,0
bigscience/bloom-7b1,f11_species,POLE,40,1,0,0,1,0,0,0,0,0,0,0,0,0,0,0,0,0,0,0,0,2,0,39,1,0,0,1,0,0,0,0,0,0,0,0,0,0,0,0,0,0,0,0,2,0
bigscience/bloom-7b1,f11_trust,BOTH,20,0,0,0,0,0,0,0,0,0,0,0,0,0,0,0,1,0,0,0,0,0,1,17,0,0,0,0,0,0,0,0,0,0,0,0,0,0,0,0,0,0,0,0,0,0
bigscience/bloom-7b1,f11_trust,POLE,40,0,0,0,0,0,0,0,0,0,0,0,0,0,0,0,1,0,0,0,0,0,1,38,0,0,0,0,0,0,0,0,0,0,0,0,0,0,0,1,0,0,0,0,0,1
bigscience/bloomz-7b1,f11_beauty,BOTH,20,0,0,0,0,0,0,0,0,0,0,0,0,0,0,0,0,0,0,0,0,0,0,19,0,0,0,0,0,0,0,0,0,0,0,0,0,0,0,0,0,0,0,0,0,0
bigscience/bloomz-7b1,f11_beauty,POLE,40,0,0,0,0,0,0,0,0,0,0,0,0,0,0,0,0,0,0,0,0,0,0,40,0,0,0,0,0,0,0,0,0,0,0,0,0,0,0,0,0,0,0,0,0,0
bigscience/bloomz-7b1,f11_beauty_ugly,BOTH,20,0,0,1,0,0,0,0,0,0,0,0,0,0,0,0,0,0,0,0,0,1,0,19,0,0,1,0,0,0,0,0,0,0,0,0,0,0,0,0,0,0,0,0,1,0
bigscience/bloomz-7b1,f11_beauty_ugly,POLE,20,0,0,0,0,0,0,0,0,0,0,0,0,0,0,0,0,0,0,0,0,0,0,20,0,0,0,0,0,0,0,0,0,0,0,0,0,0,0,0,0,0,0,0,0,0
bigscience/bloomz-7b1,f11_captive,BOTH,20,0,0,0,0,0,0,0,0,0,0,0,0,0,0,0,0,0,0,0,0,0,0,20,0,0,0,0,0,0,0,0,0,0,0,0,0,0,0,0,0,0,0,0,0,0
bigscience/bloomz-7b1,f11_captive,POLE,40,0,0,0,0,0,0,0,0,0,0,0,0,0,0,0,0,0,0,0,0,0,0,38,0,0,0,0,0,0,0,0,0,0,0,0,0,0,0,0,0,0,0,0,0,0
bigscience/bloomz-7b1,f11_captive_b,BOTH,20,0,0,0,0,0,0,0,0,0,0,0,0,0,0,0,0,0,0,0,0,0,0,20,0,0,0,0,0,0,0,0,0,0,0,0,0,0,0,0,0,0,0,0,0,0
bigscience/bloomz-7b1,f11_captive_b,POLE,40,0,0,0,0,0,0,0,0,0,0,0,0,0,0,0,0,0,0,0,0,0,0,39,0,0,0,0,0,0,0,0,0,0,0,0,0,0,0,0,0,0,0,0,0,0
bigscience/bloomz-7b1,f11_class,BOTH,20,1,0,0,0,0,0,0,0,0,0,0,0,0,0,0,0,0,0,0,0,1,0,20,1,0,0,0,0,0,0,0,0,0,0,0,0,0,0,0,0,0,0,0,1,0
bigscience/bloomz-7b1,f11_class,POLE,40,0,0,0,0,0,0,0,0,0,0,0,0,0,0,0,0,0,0,0,0,0,0,40,0,0,0,0,0,0,0,0,0,0,0,0,0,0,0,0,0,0,0,0,0,0
bigscience/bloomz-7b1,f11_create,BOTH,20,0,0,0,0,0,0,0,0,0,0,0,0,0,0,0,0,0,0,0,0,0,0,18,0,0,0,0,0,0,0,0,0,0,0,0,0,0,0,0,0,0,0,0,0,0
bigscience/bloomz-7b1,f11_create,POLE,40,0,0,0,0,0,0,0,0,0,0,0,0,0,0,0,0,0,0,0,0,0,0,39,0,0,0,0,0,0,0,0,0,0,0,0,0,0,0,0,0,0,0,0,0,0
bigscience/bloomz-7b1,f11_desire,BOTH,20,0,1,0,0,0,0,0,0,0,0,0,0,0,0,0,0,0,0,0,0,1,0,19,0,1,0,0,0,0,0,0,0,0,0,0,0,0,0,0,0,0,0,0,1,0
bigscience/bloomz-7b1,f11_desire,POLE,40,0,0,0,0,0,0,0,0,0,0,0,0,0,0,0,1,0,0,0,0,0,1,39,0,0,0,0,0,0,0,0,0,0,0,0,0,0,0,1,0,0,0,0,0,1
bigscience/bloomz-7b1,f11_faithful,BOTH,20,0,0,0,0,0,0,0,0,0,0,0,0,0,0,0,0,0,0,0,0,0,0,20,0,0,0,0,0,0,0,0,0,0,0,0,0,0,0,0,0,0,0,0,0,0
bigscience/bloomz-7b1,f11_faithful,POLE,40,0,0,1,0,0,0,0,0,0,0,0,0,0,0,0,0,0,0,0,0,1,0,38,0,0,1,0,0,0,0,0,0,0,0,0,0,0,0,0,0,0,0,0,1,0
bigscience/bloomz-7b1,f11_gender,POLE,40,0,0,0,0,0,0,0,0,0,0,0,0,0,0,0,0,0,0,0,0,0,0,38,0,0,0,0,0,0,0,0,0,0,0,0,0,0,0,0,0,0,0,0,0,0
bigscience/bloomz-7b1,f11_gender_he,BOTH,20,0,0,0,0,0,0,0,0,0,0,0,0,0,0,0,0,0,0,0,0,0,0,20,0,0,0,0,0,0,0,0,0,0,0,0,0,0,0,0,0,0,0,0,0,0
bigscience/bloomz-7b1,f11_gender_he,POLE,40,0,0,0,0,0,0,0,0,0,0,0,0,0,0,0,0,0,0,0,0,0,0,40,0,0,0,0,0,0,0,0,0,0,0,0,0,0,0,0,0,0,0,0,0,0
bigscience/bloomz-7b1,f11_gender_she,BOTH,20,0,0,0,0,0,0,0,0,0,0,0,0,0,0,0,0,0,0,0,0,0,0,20,0,0,0,0,0,0,0,0,0,0,0,0,0,0,0,0,0,0,0,0,0,0
bigscience/bloomz-7b1,f11_gender_she,POLE,40,0,0,0,0,0,0,0,0,0,0,0,0,0,0,0,0,0,0,0,0,0,0,39,0,0,0,0,0,0,0,0,0,0,0,0,0,0,0,0,0,0,0,0,0,0
bigscience/bloomz-7b1,f11_guilt,BOTH,20,0,0,0,0,0,0,0,0,0,0,0,0,0,0,0,0,0,0,1,0,0,1,19,0,0,0,0,0,0,0,0,0,0,0,0,0,0,0,0,0,0,1,0,0,1
bigscience/bloomz-7b1,f11_guilt,POLE,40,0,0,0,0,0,0,0,0,0,0,0,0,0,0,0,0,0,0,0,0,0,0,38,0,0,0,0,0,0,0,0,0,0,0,0,0,0,0,0,0,0,0,0,0,0
bigscience/bloomz-7b1,f11_holy,POLE,40,0,0,0,0,0,0,0,0,0,0,0,0,0,0,0,0,0,0,0,0,0,0,39,0,0,0,0,0,0,0,0,0,0,0,0,0,0,0,0,0,0,0,0,0,0
bigscience/bloomz-7b1,f11_holy_b,BOTH,20,0,0,0,0,0,0,0,0,0,0,0,0,0,0,0,0,0,0,0,0,0,0,20,0,0,0,0,0,0,0,0,0,0,0,0,0,0,0,0,0,0,0,0,0,0
bigscience/bloomz-7b1,f11_holy_b,POLE,40,0,0,0,0,0,0,0,0,0,0,0,0,0,0,0,0,0,0,0,0,0,0,40,0,0,0,0,0,0,0,0,0,0,0,0,0,0,0,0,0,0,0,0,0,0
bigscience/bloomz-7b1,f11_love,BOTH,20,0,0,1,0,0,0,0,0,0,0,0,0,0,0,0,0,0,0,0,0,1,0,20,0,0,1,0,0,0,0,0,0,0,0,0,0,0,0,0,0,0,0,0,1,0
bigscience/bloomz-7b1,f11_love,POLE,40,0,0,0,0,0,0,0,0,0,0,0,0,0,0,0,0,0,0,0,0,0,0,39,0,0,0,0,0,0,0,0,0,0,0,0,0,0,0,0,0,0,0,0,0,0
bigscience/bloomz-7b1,f11_love_he,BOTH,20,0,0,0,0,0,0,0,0,0,0,0,0,0,0,0,0,0,0,0,0,0,0,20,0,0,0,0,0,0,0,0,0,0,0,0,0,0,0,0,0,0,0,0,0,0
bigscience/bloomz-7b1,f11_love_he,POLE,40,0,0,0,0,0,0,0,0,0,0,0,0,0,0,0,0,0,0,0,1,0,1,39,0,0,0,0,0,0,0,0,0,0,0,0,0,0,0,0,0,0,0,1,0,1
bigscience/bloomz-7b1,f11_loyal,BOTH,20,0,0,0,0,0,0,0,0,0,0,0,0,0,0,0,0,0,0,0,0,0,0,16,0,0,0,0,0,0,0,0,0,0,0,0,0,0,0,0,0,0,0,0,0,0
bigscience/bloomz-7b1,f11_loyal,POLE,40,0,0,0,0,0,0,0,0,0,0,0,0,0,0,0,0,0,0,0,0,0,0,37,0,0,0,0,0,0,0,0,0,0,0,0,0,0,0,0,0,0,0,0,0,0
bigscience/bloomz-7b1,f11_parent,BOTH,20,0,0,0,0,0,0,0,0,0,0,0,0,0,0,0,0,0,0,0,0,0,0,17,0,0,0,0,0,0,0,0,0,0,0,0,0,0,0,0,0,0,0,0,0,0
bigscience/bloomz-7b1,f11_parent,POLE,40,0,0,0,0,0,0,0,0,0,0,0,0,0,0,0,0,0,0,0,0,0,0,39,0,0,0,0,0,0,0,0,0,0,0,0,0,0,0,0,0,0,0,0,0,0
bigscience/bloomz-7b1,f11_reason,BOTH,20,0,1,0,0,0,0,0,0,0,0,0,0,0,0,0,0,0,0,0,0,1,0,18,0,0,0,0,0,0,0,0,0,0,0,0,0,0,0,0,0,0,0,0,0,0
bigscience/bloomz-7b1,f11_reason,POLE,40,0,0,0,0,0,0,0,0,0,0,0,0,0,0,0,1,0,0,0,0,0,1,38,0,0,0,0,0,0,0,0,0,0,0,0,0,0,0,1,0,0,0,0,0,1
bigscience/bloomz-7b1,f11_sensation,BOTH,20,0,0,0,0,0,0,0,0,0,0,0,0,0,0,0,1,0,0,0,0,0,1,20,0,0,0,0,0,0,0,0,0,0,0,0,0,0,0,1,0,0,0,0,0,1
bigscience/bloomz-7b1,f11_sensation,POLE,40,0,0,0,0,0,0,0,0,0,0,0,0,0,0,0,1,0,0,0,0,0,1,39,0,0,0,0,0,0,0,0,0,0,0,0,0,0,0,1,0,0,0,0,0,1
bigscience/bloomz-7b1,f11_species,BOTH,20,0,0,0,0,0,0,0,0,0,0,0,0,0,0,0,1,0,0,0,0,0,1,20,0,0,0,0,0,0,0,0,0,0,0,0,0,0,0,1,0,0,0,0,0,1
bigscience/bloomz-7b1,f11_species,POLE,40,0,0,0,0,0,0,0,0,0,0,0,0,0,0,0,0,0,0,0,0,0,0,40,0,0,0,0,0,0,0,0,0,0,0,0,0,0,0,0,0,0,0,0,0,0
bigscience/bloomz-7b1,f11_trust,BOTH,20,0,0,0,0,0,0,0,0,0,0,0,0,0,0,0,0,0,0,0,0,0,0,19,0,0,0,0,0,0,0,0,0,0,0,0,0,0,0,0,0,0,0,0,0,0
bigscience/bloomz-7b1,f11_trust,POLE,40,0,0,0,0,0,0,0,0,0,0,0,0,0,0,0,0,0,0,0,0,0,0,38,0,0,0,0,0,0,0,0,0,0,0,0,0,0,0,0,0,0,0,0,0,0
huggyllama/llama-7b,f11_beauty,BOTH,20,0,0,1,1,0,0,0,0,0,0,0,0,0,0,0,1,0,0,0,0,2,1,19,0,0,1,1,0,0,0,0,0,0,0,0,0,0,0,1,0,0,0,0,2,1
huggyllama/llama-7b,f11_beauty,POLE,40,0,0,0,0,0,0,0,0,0,0,0,0,0,0,0,0,0,0,0,0,0,0,36,0,0,0,0,0,0,0,0,0,0,0,0,0,0,0,0,0,0,0,0,0,0
huggyllama/llama-7b,f11_beauty_ugly,BOTH,20,0,0,0,0,0,0,0,0,0,0,0,0,0,0,0,0,0,0,0,0,0,0,17,0,0,0,0,0,0,0,0,0,0,0,0,0,0,0,0,0,0,0,0,0,0
huggyllama/llama-7b,f11_beauty_ugly,POLE,20,0,0,0,0,0,0,0,0,0,0,0,0,0,0,0,2,0,0,0,0,0,2,16,0,0,0,0,0,0,0,0,0,0,0,0,0,0,0,1,0,0,0,0,0,1
huggyllama/llama-7b,f11_captive,BOTH,20,0,0,0,0,0,0,0,0,0,0,0,0,0,0,0,1,0,1,0,0,0,2,13,0,0,0,0,0,0,0,0,0,0,0,0,0,0,0,1,0,1,0,0,0,2
huggyllama/llama-7b,f11_captive,POLE,40,0,0,1,0,0,0,0,0,0,0,0,0,0,0,0,1,0,0,1,0,1,2,32,0,0,1,0,0,0,0,0,0,0,0,0,0,0,0,0,0,0,1,0,1,1
huggyllama/llama-7b,f11_captive_b,BOTH,20,0,0,0,0,0,0,0,0,0,0,0,0,0,0,0,2,0,0,0,0,0,2,17,0,0,0,0,0,0,0,0,0,0,0,0,0,0,0,1,0,0,0,0,0,1
huggyllama/llama-7b,f11_captive_b,POLE,40,0,0,0,0,0,0,0,0,0,0,0,0,0,0,0,0,0,1,1,0,0,2,30,0,0,0,0,0,0,0,0,0,0,0,0,0,0,0,0,0,1,0,0,0,1
huggyllama/llama-7b,f11_class,BOTH,20,0,0,0,0,0,0,0,0,0,0,0,0,0,0,0,0,0,0,0,0,0,0,17,0,0,0,0,0,0,0,0,0,0,0,0,0,0,0,0,0,0,0,0,0,0
huggyllama/llama-7b,f11_class,POLE,40,0,0,1,0,0,0,0,0,0,0,0,0,0,0,0,1,0,0,0,0,1,1,33,0,0,1,0,0,0,0,0,0,0,0,0,0,0,0,1,0,0,0,0,1,1
huggyllama/llama-7b,f11_create,BOTH,20,0,0,1,0,0,0,0,0,0,0,0,0,0,0,0,0,0,0,0,0,1,0,17,0,0,1,0,0,0,0,0,0,0,0,0,0,0,0,0,0,0,0,0,1,0
huggyllama/llama-7b,f11_create,POLE,40,0,0,0,0,0,0,0,0,0,0,0,0,0,0,0,1,0,0,1,0,0,2,26,0,0,0,0,0,0,0,0,0,0,0,0,0,0,0,1,0,0,1,0,0,2
huggyllama/llama-7b,f11_desire,BOTH,20,0,0,0,0,0,0,0,0,0,0,0,0,0,0,0,0,0,0,1,0,0,1,17,0,0,0,0,0,0,0,0,0,0,0,0,0,0,0,0,0,0,1,0,0,1
huggyllama/llama-7b,f11_desire,POLE,40,0,0,0,0,0,0,0,0,0,0,0,0,0,0,0,3,0,0,0,0,0,3,36,0,0,0,0,0,0,0,0,0,0,0,0,0,0,0,3,0,0,0,0,0,3
huggyllama/llama-7b,f11_faithful,BOTH,20,0,0,0,0,0,0,0,0,0,0,0,0,0,0,0,0,0,0,0,0,0,0,18,0,0,0,0,0,0,0,0,0,0,0,0,0,0,0,0,0,0,0,0,0,0
huggyllama/llama-7b,f11_faithful,POLE,40,0,0,0,0,0,0,0,0,0,0,0,0,0,0,0,0,0,0,1,0,0,1,33,0,0,0,0,0,0,0,0,0,0,0,0,0,0,0,0,0,0,1,0,0,1
huggyllama/llama-7b,f11_gender,POLE,40,0,0,0,0,0,0,0,0,0,0,0,0,0,0,0,2,0,0,0,0,0,2,29,0,0,0,0,0,0,0,0,0,0,0,0,0,0,0,2,0,0,0,0,0,2
huggyllama/llama-7b,f11_gender_he,BOTH,20,0,0,0,0,0,0,0,0,0,0,0,0,0,0,0,0,0,0,0,0,0,0,17,0,0,0,0,0,0,0,0,0,0,0,0,0,0,0,0,0,0,0,0,0,0
huggyllama/llama-7b,f11_gender_he,POLE,40,0,0,0,0,0,0,0,0,0,0,0,0,0,0,0,4,0,0,0,0,0,4,33,0,0,0,0,0,0,0,0,0,0,0,0,0,0,0,3,0,0,0,0,0,3
huggyllama/llama-7b,f11_gender_she,BOTH,20,0,0,3,0,0,0,0,0,0,0,0,0,0,0,0,1,0,1,0,0,3,2,16,0,0,3,0,0,0,0,0,0,0,0,0,0,0,0,1,0,1,0,0,3,2
huggyllama/llama-7b,f11_gender_she,POLE,40,0,1,1,1,0,0,0,0,0,0,0,0,0,0,0,1,0,0,0,0,2,1,33,0,0,1,0,0,0,0,0,0,0,0,0,0,0,0,1,0,0,0,0,1,1
huggyllama/llama-7b,f11_guilt,BOTH,20,0,0,0,0,0,0,0,0,0,0,0,0,0,0,0,0,0,0,2,0,0,2,16,0,0,0,0,0,0,0,0,0,0,0,0,0,0,0,0,0,0,1,0,0,1
huggyllama/llama-7b,f11_guilt,POLE,40,0,0,0,0,0,0,0,0,0,0,0,0,0,0,0,4,0,0,7,0,0,11,33,0,0,0,0,0,0,0,0,0,0,0,0,0,0,0,4,0,0,7,0,0,11
huggyllama/llama-7b,f11_holy,POLE,40,0,0,0,0,0,0,0,0,0,0,0,0,0,0,0,1,0,1,0,0,0,1,33,0,0,0,0,0,0,0,0,0,0,0,0,0,0,0,0,0,0,0,0,0,0
huggyllama/llama-7b,f11_holy_b,BOTH,20,0,0,0,0,0,0,0,0,0,0,0,0,0,0,0,1,0,0,0,0,0,1,19,0,0,0,0,0,0,0,0,0,0,0,0,0,0,0,0,0,0,0,0,0,0
huggyllama/llama-7b,f11_holy_b,POLE,40,0,0,0,0,0,0,0,0,0,0,0,0,0,0,0,1,0,0,0,0,0,1,35,0,0,0,0,0,0,0,0,0,0,0,0,0,0,0,1,0,0,0,0,0,1
huggyllama/llama-7b,f11_love,BOTH,20,0,0,1,0,0,0,0,0,0,0,0,0,0,0,0,0,0,0,0,0,1,0,18,0,0,0,0,0,0,0,0,0,0,0,0,0,0,0,0,0,0,0,0,0,0
huggyllama/llama-7b,f11_love,POLE,40,0,0,0,0,0,0,0,0,0,0,0,0,0,0,0,1,0,0,0,1,0,2,32,0,0,0,0,0,0,0,0,0,0,0,0,0,0,0,1,0,0,0,0,0,1
huggyllama/llama-7b,f11_love_he,BOTH,20,0,0,0,0,0,0,0,0,0,0,0,0,0,0,0,1,0,0,0,0,0,1,19,0,0,0,0,0,0,0,0,0,0,0,0,0,0,0,1,0,0,0,0,0,1
huggyllama/llama-7b,f11_love_he,POLE,40,0,1,0,0,0,0,0,0,0,0,0,0,0,0,0,1,0,0,0,0,1,1,33,0,1,0,0,0,0,0,0,0,0,0,0,0,0,0,1,0,0,0,0,1,1
huggyllama/llama-7b,f11_loyal,BOTH,20,1,0,0,0,0,0,0,0,0,0,0,0,0,0,0,0,0,0,0,0,1,0,13,1,0,0,0,0,0,0,0,0,0,0,0,0,0,0,0,0,0,0,0,1,0
huggyllama/llama-7b,f11_loyal,POLE,40,0,0,0,0,0,0,0,0,0,0,0,0,0,0,0,1,0,0,0,0,0,1,30,0,0,0,0,0,0,0,0,0,0,0,0,0,0,0,0,0,0,0,0,0,0
huggyllama/llama-7b,f11_parent,BOTH,20,0,0,0,0,0,0,0,0,0,0,0,0,0,0,0,1,0,0,0,0,0,1,15,0,0,0,0,0,0,0,0,0,0,0,0,0,0,0,1,0,0,0,0,0,1
huggyllama/llama-7b,f11_parent,POLE,40,0,0,0,0,0,0,0,0,0,0,0,0,0,0,0,1,0,0,0,0,0,1,31,0,0,0,0,0,0,0,0,0,0,0,0,0,0,0,0,0,0,0,0,0,0
huggyllama/llama-7b,f11_reason,BOTH,20,0,0,0,0,0,0,0,0,0,0,0,0,0,0,0,1,0,0,0,0,0,1,15,0,0,0,0,0,0,0,0,0,0,0,0,0,0,0,1,0,0,0,0,0,1
huggyllama/llama-7b,f11_reason,POLE,40,0,0,1,0,0,0,0,0,0,0,0,0,0,0,0,2,0,0,0,0,1,2,25,0,0,1,0,0,0,0,0,0,0,0,0,0,0,0,0,0,0,0,0,1,0
huggyllama/llama-7b,f11_sensation,BOTH,20,0,0,0,0,0,0,0,0,0,0,0,0,0,0,0,0,0,0,0,0,0,0,19,0,0,0,0,0,0,0,0,0,0,0,0,0,0,0,0,0,0,0,0,0,0
huggyllama/llama-7b,f11_sensation,POLE,40,0,0,0,0,0,0,0,0,0,0,0,0,0,0,0,0,0,0,0,0,0,0,39,0,0,0,0,0,0,0,0,0,0,0,0,0,0,0,0,0,0,0,0,0,0
huggyllama/llama-7b,f11_species,BOTH,20,0,0,0,0,0,0,0,0,0,0,0,0,0,0,0,0,0,0,0,0,0,0,20,0,0,0,0,0,0,0,0,0,0,0,0,0,0,0,0,0,0,0,0,0,0
huggyllama/llama-7b,f11_species,POLE,40,0,0,0,0,0,0,0,0,0,0,0,0,0,0,0,1,0,1,0,0,0,2,38,0,0,0,0,0,0,0,0,0,0,0,0,0,0,0,1,0,1,0,0,0,2
huggyllama/llama-7b,f11_trust,BOTH,20,0,0,0,0,0,0,0,0,0,0,0,0,0,0,0,1,0,0,0,0,0,1,19,0,0,0,0,0,0,0,0,0,0,0,0,0,0,0,1,0,0,0,0,0,1
huggyllama/llama-7b,f11_trust,POLE,40,0,0,1,0,0,0,0,0,0,0,0,0,0,0,0,4,0,1,1,0,1,6,33,0,0,1,0,0,0,0,0,0,0,0,0,0,0,0,3,0,0,0,0,1,3
ibm-granite/granite-3.0-8b-base,f11_beauty,BOTH,20,0,0,0,0,0,0,0,0,0,0,0,0,0,0,0,0,0,1,0,0,0,1,19,0,0,0,0,0,0,0,0,0,0,0,0,0,0,0,0,0,1,0,0,0,1
ibm-granite/granite-3.0-8b-base,f11_beauty,POLE,40,0,0,0,0,0,0,0,0,0,0,0,0,0,0,0,1,0,0,0,0,0,1,39,0,0,0,0,0,0,0,0,0,0,0,0,0,0,0,1,0,0,0,0,0,1
ibm-granite/granite-3.0-8b-base,f11_beauty_ugly,BOTH,20,0,0,0,0,0,0,0,0,0,0,0,0,0,0,0,1,0,0,0,0,0,1,20,0,0,0,0,0,0,0,0,0,0,0,0,0,0,0,1,0,0,0,0,0,1
ibm-granite/granite-3.0-8b-base,f11_beauty_ugly,POLE,20,0,1,0,0,0,0,0,0,0,0,0,0,0,0,0,0,0,0,0,0,1,0,17,0,1,0,0,0,0,0,0,0,0,0,0,0,0,0,0,0,0,0,0,1,0
ibm-granite/granite-3.0-8b-base,f11_captive,BOTH,20,0,0,0,0,0,0,0,0,0,0,0,0,0,0,0,0,0,0,1,0,0,1,15,0,0,0,0,0,0,0,0,0,0,0,0,0,0,0,0,0,0,1,0,0,1
ibm-granite/granite-3.0-8b-base,f11_captive,POLE,40,0,0,0,0,0,0,0,0,0,0,0,0,0,0,0,2,0,1,0,0,0,3,28,0,0,0,0,0,0,0,0,0,0,0,0,0,0,0,2,0,1,0,0,0,3
ibm-granite/granite-3.0-8b-base,f11_captive_b,BOTH,20,0,0,0,0,0,0,0,0,0,1,0,0,0,0,0,3,0,0,1,0,1,4,18,0,0,0,0,0,0,0,0,0,0,0,0,0,0,0,2,0,0,1,0,0,3
ibm-granite/granite-3.0-8b-base,f11_captive_b,POLE,40,0,0,0,0,0,0,0,0,0,0,0,0,0,0,0,1,1,1,2,0,0,5,30,0,0,0,0,0,0,0,0,0,0,0,0,0,0,0,0,1,0,1,0,0,2
ibm-granite/granite-3.0-8b-base,f11_class,BOTH,20,0,0,0,0,0,0,0,0,0,0,0,0,1,0,0,0,0,0,0,0,1,0,19,0,0,0,0,0,0,0,0,0,0,0,0,1,0,0,0,0,0,0,0,1,0
ibm-granite/granite-3.0-8b-base,f11_class,POLE,40,0,0,2,0,0,0,0,0,0,0,0,0,0,0,0,1,0,0,2,0,2,3,30,0,0,1,0,0,0,0,0,0,0,0,0,0,0,0,0,0,0,1,0,1,1
ibm-granite/granite-3.0-8b-base,f11_create,BOTH,20,0,0,1,0,0,0,0,0,0,0,0,0,0,0,0,0,0,0,0,0,1,0,12,0,0,1,0,0,0,0,0,0,0,0,0,0,0,0,0,0,0,0,0,1,0
ibm-granite/granite-3.0-8b-base,f11_create,POLE,40,0,0,0,0,0,0,0,0,0,0,0,0,0,0,0,1,0,0,1,0,0,2,28,0,0,0,0,0,0,0,0,0,0,0,0,0,0,0,0,0,0,1,0,0,1
ibm-granite/granite-3.0-8b-base,f11_desire,BOTH,20,0,0,1,0,0,0,0,0,0,0,0,0,0,0,0,1,0,1,0,0,1,2,20,0,0,1,0,0,0,0,0,0,0,0,0,0,0,0,1,0,1,0,0,1,2
ibm-granite/granite-3.0-8b-base,f11_desire,POLE,40,0,0,1,0,0,0,0,0,0,0,0,0,0,0,0,0,0,0,1,0,1,1,32,0,0,1,0,0,0,0,0,0,0,0,0,0,0,0,0,0,0,1,0,1,1
ibm-granite/granite-3.0-8b-base,f11_faithful,BOTH,20,0,1,0,0,0,0,0,0,0,0,0,0,0,0,0,0,0,0,0,0,1,0,15,0,1,0,0,0,0,0,0,0,0,0,0,0,0,0,0,0,0,0,0,1,0
ibm-granite/granite-3.0-8b-base,f11_faithful,POLE,40,0,0,0,0,0,0,0,0,0,0,0,0,0,0,0,2,0,0,0,0,0,2,33,0,0,0,0,0,0,0,0,0,0,0,0,0,0,0,1,0,0,0,0,0,1
ibm-granite/granite-3.0-8b-base,f11_gender,POLE,40,0,0,0,0,0,0,0,0,0,0,0,0,0,0,0,4,0,0,0,0,0,4,26,0,0,0,0,0,0,0,0,0,0,0,0,0,0,0,4,0,0,0,0,0,4
ibm-granite/granite-3.0-8b-base,f11_gender_he,BOTH,20,0,0,0,0,0,0,0,0,0,0,0,0,0,0,0,0,0,0,0,0,0,0,15,0,0,0,0,0,0,0,0,0,0,0,0,0,0,0,0,0,0,0,0,0,0
ibm-granite/granite-3.0-8b-base,f11_gender_he,POLE,40,0,0,0,0,0,0,0,0,0,0,0,0,0,0,0,1,0,0,0,0,0,1,33,0,0,0,0,0,0,0,0,0,0,0,0,0,0,0,1,0,0,0,0,0,1
ibm-granite/granite-3.0-8b-base,f11_gender_she,BOTH,20,0,0,1,0,0,0,0,0,0,0,0,0,0,0,0,1,0,0,0,0,1,1,16,0,0,1,0,0,0,0,0,0,0,0,0,0,0,0,1,0,0,0,0,1,1
ibm-granite/granite-3.0-8b-base,f11_gender_she,POLE,40,0,0,0,0,0,0,0,0,0,0,0,0,0,0,0,0,0,0,0,0,0,0,29,0,0,0,0,0,0,0,0,0,0,0,0,0,0,0,0,0,0,0,0,0,0
ibm-granite/granite-3.0-8b-base,f11_guilt,BOTH,20,0,0,0,0,0,0,0,0,0,0,0,0,0,0,0,0,0,0,2,0,0,2,16,0,0,0,0,0,0,0,0,0,0,0,0,0,0,0,0,0,0,2,0,0,2
ibm-granite/granite-3.0-8b-base,f11_guilt,POLE,40,0,0,1,0,0,0,0,0,0,0,0,0,0,0,0,0,0,0,2,0,1,2,30,0,0,1,0,0,0,0,0,0,0,0,0,0,0,0,0,0,0,1,0,1,1
ibm-granite/granite-3.0-8b-base,f11_holy,POLE,40,0,0,0,0,0,0,0,0,0,0,0,0,0,0,0,0,0,1,0,0,0,1,33,0,0,0,0,0,0,0,0,0,0,0,0,0,0,0,0,0,1,0,0,0,1
ibm-granite/granite-3.0-8b-base,f11_holy_b,BOTH,20,0,0,0,0,0,0,0,0,0,0,0,0,0,0,0,0,0,0,0,0,0,0,17,0,0,0,0,0,0,0,0,0,0,0,0,0,0,0,0,0,0,0,0,0,0
ibm-granite/granite-3.0-8b-base,f11_holy_b,POLE,40,0,0,0,1,0,0,0,0,0,0,0,0,0,0,0,3,0,0,0,0,1,3,31,0,0,0,1,0,0,0,0,0,0,0,0,0,0,0,0,0,0,0,0,1,0
ibm-granite/granite-3.0-8b-base,f11_love,BOTH,20,0,0,0,0,0,0,0,0,0,0,0,0,0,0,0,0,0,1,0,0,0,1,17,0,0,0,0,0,0,0,0,0,0,0,0,0,0,0,0,0,1,0,0,0,1
ibm-granite/granite-3.0-8b-base,f11_love,POLE,40,0,1,2,0,0,0,0,0,0,0,0,0,0,0,0,2,0,0,0,0,3,2,35,0,0,2,0,0,0,0,0,0,0,0,0,0,0,0,1,0,0,0,0,2,1
ibm-granite/granite-3.0-8b-base,f11_love_he,BOTH,20,0,0,1,0,0,0,0,0,0,0,0,0,0,0,0,1,0,1,0,0,1,2,19,0,0,1,0,0,0,0,0,0,0,0,0,0,0,0,1,0,1,0,0,1,2
ibm-granite/granite-3.0-8b-base,f11_love_he,POLE,40,0,0,0,0,0,0,0,0,0,0,0,0,0,0,0,0,0,0,0,0,0,0,39,0,0,0,0,0,0,0,0,0,0,0,0,0,0,0,0,0,0,0,0,0,0
ibm-granite/granite-3.0-8b-base,f11_loyal,BOTH,20,0,0,0,0,0,0,0,0,0,0,0,0,0,0,0,0,0,0,0,1,0,1,15,0,0,0,0,0,0,0,0,0,0,0,0,0,0,0,0,0,0,0,1,0,1
ibm-granite/granite-3.0-8b-base,f11_loyal,POLE,40,0,0,0,0,0,0,0,0,0,0,0,0,0,0,0,1,0,0,0,0,0,1,34,0,0,0,0,0,0,0,0,0,0,0,0,0,0,0,0,0,0,0,0,0,0
ibm-granite/granite-3.0-8b-base,f11_parent,BOTH,20,0,0,0,0,0,0,0,0,0,0,0,0,0,0,0,0,0,0,0,0,0,0,15,0,0,0,0,0,0,0,0,0,0,0,0,0,0,0,0,0,0,0,0,0,0
ibm-granite/granite-3.0-8b-base,f11_parent,POLE,40,0,0,1,0,0,0,0,0,0,0,0,0,0,0,0,3,0,0,0,0,1,3,33,0,0,1,0,0,0,0,0,0,0,0,0,0,0,0,3,0,0,0,0,1,3
ibm-granite/granite-3.0-8b-base,f11_reason,BOTH,20,0,0,2,1,0,0,0,0,0,0,0,0,0,0,0,0,0,0,0,0,3,0,16,0,0,2,0,0,0,0,0,0,0,0,0,0,0,0,0,0,0,0,0,2,0
ibm-granite/granite-3.0-8b-base,f11_reason,POLE,40,0,1,1,0,1,0,0,0,0,0,0,0,0,0,0,1,0,0,0,0,3,1,28,0,1,0,0,1,0,0,0,0,0,0,0,0,0,0,0,0,0,0,0,2,0
ibm-granite/granite-3.0-8b-base,f11_sensation,BOTH,20,0,0,0,0,0,0,0,0,0,0,0,0,0,0,0,0,0,0,0,0,0,0,20,0,0,0,0,0,0,0,0,0,0,0,0,0,0,0,0,0,0,0,0,0,0
ibm-granite/granite-3.0-8b-base,f11_sensation,POLE,40,0,0,0,0,0,0,0,0,0,0,0,0,0,0,0,0,0,0,0,0,0,0,39,0,0,0,0,0,0,0,0,0,0,0,0,0,0,0,0,0,0,0,0,0,0
ibm-granite/granite-3.0-8b-base,f11_species,BOTH,20,0,0,0,0,0,0,0,0,0,0,0,0,0,0,0,1,0,0,0,0,0,1,19,0,0,0,0,0,0,0,0,0,0,0,0,0,0,0,1,0,0,0,0,0,1
ibm-granite/granite-3.0-8b-base,f11_species,POLE,40,0,0,0,0,0,0,0,0,0,0,0,0,0,0,0,1,0,0,0,0,0,1,38,0,0,0,0,0,0,0,0,0,0,0,0,0,0,0,1,0,0,0,0,0,1
ibm-granite/granite-3.0-8b-base,f11_trust,BOTH,20,0,0,0,0,0,0,0,0,0,0,0,0,0,0,0,1,0,0,0,0,0,1,19,0,0,0,0,0,0,0,0,0,0,0,0,0,0,0,1,0,0,0,0,0,1
ibm-granite/granite-3.0-8b-base,f11_trust,POLE,40,0,0,0,0,0,0,0,0,0,0,0,0,0,0,0,0,0,0,0,0,0,0,34,0,0,0,0,0,0,0,0,0,0,0,0,0,0,0,0,0,0,0,0,0,0
ibm-granite/granite-3.0-8b-instruct,f11_beauty,BOTH,20,0,0,3,0,0,0,0,0,0,0,0,0,0,0,0,2,0,1,0,0,3,3,18,0,0,3,0,0,0,0,0,0,0,0,0,0,0,0,2,0,1,0,0,3,3
ibm-granite/granite-3.0-8b-instruct,f11_beauty,POLE,40,0,0,0,0,0,0,0,0,0,0,0,0,0,0,0,2,0,0,0,0,0,2,36,0,0,0,0,0,0,0,0,0,0,0,0,0,0,0,2,0,0,0,0,0,2
ibm-granite/granite-3.0-8b-instruct,f11_beauty_ugly,BOTH,20,0,0,0,0,0,0,0,0,0,1,0,0,0,0,0,0,0,0,0,0,1,0,12,0,0,0,0,0,0,0,0,0,0,0,0,0,0,0,0,0,0,0,0,0,0
ibm-granite/granite-3.0-8b-instruct,f11_beauty_ugly,POLE,20,0,0,0,0,0,0,0,0,0,0,0,0,0,0,0,0,0,0,0,0,0,0,14,0,0,0,0,0,0,0,0,0,0,0,0,0,0,0,0,0,0,0,0,0,0
ibm-granite/granite-3.0-8b-instruct,f11_captive,BOTH,20,0,0,0,0,0,0,0,0,0,1,0,0,0,0,0,0,0,0,0,0,1,0,14,0,0,0,0,0,0,0,0,0,1,0,0,0,0,0,0,0,0,0,0,1,0
ibm-granite/granite-3.0-8b-instruct,f11_captive,POLE,40,0,0,0,0,0,0,0,0,0,0,0,0,0,0,0,3,0,0,1,0,0,4,23,0,0,0,0,0,0,0,0,0,0,0,0,0,0,0,2,0,0,1,0,0,3
ibm-granite/granite-3.0-8b-instruct,f11_captive_b,BOTH,20,0,0,0,0,0,0,0,0,0,0,0,0,0,0,0,0,0,0,0,0,0,0,14,0,0,0,0,0,0,0,0,0,0,0,0,0,0,0,0,0,0,0,0,0,0
ibm-granite/granite-3.0-8b-instruct,f11_captive_b,POLE,40,0,0,0,0,1,0,0,0,0,0,0,0,0,0,0,4,0,0,0,0,1,4,32,0,0,0,0,0,0,0,0,0,0,0,0,0,0,0,3,0,0,0,0,0,3
ibm-granite/granite-3.0-8b-instruct,f11_class,BOTH,20,0,0,0,0,0,0,0,0,0,1,0,0,0,0,0,0,0,0,0,0,1,0,17,0,0,0,0,0,0,0,0,0,1,0,0,0,0,0,0,0,0,0,0,1,0
ibm-granite/granite-3.0-8b-instruct,f11_class,POLE,40,0,0,1,0,0,0,0,0,0,0,0,0,0,0,0,0,0,0,1,0,1,1,32,0,0,1,0,0,0,0,0,0,0,0,0,0,0,0,0,0,0,0,0,1,0
ibm-granite/granite-3.0-8b-instruct,f11_create,BOTH,20,0,0,0,0,0,0,0,0,0,0,0,0,0,0,0,0,0,0,0,0,0,0,17,0,0,0,0,0,0,0,0,0,0,0,0,0,0,0,0,0,0,0,0,0,0
ibm-granite/granite-3.0-8b-instruct,f11_create,POLE,40,0,0,0,0,0,0,0,0,0,0,0,0,0,0,0,0,0,0,0,0,0,0,29,0,0,0,0,0,0,0,0,0,0,0,0,0,0,0,0,0,0,0,0,0,0
ibm-granite/granite-3.0-8b-instruct,f11_desire,BOTH,20,0,0,0,0,0,0,0,0,0,0,0,0,0,0,0,2,0,0,0,0,0,2,19,0,0,0,0,0,0,0,0,0,0,0,0,0,0,0,2,0,0,0,0,0,2
ibm-granite/granite-3.0-8b-instruct,f11_desire,POLE,40,1,0,0,0,0,0,0,0,0,0,0,0,0,0,0,1,0,0,0,0,1,1,33,1,0,0,0,0,0,0,0,0,0,0,0,0,0,0,1,0,0,0,0,1,1
ibm-granite/granite-3.0-8b-instruct,f11_faithful,BOTH,20,0,0,0,0,0,0,0,0,0,0,0,0,0,0,0,0,0,1,0,0,0,1,15,0,0,0,0,0,0,0,0,0,0,0,0,0,0,0,0,0,1,0,0,0,1
ibm-granite/granite-3.0-8b-instruct,f11_faithful,POLE,40,1,0,0,0,0,0,0,0,0,0,0,0,0,0,0,1,0,0,1,0,1,2,35,1,0,0,0,0,0,0,0,0,0,0,0,0,0,0,1,0,0,1,0,1,2
ibm-granite/granite-3.0-8b-instruct,f11_gender,POLE,40,0,0,0,0,0,0,0,0,0,0,0,0,0,0,0,3,0,0,0,0,0,3,18,0,0,0,0,0,0,0,0,0,0,0,0,0,0,0,1,0,0,0,0,0,1
ibm-granite/granite-3.0-8b-instruct,f11_gender_he,BOTH,20,0,0,2,0,0,0,0,0,0,0,0,0,0,0,0,0,0,0,0,0,2,0,19,0,0,2,0,0,0,0,0,0,0,0,0,0,0,0,0,0,0,0,0,2,0
ibm-granite/granite-3.0-8b-instruct,f11_gender_he,POLE,40,0,0,0,0,0,0,0,0,0,0,0,0,0,0,0,3,0,1,0,0,0,4,31,0,0,0,0,0,0,0,0,0,0,0,0,0,0,0,3,0,1,0,0,0,4
ibm-granite/granite-3.0-8b-instruct,f11_gender_she,BOTH,20,0,0,0,0,0,0,0,0,0,0,0,0,0,0,0,2,0,0,0,0,0,2,17,0,0,0,0,0,0,0,0,0,0,0,0,0,0,0,1,0,0,0,0,0,1
ibm-granite/granite-3.0-8b-instruct,f11_gender_she,POLE,40,0,0,0,0,0,0,0,0,0,0,0,0,0,0,0,2,0,0,0,0,0,2,32,0,0,0,0,0,0,0,0,0,0,0,0,0,0,0,0,0,0,0,0,0,0
ibm-granite/granite-3.0-8b-instruct,f11_guilt,BOTH,20,0,0,1,0,0,0,0,0,0,0,0,0,0,0,0,0,0,0,2,0,1,2,19,0,0,1,0,0,0,0,0,0,0,0,0,0,0,0,0,0,0,2,0,1,2
ibm-granite/granite-3.0-8b-instruct,f11_guilt,POLE,40,0,0,0,0,0,0,0,0,0,0,0,0,0,0,0,1,0,0,0,0,0,1,33,0,0,0,0,0,0,0,0,0,0,0,0,0,0,0,1,0,0,0,0,0,1
ibm-granite/granite-3.0-8b-instruct,f11_holy,POLE,40,1,0,0,0,0,0,0,0,0,0,0,0,0,0,0,1,0,0,0,0,1,1,38,1,0,0,0,0,0,0,0,0,0,0,0,0,0,0,1,0,0,0,0,1,1
ibm-granite/granite-3.0-8b-instruct,f11_holy_b,BOTH,20,0,0,0,0,0,0,0,0,0,0,0,0,0,0,0,0,0,0,0,0,0,0,18,0,0,0,0,0,0,0,0,0,0,0,0,0,0,0,0,0,0,0,0,0,0
ibm-granite/granite-3.0-8b-instruct,f11_holy_b,POLE,40,1,0,0,0,0,0,0,0,0,0,0,0,0,0,0,0,0,0,1,0,1,1,36,1,0,0,0,0,0,0,0,0,0,0,0,0,0,0,0,0,0,1,0,1,1
ibm-granite/granite-3.0-8b-instruct,f11_love,BOTH,20,0,1,1,0,0,0,0,0,0,0,0,0,0,0,0,0,0,0,0,0,2,0,19,0,1,1,0,0,0,0,0,0,0,0,0,0,0,0,0,0,0,0,0,2,0
ibm-granite/granite-3.0-8b-instruct,f11_love,POLE,40,0,0,0,0,0,0,0,0,0,0,0,0,0,0,0,2,0,0,0,0,0,2,34,0,0,0,0,0,0,0,0,0,0,0,0,0,0,0,2,0,0,0,0,0,2
ibm-granite/granite-3.0-8b-instruct,f11_love_he,BOTH,20,0,0,1,0,0,0,0,0,0,0,0,0,0,0,0,0,0,0,0,0,1,0,19,0,0,1,0,0,0,0,0,0,0,0,0,0,0,0,0,0,0,0,0,1,0
ibm-granite/granite-3.0-8b-instruct,f11_love_he,POLE,40,0,1,0,0,0,0,0,0,0,0,0,0,0,0,0,0,0,0,1,0,1,1,32,0,0,0,0,0,0,0,0,0,0,0,0,0,0,0,0,0,0,1,0,0,1
ibm-granite/granite-3.0-8b-instruct,f11_loyal,BOTH,20,0,0,0,0,0,0,0,0,0,0,0,0,0,0,0,0,0,0,0,0,0,0,10,0,0,0,0,0,0,0,0,0,0,0,0,0,0,0,0,0,0,0,0,0,0
ibm-granite/granite-3.0-8b-instruct,f11_loyal,POLE,40,0,0,0,0,0,0,0,0,0,0,0,0,0,0,0,0,0,0,3,0,0,3,26,0,0,0,0,0,0,0,0,0,0,0,0,0,0,0,0,0,0,2,0,0,2
ibm-granite/granite-3.0-8b-instruct,f11_parent,BOTH,20,0,1,1,0,0,0,0,0,0,0,0,0,0,0,0,0,0,0,0,0,2,0,13,0,1,1,0,0,0,0,0,0,0,0,0,0,0,0,0,0,0,0,0,2,0
ibm-granite/granite-3.0-8b-instruct,f11_parent,POLE,40,0,0,0,0,0,0,0,0,0,0,0,0,0,0,0,2,0,0,0,0,0,2,23,0,0,0,0,0,0,0,0,0,0,0,0,0,0,0,1,0,0,0,0,0,1
ibm-granite/granite-3.0-8b-instruct,f11_reason,BOTH,20,0,0,1,0,0,0,0,0,0,0,0,0,0,0,0,0,0,0,0,0,1,0,11,0,0,0,0,0,0,0,0,0,0,0,0,0,0,0,0,0,0,0,0,0,0
ibm-granite/granite-3.0-8b-instruct,f11_reason,POLE,40,0,1,0,0,0,0,0,0,0,0,0,0,0,0,0,4,0,0,1,0,1,5,26,0,1,0,0,0,0,0,0,0,0,0,0,0,0,0,3,0,0,0,0,1,3
ibm-granite/granite-3.0-8b-instruct,f11_sensation,BOTH,20,0,0,0,0,0,0,0,0,0,0,0,0,0,0,0,0,0,0,1,0,0,1,20,0,0,0,0,0,0,0,0,0,0,0,0,0,0,0,0,0,0,1,0,0,1
ibm-granite/granite-3.0-8b-instruct,f11_sensation,POLE,40,1,0,0,0,0,0,0,0,0,0,0,0,0,0,0,1,0,0,0,0,1,1,38,0,0,0,0,0,0,0,0,0,0,0,0,0,0,0,1,0,0,0,0,0,1
ibm-granite/granite-3.0-8b-instruct,f11_species,BOTH,20,0,0,0,0,0,0,0,0,0,0,0,0,0,0,0,0,0,1,0,0,0,1,17,0,0,0,0,0,0,0,0,0,0,0,0,0,0,0,0,0,1,0,0,0,1
ibm-granite/granite-3.0-8b-instruct,f11_species,POLE,40,0,0,0,0,0,0,0,0,0,0,0,0,0,0,0,0,0,0,0,0,0,0,37,0,0,0,0,0,0,0,0,0,0,0,0,0,0,0,0,0,0,0,0,0,0
ibm-granite/granite-3.0-8b-instruct,f11_trust,BOTH,20,0,0,0,0,0,0,0,0,0,0,0,0,0,0,0,0,0,0,0,0,0,0,17,0,0,0,0,0,0,0,0,0,0,0,0,0,0,0,0,0,0,0,0,0,0
ibm-granite/granite-3.0-8b-instruct,f11_trust,POLE,40,0,0,0,0,0,0,0,0,0,0,0,0,0,0,0,2,0,0,0,0,0,2,34,0,0,0,0,0,0,0,0,0,0,0,0,0,0,0,1,0,0,0,0,0,1
lomahony/eleuther-pythia6.9b-hh-dpo,f11_beauty,BOTH,20,0,0,0,0,0,0,0,0,0,0,0,0,0,0,0,1,0,0,0,0,0,1,18,0,0,0,0,0,0,0,0,0,0,0,0,0,0,0,1,0,0,0,0,0,1
lomahony/eleuther-pythia6.9b-hh-dpo,f11_beauty,POLE,40,0,0,1,0,0,0,0,0,0,0,0,0,0,0,0,2,0,0,0,0,1,2,37,0,0,1,0,0,0,0,0,0,0,0,0,0,0,0,2,0,0,0,0,1,2
lomahony/eleuther-pythia6.9b-hh-dpo,f11_beauty_ugly,BOTH,20,0,0,1,0,0,0,0,0,0,0,0,0,0,0,0,0,0,0,0,0,1,0,18,0,0,1,0,0,0,0,0,0,0,0,0,0,0,0,0,0,0,0,0,1,0
lomahony/eleuther-pythia6.9b-hh-dpo,f11_beauty_ugly,POLE,20,0,0,1,0,0,0,0,0,0,0,0,0,0,0,0,1,0,0,0,1,1,2,18,0,0,1,0,0,0,0,0,0,0,0,0,0,0,0,1,0,0,0,1,1,2
lomahony/eleuther-pythia6.9b-hh-dpo,f11_captive,BOTH,20,0,1,0,0,0,0,0,0,0,0,0,0,0,0,0,0,0,0,1,0,1,1,16,0,1,0,0,0,0,0,0,0,0,0,0,0,0,0,0,0,0,1,0,1,1
lomahony/eleuther-pythia6.9b-hh-dpo,f11_captive,POLE,40,0,0,0,0,0,0,0,0,0,0,0,0,0,0,0,2,0,0,1,0,0,3,30,0,0,0,0,0,0,0,0,0,0,0,0,0,0,0,1,0,0,1,0,0,2
lomahony/eleuther-pythia6.9b-hh-dpo,f11_captive_b,BOTH,20,0,0,0,0,0,0,0,0,0,0,0,0,0,0,0,0,0,0,0,0,0,0,13,0,0,0,0,0,0,0,0,0,0,0,0,0,0,0,0,0,0,0,0,0,0
lomahony/eleuther-pythia6.9b-hh-dpo,f11_captive_b,POLE,40,0,0,0,0,0,0,0,0,0,0,0,0,0,0,0,0,0,1,0,0,0,1,33,0,0,0,0,0,0,0,0,0,0,0,0,0,0,0,0,0,1,0,0,0,1
lomahony/eleuther-pythia6.9b-hh-dpo,f11_class,BOTH,20,0,0,0,0,1,0,0,0,0,0,0,0,0,0,0,1,0,0,0,0,1,1,18,0,0,0,0,1,0,0,0,0,0,0,0,0,0,0,1,0,0,0,0,1,1
lomahony/eleuther-pythia6.9b-hh-dpo,f11_class,POLE,40,0,0,1,0,0,0,0,0,0,0,0,0,0,0,0,1,0,0,0,1,1,2,33,0,0,0,0,0,0,0,0,0,0,0,0,0,0,0,1,0,0,0,1,0,2
lomahony/eleuther-pythia6.9b-hh-dpo,f11_create,BOTH,20,0,0,0,0,0,0,0,0,0,0,0,0,0,0,0,1,0,0,0,1,0,1,15,0,0,0,0,0,0,0,0,0,0,0,0,0,0,0,1,0,0,0,1,0,1
lomahony/eleuther-pythia6.9b-hh-dpo,f11_create,POLE,40,0,0,0,0,0,0,0,0,0,0,0,0,0,0,0,1,0,0,0,0,0,1,34,0,0,0,0,0,0,0,0,0,0,0,0,0,0,0,1,0,0,0,0,0,1
lomahony/eleuther-pythia6.9b-hh-dpo,f11_desire,BOTH,20,0,0,1,0,0,0,0,0,0,0,0,0,0,0,0,1,0,0,0,0,1,1,19,0,0,1,0,0,0,0,0,0,0,0,0,0,0,0,1,0,0,0,0,1,1
lomahony/eleuther-pythia6.9b-hh-dpo,f11_desire,POLE,40,0,0,0,0,0,0,0,0,0,0,0,0,0,0,0,0,0,0,0,0,0,0,36,0,0,0,0,0,0,0,0,0,0,0,0,0,0,0,0,0,0,0,0,0,0
lomahony/eleuther-pythia6.9b-hh-dpo,f11_faithful,BOTH,20,0,0,0,0,0,0,0,0,0,0,0,0,0,0,0,0,0,0,0,0,0,0,18,0,0,0,0,0,0,0,0,0,0,0,0,0,0,0,0,0,0,0,0,0,0
lomahony/eleuther-pythia6.9b-hh-dpo,f11_faithful,POLE,40,0,1,0,0,0,0,0,0,0,0,0,0,0,0,0,0,0,0,1,1,1,2,36,0,1,0,0,0,0,0,0,0,0,0,0,0,0,0,0,0,0,1,1,1,2
lomahony/eleuther-pythia6.9b-hh-dpo,f11_gender,POLE,40,0,1,0,0,0,0,0,0,0,0,0,0,0,0,0,2,0,2,1,0,1,4,29,0,1,0,0,0,0,0,0,0,0,0,0,0,0,0,2,0,2,1,0,1,4
lomahony/eleuther-pythia6.9b-hh-dpo,f11_gender_he,BOTH,20,0,0,1,0,0,0,0,0,0,0,0,0,0,0,0,0,0,0,0,0,1,0,17,0,0,1,0,0,0,0,0,0,0,0,0,0,0,0,0,0,0,0,0,1,0
lomahony/eleuther-pythia6.9b-hh-dpo,f11_gender_he,POLE,40,1,0,0,0,0,0,0,0,0,0,0,0,0,0,0,2,0,0,0,0,1,2,36,0,0,0,0,0,0,0,0,0,0,0,0,0,0,0,2,0,0,0,0,0,2
lomahony/eleuther-pythia6.9b-hh-dpo,f11_gender_she,BOTH,20,0,0,0,0,1,0,0,0,0,0,0,0,0,0,0,1,0,0,1,0,1,2,19,0,0,0,0,1,0,0,0,0,0,0,0,0,0,0,1,0,0,1,0,1,2
lomahony/eleuther-pythia6.9b-hh-dpo,f11_gender_she,POLE,40,0,1,0,0,0,0,0,0,0,0,1,0,0,0,0,2,0,0,1,0,2,3,38,0,1,0,0,0,0,0,0,0,0,1,0,0,0,0,2,0,0,1,0,2,3
lomahony/eleuther-pythia6.9b-hh-dpo,f11_guilt,BOTH,20,0,1,0,0,0,0,0,0,0,0,0,0,0,0,0,0,0,0,6,0,1,6,17,0,1,0,0,0,0,0,0,0,0,0,0,0,0,0,0,0,0,6,0,1,6
lomahony/eleuther-pythia6.9b-hh-dpo,f11_guilt,POLE,40,0,0,1,0,0,0,0,0,0,0,0,0,0,0,0,3,0,1,6,0,1,9,34,0,0,1,0,0,0,0,0,0,0,0,0,0,0,0,3,0,1,5,0,1,8
lomahony/eleuther-pythia6.9b-hh-dpo,f11_holy,POLE,40,1,0,0,0,0,0,0,0,0,0,0,0,0,0,0,1,0,1,1,0,1,3,37,1,0,0,0,0,0,0,0,0,0,0,0,0,0,0,0,0,1,1,0,1,2
lomahony/eleuther-pythia6.9b-hh-dpo,f11_holy_b,BOTH,20,0,0,0,0,0,0,0,0,0,0,0,0,0,0,0,0,0,1,0,0,0,1,18,0,0,0,0,0,0,0,0,0,0,0,0,0,0,0,0,0,1,0,0,0,1
lomahony/eleuther-pythia6.9b-hh-dpo,f11_holy_b,POLE,40,0,0,0,0,0,0,0,0,0,0,0,0,0,0,0,4,0,1,0,0,0,4,34,0,0,0,0,0,0,0,0,0,0,0,0,0,0,0,3,0,1,0,0,0,3
lomahony/eleuther-pythia6.9b-hh-dpo,f11_love,BOTH,20,0,0,2,0,0,0,1,0,0,0,0,0,0,0,0,1,0,0,0,0,3,1,19,0,0,2,0,0,0,1,0,0,0,0,0,0,0,0,1,0,0,0,0,3,1
lomahony/eleuther-pythia6.9b-hh-dpo,f11_love,POLE,40,0,0,0,0,0,0,0,0,0,0,0,0,0,0,0,2,0,0,1,1,0,3,36,0,0,0,0,0,0,0,0,0,0,0,0,0,0,0,1,0,0,1,1,0,2
lomahony/eleuther-pythia6.9b-hh-dpo,f11_love_he,BOTH,20,1,0,0,1,0,0,0,0,0,0,0,0,0,0,0,1,0,0,1,0,2,2,17,1,0,0,1,0,0,0,0,0,0,0,0,0,0,0,1,0,0,0,0,2,1
lomahony/eleuther-pythia6.9b-hh-dpo,f11_love_he,POLE,40,0,0,0,1,0,0,0,0,0,0,0,0,0,0,0,1,0,0,1,1,1,3,37,0,0,0,1,0,0,0,0,0,0,0,0,0,0,0,1,0,0,1,1,1,3
lomahony/eleuther-pythia6.9b-hh-dpo,f11_loyal,BOTH,20,0,0,0,0,0,0,0,0,0,0,0,0,0,0,0,0,0,0,0,0,0,0,15,0,0,0,0,0,0,0,0,0,0,0,0,0,0,0,0,0,0,0,0,0,0
lomahony/eleuther-pythia6.9b-hh-dpo,f11_loyal,POLE,40,0,1,0,0,0,0,0,0,0,0,0,0,0,0,0,5,0,0,1,0,1,6,29,0,1,0,0,0,0,0,0,0,0,0,0,0,0,0,4,0,0,1,0,1,5
lomahony/eleuther-pythia6.9b-hh-dpo,f11_parent,BOTH,20,0,0,0,0,0,0,0,0,0,0,0,0,0,0,0,0,0,0,2,0,0,2,19,0,0,0,0,0,0,0,0,0,0,0,0,0,0,0,0,0,0,2,0,0,2
lomahony/eleuther-pythia6.9b-hh-dpo,f11_parent,POLE,40,0,0,0,0,0,0,0,0,0,0,0,0,0,0,0,0,0,0,0,2,0,2,26,0,0,0,0,0,0,0,0,0,0,0,0,0,0,0,0,0,0,0,2,0,2
lomahony/eleuther-pythia6.9b-hh-dpo,f11_reason,BOTH,20,0,0,1,2,0,0,0,0,0,0,0,0,0,0,0,0,0,0,1,1,3,2,12,0,0,0,1,0,0,0,0,0,0,0,0,0,0,0,0,0,0,1,1,1,2
lomahony/eleuther-pythia6.9b-hh-dpo,f11_reason,POLE,40,0,0,0,0,0,0,0,0,0,0,0,0,0,0,0,5,0,0,1,0,0,6,31,0,0,0,0,0,0,0,0,0,0,0,0,0,0,0,2,0,0,0,0,0,2
lomahony/eleuther-pythia6.9b-hh-dpo,f11_sensation,BOTH,20,0,0,0,0,0,0,0,0,0,0,0,0,0,0,0,1,0,0,0,0,0,1,19,0,0,0,0,0,0,0,0,0,0,0,0,0,0,0,1,0,0,0,0,0,1
lomahony/eleuther-pythia6.9b-hh-dpo,f11_sensation,POLE,40,0,0,0,0,0,0,0,0,0,0,0,0,0,0,0,0,0,0,0,0,0,0,38,0,0,0,0,0,0,0,0,0,0,0,0,0,0,0,0,0,0,0,0,0,0
lomahony/eleuther-pythia6.9b-hh-dpo,f11_species,BOTH,20,0,0,0,0,0,0,0,0,0,0,0,0,0,0,0,2,0,0,0,0,0,2,20,0,0,0,0,0,0,0,0,0,0,0,0,0,0,0,2,0,0,0,0,0,2
lomahony/eleuther-pythia6.9b-hh-dpo,f11_species,POLE,40,1,0,0,0,0,0,0,0,0,0,0,0,0,0,0,1,0,0,0,0,1,1,39,1,0,0,0,0,0,0,0,0,0,0,0,0,0,0,1,0,0,0,0,1,1
lomahony/eleuther-pythia6.9b-hh-dpo,f11_trust,BOTH,20,0,0,0,0,0,0,0,0,0,0,0,0,0,0,0,0,0,0,0,0,0,0,17,0,0,0,0,0,0,0,0,0,0,0,0,0,0,0,0,0,0,0,0,0,0
lomahony/eleuther-pythia6.9b-hh-dpo,f11_trust,POLE,40,0,0,1,0,0,0,0,0,0,0,0,0,0,0,0,0,0,0,0,0,1,0,29,0,0,0,0,0,0,0,0,0,0,0,0,0,0,0,0,0,0,0,0,0,0
m-a-p/CT-LLM-Base,f11_beauty,BOTH,20,0,0,0,0,0,0,0,0,0,0,0,0,0,0,0,0,0,0,0,0,0,0,18,0,0,0,0,0,0,0,0,0,0,0,0,0,0,0,0,0,0,0,0,0,0
m-a-p/CT-LLM-Base,f11_beauty,POLE,40,0,0,1,0,0,0,0,0,0,0,0,0,0,0,0,5,0,2,0,0,1,7,33,0,0,1,0,0,0,0,0,0,0,0,0,0,0,0,4,0,2,0,0,1,6
m-a-p/CT-LLM-Base,f11_beauty_ugly,BOTH,20,0,0,0,0,0,0,0,0,0,0,0,0,0,0,0,0,0,0,0,0,0,0,18,0,0,0,0,0,0,0,0,0,0,0,0,0,0,0,0,0,0,0,0,0,0
m-a-p/CT-LLM-Base,f11_beauty_ugly,POLE,20,0,0,0,0,0,0,0,0,0,0,0,0,0,0,0,1,0,0,0,0,0,1,17,0,0,0,0,0,0,0,0,0,0,0,0,0,0,0,1,0,0,0,0,0,1
m-a-p/CT-LLM-Base,f11_captive,BOTH,20,0,0,0,0,0,0,0,0,0,0,0,0,0,0,0,1,0,0,0,0,0,1,14,0,0,0,0,0,0,0,0,0,0,0,0,0,0,0,0,0,0,0,0,0,0
m-a-p/CT-LLM-Base,f11_captive,POLE,40,0,0,0,0,0,0,0,0,0,0,0,0,0,0,0,1,0,0,0,0,0,1,28,0,0,0,0,0,0,0,0,0,0,0,0,0,0,0,1,0,0,0,0,0,1
m-a-p/CT-LLM-Base,f11_captive_b,BOTH,20,0,0,0,0,0,0,0,0,0,0,0,0,0,0,0,0,0,0,1,0,0,1,16,0,0,0,0,0,0,0,0,0,0,0,0,0,0,0,0,0,0,1,0,0,1
m-a-p/CT-LLM-Base,f11_captive_b,POLE,40,0,0,0,0,0,0,0,0,0,0,0,0,0,0,0,2,0,0,0,0,0,2,27,0,0,0,0,0,0,0,0,0,0,0,0,0,0,0,1,0,0,0,0,0,1
m-a-p/CT-LLM-Base,f11_class,BOTH,20,0,0,0,0,0,0,0,0,0,0,0,0,0,0,0,1,0,0,0,0,0,1,16,0,0,0,0,0,0,0,0,0,0,0,0,0,0,0,1,0,0,0,0,0,1
m-a-p/CT-LLM-Base,f11_class,POLE,40,0,0,0,0,0,0,0,0,0,0,0,0,0,0,0,2,0,0,0,0,0,2,29,0,0,0,0,0,0,0,0,0,0,0,0,0,0,0,2,0,0,0,0,0,2
m-a-p/CT-LLM-Base,f11_create,BOTH,20,0,1,0,0,0,0,0,0,0,0,0,0,0,0,0,1,0,0,0,0,1,1,12,0,0,0,0,0,0,0,0,0,0,0,0,0,0,0,1,0,0,0,0,0,1
m-a-p/CT-LLM-Base,f11_create,POLE,40,0,0,1,0,0,0,0,0,0,0,0,0,0,0,0,0,0,0,1,0,1,1,29,0,0,0,0,0,0,0,0,0,0,0,0,0,0,0,0,0,0,0,0,0,0
m-a-p/CT-LLM-Base,f11_desire,BOTH,20,0,0,1,0,0,0,0,0,0,0,0,0,0,0,0,1,0,0,0,0,1,1,16,0,0,1,0,0,0,0,0,0,0,0,0,0,0,0,0,0,0,0,0,1,0
m-a-p/CT-LLM-Base,f11_desire,POLE,40,0,0,0,0,0,0,0,0,0,0,0,0,0,0,0,0,0,0,0,0,0,0,29,0,0,0,0,0,0,0,0,0,0,0,0,0,0,0,0,0,0,0,0,0,0
m-a-p/CT-LLM-Base,f11_faithful,BOTH,20,0,0,0,0,0,0,0,0,0,0,0,0,0,0,0,1,0,0,1,0,0,2,17,0,0,0,0,0,0,0,0,0,0,0,0,0,0,0,1,0,0,1,0,0,2
m-a-p/CT-LLM-Base,f11_faithful,POLE,40,0,0,1,0,0,0,0,0,0,0,0,0,0,0,0,1,0,0,0,0,1,1,31,0,0,1,0,0,0,0,0,0,0,0,0,0,0,0,0,0,0,0,0,1,0
m-a-p/CT-LLM-Base,f11_gender,POLE,40,0,0,0,0,0,0,0,0,0,0,0,0,0,0,0,3,0,0,0,0,0,3,24,0,0,0,0,0,0,0,0,0,0,0,0,0,0,0,2,0,0,0,0,0,2
m-a-p/CT-LLM-Base,f11_gender_he,BOTH,20,0,0,1,0,0,0,0,0,0,0,0,0,0,0,0,0,0,1,0,0,1,1,17,0,0,1,0,0,0,0,0,0,0,0,0,0,0,0,0,0,1,0,0,1,1
m-a-p/CT-LLM-Base,f11_gender_he,POLE,40,0,0,0,0,0,0,0,0,0,0,0,0,0,0,0,0,0,0,0,0,0,0,34,0,0,0,0,0,0,0,0,0,0,0,0,0,0,0,0,0,0,0,0,0,0
m-a-p/CT-LLM-Base,f11_gender_she,BOTH,20,0,0,0,0,0,0,0,0,0,0,0,0,0,0,0,1,0,0,0,0,0,1,19,0,0,0,0,0,0,0,0,0,0,0,0,0,0,0,1,0,0,0,0,0,1
m-a-p/CT-LLM-Base,f11_gender_she,POLE,40,0,1,0,0,0,0,0,0,0,0,0,0,0,0,0,1,0,0,0,0,1,1,32,0,1,0,0,0,0,0,0,0,0,0,0,0,0,0,1,0,0,0,0,1,1
m-a-p/CT-LLM-Base,f11_guilt,BOTH,20,0,0,0,0,0,0,0,0,0,0,0,0,0,0,0,1,0,0,2,0,0,3,16,0,0,0,0,0,0,0,0,0,0,0,0,0,0,0,0,0,0,2,0,0,2
m-a-p/CT-LLM-Base,f11_guilt,POLE,40,0,0,0,0,0,0,0,0,0,0,0,0,0,0,0,3,1,0,2,0,0,5,32,0,0,0,0,0,0,0,0,0,0,0,0,0,0,0,3,1,0,2,0,0,5
m-a-p/CT-LLM-Base,f11_holy,POLE,40,0,0,0,0,0,0,0,0,0,0,0,0,0,0,0,0,0,0,0,0,0,0,38,0,0,0,0,0,0,0,0,0,0,0,0,0,0,0,0,0,0,0,0,0,0
m-a-p/CT-LLM-Base,f11_holy_b,BOTH,20,0,0,0,0,0,0,0,0,0,0,0,0,0,0,0,1,0,0,0,0,0,1,15,0,0,0,0,0,0,0,0,0,0,0,0,0,0,0,1,0,0,0,0,0,1
m-a-p/CT-LLM-Base,f11_holy_b,POLE,40,0,0,0,0,0,0,0,0,0,0,0,0,0,0,0,2,0,0,0,0,0,2,35,0,0,0,0,0,0,0,0,0,0,0,0,0,0,0,2,0,0,0,0,0,2
m-a-p/CT-LLM-Base,f11_love,BOTH,20,0,0,0,0,0,0,0,0,0,0,0,0,0,0,0,1,0,0,1,0,0,2,17,0,0,0,0,0,0,0,0,0,0,0,0,0,0,0,0,0,0,1,0,0,1
m-a-p/CT-LLM-Base,f11_love,POLE,40,0,0,0,0,0,0,0,0,0,0,0,0,0,0,0,2,0,0,0,0,0,2,30,0,0,0,0,0,0,0,0,0,0,0,0,0,0,0,1,0,0,0,0,0,1
m-a-p/CT-LLM-Base,f11_love_he,BOTH,20,0,0,0,0,0,0,0,0,0,0,0,0,0,0,0,1,0,0,0,0,0,1,17,0,0,0,0,0,0,0,0,0,0,0,0,0,0,0,1,0,0,0,0,0,1
m-a-p/CT-LLM-Base,f11_love_he,POLE,40,1,0,0,0,0,0,0,0,0,0,0,0,0,0,0,0,0,0,0,0,1,0,33,0,0,0,0,0,0,0,0,0,0,0,0,0,0,0,0,0,0,0,0,0,0
m-a-p/CT-LLM-Base,f11_loyal,BOTH,20,0,1,0,0,0,0,0,0,0,0,0,0,0,0,0,1,0,0,0,0,1,1,14,0,1,0,0,0,0,0,0,0,0,0,0,0,0,0,1,0,0,0,0,1,1
m-a-p/CT-LLM-Base,f11_loyal,POLE,40,0,3,0,0,0,0,0,0,0,0,0,0,0,0,0,1,0,0,0,0,3,1,29,0,3,0,0,0,0,0,0,0,0,0,0,0,0,0,1,0,0,0,0,3,1
m-a-p/CT-LLM-Base,f11_parent,BOTH,20,0,0,0,0,0,0,0,0,0,0,0,0,0,0,0,2,0,0,0,0,0,2,14,0,0,0,0,0,0,0,0,0,0,0,0,0,0,0,1,0,0,0,0,0,1
m-a-p/CT-LLM-Base,f11_parent,POLE,40,0,1,0,0,1,0,0,0,0,0,0,0,0,0,0,2,0,0,0,0,2,2,25,0,0,0,0,1,0,0,0,0,0,0,0,0,0,0,0,0,0,0,0,1,0
m-a-p/CT-LLM-Base,f11_reason,BOTH,20,0,0,1,1,0,0,0,0,0,0,0,0,0,0,0,2,0,0,0,0,2,2,8,0,0,0,1,0,0,0,0,0,0,0,0,0,0,0,1,0,0,0,0,1,1
m-a-p/CT-LLM-Base,f11_reason,POLE,40,0,1,0,0,0,0,0,0,0,0,0,0,0,0,0,1,1,1,0,0,1,3,24,0,1,0,0,0,0,0,0,0,0,0,0,0,0,0,0,1,1,0,0,1,2
m-a-p/CT-LLM-Base,f11_sensation,BOTH,20,0,0,1,0,0,0,0,0,0,0,0,0,0,0,0,1,0,0,1,0,1,2,14,0,0,1,0,0,0,0,0,0,0,0,0,0,0,0,1,0,0,0,0,1,1
m-a-p/CT-LLM-Base,f11_sensation,POLE,40,0,0,0,1,0,0,0,0,0,0,0,0,0,0,0,0,0,0,0,0,1,0,36,0,0,0,1,0,0,0,0,0,0,0,0,0,0,0,0,0,0,0,0,1,0
m-a-p/CT-LLM-Base,f11_species,BOTH,20,0,1,0,0,0,0,0,0,0,0,0,0,0,0,0,1,0,0,1,0,1,2,18,0,1,0,0,0,0,0,0,0,0,0,0,0,0,0,0,0,0,1,0,1,1
m-a-p/CT-LLM-Base,f11_species,POLE,40,0,0,0,0,0,0,0,0,0,0,0,0,0,0,0,0,0,0,0,0,0,0,35,0,0,0,0,0,0,0,0,0,0,0,0,0,0,0,0,0,0,0,0,0,0
m-a-p/CT-LLM-Base,f11_trust,BOTH,20,0,0,1,0,0,0,0,0,0,0,0,0,0,0,0,3,0,0,0,0,1,3,15,0,0,1,0,0,0,0,0,0,0,0,0,0,0,0,2,0,0,0,0,1,2
m-a-p/CT-LLM-Base,f11_trust,POLE,40,0,0,0,0,1,0,0,0,0,0,0,0,0,0,0,2,0,0,0,0,1,2,33,0,0,0,0,0,0,0,0,0,0,0,0,0,0,0,2,0,0,0,0,0,2
m-a-p/CT-LLM-SFT-DPO,f11_beauty,BOTH,20,0,0,0,0,0,0,0,0,0,0,0,0,0,0,0,0,0,1,1,0,0,2,15,0,0,0,0,0,0,0,0,0,0,0,0,0,0,0,0,0,1,1,0,0,2
m-a-p/CT-LLM-SFT-DPO,f11_beauty,POLE,40,0,0,0,0,0,0,0,0,0,0,0,0,0,0,0,1,0,1,1,0,0,3,27,0,0,0,0,0,0,0,0,0,0,0,0,0,0,0,1,0,1,1,0,0,3
m-a-p/CT-LLM-SFT-DPO,f11_beauty_ugly,BOTH,20,0,0,0,0,0,0,0,0,0,0,0,0,0,0,0,3,0,0,0,0,0,3,14,0,0,0,0,0,0,0,0,0,0,0,0,0,0,0,3,0,0,0,0,0,3
m-a-p/CT-LLM-SFT-DPO,f11_beauty_ugly,POLE,20,0,0,0,0,0,0,0,0,0,0,0,0,0,0,0,1,0,1,0,0,0,2,12,0,0,0,0,0,0,0,0,0,0,0,0,0,0,0,0,0,1,0,0,0,1
m-a-p/CT-LLM-SFT-DPO,f11_captive,BOTH,20,0,0,0,0,0,0,0,0,0,0,0,0,0,0,0,1,0,0,0,0,0,1,15,0,0,0,0,0,0,0,0,0,0,0,0,0,0,0,1,0,0,0,0,0,1
m-a-p/CT-LLM-SFT-DPO,f11_captive,POLE,40,0,0,0,0,0,0,0,0,0,0,0,0,0,0,0,0,0,0,0,0,0,0,22,0,0,0,0,0,0,0,0,0,0,0,0,0,0,0,0,0,0,0,0,0,0
m-a-p/CT-LLM-SFT-DPO,f11_captive_b,BOTH,20,0,0,0,0,1,0,0,0,0,1,0,0,0,0,0,0,0,0,0,0,2,0,12,0,0,0,0,0,0,0,0,0,1,0,0,0,0,0,0,0,0,0,0,1,0
m-a-p/CT-LLM-SFT-DPO,f11_captive_b,POLE,40,0,0,0,0,1,0,0,0,0,0,0,0,0,0,0,1,1,0,1,0,1,2,19,0,0,0,0,0,0,0,0,0,0,0,0,0,0,0,1,1,0,1,0,0,2
m-a-p/CT-LLM-SFT-DPO,f11_class,BOTH,20,0,0,0,0,0,0,0,0,0,0,0,0,0,0,0,0,0,0,0,0,0,0,16,0,0,0,0,0,0,0,0,0,0,0,0,0,0,0,0,0,0,0,0,0,0
m-a-p/CT-LLM-SFT-DPO,f11_class,POLE,40,0,0,0,0,0,0,0,0,0,0,0,0,0,0,0,1,0,0,0,0,0,1,30,0,0,0,0,0,0,0,0,0,0,0,0,0,0,0,1,0,0,0,0,0,1
m-a-p/CT-LLM-SFT-DPO,f11_create,BOTH,20,0,0,1,0,0,0,0,0,0,0,0,0,0,0,0,0,0,0,0,0,1,0,16,0,0,1,0,0,0,0,0,0,0,0,0,0,0,0,0,0,0,0,0,1,0
m-a-p/CT-LLM-SFT-DPO,f11_create,POLE,40,0,0,0,0,0,0,0,0,0,0,0,0,0,0,0,0,0,0,0,0,0,0,28,0,0,0,0,0,0,0,0,0,0,0,0,0,0,0,0,0,0,0,0,0,0
m-a-p/CT-LLM-SFT-DPO,f11_desire,BOTH,20,0,1,0,0,0,0,0,0,0,0,0,0,0,0,0,0,0,0,0,0,1,0,15,0,0,0,0,0,0,0,0,0,0,0,0,0,0,0,0,0,0,0,0,0,0
m-a-p/CT-LLM-SFT-DPO,f11_desire,POLE,40,1,0,0,0,0,0,0,0,0,0,0,0,0,0,0,5,0,0,0,0,1,5,31,1,0,0,0,0,0,0,0,0,0,0,0,0,0,0,3,0,0,0,0,1,3
m-a-p/CT-LLM-SFT-DPO,f11_faithful,BOTH,20,0,0,0,0,0,0,0,0,0,0,0,0,0,0,0,3,0,0,1,0,0,4,8,0,0,0,0,0,0,0,0,0,0,0,0,0,0,0,0,0,0,1,0,0,1
m-a-p/CT-LLM-SFT-DPO,f11_faithful,POLE,40,0,0,1,0,0,0,0,0,0,0,0,0,0,0,0,2,1,0,1,0,1,4,29,0,0,1,0,0,0,0,0,0,0,0,0,0,0,0,0,1,0,1,0,1,2
m-a-p/CT-LLM-SFT-DPO,f11_gender,POLE,40,0,0,0,0,0,0,0,0,0,0,0,0,0,0,0,4,0,2,1,0,0,7,21,0,0,0,0,0,0,0,0,0,0,0,0,0,0,0,2,0,1,1,0,0,4
m-a-p/CT-LLM-SFT-DPO,f11_gender_he,BOTH,20,0,0,0,0,0,0,0,0,0,0,0,0,0,0,0,0,0,0,0,0,0,0,15,0,0,0,0,0,0,0,0,0,0,0,0,0,0,0,0,0,0,0,0,0,0
m-a-p/CT-LLM-SFT-DPO,f11_gender_he,POLE,40,0,0,0,0,0,0,0,0,0,0,0,0,0,0,0,2,0,0,0,0,0,2,29,0,0,0,0,0,0,0,0,0,0,0,0,0,0,0,2,0,0,0,0,0,2
m-a-p/CT-LLM-SFT-DPO,f11_gender_she,BOTH,20,0,0,0,0,0,0,0,0,0,0,0,0,0,0,0,0,0,0,1,0,0,1,15,0,0,0,0,0,0,0,0,0,0,0,0,0,0,0,0,0,0,1,0,0,1
m-a-p/CT-LLM-SFT-DPO,f11_gender_she,POLE,40,0,0,0,0,0,0,0,0,0,0,0,0,0,0,0,2,0,0,0,0,0,2,30,0,0,0,0,0,0,0,0,0,0,0,0,0,0,0,1,0,0,0,0,0,1
m-a-p/CT-LLM-SFT-DPO,f11_guilt,BOTH,20,0,0,0,0,0,0,0,0,0,0,0,0,0,0,0,3,0,0,3,0,0,6,17,0,0,0,0,0,0,0,0,0,0,0,0,0,0,0,3,0,0,2,0,0,5
m-a-p/CT-LLM-SFT-DPO,f11_guilt,POLE,40,0,0,0,0,0,0,1,0,0,0,0,0,0,0,0,0,0,1,6,0,1,7,33,0,0,0,0,0,0,1,0,0,0,0,0,0,0,0,0,0,1,6,0,1,7
m-a-p/CT-LLM-SFT-DPO,f11_holy,POLE,40,0,0,0,0,0,0,0,0,0,0,0,0,0,0,0,1,0,0,0,0,0,1,32,0,0,0,0,0,0,0,0,0,0,0,0,0,0,0,1,0,0,0,0,0,1
m-a-p/CT-LLM-SFT-DPO,f11_holy_b,BOTH,20,0,0,1,0,0,0,0,0,0,0,0,0,0,0,0,0,0,0,0,0,1,0,20,0,0,1,0,0,0,0,0,0,0,0,0,0,0,0,0,0,0,0,0,1,0
m-a-p/CT-LLM-SFT-DPO,f11_holy_b,POLE,40,0,0,0,1,0,0,0,0,0,0,0,0,0,0,0,2,0,0,1,0,1,3,36,0,0,0,1,0,0,0,0,0,0,0,0,0,0,0,2,0,0,1,0,1,3
m-a-p/CT-LLM-SFT-DPO,f11_love,BOTH,20,0,0,1,0,0,0,0,0,0,0,0,0,0,0,0,0,0,0,0,0,1,0,13,0,0,1,0,0,0,0,0,0,0,0,0,0,0,0,0,0,0,0,0,1,0
m-a-p/CT-LLM-SFT-DPO,f11_love,POLE,40,1,0,1,0,0,0,0,0,0,0,0,0,0,0,0,1,0,1,0,0,2,2,38,1,0,1,0,0,0,0,0,0,0,0,0,0,0,0,1,0,1,0,0,2,2
m-a-p/CT-LLM-SFT-DPO,f11_love_he,BOTH,20,0,0,0,0,0,0,0,0,0,0,0,0,0,0,0,0,0,0,0,0,0,0,15,0,0,0,0,0,0,0,0,0,0,0,0,0,0,0,0,0,0,0,0,0,0
m-a-p/CT-LLM-SFT-DPO,f11_love_he,POLE,40,1,1,1,0,0,0,0,0,0,0,0,0,0,0,0,1,0,0,1,0,3,2,34,1,1,0,0,0,0,0,0,0,0,0,0,0,0,0,1,0,0,1,0,2,2
m-a-p/CT-LLM-SFT-DPO,f11_loyal,BOTH,20,0,1,0,0,0,0,0,0,0,0,0,0,0,0,0,0,0,0,1,0,1,1,10,0,0,0,0,0,0,0,0,0,0,0,0,0,0,0,0,0,0,1,0,0,1
m-a-p/CT-LLM-SFT-DPO,f11_loyal,POLE,40,0,2,0,0,0,0,0,0,0,0,0,0,0,0,0,4,0,0,0,0,2,4,19,0,1,0,0,0,0,0,0,0,0,0,0,0,0,0,1,0,0,0,0,1,1
m-a-p/CT-LLM-SFT-DPO,f11_parent,BOTH,20,0,0,0,0,0,0,0,0,0,0,0,0,0,0,0,1,0,0,0,0,0,1,16,0,0,0,0,0,0,0,0,0,0,0,0,0,0,0,0,0,0,0,0,0,0
m-a-p/CT-LLM-SFT-DPO,f11_parent,POLE,40,0,0,0,0,0,0,0,0,0,0,0,0,0,0,0,0,0,0,0,0,0,0,22,0,0,0,0,0,0,0,0,0,0,0,0,0,0,0,0,0,0,0,0,0,0
m-a-p/CT-LLM-SFT-DPO,f11_reason,BOTH,20,0,0,0,0,1,0,0,0,0,1,0,0,0,0,0,0,0,0,1,0,2,1,12,0,0,0,0,0,0,0,0,0,0,0,0,0,0,0,0,0,0,1,0,0,1
m-a-p/CT-LLM-SFT-DPO,f11_reason,POLE,40,0,1,0,0,0,0,0,0,0,0,0,0,0,0,0,6,0,0,0,1,1,7,27,0,1,0,0,0,0,0,0,0,0,0,0,0,0,0,3,0,0,0,1,1,4
m-a-p/CT-LLM-SFT-DPO,f11_sensation,BOTH,20,0,0,1,0,0,0,0,0,0,0,0,0,0,0,0,0,0,0,0,0,1,0,18,0,0,1,0,0,0,0,0,0,0,0,0,0,0,0,0,0,0,0,0,1,0
m-a-p/CT-LLM-SFT-DPO,f11_sensation,POLE,40,0,0,0,0,0,0,0,0,0,0,0,0,0,0,0,0,0,0,1,0,0,1,38,0,0,0,0,0,0,0,0,0,0,0,0,0,0,0,0,0,0,1,0,0,1
m-a-p/CT-LLM-SFT-DPO,f11_species,BOTH,20,0,0,1,0,0,0,0,0,0,0,0,0,0,0,0,2,0,0,0,0,1,2,19,0,0,1,0,0,0,0,0,0,0,0,0,0,0,0,2,0,0,0,0,1,2
m-a-p/CT-LLM-SFT-DPO,f11_species,POLE,40,0,0,0,0,0,0,0,0,0,0,0,0,0,0,0,0,0,0,0,0,0,0,38,0,0,0,0,0,0,0,0,0,0,0,0,0,0,0,0,0,0,0,0,0,0
m-a-p/CT-LLM-SFT-DPO,f11_trust,BOTH,20,0,0,1,0,0,0,0,0,0,0,0,0,0,0,0,0,0,0,0,0,1,0,12,0,0,0,0,0,0,0,0,0,0,0,0,0,0,0,0,0,0,0,0,0,0
m-a-p/CT-LLM-SFT-DPO,f11_trust,POLE,40,1,0,0,0,0,0,0,0,0,0,0,0,0,0,0,0,0,0,0,0,1,0,29,1,0,0,0,0,0,0,0,0,0,0,0,0,0,0,0,0,0,0,0,1,0
m-a-p/neo_7b,f11_beauty,BOTH,20,0,0,0,0,0,0,0,0,0,0,0,0,0,0,0,1,0,0,0,0,0,1,13,0,0,0,0,0,0,0,0,0,0,0,0,0,0,0,1,0,0,0,0,0,1
m-a-p/neo_7b,f11_beauty,POLE,40,0,0,0,0,0,0,0,0,0,0,0,0,0,0,0,1,0,0,0,0,0,1,34,0,0,0,0,0,0,0,0,0,0,0,0,0,0,0,0,0,0,0,0,0,0
m-a-p/neo_7b,f11_beauty_ugly,BOTH,20,0,0,0,0,0,0,0,0,0,0,0,0,0,0,0,0,0,0,0,0,0,0,15,0,0,0,0,0,0,0,0,0,0,0,0,0,0,0,0,0,0,0,0,0,0
m-a-p/neo_7b,f11_beauty_ugly,POLE,20,0,0,0,0,0,0,0,0,0,0,0,0,0,0,0,2,0,0,0,0,0,2,15,0,0,0,0,0,0,0,0,0,0,0,0,0,0,0,2,0,0,0,0,0,2
m-a-p/neo_7b,f11_captive,BOTH,20,0,0,0,0,0,0,0,0,0,0,0,0,0,0,0,1,0,0,0,0,0,1,14,0,0,0,0,0,0,0,0,0,0,0,0,0,0,0,1,0,0,0,0,0,1
m-a-p/neo_7b,f11_captive,POLE,40,0,1,0,0,0,0,0,0,0,0,0,0,0,0,0,1,0,0,0,0,1,1,28,0,1,0,0,0,0,0,0,0,0,0,0,0,0,0,1,0,0,0,0,1,1
m-a-p/neo_7b,f11_captive_b,BOTH,20,0,0,0,0,0,0,0,0,0,1,0,0,0,0,0,0,0,0,0,0,1,0,9,0,0,0,0,0,0,0,0,0,0,0,0,0,0,0,0,0,0,0,0,0,0
m-a-p/neo_7b,f11_captive_b,POLE,40,0,0,1,1,0,0,0,0,0,0,0,0,0,0,0,3,0,0,0,0,2,3,21,0,0,1,1,0,0,0,0,0,0,0,0,0,0,0,1,0,0,0,0,2,1
m-a-p/neo_7b,f11_class,BOTH,20,0,0,0,0,0,0,0,0,0,0,0,0,0,0,0,2,0,0,0,0,0,2,14,0,0,0,0,0,0,0,0,0,0,0,0,0,0,0,1,0,0,0,0,0,1
m-a-p/neo_7b,f11_class,POLE,40,0,0,0,0,0,0,0,0,0,0,0,0,0,0,0,1,0,0,0,0,0,1,28,0,0,0,0,0,0,0,0,0,0,0,0,0,0,0,0,0,0,0,0,0,0
m-a-p/neo_7b,f11_create,BOTH,20,0,0,0,0,0,0,0,0,0,0,0,0,0,0,0,0,0,0,0,0,0,0,14,0,0,0,0,0,0,0,0,0,0,0,0,0,0,0,0,0,0,0,0,0,0
m-a-p/neo_7b,f11_create,POLE,40,0,0,0,0,0,0,0,0,0,0,0,0,0,0,0,1,0,0,0,0,0,1,27,0,0,0,0,0,0,0,0,0,0,0,0,0,0,0,1,0,0,0,0,0,1
m-a-p/neo_7b,f11_desire,BOTH,20,0,0,0,0,0,0,0,0,0,0,0,0,0,0,0,0,0,0,1,0,0,1,17,0,0,0,0,0,0,0,0,0,0,0,0,0,0,0,0,0,0,1,0,0,1
m-a-p/neo_7b,f11_desire,POLE,40,0,0,1,0,0,0,0,0,0,0,0,0,0,0,0,0,0,1,0,0,1,1,32,0,0,1,0,0,0,0,0,0,0,0,0,0,0,0,0,0,1,0,0,1,1
m-a-p/neo_7b,f11_faithful,BOTH,20,0,0,1,0,0,0,0,0,0,0,0,0,0,0,0,1,0,0,1,0,1,2,16,0,0,1,0,0,0,0,0,0,0,0,0,0,0,0,0,0,0,1,0,1,1
m-a-p/neo_7b,f11_faithful,POLE,40,0,0,0,0,0,0,0,0,0,0,0,0,0,0,0,2,0,0,0,0,0,2,31,0,0,0,0,0,0,0,0,0,0,0,0,0,0,0,2,0,0,0,0,0,2
m-a-p/neo_7b,f11_gender,POLE,40,0,0,1,0,0,0,0,0,0,1,0,0,0,0,0,1,0,2,0,0,2,3,23,0,0,0,0,0,0,0,0,0,1,0,0,0,0,0,1,0,2,0,0,1,3
m-a-p/neo_7b,f11_gender_he,BOTH,20,0,0,1,0,0,0,0,0,0,0,0,0,0,0,0,0,0,0,0,0,1,0,16,0,0,1,0,0,0,0,0,0,0,0,0,0,0,0,0,0,0,0,0,1,0
m-a-p/neo_7b,f11_gender_he,POLE,40,0,0,0,0,0,0,0,0,0,0,0,0,0,0,0,1,0,0,0,0,0,1,29,0,0,0,0,0,0,0,0,0,0,0,0,0,0,0,0,0,0,0,0,0,0
m-a-p/neo_7b,f11_gender_she,BOTH,20,1,0,0,0,0,0,0,0,0,0,0,0,0,0,0,1,0,0,0,0,1,1,14,0,0,0,0,0,0,0,0,0,0,0,0,0,0,0,0,0,0,0,0,0,0
m-a-p/neo_7b,f11_gender_she,POLE,40,0,0,0,0,0,0,0,0,0,0,0,0,0,0,0,2,0,0,0,0,0,2,32,0,0,0,0,0,0,0,0,0,0,0,0,0,0,0,2,0,0,0,0,0,2
m-a-p/neo_7b,f11_guilt,BOTH,20,0,0,0,0,0,0,0,0,0,0,0,0,0,0,0,0,0,0,1,0,0,1,15,0,0,0,0,0,0,0,0,0,0,0,0,0,0,0,0,0,0,0,0,0,0
m-a-p/neo_7b,f11_guilt,POLE,40,0,0,0,0,0,0,0,0,0,0,0,0,0,0,0,0,0,0,4,0,0,4,30,0,0,0,0,0,0,0,0,0,0,0,0,0,0,0,0,0,0,3,0,0,3
m-a-p/neo_7b,f11_holy,POLE,40,0,0,0,0,0,0,0,0,0,0,0,0,0,0,0,2,0,0,0,0,0,2,35,0,0,0,0,0,0,0,0,0,0,0,0,0,0,0,2,0,0,0,0,0,2
m-a-p/neo_7b,f11_holy_b,BOTH,20,0,0,0,0,0,0,0,0,0,0,0,0,0,0,0,2,0,0,0,0,0,2,16,0,0,0,0,0,0,0,0,0,0,0,0,0,0,0,1,0,0,0,0,0,1
m-a-p/neo_7b,f11_holy_b,POLE,40,0,0,0,0,0,0,0,0,0,0,0,0,0,0,0,3,0,0,1,0,0,4,32,0,0,0,0,0,0,0,0,0,0,0,0,0,0,0,3,0,0,1,0,0,4
m-a-p/neo_7b,f11_love,BOTH,20,0,0,1,0,0,0,0,0,0,0,0,0,0,0,0,2,0,1,0,0,1,3,15,0,0,1,0,0,0,0,0,0,0,0,0,0,0,0,1,0,0,0,0,1,1
m-a-p/neo_7b,f11_love,POLE,40,0,2,1,0,0,0,0,0,0,0,0,0,0,0,0,1,0,1,0,0,3,2,24,0,0,0,0,0,0,0,0,0,0,0,0,0,0,0,0,0,1,0,0,0,1
m-a-p/neo_7b,f11_love_he,BOTH,20,0,0,0,0,0,0,0,0,0,0,0,0,0,0,0,1,0,0,0,0,0,1,16,0,0,0,0,0,0,0,0,0,0,0,0,0,0,0,0,0,0,0,0,0,0
m-a-p/neo_7b,f11_love_he,POLE,40,0,1,0,0,0,0,0,0,0,0,0,0,0,0,0,0,0,0,1,0,1,1,30,0,1,0,0,0,0,0,0,0,0,0,0,0,0,0,0,0,0,1,0,1,1
m-a-p/neo_7b,f11_loyal,BOTH,20,1,1,0,0,0,0,0,0,0,0,0,0,0,0,0,1,0,0,0,0,2,1,10,0,0,0,0,0,0,0,0,0,0,0,0,0,0,0,0,0,0,0,0,0,0
m-a-p/neo_7b,f11_loyal,POLE,40,0,0,0,0,1,0,0,0,0,1,0,0,0,0,0,0,0,0,0,0,2,0,23,0,0,0,0,1,0,0,0,0,1,0,0,0,0,0,0,0,0,0,0,2,0
m-a-p/neo_7b,f11_parent,BOTH,20,0,0,0,0,0,0,0,0,0,0,0,0,0,0,0,0,0,0,0,0,0,0,10,0,0,0,0,0,0,0,0,0,0,0,0,0,0,0,0,0,0,0,0,0,0
m-a-p/neo_7b,f11_parent,POLE,40,0,0,0,0,0,0,0,0,0,0,0,0,0,0,0,1,0,0,2,0,0,3,23,0,0,0,0,0,0,0,0,0,0,0,0,0,0,0,0,0,0,1,0,0,1
m-a-p/neo_7b,f11_reason,BOTH,20,0,0,1,1,0,0,0,0,0,1,0,0,0,0,0,2,0,0,0,1,1,3,8,0,0,1,1,0,0,0,0,0,1,0,0,0,0,0,2,0,0,0,1,1,3
m-a-p/neo_7b,f11_reason,POLE,40,0,0,0,0,0,0,0,0,0,0,0,0,0,0,0,1,0,0,0,0,0,1,19,0,0,0,0,0,0,0,0,0,0,0,0,0,0,0,0,0,0,0,0,0,0
m-a-p/neo_7b,f11_sensation,BOTH,20,0,0,0,0,0,0,0,0,0,0,0,0,0,0,0,2,0,0,0,0,0,2,13,0,0,0,0,0,0,0,0,0,0,0,0,0,0,0,0,0,0,0,0,0,0
m-a-p/neo_7b,f11_sensation,POLE,40,0,0,0,0,0,0,0,0,0,0,0,0,0,0,0,2,0,0,0,0,0,2,33,0,0,0,0,0,0,0,0,0,0,0,0,0,0,0,1,0,0,0,0,0,1
m-a-p/neo_7b,f11_species,BOTH,20,0,0,0,0,0,0,0,0,0,0,0,0,0,0,0,0,0,0,0,0,0,0,18,0,0,0,0,0,0,0,0,0,0,0,0,0,0,0,0,0,0,0,0,0,0
m-a-p/neo_7b,f11_species,POLE,40,0,0,0,0,0,0,0,0,0,0,0,0,0,0,0,1,0,0,0,0,0,1,29,0,0,0,0,0,0,0,0,0,0,0,0,0,0,0,0,0,0,0,0,0,0
m-a-p/neo_7b,f11_trust,BOTH,20,0,0,1,0,0,0,0,0,0,0,0,0,0,0,0,0,0,0,0,0,1,0,16,0,0,1,0,0,0,0,0,0,0,0,0,0,0,0,0,0,0,0,0,1,0
m-a-p/neo_7b,f11_trust,POLE,40,0,0,0,0,1,0,0,0,0,0,0,0,0,0,0,0,0,0,0,0,1,0,30,0,0,0,0,0,0,0,0,0,0,0,0,0,0,0,0,0,0,0,0,0,0
m-a-p/neo_7b_instruct_v0.1,f11_beauty,BOTH,20,0,0,0,0,0,0,0,0,0,0,0,0,0,0,0,1,0,0,0,0,0,1,12,0,0,0,0,0,0,0,0,0,0,0,0,0,0,0,1,0,0,0,0,0,1
m-a-p/neo_7b_instruct_v0.1,f11_beauty,POLE,40,0,0,0,0,0,0,0,0,0,0,0,0,0,0,0,2,0,0,0,0,0,2,24,0,0,0,0,0,0,0,0,0,0,0,0,0,0,0,2,0,0,0,0,0,2
m-a-p/neo_7b_instruct_v0.1,f11_beauty_ugly,BOTH,20,0,0,0,0,0,0,0,0,0,0,0,0,0,0,0,0,0,0,0,0,0,0,15,0,0,0,0,0,0,0,0,0,0,0,0,0,0,0,0,0,0,0,0,0,0
m-a-p/neo_7b_instruct_v0.1,f11_beauty_ugly,POLE,20,0,0,0,0,0,0,0,0,0,0,0,0,0,0,0,1,0,0,0,0,0,1,13,0,0,0,0,0,0,0,0,0,0,0,0,0,0,0,1,0,0,0,0,0,1
m-a-p/neo_7b_instruct_v0.1,f11_captive,BOTH,20,0,0,0,0,0,0,0,0,0,0,0,0,0,0,0,1,0,0,0,0,0,1,12,0,0,0,0,0,0,0,0,0,0,0,0,0,0,0,0,0,0,0,0,0,0
m-a-p/neo_7b_instruct_v0.1,f11_captive,POLE,40,0,1,0,0,0,0,0,0,0,0,0,0,0,0,0,0,0,0,0,0,1,0,23,0,0,0,0,0,0,0,0,0,0,0,0,0,0,0,0,0,0,0,0,0,0
m-a-p/neo_7b_instruct_v0.1,f11_captive_b,BOTH,20,0,0,0,0,0,0,0,0,0,0,0,0,0,0,0,1,0,0,0,0,0,1,13,0,0,0,0,0,0,0,0,0,0,0,0,0,0,0,0,0,0,0,0,0,0
m-a-p/neo_7b_instruct_v0.1,f11_captive_b,POLE,40,0,0,1,0,0,0,0,0,0,0,0,0,0,0,0,1,0,0,0,0,1,1,26,0,0,1,0,0,0,0,0,0,0,0,0,0,0,0,1,0,0,0,0,1,1
m-a-p/neo_7b_instruct_v0.1,f11_class,BOTH,20,0,0,0,0,0,0,0,0,0,0,0,0,0,0,0,0,0,0,0,0,0,0,9,0,0,0,0,0,0,0,0,0,0,0,0,0,0,0,0,0,0,0,0,0,0
m-a-p/neo_7b_instruct_v0.1,f11_class,POLE,40,0,0,1,0,0,0,0,0,0,0,0,0,0,0,0,3,0,0,0,1,1,4,29,0,0,1,0,0,0,0,0,0,0,0,0,0,0,0,2,0,0,0,1,1,3
m-a-p/neo_7b_instruct_v0.1,f11_create,BOTH,20,0,0,0,0,0,0,0,0,0,0,0,0,0,0,0,0,0,0,0,0,0,0,12,0,0,0,0,0,0,0,0,0,0,0,0,0,0,0,0,0,0,0,0,0,0
m-a-p/neo_7b_instruct_v0.1,f11_create,POLE,40,0,0,0,0,0,0,0,0,0,0,0,0,0,0,0,0,0,1,0,0,0,1,23,0,0,0,0,0,0,0,0,0,0,0,0,0,0,0,0,0,1,0,0,0,1
m-a-p/neo_7b_instruct_v0.1,f11_desire,BOTH,20,0,1,0,0,0,0,0,0,0,0,0,0,0,0,0,0,0,0,1,0,1,1,13,0,0,0,0,0,0,0,0,0,0,0,0,0,0,0,0,0,0,0,0,0,0
m-a-p/neo_7b_instruct_v0.1,f11_desire,POLE,40,0,1,1,0,0,0,0,0,0,0,0,0,0,0,0,0,0,0,0,0,2,0,28,0,1,1,0,0,0,0,0,0,0,0,0,0,0,0,0,0,0,0,0,2,0
m-a-p/neo_7b_instruct_v0.1,f11_faithful,BOTH,20,0,0,0,0,0,0,0,0,0,0,0,0,0,0,0,0,0,0,0,0,0,0,12,0,0,0,0,0,0,0,0,0,0,0,0,0,0,0,0,0,0,0,0,0,0
m-a-p/neo_7b_instruct_v0.1,f11_faithful,POLE,40,0,0,0,0,0,0,0,0,0,0,0,0,0,0,0,0,0,0,1,0,0,1,30,0,0,0,0,0,0,0,0,0,0,0,0,0,0,0,0,0,0,1,0,0,1
m-a-p/neo_7b_instruct_v0.1,f11_gender,POLE,40,0,1,0,0,0,0,0,0,0,0,0,0,0,0,0,0,0,0,0,0,1,0,18,0,1,0,0,0,0,0,0,0,0,0,0,0,0,0,0,0,0,0,0,1,0
m-a-p/neo_7b_instruct_v0.1,f11_gender_he,BOTH,20,0,0,0,0,0,0,0,0,0,0,0,0,0,0,0,0,0,0,0,0,0,0,15,0,0,0,0,0,0,0,0,0,0,0,0,0,0,0,0,0,0,0,0,0,0
m-a-p/neo_7b_instruct_v0.1,f11_gender_he,POLE,40,0,2,1,0,0,0,0,0,0,1,0,0,0,0,0,0,0,0,1,1,4,2,20,0,1,1,0,0,0,0,0,0,0,0,0,0,0,0,0,0,0,1,0,2,1
m-a-p/neo_7b_instruct_v0.1,f11_gender_she,BOTH,20,0,0,0,0,0,0,0,0,0,0,0,0,0,0,0,1,0,0,0,0,0,1,14,0,0,0,0,0,0,0,0,0,0,0,0,0,0,0,0,0,0,0,0,0,0
m-a-p/neo_7b_instruct_v0.1,f11_gender_she,POLE,40,0,0,0,0,1,0,0,0,0,0,0,0,0,0,0,1,0,0,0,1,1,2,31,0,0,0,0,0,0,0,0,0,0,0,0,0,0,0,0,0,0,0,1,0,1
m-a-p/neo_7b_instruct_v0.1,f11_guilt,BOTH,20,0,0,0,0,0,0,0,0,0,0,0,0,0,0,0,1,0,0,2,0,0,3,13,0,0,0,0,0,0,0,0,0,0,0,0,0,0,0,1,0,0,2,0,0,3
m-a-p/neo_7b_instruct_v0.1,f11_guilt,POLE,40,0,2,0,0,0,0,0,0,0,0,0,0,0,0,0,0,0,0,7,1,2,8,27,0,1,0,0,0,0,0,0,0,0,0,0,0,0,0,0,0,0,6,0,1,6
m-a-p/neo_7b_instruct_v0.1,f11_holy,POLE,40,0,0,1,0,0,0,0,0,0,0,0,0,0,0,0,2,0,0,0,0,1,2,27,0,0,1,0,0,0,0,0,0,0,0,0,0,0,0,2,0,0,0,0,1,2
m-a-p/neo_7b_instruct_v0.1,f11_holy_b,BOTH,20,0,0,0,0,0,0,0,0,0,0,0,0,0,0,0,0,0,0,0,0,0,0,14,0,0,0,0,0,0,0,0,0,0,0,0,0,0,0,0,0,0,0,0,0,0
m-a-p/neo_7b_instruct_v0.1,f11_holy_b,POLE,40,0,0,0,0,0,0,0,0,0,0,0,0,0,0,0,1,0,0,0,0,0,1,27,0,0,0,0,0,0,0,0,0,0,0,0,0,0,0,0,0,0,0,0,0,0
m-a-p/neo_7b_instruct_v0.1,f11_love,BOTH,20,0,0,0,0,0,0,0,0,0,0,0,0,0,0,0,2,0,0,0,0,0,2,14,0,0,0,0,0,0,0,0,0,0,0,0,0,0,0,2,0,0,0,0,0,2
m-a-p/neo_7b_instruct_v0.1,f11_love,POLE,40,0,2,0,0,0,0,0,0,0,0,0,0,0,0,0,0,0,1,0,0,2,1,30,0,1,0,0,0,0,0,0,0,0,0,0,0,0,0,0,0,1,0,0,1,1
m-a-p/neo_7b_instruct_v0.1,f11_love_he,BOTH,20,1,0,1,0,0,0,0,0,0,0,0,0,0,0,0,1,0,0,0,0,2,1,12,0,0,0,0,0,0,0,0,0,0,0,0,0,0,0,0,0,0,0,0,0,0
m-a-p/neo_7b_instruct_v0.1,f11_love_he,POLE,40,0,0,0,0,0,0,0,0,0,0,0,0,0,0,0,0,0,0,0,0,0,0,25,0,0,0,0,0,0,0,0,0,0,0,0,0,0,0,0,0,0,0,0,0,0
m-a-p/neo_7b_instruct_v0.1,f11_loyal,BOTH,20,1,1,0,0,0,0,0,0,0,0,0,0,0,0,0,0,0,0,0,0,2,0,12,0,0,0,0,0,0,0,0,0,0,0,0,0,0,0,0,0,0,0,0,0,0
m-a-p/neo_7b_instruct_v0.1,f11_loyal,POLE,40,1,0,0,0,0,0,0,0,0,0,0,0,0,0,0,3,0,0,1,0,1,4,20,1,0,0,0,0,0,0,0,0,0,0,0,0,0,0,2,0,0,0,0,1,2
m-a-p/neo_7b_instruct_v0.1,f11_parent,BOTH,20,0,0,0,0,0,0,0,0,0,0,0,0,0,0,0,0,0,0,0,1,0,1,13,0,0,0,0,0,0,0,0,0,0,0,0,0,0,0,0,0,0,0,1,0,1
m-a-p/neo_7b_instruct_v0.1,f11_parent,POLE,40,0,0,0,0,0,0,0,0,0,0,0,0,0,0,0,3,0,0,0,0,0,3,18,0,0,0,0,0,0,0,0,0,0,0,0,0,0,0,0,0,0,0,0,0,0
m-a-p/neo_7b_instruct_v0.1,f11_reason,BOTH,20,0,0,2,0,1,0,0,0,0,1,0,0,0,0,0,0,0,1,0,0,4,1,10,0,0,0,0,0,0,0,0,0,1,0,0,0,0,0,0,0,1,0,0,1,1
m-a-p/neo_7b_instruct_v0.1,f11_reason,POLE,40,0,1,0,0,0,0,0,0,0,0,0,0,0,0,0,2,0,0,0,0,1,2,19,0,0,0,0,0,0,0,0,0,0,0,0,0,0,0,1,0,0,0,0,0,1
m-a-p/neo_7b_instruct_v0.1,f11_sensation,BOTH,20,0,1,0,0,0,0,0,0,0,0,0,0,0,0,0,0,0,0,0,0,1,0,16,0,1,0,0,0,0,0,0,0,0,0,0,0,0,0,0,0,0,0,0,1,0
m-a-p/neo_7b_instruct_v0.1,f11_sensation,POLE,40,0,0,0,1,0,0,0,0,0,0,0,0,0,0,0,0,0,1,2,0,1,3,31,0,0,0,1,0,0,0,0,0,0,0,0,0,0,0,0,0,0,2,0,1,2
m-a-p/neo_7b_instruct_v0.1,f11_species,BOTH,20,0,0,0,0,0,0,0,0,0,0,0,0,0,0,0,1,0,0,0,0,0,1,13,0,0,0,0,0,0,0,0,0,0,0,0,0,0,0,0,0,0,0,0,0,0
m-a-p/neo_7b_instruct_v0.1,f11_species,POLE,40,0,0,0,0,0,0,0,0,0,0,0,0,0,0,0,1,0,0,0,0,0,1,30,0,0,0,0,0,0,0,0,0,0,0,0,0,0,0,0,0,0,0,0,0,0
m-a-p/neo_7b_instruct_v0.1,f11_trust,BOTH,20,0,1,0,0,0,0,0,0,0,0,0,0,0,0,0,1,0,0,0,0,1,1,13,0,0,0,0,0,0,0,0,0,0,0,0,0,0,0,1,0,0,0,0,0,1
m-a-p/neo_7b_instruct_v0.1,f11_trust,POLE,40,0,0,0,0,0,0,0,0,0,0,0,0,0,0,0,0,0,0,0,0,0,0,23,0,0,0,0,0,0,0,0,0,0,0,0,0,0,0,0,0,0,0,0,0,0
meta-llama/Llama-3.1-8B,f11_beauty,BOTH,20,0,0,1,0,0,0,0,0,0,0,0,0,0,0,0,0,0,0,0,0,1,0,17,0,0,1,0,0,0,0,0,0,0,0,0,0,0,0,0,0,0,0,0,1,0
meta-llama/Llama-3.1-8B,f11_beauty,POLE,40,0,0,1,0,0,0,0,0,0,0,0,0,0,0,0,1,0,0,0,0,1,1,32,0,0,1,0,0,0,0,0,0,0,0,0,0,0,0,0,0,0,0,0,1,0
meta-llama/Llama-3.1-8B,f11_beauty_ugly,BOTH,20,0,0,0,0,0,0,0,0,0,0,0,0,0,0,0,0,0,1,0,0,0,1,16,0,0,0,0,0,0,0,0,0,0,0,0,0,0,0,0,0,1,0,0,0,1
meta-llama/Llama-3.1-8B,f11_beauty_ugly,POLE,20,0,0,1,0,0,0,0,0,0,0,0,0,0,0,0,0,0,1,0,0,1,1,14,0,0,1,0,0,0,0,0,0,0,0,0,0,0,0,0,0,1,0,0,1,1
meta-llama/Llama-3.1-8B,f11_captive,BOTH,20,0,0,0,0,0,0,0,0,0,1,0,0,0,0,0,0,0,0,0,0,1,0,16,0,0,0,0,0,0,0,0,0,0,0,0,0,0,0,0,0,0,0,0,0,0
meta-llama/Llama-3.1-8B,f11_captive,POLE,40,0,0,0,0,0,0,0,0,0,0,0,0,0,0,0,2,0,0,0,0,0,2,31,0,0,0,0,0,0,0,0,0,0,0,0,0,0,0,2,0,0,0,0,0,2
meta-llama/Llama-3.1-8B,f11_captive_b,BOTH,20,0,0,0,0,0,0,0,0,0,0,0,0,0,0,0,0,0,0,0,0,0,0,13,0,0,0,0,0,0,0,0,0,0,0,0,0,0,0,0,0,0,0,0,0,0
meta-llama/Llama-3.1-8B,f11_captive_b,POLE,40,1,0,0,0,0,0,0,0,0,1,0,0,0,0,0,0,0,1,0,0,2,1,31,1,0,0,0,0,0,0,0,0,1,0,0,0,0,0,0,0,0,0,0,2,0
meta-llama/Llama-3.1-8B,f11_class,BOTH,20,0,0,0,0,0,0,0,0,0,0,0,0,0,0,0,0,0,0,0,0,0,0,16,0,0,0,0,0,0,0,0,0,0,0,0,0,0,0,0,0,0,0,0,0,0
meta-llama/Llama-3.1-8B,f11_class,POLE,40,0,0,0,0,0,0,0,0,0,0,0,0,0,0,0,1,0,1,0,0,0,2,32,0,0,0,0,0,0,0,0,0,0,0,0,0,0,0,1,0,1,0,0,0,2
meta-llama/Llama-3.1-8B,f11_create,BOTH,20,0,0,0,0,0,0,0,0,0,0,0,0,0,0,0,1,0,0,0,0,0,1,15,0,0,0,0,0,0,0,0,0,0,0,0,0,0,0,1,0,0,0,0,0,1
meta-llama/Llama-3.1-8B,f11_create,POLE,40,0,0,1,0,0,0,0,0,0,0,0,0,0,0,0,3,0,0,0,0,1,3,25,0,0,1,0,0,0,0,0,0,0,0,0,0,0,0,1,0,0,0,0,1,1
meta-llama/Llama-3.1-8B,f11_desire,BOTH,20,0,0,0,0,0,0,0,0,0,0,0,0,0,0,0,0,0,0,0,0,0,0,16,0,0,0,0,0,0,0,0,0,0,0,0,0,0,0,0,0,0,0,0,0,0
meta-llama/Llama-3.1-8B,f11_desire,POLE,40,0,0,0,0,0,0,0,0,0,0,0,0,0,0,0,2,0,0,0,0,0,2,31,0,0,0,0,0,0,0,0,0,0,0,0,0,0,0,1,0,0,0,0,0,1
meta-llama/Llama-3.1-8B,f11_faithful,BOTH,20,0,0,0,0,0,0,0,0,0,0,0,0,0,0,0,0,0,0,1,0,0,1,18,0,0,0,0,0,0,0,0,0,0,0,0,0,0,0,0,0,0,1,0,0,1
meta-llama/Llama-3.1-8B,f11_faithful,POLE,40,0,0,1,0,0,0,0,0,0,0,0,0,0,0,0,0,0,1,0,0,1,1,30,0,0,1,0,0,0,0,0,0,0,0,0,0,0,0,0,0,1,0,0,1,1
meta-llama/Llama-3.1-8B,f11_gender,POLE,40,0,0,0,0,0,0,0,0,0,0,0,0,0,0,0,1,0,0,0,0,0,1,30,0,0,0,0,0,0,0,0,0,0,0,0,0,0,0,1,0,0,0,0,0,1
meta-llama/Llama-3.1-8B,f11_gender_he,BOTH,20,0,0,0,0,0,0,0,0,0,0,0,0,0,0,0,0,0,1,0,1,0,2,13,0,0,0,0,0,0,0,0,0,0,0,0,0,0,0,0,0,0,0,1,0,1
meta-llama/Llama-3.1-8B,f11_gender_he,POLE,40,0,0,0,0,0,0,0,0,0,0,0,0,0,0,0,1,0,0,0,1,0,2,29,0,0,0,0,0,0,0,0,0,0,0,0,0,0,0,1,0,0,0,1,0,2
meta-llama/Llama-3.1-8B,f11_gender_she,BOTH,20,0,0,0,0,0,0,0,0,0,0,0,0,0,0,0,1,0,0,0,0,0,1,16,0,0,0,0,0,0,0,0,0,0,0,0,0,0,0,1,0,0,0,0,0,1
meta-llama/Llama-3.1-8B,f11_gender_she,POLE,40,0,0,1,0,0,0,0,0,0,0,0,0,0,0,0,2,0,0,0,0,1,2,30,0,0,1,0,0,0,0,0,0,0,0,0,0,0,0,0,0,0,0,0,1,0
meta-llama/Llama-3.1-8B,f11_guilt,BOTH,20,0,0,0,0,0,0,0,0,0,0,0,0,0,0,0,0,0,0,4,0,0,4,15,0,0,0,0,0,0,0,0,0,0,0,0,0,0,0,0,0,0,3,0,0,3
meta-llama/Llama-3.1-8B,f11_guilt,POLE,40,1,0,0,0,0,0,0,0,0,0,0,0,0,0,0,4,0,0,2,0,1,5,32,1,0,0,0,0,0,0,0,0,0,0,0,0,0,0,1,0,0,1,0,1,2
meta-llama/Llama-3.1-8B,f11_holy,POLE,40,0,0,0,0,0,0,0,0,0,0,0,0,0,0,0,3,0,0,0,0,0,3,37,0,0,0,0,0,0,0,0,0,0,0,0,0,0,0,3,0,0,0,0,0,3
meta-llama/Llama-3.1-8B,f11_holy_b,BOTH,20,0,0,0,0,0,0,0,0,0,0,0,0,0,0,0,0,0,0,0,0,0,0,16,0,0,0,0,0,0,0,0,0,0,0,0,0,0,0,0,0,0,0,0,0,0
meta-llama/Llama-3.1-8B,f11_holy_b,POLE,40,0,0,0,0,0,0,0,0,0,0,0,0,0,0,0,1,0,0,0,0,0,1,35,0,0,0,0,0,0,0,0,0,0,0,0,0,0,0,1,0,0,0,0,0,1
meta-llama/Llama-3.1-8B,f11_love,BOTH,20,0,0,2,0,0,0,0,0,0,0,0,0,0,0,0,1,0,0,0,0,2,1,19,0,0,2,0,0,0,0,0,0,0,0,0,0,0,0,1,0,0,0,0,2,1
meta-llama/Llama-3.1-8B,f11_love,POLE,40,1,0,0,0,0,0,0,0,0,0,0,0,0,0,0,1,0,0,0,0,1,1,36,1,0,0,0,0,0,0,0,0,0,0,0,0,0,0,1,0,0,0,0,1,1
meta-llama/Llama-3.1-8B,f11_love_he,BOTH,20,0,0,1,0,0,0,0,0,0,0,0,0,0,0,0,1,0,0,1,0,1,2,19,0,0,1,0,0,0,0,0,0,0,0,0,0,0,0,1,0,0,1,0,1,2
meta-llama/Llama-3.1-8B,f11_love_he,POLE,40,0,0,0,0,0,0,0,0,0,0,0,0,0,0,0,0,0,0,0,0,0,0,33,0,0,0,0,0,0,0,0,0,0,0,0,0,0,0,0,0,0,0,0,0,0
meta-llama/Llama-3.1-8B,f11_loyal,BOTH,20,0,0,0,0,0,0,0,0,0,0,0,0,0,0,0,0,0,0,0,0,0,0,14,0,0,0,0,0,0,0,0,0,0,0,0,0,0,0,0,0,0,0,0,0,0
meta-llama/Llama-3.1-8B,f11_loyal,POLE,40,0,0,0,0,0,0,0,0,0,0,0,0,0,0,0,1,0,0,0,0,0,1,27,0,0,0,0,0,0,0,0,0,0,0,0,0,0,0,1,0,0,0,0,0,1
meta-llama/Llama-3.1-8B,f11_parent,BOTH,20,0,0,0,0,0,0,0,0,0,0,0,0,0,0,0,0,0,0,0,0,0,0,17,0,0,0,0,0,0,0,0,0,0,0,0,0,0,0,0,0,0,0,0,0,0
meta-llama/Llama-3.1-8B,f11_parent,POLE,40,0,0,0,0,0,0,0,0,0,0,0,0,0,0,0,2,0,1,0,0,0,3,29,0,0,0,0,0,0,0,0,0,0,0,0,0,0,0,1,0,1,0,0,0,2
meta-llama/Llama-3.1-8B,f11_reason,BOTH,20,0,0,0,0,2,0,0,0,0,0,0,0,0,0,0,0,0,0,0,0,2,0,16,0,0,0,0,2,0,0,0,0,0,0,0,0,0,0,0,0,0,0,0,2,0
meta-llama/Llama-3.1-8B,f11_reason,POLE,40,0,0,0,0,1,0,0,0,0,0,0,0,0,0,0,2,0,0,1,0,1,3,31,0,0,0,0,1,0,0,0,0,0,0,0,0,0,0,2,0,0,0,0,1,2
meta-llama/Llama-3.1-8B,f11_sensation,BOTH,20,0,0,0,0,0,0,0,0,0,0,0,0,0,0,0,0,0,0,0,0,0,0,19,0,0,0,0,0,0,0,0,0,0,0,0,0,0,0,0,0,0,0,0,0,0
meta-llama/Llama-3.1-8B,f11_sensation,POLE,40,0,0,1,0,0,0,0,0,0,0,0,0,0,0,0,0,0,0,0,0,1,0,35,0,0,1,0,0,0,0,0,0,0,0,0,0,0,0,0,0,0,0,0,1,0
meta-llama/Llama-3.1-8B,f11_species,BOTH,20,0,0,0,0,0,0,0,0,0,0,0,0,0,0,0,0,0,0,0,0,0,0,20,0,0,0,0,0,0,0,0,0,0,0,0,0,0,0,0,0,0,0,0,0,0
meta-llama/Llama-3.1-8B,f11_species,POLE,40,0,0,0,0,0,0,0,0,0,0,0,0,0,0,0,0,0,0,0,0,0,0,34,0,0,0,0,0,0,0,0,0,0,0,0,0,0,0,0,0,0,0,0,0,0
meta-llama/Llama-3.1-8B,f11_trust,BOTH,20,0,0,0,0,0,0,0,0,0,0,0,0,0,0,0,0,0,0,0,0,0,0,13,0,0,0,0,0,0,0,0,0,0,0,0,0,0,0,0,0,0,0,0,0,0
meta-llama/Llama-3.1-8B,f11_trust,POLE,40,0,0,0,0,0,0,0,0,0,0,0,0,0,0,0,1,0,1,0,0,0,2,34,0,0,0,0,0,0,0,0,0,0,0,0,0,0,0,1,0,1,0,0,0,2
meta-llama/Llama-3.1-8B-Instruct,f11_beauty,BOTH,20,0,0,0,0,1,0,0,0,0,0,0,0,0,0,0,0,0,0,0,0,1,0,17,0,0,0,0,1,0,0,0,0,0,0,0,0,0,0,0,0,0,0,0,1,0
meta-llama/Llama-3.1-8B-Instruct,f11_beauty,POLE,40,0,0,0,0,0,0,0,0,0,0,0,0,0,0,0,0,0,0,0,0,0,0,29,0,0,0,0,0,0,0,0,0,0,0,0,0,0,0,0,0,0,0,0,0,0
meta-llama/Llama-3.1-8B-Instruct,f11_beauty_ugly,BOTH,20,0,0,0,0,0,0,0,0,0,0,0,0,0,0,0,0,0,0,0,0,0,0,18,0,0,0,0,0,0,0,0,0,0,0,0,0,0,0,0,0,0,0,0,0,0
meta-llama/Llama-3.1-8B-Instruct,f11_beauty_ugly,POLE,20,0,0,0,0,0,0,0,0,0,0,0,0,0,0,0,1,0,0,0,0,0,1,17,0,0,0,0,0,0,0,0,0,0,0,0,0,0,0,0,0,0,0,0,0,0
meta-llama/Llama-3.1-8B-Instruct,f11_captive,BOTH,20,0,0,1,0,0,0,0,0,0,0,0,0,0,0,0,0,0,1,0,0,1,1,11,0,0,1,0,0,0,0,0,0,0,0,0,0,0,0,0,0,0,0,0,1,0
meta-llama/Llama-3.1-8B-Instruct,f11_captive,POLE,40,0,1,0,0,0,0,0,0,0,0,0,0,0,0,0,1,0,0,0,0,1,1,27,0,1,0,0,0,0,0,0,0,0,0,0,0,0,0,1,0,0,0,0,1,1
meta-llama/Llama-3.1-8B-Instruct,f11_captive_b,BOTH,20,0,0,0,0,0,0,0,0,0,0,0,0,0,0,0,0,0,0,0,0,0,0,15,0,0,0,0,0,0,0,0,0,0,0,0,0,0,0,0,0,0,0,0,0,0
meta-llama/Llama-3.1-8B-Instruct,f11_captive_b,POLE,40,0,0,0,0,0,0,0,0,0,0,0,0,0,0,0,1,0,0,0,0,0,1,29,0,0,0,0,0,0,0,0,0,0,0,0,0,0,0,0,0,0,0,0,0,0
meta-llama/Llama-3.1-8B-Instruct,f11_class,BOTH,20,0,0,1,0,0,0,0,0,0,1,0,0,0,0,0,0,0,0,0,0,2,0,18,0,0,1,0,0,0,0,0,0,1,0,0,0,0,0,0,0,0,0,0,2,0
meta-llama/Llama-3.1-8B-Instruct,f11_class,POLE,40,0,0,0,0,0,0,0,0,0,0,0,0,0,0,0,0,0,0,0,0,0,0,28,0,0,0,0,0,0,0,0,0,0,0,0,0,0,0,0,0,0,0,0,0,0
meta-llama/Llama-3.1-8B-Instruct,f11_create,BOTH,20,0,1,0,0,0,0,0,0,0,0,0,0,0,0,0,0,0,0,0,0,1,0,14,0,1,0,0,0,0,0,0,0,0,0,0,0,0,0,0,0,0,0,0,1,0
meta-llama/Llama-3.1-8B-Instruct,f11_create,POLE,40,1,0,0,1,0,0,0,0,0,0,0,0,0,0,0,0,0,0,0,0,2,0,28,0,0,0,0,0,0,0,0,0,0,0,0,0,0,0,0,0,0,0,0,0,0
meta-llama/Llama-3.1-8B-Instruct,f11_desire,BOTH,20,0,1,0,0,1,0,0,0,0,0,0,0,0,0,0,2,0,0,0,0,1,2,14,0,1,0,0,1,0,0,0,0,0,0,0,0,0,0,2,0,0,0,0,1,2
meta-llama/Llama-3.1-8B-Instruct,f11_desire,POLE,40,0,0,1,0,0,0,0,0,0,1,0,0,0,0,0,1,0,0,0,0,2,1,31,0,0,1,0,0,0,0,0,0,1,0,0,0,0,0,1,0,0,0,0,2,1
meta-llama/Llama-3.1-8B-Instruct,f11_faithful,BOTH,20,0,0,0,0,0,0,0,0,0,0,0,0,0,0,0,0,0,0,0,1,0,1,12,0,0,0,0,0,0,0,0,0,0,0,0,0,0,0,0,0,0,0,1,0,1
meta-llama/Llama-3.1-8B-Instruct,f11_faithful,POLE,40,0,0,0,0,0,0,0,0,0,0,0,0,0,0,0,1,0,0,0,0,0,1,22,0,0,0,0,0,0,0,0,0,0,0,0,0,0,0,0,0,0,0,0,0,0
meta-llama/Llama-3.1-8B-Instruct,f11_gender,POLE,40,1,0,0,0,0,0,0,0,0,0,0,0,0,0,0,4,0,0,1,0,1,5,21,1,0,0,0,0,0,0,0,0,0,0,0,0,0,0,2,0,0,1,0,1,3
meta-llama/Llama-3.1-8B-Instruct,f11_gender_he,BOTH,20,0,0,0,0,0,0,0,0,0,0,0,0,0,0,0,0,0,0,0,0,0,0,15,0,0,0,0,0,0,0,0,0,0,0,0,0,0,0,0,0,0,0,0,0,0
meta-llama/Llama-3.1-8B-Instruct,f11_gender_he,POLE,40,0,1,0,1,0,0,0,0,0,0,0,0,0,0,0,1,0,0,0,0,2,1,29,0,1,0,0,0,0,0,0,0,0,0,0,0,0,0,0,0,0,0,0,1,0
meta-llama/Llama-3.1-8B-Instruct,f11_gender_she,BOTH,20,0,0,2,0,0,0,0,0,0,1,0,0,0,0,0,0,0,0,0,0,3,0,14,0,0,1,0,0,0,0,0,0,1,0,0,0,0,0,0,0,0,0,0,2,0
meta-llama/Llama-3.1-8B-Instruct,f11_gender_she,POLE,40,0,1,0,0,0,0,0,0,0,0,0,0,0,0,0,1,0,0,0,0,1,1,30,0,1,0,0,0,0,0,0,0,0,0,0,0,0,0,1,0,0,0,0,1,1
meta-llama/Llama-3.1-8B-Instruct,f11_guilt,BOTH,20,1,0,0,0,0,0,0,0,0,0,0,0,0,0,0,0,0,0,1,0,1,1,16,1,0,0,0,0,0,0,0,0,0,0,0,0,0,0,0,0,0,1,0,1,1
meta-llama/Llama-3.1-8B-Instruct,f11_guilt,POLE,40,0,0,1,0,0,0,0,0,0,0,0,0,0,0,0,1,0,0,6,0,1,7,26,0,0,1,0,0,0,0,0,0,0,0,0,0,0,0,0,0,0,2,0,1,2
meta-llama/Llama-3.1-8B-Instruct,f11_holy,POLE,40,0,0,0,0,0,0,0,0,0,0,0,0,0,0,0,0,0,0,0,0,0,0,32,0,0,0,0,0,0,0,0,0,0,0,0,0,0,0,0,0,0,0,0,0,0
meta-llama/Llama-3.1-8B-Instruct,f11_holy_b,BOTH,20,0,0,0,0,0,0,0,0,0,0,0,0,0,0,0,0,0,0,0,0,0,0,17,0,0,0,0,0,0,0,0,0,0,0,0,0,0,0,0,0,0,0,0,0,0
meta-llama/Llama-3.1-8B-Instruct,f11_holy_b,POLE,40,0,0,0,0,0,0,0,0,0,0,0,0,0,0,0,0,0,0,0,0,0,0,28,0,0,0,0,0,0,0,0,0,0,0,0,0,0,0,0,0,0,0,0,0,0
meta-llama/Llama-3.1-8B-Instruct,f11_love,BOTH,20,1,0,2,0,0,0,0,0,0,0,0,0,0,0,0,0,0,0,0,0,3,0,17,1,0,2,0,0,0,0,0,0,0,0,0,0,0,0,0,0,0,0,0,3,0
meta-llama/Llama-3.1-8B-Instruct,f11_love,POLE,40,0,2,0,0,0,0,0,0,0,0,0,0,0,0,0,1,0,0,0,0,2,1,24,0,0,0,0,0,0,0,0,0,0,0,0,0,0,0,1,0,0,0,0,0,1
meta-llama/Llama-3.1-8B-Instruct,f11_love_he,BOTH,20,0,1,3,0,0,0,0,1,0,0,0,0,0,0,0,0,0,0,0,0,5,0,18,0,1,2,0,0,0,0,1,0,0,0,0,0,0,0,0,0,0,0,0,4,0
meta-llama/Llama-3.1-8B-Instruct,f11_love_he,POLE,40,0,0,0,1,0,0,0,0,0,0,0,0,0,0,0,2,0,0,0,0,1,2,31,0,0,0,1,0,0,0,0,0,0,0,0,0,0,0,1,0,0,0,0,1,1
meta-llama/Llama-3.1-8B-Instruct,f11_loyal,BOTH,20,0,0,0,0,0,0,0,0,0,0,0,0,0,0,0,0,0,0,0,0,0,0,16,0,0,0,0,0,0,0,0,0,0,0,0,0,0,0,0,0,0,0,0,0,0
meta-llama/Llama-3.1-8B-Instruct,f11_loyal,POLE,40,0,1,0,0,1,0,0,0,0,0,0,0,0,0,0,0,0,0,1,0,2,1,26,0,0,0,0,0,0,0,0,0,0,0,0,0,0,0,0,0,0,1,0,0,1
meta-llama/Llama-3.1-8B-Instruct,f11_parent,BOTH,20,0,0,0,0,0,0,0,0,0,0,0,0,0,0,0,0,0,0,0,1,0,1,11,0,0,0,0,0,0,0,0,0,0,0,0,0,0,0,0,0,0,0,1,0,1
meta-llama/Llama-3.1-8B-Instruct,f11_parent,POLE,40,1,0,0,0,0,0,0,0,0,0,0,0,0,0,0,1,0,0,0,0,1,1,24,0,0,0,0,0,0,0,0,0,0,0,0,0,0,0,0,0,0,0,0,0,0
meta-llama/Llama-3.1-8B-Instruct,f11_reason,BOTH,20,0,0,0,0,1,0,0,0,0,0,0,0,0,0,0,1,0,0,0,0,1,1,12,0,0,0,0,1,0,0,0,0,0,0,0,0,0,0,0,0,0,0,0,1,0
meta-llama/Llama-3.1-8B-Instruct,f11_reason,POLE,40,0,1,0,0,0,0,0,0,0,0,0,0,0,0,0,1,0,0,0,0,1,1,25,0,0,0,0,0,0,0,0,0,0,0,0,0,0,0,1,0,0,0,0,0,1
meta-llama/Llama-3.1-8B-Instruct,f11_sensation,BOTH,20,0,1,0,0,0,0,0,0,0,0,0,0,0,0,0,0,0,0,0,0,1,0,17,0,1,0,0,0,0,0,0,0,0,0,0,0,0,0,0,0,0,0,0,1,0
meta-llama/Llama-3.1-8B-Instruct,f11_sensation,POLE,40,0,0,0,0,0,0,0,0,0,0,0,0,0,0,0,0,0,0,0,0,0,0,35,0,0,0,0,0,0,0,0,0,0,0,0,0,0,0,0,0,0,0,0,0,0
meta-llama/Llama-3.1-8B-Instruct,f11_species,BOTH,20,0,0,0,0,0,0,0,0,0,1,0,0,0,0,0,0,0,0,0,0,1,0,15,0,0,0,0,0,0,0,0,0,1,0,0,0,0,0,0,0,0,0,0,1,0
meta-llama/Llama-3.1-8B-Instruct,f11_species,POLE,40,0,0,0,0,0,0,0,0,0,0,0,0,0,0,0,0,0,0,0,0,0,0,32,0,0,0,0,0,0,0,0,0,0,0,0,0,0,0,0,0,0,0,0,0,0
meta-llama/Llama-3.1-8B-Instruct,f11_trust,BOTH,20,0,0,0,0,0,0,0,0,0,0,0,0,0,0,0,0,0,1,0,0,0,1,13,0,0,0,0,0,0,0,0,0,0,0,0,0,0,0,0,0,1,0,0,0,1
meta-llama/Llama-3.1-8B-Instruct,f11_trust,POLE,40,0,0,0,0,1,0,0,0,0,0,0,0,0,0,0,1,0,0,0,0,1,1,30,0,0,0,0,1,0,0,0,0,0,0,0,0,0,0,0,0,0,0,0,1,0
mistralai/Mistral-7B-v0.1,f11_beauty,BOTH,20,0,0,0,0,0,0,0,0,0,0,0,0,0,0,0,0,0,0,0,0,0,0,18,0,0,0,0,0,0,0,0,0,0,0,0,0,0,0,0,0,0,0,0,0,0
mistralai/Mistral-7B-v0.1,f11_beauty,POLE,40,0,0,0,0,0,0,0,0,0,0,0,0,0,0,0,1,0,0,0,0,0,1,36,0,0,0,0,0,0,0,0,0,0,0,0,0,0,0,1,0,0,0,0,0,1
mistralai/Mistral-7B-v0.1,f11_beauty_ugly,BOTH,20,0,1,0,0,0,0,0,0,0,0,0,0,0,0,0,1,0,0,1,0,1,2,20,0,1,0,0,0,0,0,0,0,0,0,0,0,0,0,1,0,0,1,0,1,2
mistralai/Mistral-7B-v0.1,f11_beauty_ugly,POLE,20,0,0,0,0,0,0,0,0,0,0,0,0,0,0,0,0,0,0,0,0,0,0,17,0,0,0,0,0,0,0,0,0,0,0,0,0,0,0,0,0,0,0,0,0,0
mistralai/Mistral-7B-v0.1,f11_captive,BOTH,20,0,0,0,0,0,0,0,0,0,0,0,0,0,0,0,1,0,0,0,0,0,1,15,0,0,0,0,0,0,0,0,0,0,0,0,0,0,0,1,0,0,0,0,0,1
mistralai/Mistral-7B-v0.1,f11_captive,POLE,40,0,1,0,0,0,0,0,0,0,0,0,0,0,0,0,1,0,0,0,1,1,2,28,0,0,0,0,0,0,0,0,0,0,0,0,0,0,0,1,0,0,0,0,0,1
mistralai/Mistral-7B-v0.1,f11_captive_b,BOTH,20,0,0,0,0,0,0,0,0,0,0,0,0,0,0,0,0,0,0,1,0,0,1,12,0,0,0,0,0,0,0,0,0,0,0,0,0,0,0,0,0,0,1,0,0,1
mistralai/Mistral-7B-v0.1,f11_captive_b,POLE,40,0,1,0,0,0,0,0,0,0,0,0,0,0,0,0,0,0,0,0,0,1,0,34,0,1,0,0,0,0,0,0,0,0,0,0,0,0,0,0,0,0,0,0,1,0
mistralai/Mistral-7B-v0.1,f11_class,BOTH,20,0,0,0,0,0,0,0,0,0,0,0,0,0,0,0,0,0,0,0,0,0,0,17,0,0,0,0,0,0,0,0,0,0,0,0,0,0,0,0,0,0,0,0,0,0
mistralai/Mistral-7B-v0.1,f11_class,POLE,40,0,0,0,0,0,0,0,0,0,0,0,0,0,0,0,1,0,0,0,0,0,1,37,0,0,0,0,0,0,0,0,0,0,0,0,0,0,0,1,0,0,0,0,0,1
mistralai/Mistral-7B-v0.1,f11_create,BOTH,20,0,0,0,0,0,0,0,0,0,0,0,0,0,0,0,2,0,0,0,0,0,2,16,0,0,0,0,0,0,0,0,0,0,0,0,0,0,0,1,0,0,0,0,0,1
mistralai/Mistral-7B-v0.1,f11_create,POLE,40,1,0,1,0,0,0,0,0,0,0,0,0,0,0,0,0,0,0,0,0,2,0,30,1,0,0,0,0,0,0,0,0,0,0,0,0,0,0,0,0,0,0,0,1,0
mistralai/Mistral-7B-v0.1,f11_desire,BOTH,20,0,0,0,1,0,0,0,0,0,0,0,0,0,0,0,0,0,0,0,0,1,0,17,0,0,0,1,0,0,0,0,0,0,0,0,0,0,0,0,0,0,0,0,1,0
mistralai/Mistral-7B-v0.1,f11_desire,POLE,40,1,0,0,0,0,0,0,0,0,0,0,0,0,0,0,0,0,0,0,0,1,0,34,1,0,0,0,0,0,0,0,0,0,0,0,0,0,0,0,0,0,0,0,1,0
mistralai/Mistral-7B-v0.1,f11_faithful,BOTH,20,0,0,0,0,0,0,0,0,0,0,0,0,0,0,0,0,0,0,0,0,0,0,16,0,0,0,0,0,0,0,0,0,0,0,0,0,0,0,0,0,0,0,0,0,0
mistralai/Mistral-7B-v0.1,f11_faithful,POLE,40,0,0,0,0,0,0,0,0,0,0,0,0,0,0,0,0,0,0,1,0,0,1,32,0,0,0,0,0,0,0,0,0,0,0,0,0,0,0,0,0,0,1,0,0,1
mistralai/Mistral-7B-v0.1,f11_gender,POLE,40,0,0,0,0,0,0,0,0,0,0,0,0,0,0,0,0,0,0,0,0,0,0,29,0,0,0,0,0,0,0,0,0,0,0,0,0,0,0,0,0,0,0,0,0,0
mistralai/Mistral-7B-v0.1,f11_gender_he,BOTH,20,0,0,0,0,0,0,0,0,0,0,0,0,0,0,0,0,0,0,0,0,0,0,16,0,0,0,0,0,0,0,0,0,0,0,0,0,0,0,0,0,0,0,0,0,0
mistralai/Mistral-7B-v0.1,f11_gender_he,POLE,40,0,0,0,0,1,0,0,0,0,0,0,0,0,0,0,3,1,0,0,0,1,4,32,0,0,0,0,1,0,0,0,0,0,0,0,0,0,0,2,1,0,0,0,1,3
mistralai/Mistral-7B-v0.1,f11_gender_she,BOTH,20,0,0,0,0,0,0,0,0,0,0,0,0,0,0,0,0,0,0,0,0,0,0,19,0,0,0,0,0,0,0,0,0,0,0,0,0,0,0,0,0,0,0,0,0,0
mistralai/Mistral-7B-v0.1,f11_gender_she,POLE,40,0,0,0,0,0,0,0,0,0,0,0,0,0,0,0,1,0,0,0,0,0,1,36,0,0,0,0,0,0,0,0,0,0,0,0,0,0,0,1,0,0,0,0,0,1
mistralai/Mistral-7B-v0.1,f11_guilt,BOTH,20,0,0,0,0,0,0,0,0,0,0,0,0,0,0,0,0,0,0,1,0,0,1,18,0,0,0,0,0,0,0,0,0,0,0,0,0,0,0,0,0,0,1,0,0,1
mistralai/Mistral-7B-v0.1,f11_guilt,POLE,40,0,0,0,0,0,0,0,0,0,0,0,0,0,0,0,2,0,0,3,0,0,5,32,0,0,0,0,0,0,0,0,0,0,0,0,0,0,0,2,0,0,3,0,0,5
mistralai/Mistral-7B-v0.1,f11_holy,POLE,40,1,0,0,0,0,0,0,0,0,0,0,0,0,0,0,1,0,0,0,0,1,1,37,1,0,0,0,0,0,0,0,0,0,0,0,0,0,0,1,0,0,0,0,1,1
mistralai/Mistral-7B-v0.1,f11_holy_b,BOTH,20,1,0,0,0,0,0,0,0,0,0,0,0,0,0,0,0,0,0,0,0,1,0,18,1,0,0,0,0,0,0,0,0,0,0,0,0,0,0,0,0,0,0,0,1,0
mistralai/Mistral-7B-v0.1,f11_holy_b,POLE,40,0,0,0,0,0,0,0,0,0,0,0,0,0,0,0,3,0,0,1,0,0,4,34,0,0,0,0,0,0,0,0,0,0,0,0,0,0,0,3,0,0,1,0,0,4
mistralai/Mistral-7B-v0.1,f11_love,BOTH,20,0,0,1,0,0,0,0,0,0,0,0,0,0,0,0,0,0,0,0,0,1,0,17,0,0,1,0,0,0,0,0,0,0,0,0,0,0,0,0,0,0,0,0,1,0
mistralai/Mistral-7B-v0.1,f11_love,POLE,40,0,0,0,0,0,0,0,0,0,0,0,0,0,0,0,1,0,0,0,0,0,1,35,0,0,0,0,0,0,0,0,0,0,0,0,0,0,0,1,0,0,0,0,0,1
mistralai/Mistral-7B-v0.1,f11_love_he,BOTH,20,0,0,2,0,0,0,0,0,0,0,0,0,0,0,0,0,0,0,0,0,2,0,17,0,0,1,0,0,0,0,0,0,0,0,0,0,0,0,0,0,0,0,0,1,0
mistralai/Mistral-7B-v0.1,f11_love_he,POLE,40,0,0,0,0,0,0,0,0,0,0,0,0,0,0,0,2,0,0,0,0,0,2,37,0,0,0,0,0,0,0,0,0,0,0,0,0,0,0,2,0,0,0,0,0,2
mistralai/Mistral-7B-v0.1,f11_loyal,BOTH,20,0,0,0,0,0,0,0,0,0,0,0,0,0,0,0,0,0,0,0,0,0,0,15,0,0,0,0,0,0,0,0,0,0,0,0,0,0,0,0,0,0,0,0,0,0
mistralai/Mistral-7B-v0.1,f11_loyal,POLE,40,0,0,0,0,0,0,0,0,0,0,0,0,0,0,0,0,0,0,0,0,0,0,28,0,0,0,0,0,0,0,0,0,0,0,0,0,0,0,0,0,0,0,0,0,0
mistralai/Mistral-7B-v0.1,f11_parent,BOTH,20,0,1,1,0,0,0,0,0,0,0,0,0,0,0,0,0,0,0,0,0,2,0,16,0,1,1,0,0,0,0,0,0,0,0,0,0,0,0,0,0,0,0,0,2,0
mistralai/Mistral-7B-v0.1,f11_parent,POLE,40,0,0,0,0,0,0,0,0,0,0,0,0,0,0,0,0,0,0,0,0,0,0,29,0,0,0,0,0,0,0,0,0,0,0,0,0,0,0,0,0,0,0,0,0,0
mistralai/Mistral-7B-v0.1,f11_reason,BOTH,20,0,0,1,0,1,1,0,0,0,0,0,0,0,0,0,0,0,0,0,0,3,0,18,0,0,1,0,1,1,0,0,0,0,0,0,0,0,0,0,0,0,0,0,3,0
mistralai/Mistral-7B-v0.1,f11_reason,POLE,40,0,0,0,0,0,0,0,0,0,0,0,0,0,0,0,2,0,0,1,1,0,4,30,0,0,0,0,0,0,0,0,0,0,0,0,0,0,0,2,0,0,1,1,0,4
mistralai/Mistral-7B-v0.1,f11_sensation,BOTH,20,0,0,0,0,0,0,0,0,0,0,0,0,0,0,0,0,0,0,0,0,0,0,20,0,0,0,0,0,0,0,0,0,0,0,0,0,0,0,0,0,0,0,0,0,0
mistralai/Mistral-7B-v0.1,f11_sensation,POLE,40,0,0,1,0,0,0,0,0,0,0,0,0,0,0,0,1,0,1,0,0,1,2,38,0,0,1,0,0,0,0,0,0,0,0,0,0,0,0,1,0,1,0,0,1,2
mistralai/Mistral-7B-v0.1,f11_species,BOTH,20,0,0,0,0,0,0,0,0,0,0,0,0,0,0,0,0,0,0,0,0,0,0,17,0,0,0,0,0,0,0,0,0,0,0,0,0,0,0,0,0,0,0,0,0,0
mistralai/Mistral-7B-v0.1,f11_species,POLE,40,0,0,0,0,0,0,0,0,0,0,0,0,0,0,0,1,0,0,0,0,0,1,36,0,0,0,0,0,0,0,0,0,0,0,0,0,0,0,1,0,0,0,0,0,1
mistralai/Mistral-7B-v0.1,f11_trust,BOTH,20,0,1,0,0,0,0,0,0,0,0,0,0,0,0,0,0,0,0,0,0,1,0,15,0,1,0,0,0,0,0,0,0,0,0,0,0,0,0,0,0,0,0,0,1,0
mistralai/Mistral-7B-v0.1,f11_trust,POLE,40,0,0,0,0,0,0,0,0,0,0,0,0,0,0,0,0,0,2,0,0,0,2,32,0,0,0,0,0,0,0,0,0,0,0,0,0,0,0,0,0,1,0,0,0,1
openbmb/MiniCPM5-1B,f11_beauty,BOTH,20,0,0,0,0,0,0,0,0,0,0,0,0,0,0,0,0,0,0,0,0,0,0,12,0,0,0,0,0,0,0,0,0,0,0,0,0,0,0,0,0,0,0,0,0,0
openbmb/MiniCPM5-1B,f11_beauty,POLE,40,0,0,0,0,0,0,0,0,0,0,0,0,0,0,0,3,0,0,1,0,0,4,19,0,0,0,0,0,0,0,0,0,0,0,0,0,0,0,2,0,0,1,0,0,3
openbmb/MiniCPM5-1B,f11_beauty_ugly,BOTH,20,0,0,0,1,0,0,0,0,0,0,0,0,0,0,0,0,0,0,0,0,1,0,8,0,0,0,0,0,0,0,0,0,0,0,0,0,0,0,0,0,0,0,0,0,0
openbmb/MiniCPM5-1B,f11_beauty_ugly,POLE,20,0,0,0,0,0,0,0,0,0,0,0,0,0,0,0,0,0,0,0,0,0,0,9,0,0,0,0,0,0,0,0,0,0,0,0,0,0,0,0,0,0,0,0,0,0
openbmb/MiniCPM5-1B,f11_captive,BOTH,20,0,1,0,0,0,0,0,0,0,0,1,0,0,0,0,1,0,0,0,0,2,1,6,0,0,0,0,0,0,0,0,0,0,0,0,0,0,0,0,0,0,0,0,0,0
openbmb/MiniCPM5-1B,f11_captive,POLE,40,0,0,0,0,1,0,0,0,0,0,0,0,0,0,0,4,0,0,0,0,1,4,13,0,0,0,0,1,0,0,0,0,0,0,0,0,0,0,0,0,0,0,0,1,0
openbmb/MiniCPM5-1B,f11_captive_b,BOTH,20,0,0,0,0,1,0,0,0,0,1,0,0,0,0,0,0,0,0,0,0,2,0,6,0,0,0,0,1,0,0,0,0,0,0,0,0,0,0,0,0,0,0,0,1,0
openbmb/MiniCPM5-1B,f11_captive_b,POLE,40,1,0,0,0,1,0,0,0,0,0,0,0,0,0,0,1,0,0,0,0,2,1,18,1,0,0,0,0,0,0,0,0,0,0,0,0,0,0,0,0,0,0,0,1,0
openbmb/MiniCPM5-1B,f11_class,BOTH,20,0,0,0,0,0,0,0,0,0,0,0,0,0,0,0,0,0,0,0,0,0,0,14,0,0,0,0,0,0,0,0,0,0,0,0,0,0,0,0,0,0,0,0,0,0
openbmb/MiniCPM5-1B,f11_class,POLE,40,0,0,0,0,0,0,0,0,0,0,0,0,0,0,0,4,0,0,0,0,0,4,29,0,0,0,0,0,0,0,0,0,0,0,0,0,0,0,1,0,0,0,0,0,1
openbmb/MiniCPM5-1B,f11_create,BOTH,20,0,0,0,0,0,0,0,0,0,0,0,0,0,0,0,1,0,0,0,0,0,1,12,0,0,0,0,0,0,0,0,0,0,0,0,0,0,0,0,0,0,0,0,0,0
openbmb/MiniCPM5-1B,f11_create,POLE,40,0,0,0,0,0,0,0,0,0,0,0,0,0,0,0,0,0,0,0,0,0,0,21,0,0,0,0,0,0,0,0,0,0,0,0,0,0,0,0,0,0,0,0,0,0
openbmb/MiniCPM5-1B,f11_desire,BOTH,20,0,1,0,0,0,0,0,0,0,0,0,0,0,0,0,1,0,0,0,0,1,1,11,0,0,0,0,0,0,0,0,0,0,0,0,0,0,0,1,0,0,0,0,0,1
openbmb/MiniCPM5-1B,f11_desire,POLE,40,0,0,0,0,0,0,0,0,0,0,0,0,0,0,0,1,0,0,0,0,0,1,18,0,0,0,0,0,0,0,0,0,0,0,0,0,0,0,0,0,0,0,0,0,0
openbmb/MiniCPM5-1B,f11_faithful,BOTH,20,0,0,0,0,0,0,0,0,0,0,0,0,0,0,0,0,0,0,0,0,0,0,12,0,0,0,0,0,0,0,0,0,0,0,0,0,0,0,0,0,0,0,0,0,0
openbmb/MiniCPM5-1B,f11_faithful,POLE,40,0,0,0,0,0,0,0,0,0,0,0,0,0,0,0,4,0,0,0,0,0,4,13,0,0,0,0,0,0,0,0,0,0,0,0,0,0,0,1,0,0,0,0,0,1
openbmb/MiniCPM5-1B,f11_gender,POLE,40,0,0,0,0,0,0,0,0,0,0,0,0,0,0,0,1,0,0,0,0,0,1,12,0,0,0,0,0,0,0,0,0,0,0,0,0,0,0,0,0,0,0,0,0,0
openbmb/MiniCPM5-1B,f11_gender_he,BOTH,20,0,0,0,0,0,0,0,0,0,0,0,0,0,0,0,1,0,0,0,0,0,1,14,0,0,0,0,0,0,0,0,0,0,0,0,0,0,0,1,0,0,0,0,0,1
openbmb/MiniCPM5-1B,f11_gender_he,POLE,40,0,0,0,0,0,0,0,0,0,0,0,0,0,0,0,1,0,0,0,0,0,1,22,0,0,0,0,0,0,0,0,0,0,0,0,0,0,0,1,0,0,0,0,0,1
openbmb/MiniCPM5-1B,f11_gender_she,BOTH,20,0,0,0,0,0,1,0,0,0,0,0,0,0,0,0,0,0,0,0,0,1,0,11,0,0,0,0,0,1,0,0,0,0,0,0,0,0,0,0,0,0,0,0,1,0
openbmb/MiniCPM5-1B,f11_gender_she,POLE,40,0,0,0,0,0,0,0,0,0,0,0,0,0,0,0,3,0,0,0,0,0,3,18,0,0,0,0,0,0,0,0,0,0,0,0,0,0,0,0,0,0,0,0,0,0
openbmb/MiniCPM5-1B,f11_guilt,BOTH,20,0,0,0,0,0,0,0,0,0,0,0,0,0,0,0,2,0,0,4,0,0,6,11,0,0,0,0,0,0,0,0,0,0,0,0,0,0,0,2,0,0,2,0,0,4
openbmb/MiniCPM5-1B,f11_guilt,POLE,40,0,0,0,0,0,0,0,0,0,0,0,0,0,0,0,0,0,0,8,0,0,8,22,0,0,0,0,0,0,0,0,0,0,0,0,0,0,0,0,0,0,1,0,0,1
openbmb/MiniCPM5-1B,f11_holy,POLE,40,0,0,0,0,0,0,0,0,0,0,0,0,0,0,0,2,0,0,0,0,0,2,22,0,0,0,0,0,0,0,0,0,0,0,0,0,0,0,1,0,0,0,0,0,1
openbmb/MiniCPM5-1B,f11_holy_b,BOTH,20,0,0,0,0,0,0,0,0,0,0,0,0,0,0,0,1,0,0,0,0,0,1,10,0,0,0,0,0,0,0,0,0,0,0,0,0,0,0,1,0,0,0,0,0,1
openbmb/MiniCPM5-1B,f11_holy_b,POLE,40,0,0,0,0,0,0,0,0,0,0,0,0,0,0,0,0,1,0,0,0,0,1,17,0,0,0,0,0,0,0,0,0,0,0,0,0,0,0,0,1,0,0,0,0,1
openbmb/MiniCPM5-1B,f11_love,BOTH,20,0,1,0,0,0,0,0,0,0,0,0,0,0,0,0,0,0,0,1,0,1,1,13,0,0,0,0,0,0,0,0,0,0,0,0,0,0,0,0,0,0,1,0,0,1
openbmb/MiniCPM5-1B,f11_love,POLE,40,0,0,0,0,0,0,0,0,0,0,0,0,0,0,0,1,0,0,0,0,0,1,23,0,0,0,0,0,0,0,0,0,0,0,0,0,0,0,1,0,0,0,0,0,1
openbmb/MiniCPM5-1B,f11_love_he,BOTH,20,0,0,0,0,0,0,0,0,0,0,0,0,0,0,0,0,0,0,0,0,0,0,12,0,0,0,0,0,0,0,0,0,0,0,0,0,0,0,0,0,0,0,0,0,0
openbmb/MiniCPM5-1B,f11_love_he,POLE,40,0,1,0,0,0,0,0,0,0,0,0,0,0,0,0,3,0,1,0,0,1,4,19,0,0,0,0,0,0,0,0,0,0,0,0,0,0,0,1,0,0,0,0,0,1
openbmb/MiniCPM5-1B,f11_loyal,BOTH,20,0,0,0,0,1,0,0,0,0,0,0,0,0,0,0,0,0,0,0,0,1,0,7,0,0,0,0,0,0,0,0,0,0,0,0,0,0,0,0,0,0,0,0,0,0
openbmb/MiniCPM5-1B,f11_loyal,POLE,40,0,0,0,0,0,0,0,0,0,0,0,0,0,0,0,1,0,1,0,0,0,2,16,0,0,0,0,0,0,0,0,0,0,0,0,0,0,0,1,0,0,0,0,0,1
openbmb/MiniCPM5-1B,f11_parent,BOTH,20,0,0,0,0,0,0,0,0,0,0,0,0,0,0,0,0,0,0,0,0,0,0,11,0,0,0,0,0,0,0,0,0,0,0,0,0,0,0,0,0,0,0,0,0,0
openbmb/MiniCPM5-1B,f11_parent,POLE,40,0,0,0,0,0,0,0,0,0,0,0,0,0,0,0,1,0,0,0,0,0,1,17,0,0,0,0,0,0,0,0,0,0,0,0,0,0,0,0,0,0,0,0,0,0
openbmb/MiniCPM5-1B,f11_reason,BOTH,20,0,0,0,0,0,0,0,0,0,1,0,0,0,0,0,0,0,0,0,1,1,1,6,0,0,0,0,0,0,0,0,0,1,0,0,0,0,0,0,0,0,0,0,1,0
openbmb/MiniCPM5-1B,f11_reason,POLE,40,0,2,0,0,0,0,0,0,0,0,0,0,0,0,0,2,0,0,1,1,2,4,9,0,0,0,0,0,0,0,0,0,0,0,0,0,0,0,0,0,0,0,0,0,0
openbmb/MiniCPM5-1B,f11_sensation,BOTH,20,0,0,0,0,0,0,0,0,0,0,0,0,0,0,0,0,0,0,0,0,0,0,10,0,0,0,0,0,0,0,0,0,0,0,0,0,0,0,0,0,0,0,0,0,0
openbmb/MiniCPM5-1B,f11_sensation,POLE,40,0,0,0,0,0,0,0,0,0,0,0,0,0,0,0,3,0,0,0,0,0,3,23,0,0,0,0,0,0,0,0,0,0,0,0,0,0,0,0,0,0,0,0,0,0
openbmb/MiniCPM5-1B,f11_species,BOTH,20,0,0,0,0,0,0,0,0,0,0,0,0,0,0,0,0,0,0,0,0,0,0,11,0,0,0,0,0,0,0,0,0,0,0,0,0,0,0,0,0,0,0,0,0,0
openbmb/MiniCPM5-1B,f11_species,POLE,40,0,0,0,0,0,0,0,0,0,0,0,0,0,0,0,0,0,0,0,1,0,1,18,0,0,0,0,0,0,0,0,0,0,0,0,0,0,0,0,0,0,0,0,0,0
openbmb/MiniCPM5-1B,f11_trust,BOTH,20,0,0,0,0,0,0,0,0,0,0,0,0,0,0,0,0,0,0,0,0,0,0,6,0,0,0,0,0,0,0,0,0,0,0,0,0,0,0,0,0,0,0,0,0,0
openbmb/MiniCPM5-1B,f11_trust,POLE,40,0,0,0,0,0,0,0,0,0,0,0,0,0,0,0,0,0,0,0,0,0,0,16,0,0,0,0,0,0,0,0,0,0,0,0,0,0,0,0,0,0,0,0,0,0
openbmb/MiniCPM5-1B-Base,f11_beauty,BOTH,20,0,0,0,0,0,0,0,0,0,0,0,0,0,0,0,1,0,1,0,0,0,2,15,0,0,0,0,0,0,0,0,0,0,0,0,0,0,0,1,0,1,0,0,0,2
openbmb/MiniCPM5-1B-Base,f11_beauty,POLE,40,0,0,0,0,0,0,0,1,0,0,0,0,0,0,0,2,0,0,0,0,1,2,30,0,0,0,0,0,0,0,0,0,0,0,0,0,0,0,1,0,0,0,0,0,1
openbmb/MiniCPM5-1B-Base,f11_beauty_ugly,BOTH,20,0,0,0,0,0,0,0,0,0,0,0,0,0,0,0,1,0,0,0,0,0,1,18,0,0,0,0,0,0,0,0,0,0,0,0,0,0,0,1,0,0,0,0,0,1
openbmb/MiniCPM5-1B-Base,f11_beauty_ugly,POLE,20,0,0,0,0,0,0,0,0,0,0,0,0,0,0,0,2,0,0,1,0,0,3,15,0,0,0,0,0,0,0,0,0,0,0,0,0,0,0,2,0,0,1,0,0,3
openbmb/MiniCPM5-1B-Base,f11_captive,BOTH,20,0,0,0,0,0,0,0,0,0,0,0,0,0,0,0,0,0,0,0,0,0,0,14,0,0,0,0,0,0,0,0,0,0,0,0,0,0,0,0,0,0,0,0,0,0
openbmb/MiniCPM5-1B-Base,f11_captive,POLE,40,0,0,0,0,0,0,0,0,0,0,0,0,0,0,0,1,0,0,0,0,0,1,30,0,0,0,0,0,0,0,0,0,0,0,0,0,0,0,0,0,0,0,0,0,0
openbmb/MiniCPM5-1B-Base,f11_captive_b,BOTH,20,0,0,0,0,0,0,0,0,0,0,0,0,0,0,0,2,0,0,0,0,0,2,15,0,0,0,0,0,0,0,0,0,0,0,0,0,0,0,2,0,0,0,0,0,2
openbmb/MiniCPM5-1B-Base,f11_captive_b,POLE,40,0,0,0,0,0,0,0,0,0,0,0,0,0,0,0,2,0,0,0,0,0,2,25,0,0,0,0,0,0,0,0,0,0,0,0,0,0,0,0,0,0,0,0,0,0
openbmb/MiniCPM5-1B-Base,f11_class,BOTH,20,0,0,0,0,0,0,0,0,0,0,0,0,0,0,0,0,0,0,0,0,0,0,18,0,0,0,0,0,0,0,0,0,0,0,0,0,0,0,0,0,0,0,0,0,0
openbmb/MiniCPM5-1B-Base,f11_class,POLE,40,0,0,0,0,1,0,0,0,0,0,0,0,0,0,0,0,0,0,0,0,1,0,31,0,0,0,0,0,0,0,0,0,0,0,0,0,0,0,0,0,0,0,0,0,0
openbmb/MiniCPM5-1B-Base,f11_create,BOTH,20,0,0,1,0,0,0,0,0,0,0,0,0,0,0,0,0,0,0,0,0,1,0,13,0,0,1,0,0,0,0,0,0,0,0,0,0,0,0,0,0,0,0,0,1,0
openbmb/MiniCPM5-1B-Base,f11_create,POLE,40,0,0,1,0,0,0,0,0,0,0,0,0,0,0,0,0,0,0,0,0,1,0,30,0,0,1,0,0,0,0,0,0,0,0,0,0,0,0,0,0,0,0,0,1,0
openbmb/MiniCPM5-1B-Base,f11_desire,BOTH,20,0,0,0,0,0,0,0,0,0,0,0,0,0,0,0,0,0,0,1,0,0,1,19,0,0,0,0,0,0,0,0,0,0,0,0,0,0,0,0,0,0,1,0,0,1
openbmb/MiniCPM5-1B-Base,f11_desire,POLE,40,0,0,0,0,0,0,0,0,0,0,0,0,0,0,0,2,0,0,0,0,0,2,34,0,0,0,0,0,0,0,0,0,0,0,0,0,0,0,2,0,0,0,0,0,2
openbmb/MiniCPM5-1B-Base,f11_faithful,BOTH,20,0,0,0,0,0,0,0,0,0,0,0,0,0,0,0,1,0,0,0,0,0,1,15,0,0,0,0,0,0,0,0,0,0,0,0,0,0,0,1,0,0,0,0,0,1
openbmb/MiniCPM5-1B-Base,f11_faithful,POLE,40,0,0,0,0,0,0,0,0,0,0,0,0,0,0,0,2,1,0,0,0,0,3,29,0,0,0,0,0,0,0,0,0,0,0,0,0,0,0,2,1,0,0,0,0,3
openbmb/MiniCPM5-1B-Base,f11_gender,POLE,40,0,0,0,0,0,0,0,0,0,0,0,0,0,0,0,0,0,0,0,0,0,0,22,0,0,0,0,0,0,0,0,0,0,0,0,0,0,0,0,0,0,0,0,0,0
openbmb/MiniCPM5-1B-Base,f11_gender_he,BOTH,20,0,0,0,0,0,0,0,0,0,0,0,0,0,0,0,1,0,0,0,0,0,1,19,0,0,0,0,0,0,0,0,0,0,0,0,0,0,0,0,0,0,0,0,0,0
openbmb/MiniCPM5-1B-Base,f11_gender_he,POLE,40,0,0,0,0,0,0,0,0,0,0,0,0,0,0,0,1,0,0,0,0,0,1,33,0,0,0,0,0,0,0,0,0,0,0,0,0,0,0,0,0,0,0,0,0,0
openbmb/MiniCPM5-1B-Base,f11_gender_she,BOTH,20,0,0,0,0,0,0,0,0,0,0,0,0,0,0,0,0,0,0,0,0,0,0,15,0,0,0,0,0,0,0,0,0,0,0,0,0,0,0,0,0,0,0,0,0,0
openbmb/MiniCPM5-1B-Base,f11_gender_she,POLE,40,0,0,0,0,0,0,0,0,0,0,0,0,0,0,0,1,0,0,0,0,0,1,34,0,0,0,0,0,0,0,0,0,0,0,0,0,0,0,0,0,0,0,0,0,0
openbmb/MiniCPM5-1B-Base,f11_guilt,BOTH,20,0,0,0,0,0,0,0,0,0,0,0,0,0,0,0,0,1,0,1,0,0,2,17,0,0,0,0,0,0,0,0,0,0,0,0,0,0,0,0,1,0,1,0,0,2
openbmb/MiniCPM5-1B-Base,f11_guilt,POLE,40,0,0,0,0,0,0,0,0,0,0,0,0,0,0,0,2,0,0,3,0,0,4,36,0,0,0,0,0,0,0,0,0,0,0,0,0,0,0,2,0,0,3,0,0,4
openbmb/MiniCPM5-1B-Base,f11_holy,POLE,40,2,0,0,0,0,0,0,0,0,0,0,0,0,0,0,1,0,0,0,0,2,1,38,2,0,0,0,0,0,0,0,0,0,0,0,0,0,0,1,0,0,0,0,2,1
openbmb/MiniCPM5-1B-Base,f11_holy_b,BOTH,20,0,0,0,0,0,0,0,0,0,0,0,0,0,0,0,1,0,0,0,0,0,1,18,0,0,0,0,0,0,0,0,0,0,0,0,0,0,0,1,0,0,0,0,0,1
openbmb/MiniCPM5-1B-Base,f11_holy_b,POLE,40,0,0,1,0,0,0,0,0,0,0,0,0,0,0,0,0,0,0,0,0,1,0,38,0,0,1,0,0,0,0,0,0,0,0,0,0,0,0,0,0,0,0,0,1,0
openbmb/MiniCPM5-1B-Base,f11_love,BOTH,20,0,0,0,0,0,0,0,0,0,0,0,0,0,0,0,1,0,0,1,1,0,3,20,0,0,0,0,0,0,0,0,0,0,0,0,0,0,0,1,0,0,1,1,0,3
openbmb/MiniCPM5-1B-Base,f11_love,POLE,40,1,2,0,0,0,0,0,0,0,0,0,0,0,0,0,3,0,0,0,0,3,3,37,1,2,0,0,0,0,0,0,0,0,0,0,0,0,0,2,0,0,0,0,3,2
openbmb/MiniCPM5-1B-Base,f11_love_he,BOTH,20,0,0,0,0,0,0,0,0,0,0,0,0,0,0,0,2,0,0,1,0,0,3,17,0,0,0,0,0,0,0,0,0,0,0,0,0,0,0,1,0,0,1,0,0,2
openbmb/MiniCPM5-1B-Base,f11_love_he,POLE,40,0,0,0,0,0,0,0,0,0,0,0,0,0,0,0,0,0,0,0,0,0,0,36,0,0,0,0,0,0,0,0,0,0,0,0,0,0,0,0,0,0,0,0,0,0
openbmb/MiniCPM5-1B-Base,f11_loyal,BOTH,20,0,0,1,0,0,0,0,0,0,0,0,0,0,0,0,0,0,1,1,0,1,2,17,0,0,0,0,0,0,0,0,0,0,0,0,0,0,0,0,0,1,1,0,0,2
openbmb/MiniCPM5-1B-Base,f11_loyal,POLE,40,0,1,0,0,0,0,0,0,0,0,0,0,0,0,0,0,0,0,0,0,1,0,26,0,1,0,0,0,0,0,0,0,0,0,0,0,0,0,0,0,0,0,0,1,0
openbmb/MiniCPM5-1B-Base,f11_parent,BOTH,20,0,0,0,0,0,0,0,0,0,0,0,0,0,0,0,0,0,1,0,0,0,1,12,0,0,0,0,0,0,0,0,0,0,0,0,0,0,0,0,0,1,0,0,0,1
openbmb/MiniCPM5-1B-Base,f11_parent,POLE,40,0,0,0,0,0,0,0,0,0,0,0,0,0,0,0,2,0,0,0,0,0,2,31,0,0,0,0,0,0,0,0,0,0,0,0,0,0,0,2,0,0,0,0,0,2
openbmb/MiniCPM5-1B-Base,f11_reason,BOTH,20,0,0,0,1,0,0,0,0,0,0,0,0,0,0,0,1,0,0,0,0,1,1,14,0,0,0,1,0,0,0,0,0,0,0,0,0,0,0,1,0,0,0,0,1,1
openbmb/MiniCPM5-1B-Base,f11_reason,POLE,40,0,0,0,0,0,0,0,0,0,0,0,0,0,0,0,3,0,0,0,1,0,3,17,0,0,0,0,0,0,0,0,0,0,0,0,0,0,0,0,0,0,0,0,0,0
openbmb/MiniCPM5-1B-Base,f11_sensation,BOTH,20,0,0,0,0,0,0,0,0,0,0,0,0,0,0,0,0,0,0,0,0,0,0,18,0,0,0,0,0,0,0,0,0,0,0,0,0,0,0,0,0,0,0,0,0,0
openbmb/MiniCPM5-1B-Base,f11_sensation,POLE,40,0,0,0,0,0,0,0,0,0,0,0,0,0,0,0,0,0,0,0,0,0,0,35,0,0,0,0,0,0,0,0,0,0,0,0,0,0,0,0,0,0,0,0,0,0
openbmb/MiniCPM5-1B-Base,f11_species,BOTH,20,0,0,0,1,0,0,0,0,0,0,0,0,0,0,0,0,0,0,0,0,1,0,16,0,0,0,0,0,0,0,0,0,0,0,0,0,0,0,0,0,0,0,0,0,0
openbmb/MiniCPM5-1B-Base,f11_species,POLE,40,0,0,0,0,0,0,0,0,0,0,0,0,0,0,0,1,0,0,0,0,0,1,36,0,0,0,0,0,0,0,0,0,0,0,0,0,0,0,1,0,0,0,0,0,1
openbmb/MiniCPM5-1B-Base,f11_trust,BOTH,20,0,0,0,0,0,0,0,0,0,0,0,0,0,0,0,0,0,0,0,0,0,0,15,0,0,0,0,0,0,0,0,0,0,0,0,0,0,0,0,0,0,0,0,0,0
openbmb/MiniCPM5-1B-Base,f11_trust,POLE,40,0,0,0,0,0,0,0,0,0,0,0,0,0,0,0,3,0,0,0,0,0,3,33,0,0,0,0,0,0,0,0,0,0,0,0,0,0,0,2,0,0,0,0,0,2
tiiuae/Falcon3-10B-Base,f11_beauty,BOTH,20,0,0,0,0,0,0,0,0,0,0,0,0,0,0,0,0,0,1,1,0,0,2,16,0,0,0,0,0,0,0,0,0,0,0,0,0,0,0,0,0,1,1,0,0,2
tiiuae/Falcon3-10B-Base,f11_beauty,POLE,40,0,0,0,0,0,0,0,0,0,0,0,0,0,0,0,1,0,0,0,0,0,1,36,0,0,0,0,0,0,0,0,0,0,0,0,0,0,0,1,0,0,0,0,0,1
tiiuae/Falcon3-10B-Base,f11_beauty_ugly,BOTH,20,0,0,0,0,0,0,0,0,0,0,0,0,0,0,0,2,0,0,0,0,0,2,18,0,0,0,0,0,0,0,0,0,0,0,0,0,0,0,2,0,0,0,0,0,2
tiiuae/Falcon3-10B-Base,f11_beauty_ugly,POLE,20,0,0,0,0,0,0,0,0,0,0,0,0,0,0,0,0,0,0,0,0,0,0,18,0,0,0,0,0,0,0,0,0,0,0,0,0,0,0,0,0,0,0,0,0,0
tiiuae/Falcon3-10B-Base,f11_captive,BOTH,20,0,0,0,0,0,0,0,0,0,0,0,0,0,0,0,0,0,0,0,0,0,0,13,0,0,0,0,0,0,0,0,0,0,0,0,0,0,0,0,0,0,0,0,0,0
tiiuae/Falcon3-10B-Base,f11_captive,POLE,40,0,0,0,0,0,0,0,0,0,1,0,0,0,0,0,1,0,0,0,2,1,3,33,0,0,0,0,0,0,0,0,0,1,0,0,0,0,0,1,0,0,0,2,1,3
tiiuae/Falcon3-10B-Base,f11_captive_b,BOTH,20,0,0,0,0,0,0,0,0,0,0,0,0,0,0,0,3,0,0,0,0,0,3,15,0,0,0,0,0,0,0,0,0,0,0,0,0,0,0,3,0,0,0,0,0,3
tiiuae/Falcon3-10B-Base,f11_captive_b,POLE,40,0,0,0,0,1,0,0,0,0,0,0,0,0,0,0,2,0,0,0,0,1,2,29,0,0,0,0,1,0,0,0,0,0,0,0,0,0,0,0,0,0,0,0,1,0
tiiuae/Falcon3-10B-Base,f11_class,BOTH,20,0,0,0,0,0,0,0,0,0,0,0,0,0,0,0,0,0,0,0,0,0,0,17,0,0,0,0,0,0,0,0,0,0,0,0,0,0,0,0,0,0,0,0,0,0
tiiuae/Falcon3-10B-Base,f11_class,POLE,40,0,0,0,0,0,0,0,0,0,0,0,0,0,0,0,4,0,0,0,0,0,4,31,0,0,0,0,0,0,0,0,0,0,0,0,0,0,0,1,0,0,0,0,0,1
tiiuae/Falcon3-10B-Base,f11_create,BOTH,20,0,0,0,0,0,0,0,0,0,0,0,0,0,0,0,0,0,0,0,0,0,0,17,0,0,0,0,0,0,0,0,0,0,0,0,0,0,0,0,0,0,0,0,0,0
tiiuae/Falcon3-10B-Base,f11_create,POLE,40,0,0,0,0,0,0,0,0,0,0,0,0,0,0,0,0,0,0,0,0,0,0,31,0,0,0,0,0,0,0,0,0,0,0,0,0,0,0,0,0,0,0,0,0,0
tiiuae/Falcon3-10B-Base,f11_desire,BOTH,20,0,0,0,0,0,0,0,0,0,0,0,0,0,0,0,0,0,0,0,0,0,0,19,0,0,0,0,0,0,0,0,0,0,0,0,0,0,0,0,0,0,0,0,0,0
tiiuae/Falcon3-10B-Base,f11_desire,POLE,40,0,0,0,0,0,0,0,0,0,0,0,0,0,0,0,2,0,0,0,0,0,2,39,0,0,0,0,0,0,0,0,0,0,0,0,0,0,0,1,0,0,0,0,0,1
tiiuae/Falcon3-10B-Base,f11_faithful,BOTH,20,0,0,0,0,0,0,0,0,0,0,0,0,0,0,0,0,0,0,1,0,0,1,16,0,0,0,0,0,0,0,0,0,0,0,0,0,0,0,0,0,0,1,0,0,1
tiiuae/Falcon3-10B-Base,f11_faithful,POLE,40,0,0,1,0,0,0,0,0,0,0,0,0,0,0,0,0,0,0,0,1,1,1,33,0,0,1,0,0,0,0,0,0,0,0,0,0,0,0,0,0,0,0,1,1,1
tiiuae/Falcon3-10B-Base,f11_gender,POLE,40,0,0,1,0,0,0,0,0,0,0,0,0,0,0,0,0,0,1,0,0,1,1,36,0,0,1,0,0,0,0,0,0,0,0,0,0,0,0,0,0,1,0,0,1,1
tiiuae/Falcon3-10B-Base,f11_gender_he,BOTH,20,0,0,0,0,0,0,0,0,0,0,0,0,0,0,0,1,0,0,0,0,0,1,16,0,0,0,0,0,0,0,0,0,0,0,0,0,0,0,0,0,0,0,0,0,0
tiiuae/Falcon3-10B-Base,f11_gender_he,POLE,40,0,1,1,0,0,0,0,0,0,0,0,0,0,0,0,2,0,0,0,0,2,2,33,0,1,1,0,0,0,0,0,0,0,0,0,0,0,0,1,0,0,0,0,2,1
tiiuae/Falcon3-10B-Base,f11_gender_she,BOTH,20,0,0,0,0,0,0,0,0,0,0,0,0,0,0,0,1,0,2,0,0,0,3,14,0,0,0,0,0,0,0,0,0,0,0,0,0,0,0,0,0,2,0,0,0,2
tiiuae/Falcon3-10B-Base,f11_gender_she,POLE,40,0,1,0,0,0,0,0,0,0,0,0,0,0,0,0,3,0,0,0,0,1,3,34,0,1,0,0,0,0,0,0,0,0,0,0,0,0,0,1,0,0,0,0,1,1
tiiuae/Falcon3-10B-Base,f11_guilt,BOTH,20,0,0,0,0,0,0,0,0,0,0,0,0,0,0,0,0,0,0,1,0,0,1,19,0,0,0,0,0,0,0,0,0,0,0,0,0,0,0,0,0,0,1,0,0,1
tiiuae/Falcon3-10B-Base,f11_guilt,POLE,40,0,0,0,0,0,0,0,0,0,0,0,0,0,0,0,1,0,0,2,0,0,3,35,0,0,0,0,0,0,0,0,0,0,0,0,0,0,0,1,0,0,1,0,0,2
tiiuae/Falcon3-10B-Base,f11_holy,POLE,40,1,0,2,0,0,0,0,0,0,0,0,0,0,0,0,0,0,0,0,0,3,0,36,1,0,2,0,0,0,0,0,0,0,0,0,0,0,0,0,0,0,0,0,3,0
tiiuae/Falcon3-10B-Base,f11_holy_b,BOTH,20,0,0,0,0,0,0,0,0,0,0,0,0,0,0,0,0,0,0,1,0,0,1,20,0,0,0,0,0,0,0,0,0,0,0,0,0,0,0,0,0,0,1,0,0,1
tiiuae/Falcon3-10B-Base,f11_holy_b,POLE,40,1,0,0,0,0,0,0,0,0,0,0,0,0,0,0,4,0,0,1,0,1,4,33,1,0,0,0,0,0,0,0,0,0,0,0,0,0,0,3,0,0,1,0,1,3
tiiuae/Falcon3-10B-Base,f11_love,BOTH,20,0,0,2,0,0,0,0,0,0,0,0,0,0,0,0,1,0,0,0,0,2,1,19,0,0,2,0,0,0,0,0,0,0,0,0,0,0,0,1,0,0,0,0,2,1
tiiuae/Falcon3-10B-Base,f11_love,POLE,40,0,0,0,0,0,0,0,0,0,0,0,0,0,0,0,2,0,0,0,0,0,2,36,0,0,0,0,0,0,0,0,0,0,0,0,0,0,0,1,0,0,0,0,0,1
tiiuae/Falcon3-10B-Base,f11_love_he,BOTH,20,0,0,1,0,0,0,0,0,0,0,0,0,0,0,0,2,0,0,0,0,1,2,19,0,0,1,0,0,0,0,0,0,0,0,0,0,0,0,2,0,0,0,0,1,2
tiiuae/Falcon3-10B-Base,f11_love_he,POLE,40,0,1,1,0,0,0,0,0,0,0,0,0,0,0,0,1,0,0,2,0,2,3,34,0,1,1,0,0,0,0,0,0,0,0,0,0,0,0,1,0,0,2,0,2,3
tiiuae/Falcon3-10B-Base,f11_loyal,BOTH,20,2,0,0,0,1,0,0,0,0,1,0,0,0,0,0,0,0,0,0,0,3,0,16,2,0,0,0,0,0,0,0,0,1,0,0,0,0,0,0,0,0,0,0,2,0
tiiuae/Falcon3-10B-Base,f11_loyal,POLE,40,0,0,0,0,0,0,0,0,0,0,0,0,0,0,0,1,0,0,1,0,0,2,25,0,0,0,0,0,0,0,0,0,0,0,0,0,0,0,1,0,0,0,0,0,1
tiiuae/Falcon3-10B-Base,f11_parent,BOTH,20,0,0,1,0,0,0,0,0,0,0,0,0,0,0,0,0,0,0,0,0,1,0,15,0,0,1,0,0,0,0,0,0,0,0,0,0,0,0,0,0,0,0,0,1,0
tiiuae/Falcon3-10B-Base,f11_parent,POLE,40,0,0,1,0,0,0,0,0,0,0,0,0,0,0,0,4,0,0,0,0,1,4,29,0,0,0,0,0,0,0,0,0,0,0,0,0,0,0,2,0,0,0,0,0,2
tiiuae/Falcon3-10B-Base,f11_reason,BOTH,20,0,0,1,0,0,0,0,0,0,0,0,0,0,0,0,2,0,0,0,0,1,2,15,0,0,1,0,0,0,0,0,0,0,0,0,0,0,0,1,0,0,0,0,1,1
tiiuae/Falcon3-10B-Base,f11_reason,POLE,40,0,1,1,0,0,0,0,0,0,0,0,0,0,0,0,0,0,0,0,1,2,1,31,0,1,1,0,0,0,0,0,0,0,0,0,0,0,0,0,0,0,0,1,2,1
tiiuae/Falcon3-10B-Base,f11_sensation,BOTH,20,0,0,1,0,0,0,0,0,0,0,0,0,0,0,0,0,0,0,0,0,1,0,19,0,0,1,0,0,0,0,0,0,0,0,0,0,0,0,0,0,0,0,0,1,0
tiiuae/Falcon3-10B-Base,f11_sensation,POLE,40,0,0,0,0,0,0,0,0,0,0,0,0,0,0,0,0,0,0,0,0,0,0,40,0,0,0,0,0,0,0,0,0,0,0,0,0,0,0,0,0,0,0,0,0,0
tiiuae/Falcon3-10B-Base,f11_species,BOTH,20,0,0,0,0,0,0,0,0,0,0,0,0,0,0,0,0,0,0,0,0,0,0,19,0,0,0,0,0,0,0,0,0,0,0,0,0,0,0,0,0,0,0,0,0,0
tiiuae/Falcon3-10B-Base,f11_species,POLE,40,0,0,0,0,0,0,0,0,0,0,0,0,0,0,0,0,0,0,0,0,0,0,35,0,0,0,0,0,0,0,0,0,0,0,0,0,0,0,0,0,0,0,0,0,0
tiiuae/Falcon3-10B-Base,f11_trust,BOTH,20,0,1,0,0,0,0,0,0,0,0,0,0,0,0,0,1,0,0,0,0,1,1,14,0,1,0,0,0,0,0,0,0,0,0,0,0,0,0,0,0,0,0,0,1,0
tiiuae/Falcon3-10B-Base,f11_trust,POLE,40,0,0,0,0,0,0,0,0,0,0,0,0,0,0,0,0,0,0,1,0,0,1,32,0,0,0,0,0,0,0,0,0,0,0,0,0,0,0,0,0,0,0,0,0,0
tiiuae/Falcon3-10B-Instruct,f11_beauty,BOTH,20,0,0,2,0,0,0,0,0,0,0,0,0,0,0,0,2,0,0,0,0,2,2,19,0,0,2,0,0,0,0,0,0,0,0,0,0,0,0,2,0,0,0,0,2,2
tiiuae/Falcon3-10B-Instruct,f11_beauty,POLE,40,0,0,0,0,0,0,0,0,0,0,0,0,0,0,0,2,0,1,1,0,0,4,34,0,0,0,0,0,0,0,0,0,0,0,0,0,0,0,1,0,1,1,0,0,3
tiiuae/Falcon3-10B-Instruct,f11_beauty_ugly,BOTH,20,0,0,0,0,0,0,0,0,0,0,0,0,0,0,0,0,0,2,0,0,0,2,18,0,0,0,0,0,0,0,0,0,0,0,0,0,0,0,0,0,2,0,0,0,2
tiiuae/Falcon3-10B-Instruct,f11_beauty_ugly,POLE,20,0,0,0,0,0,0,0,0,0,0,0,0,0,0,0,1,0,0,0,0,0,1,14,0,0,0,0,0,0,0,0,0,0,0,0,0,0,0,1,0,0,0,0,0,1
tiiuae/Falcon3-10B-Instruct,f11_captive,BOTH,20,0,0,0,0,0,0,0,0,0,0,0,0,0,0,0,0,0,0,0,0,0,0,16,0,0,0,0,0,0,0,0,0,0,0,0,0,0,0,0,0,0,0,0,0,0
tiiuae/Falcon3-10B-Instruct,f11_captive,POLE,40,0,0,0,0,0,0,0,0,0,0,0,0,0,0,0,3,0,0,0,0,0,3,29,0,0,0,0,0,0,0,0,0,0,0,0,0,0,0,2,0,0,0,0,0,2
tiiuae/Falcon3-10B-Instruct,f11_captive_b,BOTH,20,0,0,0,0,0,0,0,0,0,0,0,0,0,0,0,0,0,0,0,0,0,0,16,0,0,0,0,0,0,0,0,0,0,0,0,0,0,0,0,0,0,0,0,0,0
tiiuae/Falcon3-10B-Instruct,f11_captive_b,POLE,40,0,0,0,0,0,0,0,0,0,2,0,0,0,0,0,1,0,0,1,0,2,2,26,0,0,0,0,0,0,0,0,0,0,0,0,0,0,0,1,0,0,1,0,0,2
tiiuae/Falcon3-10B-Instruct,f11_class,BOTH,20,0,1,0,0,0,0,0,0,0,0,0,0,0,0,0,0,0,0,0,0,1,0,11,0,0,0,0,0,0,0,0,0,0,0,0,0,0,0,0,0,0,0,0,0,0
tiiuae/Falcon3-10B-Instruct,f11_class,POLE,40,0,0,0,0,0,0,0,0,0,0,0,0,0,0,0,2,0,0,0,0,0,2,29,0,0,0,0,0,0,0,0,0,0,0,0,0,0,0,2,0,0,0,0,0,2
tiiuae/Falcon3-10B-Instruct,f11_create,BOTH,20,0,1,0,0,0,0,0,0,0,0,0,0,0,0,0,0,0,0,0,0,1,0,17,0,0,0,0,0,0,0,0,0,0,0,0,0,0,0,0,0,0,0,0,0,0
tiiuae/Falcon3-10B-Instruct,f11_create,POLE,40,1,0,0,0,0,0,0,0,0,0,0,0,0,0,0,1,0,0,1,0,1,2,31,1,0,0,0,0,0,0,0,0,0,0,0,0,0,0,1,0,0,1,0,1,2
tiiuae/Falcon3-10B-Instruct,f11_desire,BOTH,20,0,0,0,0,0,0,0,0,0,0,0,0,0,0,0,0,0,0,0,0,0,0,19,0,0,0,0,0,0,0,0,0,0,0,0,0,0,0,0,0,0,0,0,0,0
tiiuae/Falcon3-10B-Instruct,f11_desire,POLE,40,0,0,1,0,0,0,0,0,0,0,0,0,0,0,0,0,0,0,0,0,1,0,33,0,0,1,0,0,0,0,0,0,0,0,0,0,0,0,0,0,0,0,0,1,0
tiiuae/Falcon3-10B-Instruct,f11_faithful,BOTH,20,0,0,0,0,0,0,0,0,0,0,0,0,0,0,0,2,0,0,0,0,0,2,18,0,0,0,0,0,0,0,0,0,0,0,0,0,0,0,1,0,0,0,0,0,1
tiiuae/Falcon3-10B-Instruct,f11_faithful,POLE,40,0,0,0,0,0,0,0,0,0,0,0,0,0,0,0,1,0,0,2,0,0,3,31,0,0,0,0,0,0,0,0,0,0,0,0,0,0,0,1,0,0,1,0,0,2
tiiuae/Falcon3-10B-Instruct,f11_gender,POLE,40,0,0,0,0,0,0,0,0,0,0,0,0,0,0,0,2,0,0,0,0,0,2,24,0,0,0,0,0,0,0,0,0,0,0,0,0,0,0,1,0,0,0,0,0,1
tiiuae/Falcon3-10B-Instruct,f11_gender_he,BOTH,20,0,0,1,0,0,1,0,0,0,0,0,0,0,0,0,0,0,0,0,0,1,0,15,0,0,1,0,0,1,0,0,0,0,0,0,0,0,0,0,0,0,0,0,1,0
tiiuae/Falcon3-10B-Instruct,f11_gender_he,POLE,40,0,0,0,0,0,0,0,0,0,0,0,0,0,0,0,2,0,0,0,0,0,2,27,0,0,0,0,0,0,0,0,0,0,0,0,0,0,0,1,0,0,0,0,0,1
tiiuae/Falcon3-10B-Instruct,f11_gender_she,BOTH,20,0,0,0,0,0,0,0,0,0,0,0,0,0,0,0,2,0,0,0,1,0,3,11,0,0,0,0,0,0,0,0,0,0,0,0,0,0,0,1,0,0,0,1,0,2
tiiuae/Falcon3-10B-Instruct,f11_gender_she,POLE,40,0,0,0,0,0,0,0,0,0,0,0,0,0,0,0,2,0,0,0,0,0,2,31,0,0,0,0,0,0,0,0,0,0,0,0,0,0,0,1,0,0,0,0,0,1
tiiuae/Falcon3-10B-Instruct,f11_guilt,BOTH,20,1,0,0,0,0,0,0,0,0,0,0,0,0,0,0,2,0,0,1,0,1,3,19,1,0,0,0,0,0,0,0,0,0,0,0,0,0,0,1,0,0,1,0,1,2
tiiuae/Falcon3-10B-Instruct,f11_guilt,POLE,40,0,0,0,0,0,0,0,0,0,0,0,0,0,0,0,1,0,0,0,0,0,1,28,0,0,0,0,0,0,0,0,0,0,0,0,0,0,0,1,0,0,0,0,0,1
tiiuae/Falcon3-10B-Instruct,f11_holy,POLE,40,0,0,0,0,0,0,0,0,0,0,0,0,0,0,0,0,0,0,0,0,0,0,33,0,0,0,0,0,0,0,0,0,0,0,0,0,0,0,0,0,0,0,0,0,0
tiiuae/Falcon3-10B-Instruct,f11_holy_b,BOTH,20,0,0,0,0,0,0,0,0,0,1,0,0,0,0,0,1,0,0,0,0,1,1,15,0,0,0,0,0,0,0,0,0,0,0,0,0,0,0,0,0,0,0,0,0,0
tiiuae/Falcon3-10B-Instruct,f11_holy_b,POLE,40,1,0,0,0,0,0,0,0,0,0,0,0,0,0,0,1,0,0,0,0,1,1,37,1,0,0,0,0,0,0,0,0,0,0,0,0,0,0,1,0,0,0,0,1,1
tiiuae/Falcon3-10B-Instruct,f11_love,BOTH,20,0,1,2,0,0,0,0,0,0,0,0,0,0,0,0,0,0,0,0,0,3,0,18,0,0,1,0,0,0,0,0,0,0,0,0,0,0,0,0,0,0,0,0,1,0
tiiuae/Falcon3-10B-Instruct,f11_love,POLE,40,1,0,0,0,0,0,0,0,0,0,0,0,0,0,0,0,0,0,0,0,1,0,31,0,0,0,0,0,0,0,0,0,0,0,0,0,0,0,0,0,0,0,0,0,0
tiiuae/Falcon3-10B-Instruct,f11_love_he,BOTH,20,0,0,2,0,0,0,0,0,0,0,0,0,0,0,0,2,0,0,0,0,2,2,15,0,0,2,0,0,0,0,0,0,0,0,0,0,0,0,1,0,0,0,0,2,1
tiiuae/Falcon3-10B-Instruct,f11_love_he,POLE,40,0,0,0,0,0,0,0,0,0,0,0,0,0,0,0,2,0,0,0,0,0,2,32,0,0,0,0,0,0,0,0,0,0,0,0,0,0,0,2,0,0,0,0,0,2
tiiuae/Falcon3-10B-Instruct,f11_loyal,BOTH,20,0,0,0,0,1,0,0,0,0,0,0,0,0,0,0,0,0,0,0,0,1,0,9,0,0,0,0,0,0,0,0,0,0,0,0,0,0,0,0,0,0,0,0,0,0
tiiuae/Falcon3-10B-Instruct,f11_loyal,POLE,40,0,0,0,0,0,0,0,0,0,0,0,0,0,0,0,1,0,0,0,0,0,1,22,0,0,0,0,0,0,0,0,0,0,0,0,0,0,0,1,0,0,0,0,0,1
tiiuae/Falcon3-10B-Instruct,f11_parent,BOTH,20,0,0,0,0,0,0,0,0,0,0,0,0,0,0,0,2,0,1,0,0,0,3,14,0,0,0,0,0,0,0,0,0,0,0,0,0,0,0,1,0,0,0,0,0,1
tiiuae/Falcon3-10B-Instruct,f11_parent,POLE,40,0,0,0,2,0,0,0,0,0,0,0,0,0,0,0,3,0,0,0,0,2,3,24,0,0,0,0,0,0,0,0,0,0,0,0,0,0,0,0,0,0,0,0,0,0
tiiuae/Falcon3-10B-Instruct,f11_reason,BOTH,20,0,0,1,0,1,1,0,0,0,2,0,0,0,0,0,0,0,0,0,0,5,0,12,0,0,0,0,0,1,0,0,0,0,0,0,0,0,0,0,0,0,0,0,1,0
tiiuae/Falcon3-10B-Instruct,f11_reason,POLE,40,0,0,0,0,0,0,0,0,0,0,0,0,0,0,0,0,0,0,2,1,0,3,29,0,0,0,0,0,0,0,0,0,0,0,0,0,0,0,0,0,0,1,1,0,2
tiiuae/Falcon3-10B-Instruct,f11_sensation,BOTH,20,0,0,1,0,0,0,0,0,0,0,0,0,0,0,0,0,0,0,0,0,1,0,19,0,0,1,0,0,0,0,0,0,0,0,0,0,0,0,0,0,0,0,0,1,0
tiiuae/Falcon3-10B-Instruct,f11_sensation,POLE,40,0,1,0,0,0,0,0,0,0,0,0,0,0,0,0,1,0,0,0,1,1,2,37,0,1,0,0,0,0,0,0,0,0,0,0,0,0,0,1,0,0,0,1,1,2
tiiuae/Falcon3-10B-Instruct,f11_species,BOTH,20,0,0,0,0,0,0,0,0,0,0,0,0,0,0,0,0,0,0,0,0,0,0,19,0,0,0,0,0,0,0,0,0,0,0,0,0,0,0,0,0,0,0,0,0,0
tiiuae/Falcon3-10B-Instruct,f11_species,POLE,40,0,0,0,0,0,0,0,0,0,0,0,0,0,0,0,0,0,0,0,0,0,0,33,0,0,0,0,0,0,0,0,0,0,0,0,0,0,0,0,0,0,0,0,0,0
tiiuae/Falcon3-10B-Instruct,f11_trust,BOTH,20,0,0,0,0,0,0,0,0,0,0,0,0,0,0,0,0,0,0,0,0,0,0,16,0,0,0,0,0,0,0,0,0,0,0,0,0,0,0,0,0,0,0,0,0,0
tiiuae/Falcon3-10B-Instruct,f11_trust,POLE,40,0,0,0,0,0,0,0,0,0,0,0,0,0,0,0,3,0,0,0,0,0,3,30,0,0,0,0,0,0,0,0,0,0,0,0,0,0,0,3,0,0,0,0,0,3
tiiuae/Falcon3-1B-Base,f11_beauty,BOTH,20,0,0,0,0,0,0,0,0,0,0,0,0,0,0,0,2,0,0,0,0,0,2,9,0,0,0,0,0,0,0,0,0,0,0,0,0,0,0,2,0,0,0,0,0,2
tiiuae/Falcon3-1B-Base,f11_beauty,POLE,40,0,0,0,0,0,0,0,0,0,0,0,0,0,0,0,4,0,0,1,0,0,5,25,0,0,0,0,0,0,0,0,0,0,0,0,0,0,0,2,0,0,1,0,0,3
tiiuae/Falcon3-1B-Base,f11_beauty_ugly,BOTH,20,0,0,0,0,0,0,0,0,0,0,0,0,0,0,0,0,0,0,0,0,0,0,15,0,0,0,0,0,0,0,0,0,0,0,0,0,0,0,0,0,0,0,0,0,0
tiiuae/Falcon3-1B-Base,f11_beauty_ugly,POLE,20,0,0,0,0,0,0,0,0,0,0,0,0,0,0,0,0,0,0,0,0,0,0,16,0,0,0,0,0,0,0,0,0,0,0,0,0,0,0,0,0,0,0,0,0,0
tiiuae/Falcon3-1B-Base,f11_captive,BOTH,20,0,0,0,0,0,0,0,0,0,0,0,0,0,0,0,1,0,0,0,0,0,1,16,0,0,0,0,0,0,0,0,0,0,0,0,0,0,0,1,0,0,0,0,0,1
tiiuae/Falcon3-1B-Base,f11_captive,POLE,40,0,0,0,0,0,0,0,0,0,0,0,0,0,0,0,3,0,0,0,0,0,3,27,0,0,0,0,0,0,0,0,0,0,0,0,0,0,0,2,0,0,0,0,0,2
tiiuae/Falcon3-1B-Base,f11_captive_b,BOTH,20,0,0,0,0,0,0,0,0,0,0,0,0,0,0,0,2,0,0,0,0,0,2,10,0,0,0,0,0,0,0,0,0,0,0,0,0,0,0,1,0,0,0,0,0,1
tiiuae/Falcon3-1B-Base,f11_captive_b,POLE,40,0,0,0,0,0,0,0,0,0,0,0,0,0,0,0,2,0,0,1,0,0,2,24,0,0,0,0,0,0,0,0,0,0,0,0,0,0,0,2,0,0,1,0,0,2
tiiuae/Falcon3-1B-Base,f11_class,BOTH,20,0,0,0,0,0,0,0,0,0,0,0,0,0,0,0,0,0,0,0,0,0,0,14,0,0,0,0,0,0,0,0,0,0,0,0,0,0,0,0,0,0,0,0,0,0
tiiuae/Falcon3-1B-Base,f11_class,POLE,40,0,0,0,0,0,0,0,0,0,0,0,0,0,0,0,0,0,0,0,0,0,0,26,0,0,0,0,0,0,0,0,0,0,0,0,0,0,0,0,0,0,0,0,0,0
tiiuae/Falcon3-1B-Base,f11_create,BOTH,20,0,0,0,0,0,0,0,0,0,0,0,0,0,0,0,0,0,0,0,0,0,0,15,0,0,0,0,0,0,0,0,0,0,0,0,0,0,0,0,0,0,0,0,0,0
tiiuae/Falcon3-1B-Base,f11_create,POLE,40,0,0,0,0,0,0,0,0,0,0,0,0,0,0,0,0,0,0,0,0,0,0,30,0,0,0,0,0,0,0,0,0,0,0,0,0,0,0,0,0,0,0,0,0,0
tiiuae/Falcon3-1B-Base,f11_desire,BOTH,20,0,0,0,0,0,0,0,0,0,0,0,0,0,0,0,0,1,0,0,0,0,1,17,0,0,0,0,0,0,0,0,0,0,0,0,0,0,0,0,0,0,0,0,0,0
tiiuae/Falcon3-1B-Base,f11_desire,POLE,40,0,0,0,0,0,0,0,0,0,0,0,0,0,0,0,1,0,0,1,0,0,2,36,0,0,0,0,0,0,0,0,0,0,0,0,0,0,0,1,0,0,1,0,0,2
tiiuae/Falcon3-1B-Base,f11_faithful,BOTH,20,1,0,0,0,0,0,0,0,0,0,0,0,0,0,0,0,0,0,0,0,1,0,18,0,0,0,0,0,0,0,0,0,0,0,0,0,0,0,0,0,0,0,0,0,0
tiiuae/Falcon3-1B-Base,f11_faithful,POLE,40,0,0,0,0,0,0,0,0,0,0,0,0,0,0,0,0,0,0,0,0,0,0,28,0,0,0,0,0,0,0,0,0,0,0,0,0,0,0,0,0,0,0,0,0,0
tiiuae/Falcon3-1B-Base,f11_gender,POLE,40,0,0,0,0,0,0,0,0,0,0,0,0,0,0,0,3,0,0,0,0,0,3,22,0,0,0,0,0,0,0,0,0,0,0,0,0,0,0,1,0,0,0,0,0,1
tiiuae/Falcon3-1B-Base,f11_gender_he,BOTH,20,0,0,0,0,0,0,0,0,0,0,0,0,0,0,0,0,0,0,0,0,0,0,16,0,0,0,0,0,0,0,0,0,0,0,0,0,0,0,0,0,0,0,0,0,0
tiiuae/Falcon3-1B-Base,f11_gender_he,POLE,40,0,0,0,0,0,0,0,0,0,0,0,0,0,0,0,5,0,0,0,0,0,5,24,0,0,0,0,0,0,0,0,0,0,0,0,0,0,0,3,0,0,0,0,0,3
tiiuae/Falcon3-1B-Base,f11_gender_she,BOTH,20,0,0,0,0,0,0,0,0,0,0,0,0,0,0,0,0,0,0,0,0,0,0,12,0,0,0,0,0,0,0,0,0,0,0,0,0,0,0,0,0,0,0,0,0,0
tiiuae/Falcon3-1B-Base,f11_gender_she,POLE,40,0,0,0,0,0,0,0,0,0,0,0,0,0,0,0,1,0,0,1,0,0,2,29,0,0,0,0,0,0,0,0,0,0,0,0,0,0,0,1,0,0,1,0,0,2
tiiuae/Falcon3-1B-Base,f11_guilt,BOTH,20,1,0,0,0,0,0,0,0,0,0,0,0,0,0,0,3,0,0,1,0,1,4,15,1,0,0,0,0,0,0,0,0,0,0,0,0,0,0,3,0,0,0,0,1,3
tiiuae/Falcon3-1B-Base,f11_guilt,POLE,40,0,1,0,0,0,0,0,0,0,0,0,0,0,0,0,2,0,1,2,1,1,6,29,0,0,0,0,0,0,0,0,0,0,0,0,0,0,0,2,0,1,2,1,0,6
tiiuae/Falcon3-1B-Base,f11_holy,POLE,40,0,0,0,0,0,0,0,0,0,0,0,0,0,0,0,2,1,0,0,0,0,3,32,0,0,0,0,0,0,0,0,0,0,0,0,0,0,0,2,1,0,0,0,0,3
tiiuae/Falcon3-1B-Base,f11_holy_b,BOTH,20,0,0,0,0,0,0,0,0,0,0,0,0,0,0,0,1,0,0,0,0,0,1,17,0,0,0,0,0,0,0,0,0,0,0,0,0,0,0,1,0,0,0,0,0,1
tiiuae/Falcon3-1B-Base,f11_holy_b,POLE,40,0,0,0,0,0,0,0,0,0,0,0,0,0,0,0,2,0,0,0,0,0,2,37,0,0,0,0,0,0,0,0,0,0,0,0,0,0,0,2,0,0,0,0,0,2
tiiuae/Falcon3-1B-Base,f11_love,BOTH,20,0,0,0,0,0,0,0,0,0,0,0,0,0,0,0,1,0,0,0,0,0,1,16,0,0,0,0,0,0,0,0,0,0,0,0,0,0,0,1,0,0,0,0,0,1
tiiuae/Falcon3-1B-Base,f11_love,POLE,40,0,0,0,0,0,0,0,0,0,0,0,0,0,0,0,0,0,0,0,0,0,0,31,0,0,0,0,0,0,0,0,0,0,0,0,0,0,0,0,0,0,0,0,0,0
tiiuae/Falcon3-1B-Base,f11_love_he,BOTH,20,0,1,0,0,0,0,0,0,0,0,0,0,0,0,0,1,0,0,0,0,1,1,15,0,0,0,0,0,0,0,0,0,0,0,0,0,0,0,1,0,0,0,0,0,1
tiiuae/Falcon3-1B-Base,f11_love_he,POLE,40,0,1,0,0,0,0,0,0,0,0,0,0,0,0,0,1,0,0,0,0,1,1,35,0,1,0,0,0,0,0,0,0,0,0,0,0,0,0,1,0,0,0,0,1,1
tiiuae/Falcon3-1B-Base,f11_loyal,BOTH,20,0,0,0,0,1,0,0,0,0,0,0,0,0,0,0,1,0,0,0,0,1,1,13,0,0,0,0,1,0,0,0,0,0,0,0,0,0,0,1,0,0,0,0,1,1
tiiuae/Falcon3-1B-Base,f11_loyal,POLE,40,0,1,0,0,0,0,0,0,0,0,0,0,0,0,0,2,0,0,0,0,1,2,22,0,0,0,0,0,0,0,0,0,0,0,0,0,0,0,0,0,0,0,0,0,0
tiiuae/Falcon3-1B-Base,f11_parent,BOTH,20,0,0,0,0,0,0,0,0,0,0,0,0,0,0,0,2,0,0,0,1,0,3,12,0,0,0,0,0,0,0,0,0,0,0,0,0,0,0,1,0,0,0,1,0,2
tiiuae/Falcon3-1B-Base,f11_parent,POLE,40,0,0,1,0,0,0,0,0,0,0,0,0,0,0,0,2,0,0,0,0,1,2,26,0,0,0,0,0,0,0,0,0,0,0,0,0,0,0,1,0,0,0,0,0,1
tiiuae/Falcon3-1B-Base,f11_reason,BOTH,20,0,0,0,0,0,0,0,0,0,0,0,0,0,0,0,0,0,0,0,0,0,0,10,0,0,0,0,0,0,0,0,0,0,0,0,0,0,0,0,0,0,0,0,0,0
tiiuae/Falcon3-1B-Base,f11_reason,POLE,40,0,0,1,0,0,0,0,0,0,0,0,0,0,0,0,1,0,1,0,0,1,2,22,0,0,0,0,0,0,0,0,0,0,0,0,0,0,0,0,0,1,0,0,0,1
tiiuae/Falcon3-1B-Base,f11_sensation,BOTH,20,0,0,0,0,0,0,0,0,0,0,0,0,0,0,0,0,0,0,0,0,0,0,17,0,0,0,0,0,0,0,0,0,0,0,0,0,0,0,0,0,0,0,0,0,0
tiiuae/Falcon3-1B-Base,f11_sensation,POLE,40,0,0,0,0,0,0,0,0,0,0,0,0,0,0,0,1,0,0,0,0,0,1,35,0,0,0,0,0,0,0,0,0,0,0,0,0,0,0,1,0,0,0,0,0,1
tiiuae/Falcon3-1B-Base,f11_species,BOTH,20,0,0,0,0,0,0,0,0,0,0,0,0,0,0,0,1,0,0,0,0,0,1,16,0,0,0,0,0,0,0,0,0,0,0,0,0,0,0,1,0,0,0,0,0,1
tiiuae/Falcon3-1B-Base,f11_species,POLE,40,1,0,1,0,0,0,0,0,0,0,0,0,0,0,0,1,0,0,0,0,2,1,31,1,0,1,0,0,0,0,0,0,0,0,0,0,0,0,1,0,0,0,0,2,1
tiiuae/Falcon3-1B-Base,f11_trust,BOTH,20,0,1,0,0,0,0,0,0,0,0,0,0,0,0,0,1,0,0,0,0,1,1,13,0,1,0,0,0,0,0,0,0,0,0,0,0,0,0,0,0,0,0,0,1,0
tiiuae/Falcon3-1B-Base,f11_trust,POLE,40,0,0,0,0,0,0,0,0,0,0,0,0,0,0,0,1,0,0,0,0,0,1,29,0,0,0,0,0,0,0,0,0,0,0,0,0,0,0,0,0,0,0,0,0,0
tiiuae/Falcon3-1B-Instruct,f11_beauty,BOTH,20,0,1,0,0,0,0,0,0,0,0,0,0,0,0,0,1,0,0,0,0,1,1,10,0,0,0,0,0,0,0,0,0,0,0,0,0,0,0,0,0,0,0,0,0,0
tiiuae/Falcon3-1B-Instruct,f11_beauty,POLE,40,0,0,0,0,0,0,0,0,0,0,0,0,0,0,0,1,0,0,0,0,0,1,17,0,0,0,0,0,0,0,0,0,0,0,0,0,0,0,0,0,0,0,0,0,0
tiiuae/Falcon3-1B-Instruct,f11_beauty_ugly,BOTH,20,0,0,0,0,0,0,0,0,0,0,0,0,0,0,0,1,0,0,1,0,0,2,9,0,0,0,0,0,0,0,0,0,0,0,0,0,0,0,1,0,0,1,0,0,2
tiiuae/Falcon3-1B-Instruct,f11_beauty_ugly,POLE,20,0,1,0,0,0,0,0,0,0,0,0,0,0,0,0,1,0,0,0,0,1,1,6,0,0,0,0,0,0,0,0,0,0,0,0,0,0,0,0,0,0,0,0,0,0
tiiuae/Falcon3-1B-Instruct,f11_captive,BOTH,20,0,0,0,0,0,0,1,0,0,0,0,0,0,0,0,0,0,0,0,0,1,0,10,0,0,0,0,0,0,0,0,0,0,0,0,0,0,0,0,0,0,0,0,0,0
tiiuae/Falcon3-1B-Instruct,f11_captive,POLE,40,0,0,0,0,0,0,0,0,0,0,0,0,0,0,0,0,0,0,0,0,0,0,23,0,0,0,0,0,0,0,0,0,0,0,0,0,0,0,0,0,0,0,0,0,0
tiiuae/Falcon3-1B-Instruct,f11_captive_b,BOTH,20,0,0,0,0,0,0,0,0,0,0,0,0,0,0,0,3,0,0,0,0,0,3,11,0,0,0,0,0,0,0,0,0,0,0,0,0,0,0,0,0,0,0,0,0,0
tiiuae/Falcon3-1B-Instruct,f11_captive_b,POLE,40,0,1,0,0,0,0,0,0,0,0,0,0,0,0,0,0,0,0,0,0,1,0,25,0,1,0,0,0,0,0,0,0,0,0,0,0,0,0,0,0,0,0,0,1,0
tiiuae/Falcon3-1B-Instruct,f11_class,BOTH,20,0,0,0,0,0,0,0,0,0,0,0,0,0,0,0,0,0,0,0,0,0,0,12,0,0,0,0,0,0,0,0,0,0,0,0,0,0,0,0,0,0,0,0,0,0
tiiuae/Falcon3-1B-Instruct,f11_class,POLE,40,0,0,0,0,0,0,0,0,0,0,0,0,0,0,0,1,0,0,0,0,0,1,19,0,0,0,0,0,0,0,0,0,0,0,0,0,0,0,1,0,0,0,0,0,1
tiiuae/Falcon3-1B-Instruct,f11_create,BOTH,20,0,0,0,0,0,0,0,0,0,0,0,0,0,0,0,2,0,0,0,0,0,2,13,0,0,0,0,0,0,0,0,0,0,0,0,0,0,0,1,0,0,0,0,0,1
tiiuae/Falcon3-1B-Instruct,f11_create,POLE,40,0,0,0,0,0,0,0,0,0,0,0,0,0,0,0,2,0,0,0,0,0,2,17,0,0,0,0,0,0,0,0,0,0,0,0,0,0,0,2,0,0,0,0,0,2
tiiuae/Falcon3-1B-Instruct,f11_desire,BOTH,20,0,0,0,0,0,0,0,0,0,0,0,0,0,0,0,2,0,0,0,0,0,2,14,0,0,0,0,0,0,0,0,0,0,0,0,0,0,0,2,0,0,0,0,0,2
tiiuae/Falcon3-1B-Instruct,f11_desire,POLE,40,0,0,0,0,0,0,0,0,0,0,0,0,0,0,0,0,0,0,1,0,0,1,25,0,0,0,0,0,0,0,0,0,0,0,0,0,0,0,0,0,0,0,0,0,0
tiiuae/Falcon3-1B-Instruct,f11_faithful,BOTH,20,0,0,0,0,1,0,0,0,0,0,0,0,0,0,0,0,0,0,1,0,1,1,15,0,0,0,0,1,0,0,0,0,0,0,0,0,0,0,0,0,0,0,0,1,0
tiiuae/Falcon3-1B-Instruct,f11_faithful,POLE,40,0,0,0,0,0,0,0,0,0,0,0,0,0,0,0,0,0,0,0,0,0,0,18,0,0,0,0,0,0,0,0,0,0,0,0,0,0,0,0,0,0,0,0,0,0
tiiuae/Falcon3-1B-Instruct,f11_gender,POLE,40,0,0,0,0,0,0,0,0,0,0,0,0,0,0,0,2,0,0,0,0,0,2,16,0,0,0,0,0,0,0,0,0,0,0,0,0,0,0,1,0,0,0,0,0,1
tiiuae/Falcon3-1B-Instruct,f11_gender_he,BOTH,20,0,0,0,0,0,0,0,0,0,0,0,0,0,0,0,1,0,0,0,0,0,1,14,0,0,0,0,0,0,0,0,0,0,0,0,0,0,0,0,0,0,0,0,0,0
tiiuae/Falcon3-1B-Instruct,f11_gender_he,POLE,40,0,0,0,0,0,0,0,0,0,0,0,0,0,0,0,0,0,0,0,0,0,0,18,0,0,0,0,0,0,0,0,0,0,0,0,0,0,0,0,0,0,0,0,0,0
tiiuae/Falcon3-1B-Instruct,f11_gender_she,BOTH,20,0,0,1,0,0,0,0,0,0,0,0,0,0,0,0,0,0,0,0,0,1,0,12,0,0,1,0,0,0,0,0,0,0,0,0,0,0,0,0,0,0,0,0,1,0
tiiuae/Falcon3-1B-Instruct,f11_gender_she,POLE,40,0,0,0,0,0,0,0,0,0,0,0,0,0,0,0,1,0,0,0,0,0,1,24,0,0,0,0,0,0,0,0,0,0,0,0,0,0,0,1,0,0,0,0,0,1
tiiuae/Falcon3-1B-Instruct,f11_guilt,BOTH,20,0,0,0,0,0,0,0,0,0,0,0,0,0,0,0,1,0,0,2,0,0,3,8,0,0,0,0,0,0,0,0,0,0,0,0,0,0,0,1,0,0,1,0,0,2
tiiuae/Falcon3-1B-Instruct,f11_guilt,POLE,40,0,0,0,0,1,0,0,0,0,0,0,0,0,0,0,0,0,0,5,0,1,5,22,0,0,0,0,0,0,0,0,0,0,0,0,0,0,0,0,0,0,2,0,0,2
tiiuae/Falcon3-1B-Instruct,f11_holy,POLE,40,0,0,0,0,0,0,0,0,0,0,0,0,0,0,0,0,0,0,0,0,0,0,26,0,0,0,0,0,0,0,0,0,0,0,0,0,0,0,0,0,0,0,0,0,0
tiiuae/Falcon3-1B-Instruct,f11_holy_b,BOTH,20,0,0,0,0,0,0,0,0,0,0,0,0,0,0,0,0,0,0,0,0,0,0,12,0,0,0,0,0,0,0,0,0,0,0,0,0,0,0,0,0,0,0,0,0,0
tiiuae/Falcon3-1B-Instruct,f11_holy_b,POLE,40,1,0,0,0,0,0,0,0,0,0,0,0,0,0,0,1,0,1,0,0,1,1,26,1,0,0,0,0,0,0,0,0,0,0,0,0,0,0,1,0,1,0,0,1,1
tiiuae/Falcon3-1B-Instruct,f11_love,BOTH,20,0,1,0,0,0,0,0,0,0,0,0,0,0,0,0,0,0,0,0,0,1,0,14,0,1,0,0,0,0,0,0,0,0,0,0,0,0,0,0,0,0,0,0,1,0
tiiuae/Falcon3-1B-Instruct,f11_love,POLE,40,0,0,0,0,0,0,0,0,0,0,0,0,0,0,0,0,0,0,0,0,0,0,28,0,0,0,0,0,0,0,0,0,0,0,0,0,0,0,0,0,0,0,0,0,0
tiiuae/Falcon3-1B-Instruct,f11_love_he,BOTH,20,0,0,0,0,0,0,0,0,0,0,0,0,0,0,0,0,0,0,0,0,0,0,16,0,0,0,0,0,0,0,0,0,0,0,0,0,0,0,0,0,0,0,0,0,0
tiiuae/Falcon3-1B-Instruct,f11_love_he,POLE,40,0,0,1,0,0,0,0,0,0,0,0,0,0,0,0,2,0,0,1,0,1,3,26,0,0,1,0,0,0,0,0,0,0,0,0,0,0,0,2,0,0,0,0,1,2
tiiuae/Falcon3-1B-Instruct,f11_loyal,BOTH,20,0,1,0,0,1,0,0,0,0,0,0,0,0,0,0,0,0,0,0,0,2,0,4,0,1,0,0,0,0,0,0,0,0,0,0,0,0,0,0,0,0,0,0,1,0
tiiuae/Falcon3-1B-Instruct,f11_loyal,POLE,40,0,0,0,0,0,0,0,0,0,0,0,0,0,0,0,0,0,0,0,0,0,0,11,0,0,0,0,0,0,0,0,0,0,0,0,0,0,0,0,0,0,0,0,0,0
tiiuae/Falcon3-1B-Instruct,f11_parent,BOTH,20,0,1,0,0,0,0,0,0,0,0,0,0,0,0,0,2,0,0,2,0,1,4,10,0,0,0,0,0,0,0,0,0,0,0,0,0,0,0,1,0,0,1,0,0,2
tiiuae/Falcon3-1B-Instruct,f11_parent,POLE,40,1,0,1,0,0,0,0,0,0,0,0,0,0,0,0,2,0,0,0,0,2,2,22,0,0,1,0,0,0,0,0,0,0,0,0,0,0,0,1,0,0,0,0,1,1
tiiuae/Falcon3-1B-Instruct,f11_reason,BOTH,20,0,0,1,0,0,0,0,0,0,0,0,0,0,0,0,0,0,0,0,0,1,0,10,0,0,1,0,0,0,0,0,0,0,0,0,0,0,0,0,0,0,0,0,1,0
tiiuae/Falcon3-1B-Instruct,f11_reason,POLE,40,0,2,0,0,0,0,0,0,0,0,0,0,0,0,0,0,0,0,0,0,2,0,11,0,1,0,0,0,0,0,0,0,0,0,0,0,0,0,0,0,0,0,0,1,0
tiiuae/Falcon3-1B-Instruct,f11_sensation,BOTH,20,0,0,0,1,0,0,0,0,0,0,0,0,0,0,0,0,0,0,1,0,1,1,10,0,0,0,0,0,0,0,0,0,0,0,0,0,0,0,0,0,0,1,0,0,1
tiiuae/Falcon3-1B-Instruct,f11_sensation,POLE,40,0,0,0,0,0,0,0,0,0,0,0,0,0,0,0,1,0,0,1,0,0,2,17,0,0,0,0,0,0,0,0,0,0,0,0,0,0,0,1,0,0,0,0,0,1
tiiuae/Falcon3-1B-Instruct,f11_species,BOTH,20,0,0,0,0,0,0,0,0,0,0,0,0,0,0,0,0,0,0,1,0,0,1,14,0,0,0,0,0,0,0,0,0,0,0,0,0,0,0,0,0,0,0,0,0,0
tiiuae/Falcon3-1B-Instruct,f11_species,POLE,40,0,0,0,0,0,0,0,0,0,0,0,0,0,0,0,0,0,0,0,0,0,0,29,0,0,0,0,0,0,0,0,0,0,0,0,0,0,0,0,0,0,0,0,0,0
tiiuae/Falcon3-1B-Instruct,f11_trust,BOTH,20,0,0,0,0,0,0,0,0,0,0,0,0,0,0,0,0,0,0,0,0,0,0,12,0,0,0,0,0,0,0,0,0,0,0,0,0,0,0,0,0,0,0,0,0,0
tiiuae/Falcon3-1B-Instruct,f11_trust,POLE,40,0,1,0,0,0,0,0,0,0,0,0,0,0,0,0,2,0,0,0,0,1,2,23,0,1,0,0,0,0,0,0,0,0,0,0,0,0,0,1,0,0,0,0,1,1
tiiuae/Falcon3-3B-Base,f11_beauty,BOTH,20,0,0,0,0,0,0,0,0,0,0,0,0,0,0,0,0,0,0,0,0,0,0,15,0,0,0,0,0,0,0,0,0,0,0,0,0,0,0,0,0,0,0,0,0,0
tiiuae/Falcon3-3B-Base,f11_beauty,POLE,40,0,0,0,0,0,0,0,0,0,0,0,0,0,0,0,3,0,1,0,0,0,4,20,0,0,0,0,0,0,0,0,0,0,0,0,0,0,0,2,0,0,0,0,0,2
tiiuae/Falcon3-3B-Base,f11_beauty_ugly,BOTH,20,0,0,0,0,0,0,0,0,0,0,0,0,0,0,0,1,0,0,0,0,0,1,13,0,0,0,0,0,0,0,0,0,0,0,0,0,0,0,1,0,0,0,0,0,1
tiiuae/Falcon3-3B-Base,f11_beauty_ugly,POLE,20,0,0,0,0,0,0,0,0,0,0,0,0,0,0,0,1,0,0,0,0,0,1,15,0,0,0,0,0,0,0,0,0,0,0,0,0,0,0,1,0,0,0,0,0,1
tiiuae/Falcon3-3B-Base,f11_captive,BOTH,20,0,0,0,0,0,0,0,0,0,0,0,0,0,0,0,0,0,0,0,0,0,0,15,0,0,0,0,0,0,0,0,0,0,0,0,0,0,0,0,0,0,0,0,0,0
tiiuae/Falcon3-3B-Base,f11_captive,POLE,40,0,0,0,0,0,0,0,0,0,0,0,0,0,0,0,1,0,1,0,1,0,3,25,0,0,0,0,0,0,0,0,0,0,0,0,0,0,0,1,0,1,0,1,0,3
tiiuae/Falcon3-3B-Base,f11_captive_b,BOTH,20,0,0,0,0,0,0,0,0,0,0,0,0,0,0,0,1,0,0,0,0,0,1,11,0,0,0,0,0,0,0,0,0,0,0,0,0,0,0,1,0,0,0,0,0,1
tiiuae/Falcon3-3B-Base,f11_captive_b,POLE,40,0,0,0,0,0,0,0,0,0,0,0,0,0,0,0,0,0,0,0,0,0,0,24,0,0,0,0,0,0,0,0,0,0,0,0,0,0,0,0,0,0,0,0,0,0
tiiuae/Falcon3-3B-Base,f11_class,BOTH,20,0,0,0,0,0,0,0,0,0,0,0,0,0,0,0,0,0,0,0,0,0,0,14,0,0,0,0,0,0,0,0,0,0,0,0,0,0,0,0,0,0,0,0,0,0
tiiuae/Falcon3-3B-Base,f11_class,POLE,40,0,0,0,0,0,0,0,0,0,0,0,0,0,0,0,1,0,0,1,0,0,2,32,0,0,0,0,0,0,0,0,0,0,0,0,0,0,0,1,0,0,1,0,0,2
tiiuae/Falcon3-3B-Base,f11_create,BOTH,20,0,0,0,0,0,0,0,0,0,0,0,0,0,0,0,0,0,0,1,0,0,1,13,0,0,0,0,0,0,0,0,0,0,0,0,0,0,0,0,0,0,1,0,0,1
tiiuae/Falcon3-3B-Base,f11_create,POLE,40,1,0,0,0,0,0,0,0,0,0,0,0,0,0,0,2,0,0,0,0,1,2,28,1,0,0,0,0,0,0,0,0,0,0,0,0,0,0,2,0,0,0,0,1,2
tiiuae/Falcon3-3B-Base,f11_desire,BOTH,20,0,0,0,0,0,0,0,0,0,0,0,0,0,0,0,0,0,0,0,0,0,0,18,0,0,0,0,0,0,0,0,0,0,0,0,0,0,0,0,0,0,0,0,0,0
tiiuae/Falcon3-3B-Base,f11_desire,POLE,40,0,0,0,0,0,0,0,0,0,0,0,0,0,0,0,3,1,1,0,0,0,5,32,0,0,0,0,0,0,0,0,0,0,0,0,0,0,0,3,1,1,0,0,0,5
tiiuae/Falcon3-3B-Base,f11_faithful,BOTH,20,0,0,1,0,0,0,0,0,0,0,0,0,0,0,0,1,0,0,0,0,1,1,14,0,0,1,0,0,0,0,0,0,0,0,0,0,0,0,0,0,0,0,0,1,0
tiiuae/Falcon3-3B-Base,f11_faithful,POLE,40,0,0,0,0,0,0,0,0,0,0,0,0,0,0,0,0,0,0,0,0,0,0,25,0,0,0,0,0,0,0,0,0,0,0,0,0,0,0,0,0,0,0,0,0,0
tiiuae/Falcon3-3B-Base,f11_gender,POLE,40,0,0,0,0,0,0,0,0,0,0,0,0,0,0,0,1,0,1,0,0,0,2,24,0,0,0,0,0,0,0,0,0,0,0,0,0,0,0,0,0,1,0,0,0,1
tiiuae/Falcon3-3B-Base,f11_gender_he,BOTH,20,0,0,0,0,1,0,0,0,0,0,0,0,0,0,0,1,0,0,0,0,1,1,18,0,0,0,0,1,0,0,0,0,0,0,0,0,0,0,1,0,0,0,0,1,1
tiiuae/Falcon3-3B-Base,f11_gender_he,POLE,40,0,0,0,0,0,0,0,0,0,0,0,0,0,0,0,3,0,0,0,0,0,3,26,0,0,0,0,0,0,0,0,0,0,0,0,0,0,0,3,0,0,0,0,0,3
tiiuae/Falcon3-3B-Base,f11_gender_she,BOTH,20,0,1,0,0,0,0,0,0,0,0,0,0,0,0,0,1,0,0,0,0,1,1,13,0,1,0,0,0,0,0,0,0,0,0,0,0,0,0,0,0,0,0,0,1,0
tiiuae/Falcon3-3B-Base,f11_gender_she,POLE,40,0,0,0,0,0,0,0,0,0,0,0,0,0,0,0,3,0,0,0,0,0,3,25,0,0,0,0,0,0,0,0,0,0,0,0,0,0,0,2,0,0,0,0,0,2
tiiuae/Falcon3-3B-Base,f11_guilt,BOTH,20,0,1,1,0,0,0,0,0,0,0,0,0,0,0,0,1,1,0,3,0,2,5,15,0,1,1,0,0,0,0,0,0,0,0,0,0,0,0,0,1,0,2,0,2,3
tiiuae/Falcon3-3B-Base,f11_guilt,POLE,40,0,0,0,0,0,0,0,0,0,0,0,0,0,0,0,3,0,0,0,0,0,3,30,0,0,0,0,0,0,0,0,0,0,0,0,0,0,0,2,0,0,0,0,0,2
tiiuae/Falcon3-3B-Base,f11_holy,POLE,40,0,0,0,0,0,0,0,0,0,0,0,0,0,0,0,2,0,0,0,1,0,3,38,0,0,0,0,0,0,0,0,0,0,0,0,0,0,0,2,0,0,0,0,0,2
tiiuae/Falcon3-3B-Base,f11_holy_b,BOTH,20,0,0,0,0,0,0,0,0,0,0,0,0,0,0,0,2,0,0,0,0,0,2,13,0,0,0,0,0,0,0,0,0,0,0,0,0,0,0,1,0,0,0,0,0,1
tiiuae/Falcon3-3B-Base,f11_holy_b,POLE,40,0,0,1,0,0,0,0,0,0,0,0,0,0,0,0,0,0,1,0,0,1,1,33,0,0,1,0,0,0,0,0,0,0,0,0,0,0,0,0,0,0,0,0,1,0
tiiuae/Falcon3-3B-Base,f11_love,BOTH,20,0,0,0,0,0,0,0,0,0,0,0,0,0,0,0,1,0,0,0,0,0,1,14,0,0,0,0,0,0,0,0,0,0,0,0,0,0,0,0,0,0,0,0,0,0
tiiuae/Falcon3-3B-Base,f11_love,POLE,40,1,0,0,0,0,0,0,0,0,0,0,0,0,0,0,0,0,0,0,0,1,0,32,0,0,0,0,0,0,0,0,0,0,0,0,0,0,0,0,0,0,0,0,0,0
tiiuae/Falcon3-3B-Base,f11_love_he,BOTH,20,0,0,0,0,0,0,0,0,0,0,0,0,0,0,0,0,0,1,0,0,0,1,17,0,0,0,0,0,0,0,0,0,0,0,0,0,0,0,0,0,1,0,0,0,1
tiiuae/Falcon3-3B-Base,f11_love_he,POLE,40,0,0,0,0,0,0,0,0,0,0,0,0,0,0,0,1,0,0,0,0,0,1,33,0,0,0,0,0,0,0,0,0,0,0,0,0,0,0,1,0,0,0,0,0,1
tiiuae/Falcon3-3B-Base,f11_loyal,BOTH,20,0,0,0,0,0,0,0,0,0,0,0,0,0,0,0,1,0,0,0,0,0,1,15,0,0,0,0,0,0,0,0,0,0,0,0,0,0,0,1,0,0,0,0,0,1
tiiuae/Falcon3-3B-Base,f11_loyal,POLE,40,0,0,0,0,0,0,0,0,0,0,0,0,0,0,0,0,0,0,0,0,0,0,29,0,0,0,0,0,0,0,0,0,0,0,0,0,0,0,0,0,0,0,0,0,0
tiiuae/Falcon3-3B-Base,f11_parent,BOTH,20,0,0,0,0,0,0,0,0,0,0,0,0,0,0,0,0,0,0,0,0,0,0,13,0,0,0,0,0,0,0,0,0,0,0,0,0,0,0,0,0,0,0,0,0,0
tiiuae/Falcon3-3B-Base,f11_parent,POLE,40,0,0,0,0,0,0,0,0,0,0,0,0,0,0,0,0,0,0,0,0,0,0,24,0,0,0,0,0,0,0,0,0,0,0,0,0,0,0,0,0,0,0,0,0,0
tiiuae/Falcon3-3B-Base,f11_reason,BOTH,20,0,0,0,0,0,0,0,0,0,0,0,0,0,0,0,1,0,0,0,0,0,1,11,0,0,0,0,0,0,0,0,0,0,0,0,0,0,0,1,0,0,0,0,0,1
tiiuae/Falcon3-3B-Base,f11_reason,POLE,40,0,0,0,0,0,0,0,0,0,0,0,0,0,0,0,3,0,0,1,0,0,4,24,0,0,0,0,0,0,0,0,0,0,0,0,0,0,0,2,0,0,0,0,0,2
tiiuae/Falcon3-3B-Base,f11_sensation,BOTH,20,0,0,0,0,0,0,0,0,0,0,0,0,0,0,0,0,0,0,0,0,0,0,19,0,0,0,0,0,0,0,0,0,0,0,0,0,0,0,0,0,0,0,0,0,0
tiiuae/Falcon3-3B-Base,f11_sensation,POLE,40,0,0,1,0,0,0,0,0,0,0,0,0,0,0,0,0,0,0,1,0,1,1,30,0,0,1,0,0,0,0,0,0,0,0,0,0,0,0,0,0,0,1,0,1,1
tiiuae/Falcon3-3B-Base,f11_species,BOTH,20,0,0,0,1,0,0,0,0,0,1,0,0,0,0,0,1,0,0,0,0,2,1,15,0,0,0,1,0,0,0,0,0,1,0,0,0,0,0,1,0,0,0,0,2,1
tiiuae/Falcon3-3B-Base,f11_species,POLE,40,0,0,0,0,0,0,0,0,0,0,0,0,0,0,0,0,0,0,0,0,0,0,33,0,0,0,0,0,0,0,0,0,0,0,0,0,0,0,0,0,0,0,0,0,0
tiiuae/Falcon3-3B-Base,f11_trust,BOTH,20,0,0,0,0,0,0,0,0,0,0,0,0,0,0,0,2,0,0,0,0,0,2,14,0,0,0,0,0,0,0,0,0,0,0,0,0,0,0,2,0,0,0,0,0,2
tiiuae/Falcon3-3B-Base,f11_trust,POLE,40,0,0,0,1,0,0,0,0,0,0,0,0,0,0,0,1,0,0,0,0,1,1,29,0,0,0,0,0,0,0,0,0,0,0,0,0,0,0,1,0,0,0,0,0,1
tiiuae/Falcon3-3B-Instruct,f11_beauty,BOTH,20,0,0,0,0,0,0,0,0,0,0,0,0,0,0,0,0,0,0,0,0,0,0,13,0,0,0,0,0,0,0,0,0,0,0,0,0,0,0,0,0,0,0,0,0,0
tiiuae/Falcon3-3B-Instruct,f11_beauty,POLE,40,0,0,0,0,0,0,0,0,0,0,0,0,0,0,0,0,0,0,0,0,0,0,21,0,0,0,0,0,0,0,0,0,0,0,0,0,0,0,0,0,0,0,0,0,0
tiiuae/Falcon3-3B-Instruct,f11_beauty_ugly,BOTH,20,0,0,0,0,0,0,0,0,0,0,0,0,0,0,0,3,0,0,0,0,0,3,13,0,0,0,0,0,0,0,0,0,0,0,0,0,0,0,3,0,0,0,0,0,3
tiiuae/Falcon3-3B-Instruct,f11_beauty_ugly,POLE,20,0,0,0,0,0,0,0,0,0,0,0,0,0,0,0,0,0,0,0,0,0,0,8,0,0,0,0,0,0,0,0,0,0,0,0,0,0,0,0,0,0,0,0,0,0
tiiuae/Falcon3-3B-Instruct,f11_captive,BOTH,20,0,0,0,0,0,0,0,0,0,0,0,0,0,0,0,1,0,0,0,0,0,1,13,0,0,0,0,0,0,0,0,0,0,0,0,0,0,0,0,0,0,0,0,0,0
tiiuae/Falcon3-3B-Instruct,f11_captive,POLE,40,0,1,0,0,0,0,0,0,0,0,0,0,0,0,0,1,0,0,0,0,1,1,22,0,0,0,0,0,0,0,0,0,0,0,0,0,0,0,0,0,0,0,0,0,0
tiiuae/Falcon3-3B-Instruct,f11_captive_b,BOTH,20,0,0,0,0,0,0,0,0,0,1,0,0,0,0,0,1,0,0,0,0,1,1,13,0,0,0,0,0,0,0,0,0,0,0,0,0,0,0,1,0,0,0,0,0,1
tiiuae/Falcon3-3B-Instruct,f11_captive_b,POLE,40,0,0,1,0,1,0,0,0,0,0,0,0,0,0,0,1,0,0,0,0,2,1,25,0,0,1,0,1,0,0,0,0,0,0,0,0,0,0,1,0,0,0,0,2,1
tiiuae/Falcon3-3B-Instruct,f11_class,BOTH,20,0,0,0,1,1,0,0,0,0,0,0,0,0,0,0,0,0,0,0,0,2,0,8,0,0,0,0,0,0,0,0,0,0,0,0,0,0,0,0,0,0,0,0,0,0
tiiuae/Falcon3-3B-Instruct,f11_class,POLE,40,0,0,0,1,0,0,0,0,0,0,0,0,0,0,0,1,0,0,0,0,1,1,22,0,0,0,1,0,0,0,0,0,0,0,0,0,0,0,0,0,0,0,0,1,0
tiiuae/Falcon3-3B-Instruct,f11_create,BOTH,20,0,0,0,0,0,0,0,0,0,0,0,0,0,0,0,1,0,0,0,0,0,1,10,0,0,0,0,0,0,0,0,0,0,0,0,0,0,0,1,0,0,0,0,0,1
tiiuae/Falcon3-3B-Instruct,f11_create,POLE,40,0,0,0,0,0,0,0,0,0,0,0,0,0,0,0,0,0,0,0,0,0,0,19,0,0,0,0,0,0,0,0,0,0,0,0,0,0,0,0,0,0,0,0,0,0
tiiuae/Falcon3-3B-Instruct,f11_desire,BOTH,20,0,0,0,0,0,0,0,0,0,0,0,0,0,0,0,1,0,0,0,0,0,1,10,0,0,0,0,0,0,0,0,0,0,0,0,0,0,0,0,0,0,0,0,0,0
tiiuae/Falcon3-3B-Instruct,f11_desire,POLE,40,0,0,0,0,0,0,0,0,0,0,0,0,0,0,0,1,0,0,1,0,0,2,30,0,0,0,0,0,0,0,0,0,0,0,0,0,0,0,0,0,0,0,0,0,0
tiiuae/Falcon3-3B-Instruct,f11_faithful,BOTH,20,0,0,1,0,1,0,0,0,0,0,0,0,0,0,0,1,1,0,0,0,2,2,17,0,0,1,0,1,0,0,0,0,0,0,0,0,0,0,1,0,0,0,0,2,1
tiiuae/Falcon3-3B-Instruct,f11_faithful,POLE,40,0,1,0,0,0,0,0,0,0,0,0,0,0,0,0,2,0,0,1,0,1,3,27,0,0,0,0,0,0,0,0,0,0,0,0,0,0,0,2,0,0,0,0,0,2
tiiuae/Falcon3-3B-Instruct,f11_gender,POLE,40,0,0,0,0,0,0,0,0,0,0,0,0,0,0,0,0,0,0,1,0,0,1,22,0,0,0,0,0,0,0,0,0,0,0,0,0,0,0,0,0,0,1,0,0,1
tiiuae/Falcon3-3B-Instruct,f11_gender_he,BOTH,20,0,0,0,0,0,0,0,0,0,0,0,0,0,0,0,0,0,0,0,0,0,0,14,0,0,0,0,0,0,0,0,0,0,0,0,0,0,0,0,0,0,0,0,0,0
tiiuae/Falcon3-3B-Instruct,f11_gender_he,POLE,40,0,0,0,0,0,0,0,0,0,0,0,0,0,0,0,1,0,0,1,0,0,2,18,0,0,0,0,0,0,0,0,0,0,0,0,0,0,0,0,0,0,0,0,0,0
tiiuae/Falcon3-3B-Instruct,f11_gender_she,BOTH,20,0,1,0,0,0,0,0,0,0,0,0,0,0,0,0,2,0,0,0,0,1,2,13,0,1,0,0,0,0,0,0,0,0,0,0,0,0,0,2,0,0,0,0,1,2
tiiuae/Falcon3-3B-Instruct,f11_gender_she,POLE,40,0,0,0,0,1,0,0,0,0,0,0,0,0,0,0,0,0,0,0,0,1,0,26,0,0,0,0,0,0,0,0,0,0,0,0,0,0,0,0,0,0,0,0,0,0
tiiuae/Falcon3-3B-Instruct,f11_guilt,BOTH,20,0,0,0,0,0,0,0,0,0,0,0,0,0,0,0,1,0,0,6,0,0,6,14,0,0,0,0,0,0,0,0,0,0,0,0,0,0,0,1,0,0,3,0,0,3
tiiuae/Falcon3-3B-Instruct,f11_guilt,POLE,40,0,0,0,0,0,0,0,0,0,0,0,0,0,0,0,0,0,0,6,0,0,6,29,0,0,0,0,0,0,0,0,0,0,0,0,0,0,0,0,0,0,4,0,0,4
tiiuae/Falcon3-3B-Instruct,f11_holy,POLE,40,0,0,0,0,1,0,0,0,0,0,0,0,0,0,0,0,0,0,0,0,1,0,26,0,0,0,0,0,0,0,0,0,0,0,0,0,0,0,0,0,0,0,0,0,0
tiiuae/Falcon3-3B-Instruct,f11_holy_b,BOTH,20,0,0,0,0,0,0,0,0,0,0,0,0,0,0,0,2,0,0,1,0,0,3,18,0,0,0,0,0,0,0,0,0,0,0,0,0,0,0,2,0,0,1,0,0,3
tiiuae/Falcon3-3B-Instruct,f11_holy_b,POLE,40,0,0,0,0,0,0,0,0,0,0,0,0,0,0,0,1,0,0,1,0,0,2,30,0,0,0,0,0,0,0,0,0,0,0,0,0,0,0,1,0,0,1,0,0,2
tiiuae/Falcon3-3B-Instruct,f11_love,BOTH,20,0,1,0,0,0,0,0,0,0,0,0,0,0,0,0,0,0,0,0,0,1,0,12,0,0,0,0,0,0,0,0,0,0,0,0,0,0,0,0,0,0,0,0,0,0
tiiuae/Falcon3-3B-Instruct,f11_love,POLE,40,0,0,0,0,0,0,0,0,0,0,0,0,0,0,0,2,0,0,2,0,0,4,31,0,0,0,0,0,0,0,0,0,0,0,0,0,0,0,1,0,0,2,0,0,3
tiiuae/Falcon3-3B-Instruct,f11_love_he,BOTH,20,0,0,0,0,1,0,0,0,0,0,0,0,0,0,0,0,0,0,0,0,1,0,13,0,0,0,0,1,0,0,0,0,0,0,0,0,0,0,0,0,0,0,0,1,0
tiiuae/Falcon3-3B-Instruct,f11_love_he,POLE,40,1,0,0,0,0,0,0,0,0,0,0,0,0,0,0,1,0,0,0,0,1,1,26,1,0,0,0,0,0,0,0,0,0,0,0,0,0,0,0,0,0,0,0,1,0
tiiuae/Falcon3-3B-Instruct,f11_loyal,BOTH,20,0,0,0,0,0,0,0,0,0,0,0,0,0,0,0,0,0,0,0,0,0,0,12,0,0,0,0,0,0,0,0,0,0,0,0,0,0,0,0,0,0,0,0,0,0
tiiuae/Falcon3-3B-Instruct,f11_loyal,POLE,40,0,2,0,0,0,0,0,0,0,0,0,0,0,0,0,0,0,0,0,0,2,0,20,0,2,0,0,0,0,0,0,0,0,0,0,0,0,0,0,0,0,0,0,2,0
tiiuae/Falcon3-3B-Instruct,f11_parent,BOTH,20,0,0,0,0,0,0,0,0,0,0,0,0,0,0,0,1,0,0,0,0,0,1,10,0,0,0,0,0,0,0,0,0,0,0,0,0,0,0,1,0,0,0,0,0,1
tiiuae/Falcon3-3B-Instruct,f11_parent,POLE,40,0,0,0,0,0,0,0,0,0,0,0,0,0,0,0,5,0,0,0,0,0,5,27,0,0,0,0,0,0,0,0,0,0,0,0,0,0,0,5,0,0,0,0,0,5
tiiuae/Falcon3-3B-Instruct,f11_reason,BOTH,20,0,0,0,0,1,0,0,0,0,1,0,0,0,0,0,0,0,0,0,0,1,0,10,0,0,0,0,0,0,0,0,0,0,0,0,0,0,0,0,0,0,0,0,0,0
tiiuae/Falcon3-3B-Instruct,f11_reason,POLE,40,0,0,0,0,0,0,0,0,0,0,0,0,0,0,0,0,0,0,0,0,0,0,24,0,0,0,0,0,0,0,0,0,0,0,0,0,0,0,0,0,0,0,0,0,0
tiiuae/Falcon3-3B-Instruct,f11_sensation,BOTH,20,0,0,0,0,0,0,0,1,0,0,1,0,0,0,0,0,0,0,0,0,2,0,16,0,0,0,0,0,0,0,1,0,0,0,0,0,0,0,0,0,0,0,0,1,0
tiiuae/Falcon3-3B-Instruct,f11_sensation,POLE,40,0,0,0,1,0,0,0,0,0,0,0,0,0,0,0,2,0,0,0,0,1,2,26,0,0,0,1,0,0,0,0,0,0,0,0,0,0,0,0,0,0,0,0,1,0
tiiuae/Falcon3-3B-Instruct,f11_species,BOTH,20,0,0,0,0,0,0,1,0,0,0,0,0,0,0,0,0,0,0,0,0,1,0,14,0,0,0,0,0,0,1,0,0,0,0,0,0,0,0,0,0,0,0,0,1,0
tiiuae/Falcon3-3B-Instruct,f11_species,POLE,40,0,0,0,0,0,0,0,0,0,0,0,0,0,0,0,0,0,0,0,0,0,0,28,0,0,0,0,0,0,0,0,0,0,0,0,0,0,0,0,0,0,0,0,0,0
tiiuae/Falcon3-3B-Instruct,f11_trust,BOTH,20,0,0,0,0,0,0,0,0,0,0,0,0,0,0,0,0,0,0,0,1,0,1,13,0,0,0,0,0,0,0,0,0,0,0,0,0,0,0,0,0,0,0,1,0,1
tiiuae/Falcon3-3B-Instruct,f11_trust,POLE,40,0,0,0,0,0,0,0,0,0,0,0,0,0,0,0,0,0,0,0,0,0,0,32,0,0,0,0,0,0,0,0,0,0,0,0,0,0,0,0,0,0,0,0,0,0
tiiuae/Falcon3-7B-Base,f11_beauty,BOTH,20,0,0,0,0,0,0,0,0,0,0,0,0,0,0,0,1,0,1,0,0,0,2,18,0,0,0,0,0,0,0,0,0,0,0,0,0,0,0,1,0,1,0,0,0,2
tiiuae/Falcon3-7B-Base,f11_beauty,POLE,40,1,0,0,0,0,0,0,0,0,0,0,0,0,0,0,2,0,0,0,0,1,2,36,1,0,0,0,0,0,0,0,0,0,0,0,0,0,0,2,0,0,0,0,1,2
tiiuae/Falcon3-7B-Base,f11_beauty_ugly,BOTH,20,0,0,0,0,0,0,0,0,0,0,0,0,0,0,0,0,0,0,0,0,0,0,17,0,0,0,0,0,0,0,0,0,0,0,0,0,0,0,0,0,0,0,0,0,0
tiiuae/Falcon3-7B-Base,f11_beauty_ugly,POLE,20,0,0,1,0,0,0,0,0,0,0,0,0,0,0,0,0,1,0,0,0,1,1,18,0,0,1,0,0,0,0,0,0,0,0,0,0,0,0,0,1,0,0,0,1,1
tiiuae/Falcon3-7B-Base,f11_captive,BOTH,20,0,0,0,0,1,0,0,0,0,0,0,0,0,0,0,0,0,0,0,0,1,0,10,0,0,0,0,0,0,0,0,0,0,0,0,0,0,0,0,0,0,0,0,0,0
tiiuae/Falcon3-7B-Base,f11_captive,POLE,40,0,0,0,0,1,0,0,0,0,0,0,0,0,0,0,2,0,0,1,0,1,3,29,0,0,0,0,0,0,0,0,0,0,0,0,0,0,0,1,0,0,1,0,0,2
tiiuae/Falcon3-7B-Base,f11_captive_b,BOTH,20,0,0,0,0,0,0,0,0,0,1,0,0,0,0,0,1,0,0,0,0,1,1,16,0,0,0,0,0,0,0,0,0,1,0,0,0,0,0,1,0,0,0,0,1,1
tiiuae/Falcon3-7B-Base,f11_captive_b,POLE,40,0,0,0,0,0,0,0,0,0,0,0,0,0,0,0,1,0,0,0,0,0,1,29,0,0,0,0,0,0,0,0,0,0,0,0,0,0,0,1,0,0,0,0,0,1
tiiuae/Falcon3-7B-Base,f11_class,BOTH,20,0,0,0,0,0,0,0,0,0,0,0,0,0,0,0,2,0,0,0,0,0,2,15,0,0,0,0,0,0,0,0,0,0,0,0,0,0,0,0,0,0,0,0,0,0
tiiuae/Falcon3-7B-Base,f11_class,POLE,40,0,0,0,0,0,0,0,0,0,0,0,0,0,0,0,0,0,0,0,0,0,0,33,0,0,0,0,0,0,0,0,0,0,0,0,0,0,0,0,0,0,0,0,0,0
tiiuae/Falcon3-7B-Base,f11_create,BOTH,20,0,0,0,0,0,0,0,0,0,0,0,0,0,0,0,1,0,0,0,0,0,1,19,0,0,0,0,0,0,0,0,0,0,0,0,0,0,0,1,0,0,0,0,0,1
tiiuae/Falcon3-7B-Base,f11_create,POLE,40,0,0,0,0,0,0,0,0,0,0,0,0,0,0,0,1,0,0,0,0,0,1,26,0,0,0,0,0,0,0,0,0,0,0,0,0,0,0,1,0,0,0,0,0,1
tiiuae/Falcon3-7B-Base,f11_desire,BOTH,20,0,0,0,0,0,0,0,0,0,0,0,0,0,0,0,0,0,0,0,0,0,0,17,0,0,0,0,0,0,0,0,0,0,0,0,0,0,0,0,0,0,0,0,0,0
tiiuae/Falcon3-7B-Base,f11_desire,POLE,40,0,0,0,0,0,0,0,0,0,0,0,0,0,0,0,1,0,0,0,0,0,1,32,0,0,0,0,0,0,0,0,0,0,0,0,0,0,0,1,0,0,0,0,0,1
tiiuae/Falcon3-7B-Base,f11_faithful,BOTH,20,0,0,1,0,0,0,0,0,0,0,0,0,0,0,0,1,0,0,0,0,1,1,17,0,0,0,0,0,0,0,0,0,0,0,0,0,0,0,1,0,0,0,0,0,1
tiiuae/Falcon3-7B-Base,f11_faithful,POLE,40,0,0,0,0,0,0,0,0,0,1,0,0,0,0,0,2,0,0,1,0,1,3,29,0,0,0,0,0,0,0,0,0,1,0,0,0,0,0,1,0,0,0,0,1,1
tiiuae/Falcon3-7B-Base,f11_gender,POLE,40,0,0,1,0,0,0,0,0,0,0,0,0,0,0,0,5,0,0,0,0,1,5,28,0,0,1,0,0,0,0,0,0,0,0,0,0,0,0,2,0,0,0,0,1,2
tiiuae/Falcon3-7B-Base,f11_gender_he,BOTH,20,0,0,1,0,0,0,0,0,0,0,0,0,0,0,0,0,0,0,0,0,1,0,16,0,0,0,0,0,0,0,0,0,0,0,0,0,0,0,0,0,0,0,0,0,0
tiiuae/Falcon3-7B-Base,f11_gender_he,POLE,40,0,0,0,0,0,0,0,0,0,0,0,0,0,0,0,1,0,1,0,0,0,2,32,0,0,0,0,0,0,0,0,0,0,0,0,0,0,0,1,0,1,0,0,0,2
tiiuae/Falcon3-7B-Base,f11_gender_she,BOTH,20,0,0,1,0,0,0,0,0,0,0,0,0,0,0,0,0,0,0,0,0,1,0,17,0,0,1,0,0,0,0,0,0,0,0,0,0,0,0,0,0,0,0,0,1,0
tiiuae/Falcon3-7B-Base,f11_gender_she,POLE,40,0,0,0,0,0,0,0,0,0,0,0,0,0,0,0,0,0,0,0,0,0,0,31,0,0,0,0,0,0,0,0,0,0,0,0,0,0,0,0,0,0,0,0,0,0
tiiuae/Falcon3-7B-Base,f11_guilt,BOTH,20,0,1,0,0,0,0,0,0,0,1,0,0,0,0,0,1,0,0,2,0,2,3,17,0,0,0,0,0,0,0,0,0,1,0,0,0,0,0,0,0,0,2,0,1,2
tiiuae/Falcon3-7B-Base,f11_guilt,POLE,40,0,0,0,0,0,0,0,0,0,0,0,0,0,0,0,2,0,0,2,0,0,4,32,0,0,0,0,0,0,0,0,0,0,0,0,0,0,0,1,0,0,0,0,0,1
tiiuae/Falcon3-7B-Base,f11_holy,POLE,40,1,0,0,0,0,0,0,0,0,0,0,0,0,0,0,2,0,0,0,0,1,2,36,1,0,0,0,0,0,0,0,0,0,0,0,0,0,0,2,0,0,0,0,1,2
tiiuae/Falcon3-7B-Base,f11_holy_b,BOTH,20,0,0,0,0,0,0,0,0,0,0,0,0,0,0,0,0,0,0,0,0,0,0,16,0,0,0,0,0,0,0,0,0,0,0,0,0,0,0,0,0,0,0,0,0,0
tiiuae/Falcon3-7B-Base,f11_holy_b,POLE,40,0,0,0,0,0,0,0,0,0,0,0,0,0,0,0,0,0,0,0,0,0,0,34,0,0,0,0,0,0,0,0,0,0,0,0,0,0,0,0,0,0,0,0,0,0
tiiuae/Falcon3-7B-Base,f11_love,BOTH,20,0,0,0,1,0,0,0,0,0,0,0,0,0,0,0,0,1,0,1,0,1,2,17,0,0,0,1,0,0,0,0,0,0,0,0,0,0,0,0,1,0,1,0,1,2
tiiuae/Falcon3-7B-Base,f11_love,POLE,40,0,0,0,0,0,0,0,0,0,0,0,0,0,0,0,0,0,2,0,1,0,3,32,0,0,0,0,0,0,0,0,0,0,0,0,0,0,0,0,0,2,0,1,0,3
tiiuae/Falcon3-7B-Base,f11_love_he,BOTH,20,0,0,0,0,0,0,0,0,0,0,0,0,0,0,0,0,0,0,0,0,0,0,15,0,0,0,0,0,0,0,0,0,0,0,0,0,0,0,0,0,0,0,0,0,0
tiiuae/Falcon3-7B-Base,f11_love_he,POLE,40,0,0,0,0,0,0,0,0,0,0,0,0,0,0,0,1,0,0,1,0,0,2,37,0,0,0,0,0,0,0,0,0,0,0,0,0,0,0,1,0,0,1,0,0,2
tiiuae/Falcon3-7B-Base,f11_loyal,BOTH,20,0,0,1,0,0,0,0,0,0,0,0,0,0,0,0,0,0,0,0,0,1,0,13,0,0,1,0,0,0,0,0,0,0,0,0,0,0,0,0,0,0,0,0,1,0
tiiuae/Falcon3-7B-Base,f11_loyal,POLE,40,0,1,0,0,0,0,0,0,0,0,0,0,0,0,0,3,0,0,0,0,1,3,23,0,1,0,0,0,0,0,0,0,0,0,0,0,0,0,2,0,0,0,0,1,2
tiiuae/Falcon3-7B-Base,f11_parent,BOTH,20,0,0,0,0,0,0,0,0,0,0,0,0,0,0,0,0,0,0,1,0,0,1,12,0,0,0,0,0,0,0,0,0,0,0,0,0,0,0,0,0,0,1,0,0,1
tiiuae/Falcon3-7B-Base,f11_parent,POLE,40,0,0,0,0,0,0,0,0,0,0,0,0,0,0,0,2,0,0,1,0,0,3,25,0,0,0,0,0,0,0,0,0,0,0,0,0,0,0,1,0,0,0,0,0,1
tiiuae/Falcon3-7B-Base,f11_reason,BOTH,20,0,0,1,0,1,0,0,0,0,0,0,0,0,0,0,2,0,0,0,0,2,2,14,0,0,1,0,0,0,0,0,0,0,0,0,0,0,0,2,0,0,0,0,1,2
tiiuae/Falcon3-7B-Base,f11_reason,POLE,40,0,1,0,0,1,0,0,0,0,0,0,0,0,0,0,2,0,1,0,0,2,3,27,0,1,0,0,1,0,0,0,0,0,0,0,0,0,0,0,0,1,0,0,2,1
tiiuae/Falcon3-7B-Base,f11_sensation,BOTH,20,0,0,0,0,0,0,0,0,0,0,0,0,0,0,0,0,0,0,0,0,0,0,19,0,0,0,0,0,0,0,0,0,0,0,0,0,0,0,0,0,0,0,0,0,0
tiiuae/Falcon3-7B-Base,f11_sensation,POLE,40,0,0,1,0,0,0,0,0,0,0,0,0,0,0,0,1,0,0,0,0,1,1,40,0,0,1,0,0,0,0,0,0,0,0,0,0,0,0,1,0,0,0,0,1,1
tiiuae/Falcon3-7B-Base,f11_species,BOTH,20,0,0,1,0,0,0,0,0,0,0,0,0,0,0,0,2,0,0,0,0,1,2,19,0,0,1,0,0,0,0,0,0,0,0,0,0,0,0,2,0,0,0,0,1,2
tiiuae/Falcon3-7B-Base,f11_species,POLE,40,0,0,1,0,0,0,0,0,0,0,0,0,0,0,0,0,1,0,0,0,1,1,37,0,0,1,0,0,0,0,0,0,0,0,0,0,0,0,0,1,0,0,0,1,1
tiiuae/Falcon3-7B-Base,f11_trust,BOTH,20,0,0,0,0,0,0,0,0,0,0,0,0,0,0,0,1,0,0,0,0,0,1,18,0,0,0,0,0,0,0,0,0,0,0,0,0,0,0,0,0,0,0,0,0,0
tiiuae/Falcon3-7B-Base,f11_trust,POLE,40,0,0,0,1,0,0,0,0,0,0,0,0,0,0,0,3,0,0,0,0,1,3,31,0,0,0,0,0,0,0,0,0,0,0,0,0,0,0,2,0,0,0,0,0,2
tiiuae/Falcon3-7B-Instruct,f11_beauty,BOTH,20,0,0,0,0,1,0,0,0,0,0,0,0,0,0,0,0,0,0,0,0,1,0,17,0,0,0,0,1,0,0,0,0,0,0,0,0,0,0,0,0,0,0,0,1,0
tiiuae/Falcon3-7B-Instruct,f11_beauty,POLE,40,0,0,0,0,0,0,0,0,0,0,0,0,0,0,0,2,0,0,0,0,0,2,36,0,0,0,0,0,0,0,0,0,0,0,0,0,0,0,1,0,0,0,0,0,1
tiiuae/Falcon3-7B-Instruct,f11_beauty_ugly,BOTH,20,0,1,2,0,2,1,0,0,0,0,0,0,0,0,0,0,0,0,1,0,4,1,16,0,0,1,0,2,0,0,0,0,0,0,0,0,0,0,0,0,0,1,0,3,1
tiiuae/Falcon3-7B-Instruct,f11_beauty_ugly,POLE,20,0,0,0,0,0,0,0,0,0,0,0,0,0,0,0,0,0,0,0,0,0,0,15,0,0,0,0,0,0,0,0,0,0,0,0,0,0,0,0,0,0,0,0,0,0
tiiuae/Falcon3-7B-Instruct,f11_captive,BOTH,20,0,1,0,0,2,0,0,0,0,0,0,0,0,0,0,0,0,0,0,0,3,0,13,0,1,0,0,0,0,0,0,0,0,0,0,0,0,0,0,0,0,0,0,1,0
tiiuae/Falcon3-7B-Instruct,f11_captive,POLE,40,0,1,0,0,0,0,0,0,0,0,0,0,0,0,0,1,0,0,0,0,1,1,31,0,1,0,0,0,0,0,0,0,0,0,0,0,0,0,1,0,0,0,0,1,1
tiiuae/Falcon3-7B-Instruct,f11_captive_b,BOTH,20,0,0,0,0,0,0,0,0,0,0,0,0,0,0,0,0,0,0,0,0,0,0,15,0,0,0,0,0,0,0,0,0,0,0,0,0,0,0,0,0,0,0,0,0,0
tiiuae/Falcon3-7B-Instruct,f11_captive_b,POLE,40,0,0,0,0,0,0,0,0,0,1,0,0,0,0,0,2,0,0,0,0,1,2,25,0,0,0,0,0,0,0,0,0,1,0,0,0,0,0,1,0,0,0,0,1,1
tiiuae/Falcon3-7B-Instruct,f11_class,BOTH,20,0,1,0,0,0,0,0,0,0,0,0,0,0,0,0,0,0,0,1,0,1,1,14,0,0,0,0,0,0,0,0,0,0,0,0,0,0,0,0,0,0,1,0,0,1
tiiuae/Falcon3-7B-Instruct,f11_class,POLE,40,1,1,0,0,0,0,0,0,0,0,0,0,0,0,0,3,0,0,0,0,2,3,27,0,0,0,0,0,0,0,0,0,0,0,0,0,0,0,0,0,0,0,0,0,0
tiiuae/Falcon3-7B-Instruct,f11_create,BOTH,20,0,0,0,0,0,0,0,0,0,0,0,0,0,0,0,0,0,0,0,0,0,0,14,0,0,0,0,0,0,0,0,0,0,0,0,0,0,0,0,0,0,0,0,0,0
tiiuae/Falcon3-7B-Instruct,f11_create,POLE,40,0,0,0,0,0,0,0,0,0,0,0,0,0,0,0,1,0,0,0,0,0,1,29,0,0,0,0,0,0,0,0,0,0,0,0,0,0,0,0,0,0,0,0,0,0
tiiuae/Falcon3-7B-Instruct,f11_desire,BOTH,20,1,1,0,1,0,0,0,0,0,0,0,0,0,0,0,2,0,0,0,0,2,2,18,1,1,0,1,0,0,0,0,0,0,0,0,0,0,0,2,0,0,0,0,2,2
tiiuae/Falcon3-7B-Instruct,f11_desire,POLE,40,0,0,0,0,0,0,0,0,0,0,0,0,0,0,0,1,0,0,0,0,0,1,36,0,0,0,0,0,0,0,0,0,0,0,0,0,0,0,1,0,0,0,0,0,1
tiiuae/Falcon3-7B-Instruct,f11_faithful,BOTH,20,0,0,0,0,0,0,0,0,0,0,0,0,0,0,0,2,0,0,0,0,0,2,18,0,0,0,0,0,0,0,0,0,0,0,0,0,0,0,2,0,0,0,0,0,2
tiiuae/Falcon3-7B-Instruct,f11_faithful,POLE,40,0,0,0,0,0,0,0,0,0,0,0,0,0,0,0,2,0,0,3,0,0,5,35,0,0,0,0,0,0,0,0,0,0,0,0,0,0,0,2,0,0,3,0,0,5
tiiuae/Falcon3-7B-Instruct,f11_gender,POLE,40,0,0,0,0,0,0,0,0,0,0,0,0,0,0,0,1,0,0,0,0,0,1,30,0,0,0,0,0,0,0,0,0,0,0,0,0,0,0,1,0,0,0,0,0,1
tiiuae/Falcon3-7B-Instruct,f11_gender_he,BOTH,20,0,0,1,0,0,0,0,0,0,0,0,0,0,0,0,2,0,0,0,0,1,2,14,0,0,1,0,0,0,0,0,0,0,0,0,0,0,0,1,0,0,0,0,1,1
tiiuae/Falcon3-7B-Instruct,f11_gender_he,POLE,40,0,0,0,0,0,0,0,0,0,0,0,0,0,0,0,2,0,0,0,0,0,2,32,0,0,0,0,0,0,0,0,0,0,0,0,0,0,0,1,0,0,0,0,0,1
tiiuae/Falcon3-7B-Instruct,f11_gender_she,BOTH,20,0,0,0,0,0,0,0,0,0,0,0,0,0,0,0,1,0,0,0,0,0,1,14,0,0,0,0,0,0,0,0,0,0,0,0,0,0,0,1,0,0,0,0,0,1
tiiuae/Falcon3-7B-Instruct,f11_gender_she,POLE,40,0,0,0,0,0,0,0,0,0,0,0,0,0,0,0,1,0,1,0,0,0,2,30,0,0,0,0,0,0,0,0,0,0,0,0,0,0,0,1,0,0,0,0,0,1
tiiuae/Falcon3-7B-Instruct,f11_guilt,BOTH,20,0,0,0,0,1,0,0,0,0,0,0,0,0,0,0,2,0,0,5,0,1,7,18,0,0,0,0,1,0,0,0,0,0,0,0,0,0,0,2,0,0,4,0,1,6
tiiuae/Falcon3-7B-Instruct,f11_guilt,POLE,40,1,0,0,0,0,0,0,0,0,0,0,0,0,0,0,3,0,0,4,0,1,7,35,1,0,0,0,0,0,0,0,0,0,0,0,0,0,0,2,0,0,2,0,1,4
tiiuae/Falcon3-7B-Instruct,f11_holy,POLE,40,0,0,0,0,0,0,0,0,0,0,0,0,0,0,0,1,0,0,0,0,0,1,30,0,0,0,0,0,0,0,0,0,0,0,0,0,0,0,1,0,0,0,0,0,1
tiiuae/Falcon3-7B-Instruct,f11_holy_b,BOTH,20,0,0,0,0,0,0,0,0,0,0,0,0,0,0,0,0,0,0,0,0,0,0,17,0,0,0,0,0,0,0,0,0,0,0,0,0,0,0,0,0,0,0,0,0,0
tiiuae/Falcon3-7B-Instruct,f11_holy_b,POLE,40,0,0,0,0,0,0,0,0,0,1,0,0,0,0,0,1,0,0,0,0,1,1,35,0,0,0,0,0,0,0,0,0,0,0,0,0,0,0,1,0,0,0,0,0,1
tiiuae/Falcon3-7B-Instruct,f11_love,BOTH,20,1,0,0,0,0,0,0,1,0,0,0,0,0,0,0,2,0,0,1,0,2,3,16,1,0,0,0,0,0,0,1,0,0,0,0,0,0,0,1,0,0,1,0,2,2
tiiuae/Falcon3-7B-Instruct,f11_love,POLE,40,0,2,1,0,0,0,0,0,0,0,0,0,0,0,0,1,0,0,0,0,3,1,28,0,0,1,0,0,0,0,0,0,0,0,0,0,0,0,0,0,0,0,0,1,0
tiiuae/Falcon3-7B-Instruct,f11_love_he,BOTH,20,0,1,0,0,0,0,0,0,0,0,0,0,0,0,0,1,0,0,0,0,1,1,17,0,1,0,0,0,0,0,0,0,0,0,0,0,0,0,1,0,0,0,0,1,1
tiiuae/Falcon3-7B-Instruct,f11_love_he,POLE,40,1,1,0,0,0,0,0,0,0,0,0,0,0,0,0,0,0,0,1,0,2,1,29,1,0,0,0,0,0,0,0,0,0,0,0,0,0,0,0,0,0,1,0,1,1
tiiuae/Falcon3-7B-Instruct,f11_loyal,BOTH,20,1,0,1,0,1,0,0,0,0,1,0,0,0,0,0,1,0,0,0,0,3,1,10,0,0,1,0,0,0,0,0,0,0,0,0,0,0,0,0,0,0,0,0,1,0
tiiuae/Falcon3-7B-Instruct,f11_loyal,POLE,40,0,2,0,0,0,0,0,0,0,0,0,0,0,0,0,2,0,1,0,0,2,3,23,0,0,0,0,0,0,0,0,0,0,0,0,0,0,0,0,0,1,0,0,0,1
tiiuae/Falcon3-7B-Instruct,f11_parent,BOTH,20,0,0,0,0,0,0,0,0,0,0,0,0,0,0,0,0,0,0,0,0,0,0,13,0,0,0,0,0,0,0,0,0,0,0,0,0,0,0,0,0,0,0,0,0,0
tiiuae/Falcon3-7B-Instruct,f11_parent,POLE,40,0,0,0,0,0,0,0,0,0,0,0,0,0,0,0,4,0,0,0,0,0,4,28,0,0,0,0,0,0,0,0,0,0,0,0,0,0,0,2,0,0,0,0,0,2
tiiuae/Falcon3-7B-Instruct,f11_reason,BOTH,20,0,0,0,0,1,0,0,0,0,1,0,0,0,0,0,2,0,0,0,0,2,2,10,0,0,0,0,1,0,0,0,0,0,0,0,0,0,0,0,0,0,0,0,1,0
tiiuae/Falcon3-7B-Instruct,f11_reason,POLE,40,0,0,0,0,0,0,0,0,0,0,0,0,0,0,0,1,0,0,0,0,0,1,20,0,0,0,0,0,0,0,0,0,0,0,0,0,0,0,1,0,0,0,0,0,1
tiiuae/Falcon3-7B-Instruct,f11_sensation,BOTH,20,0,0,0,0,0,0,0,0,0,0,0,0,0,0,0,2,0,0,0,0,0,2,20,0,0,0,0,0,0,0,0,0,0,0,0,0,0,0,2,0,0,0,0,0,2
tiiuae/Falcon3-7B-Instruct,f11_sensation,POLE,40,1,0,0,0,0,0,0,0,0,0,0,0,0,0,0,2,0,0,0,0,1,2,38,1,0,0,0,0,0,0,0,0,0,0,0,0,0,0,2,0,0,0,0,1,2
tiiuae/Falcon3-7B-Instruct,f11_species,BOTH,20,0,0,0,0,0,0,0,0,0,0,0,0,0,0,0,0,0,0,0,0,0,0,19,0,0,0,0,0,0,0,0,0,0,0,0,0,0,0,0,0,0,0,0,0,0
tiiuae/Falcon3-7B-Instruct,f11_species,POLE,40,0,0,1,0,0,0,0,0,0,0,0,0,0,0,0,0,0,0,0,0,1,0,35,0,0,1,0,0,0,0,0,0,0,0,0,0,0,0,0,0,0,0,0,1,0
tiiuae/Falcon3-7B-Instruct,f11_trust,BOTH,20,0,1,0,0,0,0,0,0,0,0,0,0,0,0,0,0,0,0,0,0,1,0,17,0,1,0,0,0,0,0,0,0,0,0,0,0,0,0,0,0,0,0,0,1,0
tiiuae/Falcon3-7B-Instruct,f11_trust,POLE,40,0,0,0,0,0,0,0,0,0,0,0,0,0,0,0,0,0,0,0,1,0,1,27,0,0,0,0,0,0,0,0,0,0,0,0,0,0,0,0,0,0,0,0,0,0
togethercomputer/RedPajama-INCITE-7B-Chat,f11_beauty,BOTH,20,0,0,0,0,0,0,0,0,0,0,0,0,0,0,0,0,0,0,0,0,0,0,20,0,0,0,0,0,0,0,0,0,0,0,0,0,0,0,0,0,0,0,0,0,0
togethercomputer/RedPajama-INCITE-7B-Chat,f11_beauty,POLE,40,0,0,1,0,0,0,0,0,0,0,0,0,0,0,0,3,0,0,0,0,1,3,32,0,0,1,0,0,0,0,0,0,0,0,0,0,0,0,2,0,0,0,0,1,2
togethercomputer/RedPajama-INCITE-7B-Chat,f11_beauty_ugly,BOTH,20,0,0,0,0,0,0,0,0,0,0,0,0,0,0,0,0,0,0,0,0,0,0,17,0,0,0,0,0,0,0,0,0,0,0,0,0,0,0,0,0,0,0,0,0,0
togethercomputer/RedPajama-INCITE-7B-Chat,f11_beauty_ugly,POLE,20,0,1,0,0,0,0,0,0,0,0,0,0,0,0,0,0,0,0,0,0,1,0,17,0,0,0,0,0,0,0,0,0,0,0,0,0,0,0,0,0,0,0,0,0,0
togethercomputer/RedPajama-INCITE-7B-Chat,f11_captive,BOTH,20,0,0,0,1,0,0,0,0,0,0,0,0,0,0,0,0,0,0,0,0,1,0,13,0,0,0,1,0,0,0,0,0,0,0,0,0,0,0,0,0,0,0,0,1,0
togethercomputer/RedPajama-INCITE-7B-Chat,f11_captive,POLE,40,0,0,0,0,0,0,0,0,0,0,0,0,0,0,0,2,0,1,0,0,0,3,23,0,0,0,0,0,0,0,0,0,0,0,0,0,0,0,0,0,1,0,0,0,1
togethercomputer/RedPajama-INCITE-7B-Chat,f11_captive_b,BOTH,20,0,0,0,0,0,0,0,0,0,0,0,0,0,0,0,0,0,0,1,0,0,1,14,0,0,0,0,0,0,0,0,0,0,0,0,0,0,0,0,0,0,1,0,0,1
togethercomputer/RedPajama-INCITE-7B-Chat,f11_captive_b,POLE,40,0,0,0,0,1,0,0,0,0,0,0,0,0,0,0,0,0,0,0,0,1,0,20,0,0,0,0,0,0,0,0,0,0,0,0,0,0,0,0,0,0,0,0,0,0
togethercomputer/RedPajama-INCITE-7B-Chat,f11_class,BOTH,20,0,0,0,0,0,0,0,0,0,0,0,0,0,0,0,1,0,0,0,0,0,1,13,0,0,0,0,0,0,0,0,0,0,0,0,0,0,0,1,0,0,0,0,0,1
togethercomputer/RedPajama-INCITE-7B-Chat,f11_class,POLE,40,0,0,0,0,0,0,0,0,0,0,0,0,0,0,0,2,0,0,0,0,0,2,31,0,0,0,0,0,0,0,0,0,0,0,0,0,0,0,1,0,0,0,0,0,1
togethercomputer/RedPajama-INCITE-7B-Chat,f11_create,BOTH,20,0,0,1,0,0,1,0,0,0,0,0,0,0,0,0,0,0,0,0,0,2,0,15,0,0,1,0,0,1,0,0,0,0,0,0,0,0,0,0,0,0,0,0,2,0
togethercomputer/RedPajama-INCITE-7B-Chat,f11_create,POLE,40,1,0,0,0,0,0,0,0,0,0,0,0,0,0,0,1,0,0,0,0,1,1,28,1,0,0,0,0,0,0,0,0,0,0,0,0,0,0,1,0,0,0,0,1,1
togethercomputer/RedPajama-INCITE-7B-Chat,f11_desire,BOTH,20,0,1,0,0,0,0,0,0,0,0,0,0,0,0,0,2,0,0,0,0,1,2,20,0,1,0,0,0,0,0,0,0,0,0,0,0,0,0,2,0,0,0,0,1,2
togethercomputer/RedPajama-INCITE-7B-Chat,f11_desire,POLE,40,0,0,0,0,0,0,0,0,0,0,0,0,0,0,0,1,0,0,0,0,0,1,34,0,0,0,0,0,0,0,0,0,0,0,0,0,0,0,1,0,0,0,0,0,1
togethercomputer/RedPajama-INCITE-7B-Chat,f11_faithful,BOTH,20,1,0,0,0,0,0,0,0,0,0,0,0,0,0,0,0,0,0,2,0,1,2,15,1,0,0,0,0,0,0,0,0,0,0,0,0,0,0,0,0,0,2,0,1,2
togethercomputer/RedPajama-INCITE-7B-Chat,f11_faithful,POLE,40,0,1,0,0,0,0,0,0,0,0,0,0,0,0,0,1,0,0,0,0,1,1,35,0,0,0,0,0,0,0,0,0,0,0,0,0,0,0,0,0,0,0,0,0,0
togethercomputer/RedPajama-INCITE-7B-Chat,f11_gender,POLE,40,0,0,0,0,0,0,0,0,0,0,0,0,0,0,0,3,0,0,0,0,0,3,15,0,0,0,0,0,0,0,0,0,0,0,0,0,0,0,0,0,0,0,0,0,0
togethercomputer/RedPajama-INCITE-7B-Chat,f11_gender_he,BOTH,20,0,0,2,0,0,3,0,0,0,0,0,0,0,0,0,1,0,0,0,0,5,1,15,0,0,2,0,0,3,0,0,0,0,0,0,0,0,0,1,0,0,0,0,5,1
togethercomputer/RedPajama-INCITE-7B-Chat,f11_gender_he,POLE,40,0,1,0,0,0,0,0,0,0,0,0,0,0,0,0,0,0,0,0,0,1,0,30,0,0,0,0,0,0,0,0,0,0,0,0,0,0,0,0,0,0,0,0,0,0
togethercomputer/RedPajama-INCITE-7B-Chat,f11_gender_she,BOTH,20,0,0,0,0,0,0,0,0,0,0,0,0,0,0,0,0,0,0,0,0,0,0,18,0,0,0,0,0,0,0,0,0,0,0,0,0,0,0,0,0,0,0,0,0,0
togethercomputer/RedPajama-INCITE-7B-Chat,f11_gender_she,POLE,40,0,0,0,0,0,0,0,0,0,0,0,0,0,0,0,0,0,0,0,0,0,0,30,0,0,0,0,0,0,0,0,0,0,0,0,0,0,0,0,0,0,0,0,0,0
togethercomputer/RedPajama-INCITE-7B-Chat,f11_guilt,BOTH,20,0,0,0,0,0,0,0,0,0,0,0,0,0,0,0,2,0,0,4,0,0,6,16,0,0,0,0,0,0,0,0,0,0,0,0,0,0,0,2,0,0,3,0,0,5
togethercomputer/RedPajama-INCITE-7B-Chat,f11_guilt,POLE,40,0,0,0,0,0,0,0,0,0,0,0,0,0,0,0,2,0,0,8,0,0,9,35,0,0,0,0,0,0,0,0,0,0,0,0,0,0,0,2,0,0,7,0,0,8
togethercomputer/RedPajama-INCITE-7B-Chat,f11_holy,POLE,40,0,0,1,0,0,0,0,0,0,0,0,0,0,0,0,0,0,0,0,0,1,0,34,0,0,1,0,0,0,0,0,0,0,0,0,0,0,0,0,0,0,0,0,1,0
togethercomputer/RedPajama-INCITE-7B-Chat,f11_holy_b,BOTH,20,0,0,0,0,0,0,0,0,0,0,0,0,0,0,0,0,0,0,0,0,0,0,17,0,0,0,0,0,0,0,0,0,0,0,0,0,0,0,0,0,0,0,0,0,0
togethercomputer/RedPajama-INCITE-7B-Chat,f11_holy_b,POLE,40,0,0,0,0,0,0,0,0,0,0,0,0,0,0,0,0,0,0,0,0,0,0,31,0,0,0,0,0,0,0,0,0,0,0,0,0,0,0,0,0,0,0,0,0,0
togethercomputer/RedPajama-INCITE-7B-Chat,f11_love,BOTH,20,0,0,0,0,0,0,0,0,0,0,0,0,0,0,0,3,0,0,0,0,0,3,17,0,0,0,0,0,0,0,0,0,0,0,0,0,0,0,3,0,0,0,0,0,3
togethercomputer/RedPajama-INCITE-7B-Chat,f11_love,POLE,40,0,0,0,0,0,0,0,0,0,0,0,0,0,0,0,1,0,0,1,0,0,2,36,0,0,0,0,0,0,0,0,0,0,0,0,0,0,0,1,0,0,0,0,0,1
togethercomputer/RedPajama-INCITE-7B-Chat,f11_love_he,BOTH,20,0,0,2,0,1,0,0,0,0,0,0,0,0,0,0,0,0,0,0,0,3,0,18,0,0,2,0,1,0,0,0,0,0,0,0,0,0,0,0,0,0,0,0,3,0
togethercomputer/RedPajama-INCITE-7B-Chat,f11_love_he,POLE,40,0,0,0,0,0,0,0,0,0,0,0,0,0,0,0,0,0,0,0,0,0,0,32,0,0,0,0,0,0,0,0,0,0,0,0,0,0,0,0,0,0,0,0,0,0
togethercomputer/RedPajama-INCITE-7B-Chat,f11_loyal,BOTH,20,0,0,0,0,0,0,0,0,0,0,0,0,0,0,0,0,0,0,1,0,0,1,16,0,0,0,0,0,0,0,0,0,0,0,0,0,0,0,0,0,0,1,0,0,1
togethercomputer/RedPajama-INCITE-7B-Chat,f11_loyal,POLE,40,1,1,0,0,0,0,0,0,0,0,0,0,0,0,0,1,0,0,0,0,2,1,22,1,0,0,0,0,0,0,0,0,0,0,0,0,0,0,1,0,0,0,0,1,1
togethercomputer/RedPajama-INCITE-7B-Chat,f11_parent,BOTH,20,0,0,0,0,0,0,0,0,0,0,0,0,0,0,0,0,0,0,0,0,0,0,8,0,0,0,0,0,0,0,0,0,0,0,0,0,0,0,0,0,0,0,0,0,0
togethercomputer/RedPajama-INCITE-7B-Chat,f11_parent,POLE,40,0,0,0,0,0,0,0,0,0,0,0,0,0,0,0,2,0,0,0,0,0,2,22,0,0,0,0,0,0,0,0,0,0,0,0,0,0,0,1,0,0,0,0,0,1
togethercomputer/RedPajama-INCITE-7B-Chat,f11_reason,BOTH,20,0,0,1,0,0,0,0,0,0,1,0,0,0,0,0,0,0,0,0,0,2,0,9,0,0,1,0,0,0,0,0,0,0,0,0,0,0,0,0,0,0,0,0,1,0
togethercomputer/RedPajama-INCITE-7B-Chat,f11_reason,POLE,40,0,0,0,0,0,0,0,0,0,0,0,0,0,0,0,4,0,0,0,0,0,4,27,0,0,0,0,0,0,0,0,0,0,0,0,0,0,0,2,0,0,0,0,0,2
togethercomputer/RedPajama-INCITE-7B-Chat,f11_sensation,BOTH,20,0,0,0,0,0,0,0,0,0,0,0,0,0,0,0,0,0,0,0,0,0,0,16,0,0,0,0,0,0,0,0,0,0,0,0,0,0,0,0,0,0,0,0,0,0
togethercomputer/RedPajama-INCITE-7B-Chat,f11_sensation,POLE,40,1,0,1,1,0,0,0,0,0,0,0,0,0,0,0,0,0,0,0,0,2,0,36,1,0,1,1,0,0,0,0,0,0,0,0,0,0,0,0,0,0,0,0,2,0
togethercomputer/RedPajama-INCITE-7B-Chat,f11_species,BOTH,20,1,0,0,0,0,0,0,0,0,0,0,0,0,0,0,0,0,0,0,0,1,0,19,1,0,0,0,0,0,0,0,0,0,0,0,0,0,0,0,0,0,0,0,1,0
togethercomputer/RedPajama-INCITE-7B-Chat,f11_species,POLE,40,0,0,0,0,0,0,0,0,0,0,0,0,0,0,0,0,0,0,0,0,0,0,37,0,0,0,0,0,0,0,0,0,0,0,0,0,0,0,0,0,0,0,0,0,0
togethercomputer/RedPajama-INCITE-7B-Chat,f11_trust,BOTH,20,0,0,0,0,0,0,0,0,0,0,0,0,0,0,0,1,0,0,0,0,0,1,13,0,0,0,0,0,0,0,0,0,0,0,0,0,0,0,1,0,0,0,0,0,1
togethercomputer/RedPajama-INCITE-7B-Chat,f11_trust,POLE,40,0,0,0,0,0,0,0,0,0,0,0,0,0,0,0,0,0,0,0,0,0,0,28,0,0,0,0,0,0,0,0,0,0,0,0,0,0,0,0,0,0,0,0,0,0
togethercomputer/RedPajama-INCITE-Base-7B-v0.1,f11_beauty,BOTH,20,0,0,0,0,0,0,0,0,0,0,0,0,0,0,0,0,0,0,0,0,0,0,16,0,0,0,0,0,0,0,0,0,0,0,0,0,0,0,0,0,0,0,0,0,0
togethercomputer/RedPajama-INCITE-Base-7B-v0.1,f11_beauty,POLE,40,0,0,0,0,0,0,0,0,0,0,0,0,0,0,0,2,0,1,0,0,0,3,36,0,0,0,0,0,0,0,0,0,0,0,0,0,0,0,2,0,1,0,0,0,3
togethercomputer/RedPajama-INCITE-Base-7B-v0.1,f11_beauty_ugly,BOTH,20,0,0,0,0,0,0,0,0,0,0,0,0,0,0,0,0,0,0,1,0,0,1,18,0,0,0,0,0,0,0,0,0,0,0,0,0,0,0,0,0,0,1,0,0,1
togethercomputer/RedPajama-INCITE-Base-7B-v0.1,f11_beauty_ugly,POLE,20,0,0,0,0,0,0,0,0,0,0,0,0,0,0,0,0,0,0,1,0,0,1,19,0,0,0,0,0,0,0,0,0,0,0,0,0,0,0,0,0,0,1,0,0,1
togethercomputer/RedPajama-INCITE-Base-7B-v0.1,f11_captive,BOTH,20,0,0,1,0,0,0,0,0,0,0,0,0,0,0,0,0,0,0,0,0,1,0,16,0,0,1,0,0,0,0,0,0,0,0,0,0,0,0,0,0,0,0,0,1,0
togethercomputer/RedPajama-INCITE-Base-7B-v0.1,f11_captive,POLE,40,0,0,0,0,0,0,0,0,0,0,0,0,0,0,0,2,0,0,0,1,0,3,32,0,0,0,0,0,0,0,0,0,0,0,0,0,0,0,1,0,0,0,1,0,2
togethercomputer/RedPajama-INCITE-Base-7B-v0.1,f11_captive_b,BOTH,20,0,0,0,0,0,0,0,0,0,0,0,0,0,0,0,0,0,0,0,0,0,0,13,0,0,0,0,0,0,0,0,0,0,0,0,0,0,0,0,0,0,0,0,0,0
togethercomputer/RedPajama-INCITE-Base-7B-v0.1,f11_captive_b,POLE,40,0,0,0,0,0,0,0,0,0,0,0,0,0,0,0,1,0,0,0,0,0,1,35,0,0,0,0,0,0,0,0,0,0,0,0,0,0,0,1,0,0,0,0,0,1
togethercomputer/RedPajama-INCITE-Base-7B-v0.1,f11_class,BOTH,20,0,0,0,0,0,0,0,0,0,0,0,0,0,0,0,1,0,0,0,0,0,1,15,0,0,0,0,0,0,0,0,0,0,0,0,0,0,0,0,0,0,0,0,0,0
togethercomputer/RedPajama-INCITE-Base-7B-v0.1,f11_class,POLE,40,0,0,0,0,0,0,0,0,0,0,0,0,0,0,0,0,0,0,0,0,0,0,34,0,0,0,0,0,0,0,0,0,0,0,0,0,0,0,0,0,0,0,0,0,0
togethercomputer/RedPajama-INCITE-Base-7B-v0.1,f11_create,BOTH,20,0,0,0,0,0,0,0,0,0,0,0,0,0,0,0,1,0,0,0,0,0,1,18,0,0,0,0,0,0,0,0,0,0,0,0,0,0,0,1,0,0,0,0,0,1
togethercomputer/RedPajama-INCITE-Base-7B-v0.1,f11_create,POLE,40,0,0,0,0,0,0,0,0,0,0,0,0,0,0,0,0,0,0,0,0,0,0,27,0,0,0,0,0,0,0,0,0,0,0,0,0,0,0,0,0,0,0,0,0,0
togethercomputer/RedPajama-INCITE-Base-7B-v0.1,f11_desire,BOTH,20,0,0,0,0,0,0,0,0,0,0,0,0,0,0,0,0,1,0,1,0,0,2,18,0,0,0,0,0,0,0,0,0,0,0,0,0,0,0,0,0,0,1,0,0,1
togethercomputer/RedPajama-INCITE-Base-7B-v0.1,f11_desire,POLE,40,0,0,0,0,0,0,0,0,0,0,0,0,0,0,0,0,0,2,0,0,0,2,34,0,0,0,0,0,0,0,0,0,0,0,0,0,0,0,0,0,2,0,0,0,2
togethercomputer/RedPajama-INCITE-Base-7B-v0.1,f11_faithful,BOTH,20,0,0,0,0,0,0,0,0,0,0,0,0,0,0,0,1,0,0,0,0,0,1,16,0,0,0,0,0,0,0,0,0,0,0,0,0,0,0,1,0,0,0,0,0,1
togethercomputer/RedPajama-INCITE-Base-7B-v0.1,f11_faithful,POLE,40,0,1,0,0,0,0,0,0,0,0,0,0,0,0,0,1,0,1,0,0,1,2,35,0,1,0,0,0,0,0,0,0,0,0,0,0,0,0,1,0,1,0,0,1,2
togethercomputer/RedPajama-INCITE-Base-7B-v0.1,f11_gender,POLE,40,0,0,0,0,0,0,0,0,0,0,0,0,0,0,0,2,0,1,0,0,0,3,31,0,0,0,0,0,0,0,0,0,0,0,0,0,0,0,0,0,0,0,0,0,0
togethercomputer/RedPajama-INCITE-Base-7B-v0.1,f11_gender_he,BOTH,20,0,0,0,0,0,0,0,0,0,0,0,0,0,0,0,0,0,1,0,0,0,1,18,0,0,0,0,0,0,0,0,0,0,0,0,0,0,0,0,0,1,0,0,0,1
togethercomputer/RedPajama-INCITE-Base-7B-v0.1,f11_gender_he,POLE,40,0,0,0,0,0,0,0,0,0,0,0,0,0,0,0,3,0,0,0,0,0,3,35,0,0,0,0,0,0,0,0,0,0,0,0,0,0,0,3,0,0,0,0,0,3
togethercomputer/RedPajama-INCITE-Base-7B-v0.1,f11_gender_she,BOTH,20,0,0,0,0,0,0,0,0,0,0,0,0,0,0,0,1,0,0,0,0,0,1,17,0,0,0,0,0,0,0,0,0,0,0,0,0,0,0,1,0,0,0,0,0,1
togethercomputer/RedPajama-INCITE-Base-7B-v0.1,f11_gender_she,POLE,40,0,0,0,0,0,0,0,0,0,0,0,0,0,0,0,4,0,0,0,0,0,4,30,0,0,0,0,0,0,0,0,0,0,0,0,0,0,0,4,0,0,0,0,0,4
togethercomputer/RedPajama-INCITE-Base-7B-v0.1,f11_guilt,BOTH,20,0,0,0,0,0,0,0,0,0,0,0,0,0,0,0,0,0,0,0,0,0,0,17,0,0,0,0,0,0,0,0,0,0,0,0,0,0,0,0,0,0,0,0,0,0
togethercomputer/RedPajama-INCITE-Base-7B-v0.1,f11_guilt,POLE,40,0,0,1,0,0,0,0,0,0,0,0,0,0,0,0,0,0,0,2,0,1,2,33,0,0,1,0,0,0,0,0,0,0,0,0,0,0,0,0,0,0,2,0,1,2
togethercomputer/RedPajama-INCITE-Base-7B-v0.1,f11_holy,POLE,40,0,0,0,0,0,0,0,0,0,0,0,0,0,0,0,2,0,0,0,0,0,2,38,0,0,0,0,0,0,0,0,0,0,0,0,0,0,0,2,0,0,0,0,0,2
togethercomputer/RedPajama-INCITE-Base-7B-v0.1,f11_holy_b,BOTH,20,0,0,0,0,0,0,0,0,0,0,0,0,0,0,0,0,0,0,0,0,0,0,16,0,0,0,0,0,0,0,0,0,0,0,0,0,0,0,0,0,0,0,0,0,0
togethercomputer/RedPajama-INCITE-Base-7B-v0.1,f11_holy_b,POLE,40,0,0,0,0,0,0,0,0,1,0,0,0,0,0,0,0,0,1,0,0,1,1,36,0,0,0,0,0,0,0,0,1,0,0,0,0,0,0,0,0,0,0,0,1,0
togethercomputer/RedPajama-INCITE-Base-7B-v0.1,f11_love,BOTH,20,0,0,0,0,1,0,0,0,0,0,0,0,0,0,0,0,0,0,0,0,1,0,19,0,0,0,0,1,0,0,0,0,0,0,0,0,0,0,0,0,0,0,0,1,0
togethercomputer/RedPajama-INCITE-Base-7B-v0.1,f11_love,POLE,40,0,0,0,0,0,0,0,0,0,0,0,0,0,0,0,0,0,0,1,0,0,1,39,0,0,0,0,0,0,0,0,0,0,0,0,0,0,0,0,0,0,1,0,0,1
togethercomputer/RedPajama-INCITE-Base-7B-v0.1,f11_love_he,BOTH,20,0,0,2,0,0,0,0,0,0,0,0,0,0,0,0,0,0,0,0,0,2,0,20,0,0,2,0,0,0,0,0,0,0,0,0,0,0,0,0,0,0,0,0,2,0
togethercomputer/RedPajama-INCITE-Base-7B-v0.1,f11_love_he,POLE,40,0,0,0,0,0,0,0,1,0,0,0,0,0,0,0,1,0,0,0,0,1,1,36,0,0,0,0,0,0,0,1,0,0,0,0,0,0,0,1,0,0,0,0,1,1
togethercomputer/RedPajama-INCITE-Base-7B-v0.1,f11_loyal,BOTH,20,0,0,0,0,0,0,0,0,0,0,0,0,0,0,0,1,0,0,0,0,0,1,14,0,0,0,0,0,0,0,0,0,0,0,0,0,0,0,1,0,0,0,0,0,1
togethercomputer/RedPajama-INCITE-Base-7B-v0.1,f11_loyal,POLE,40,0,0,0,0,0,0,0,0,0,0,0,0,0,0,0,1,0,0,0,0,0,1,33,0,0,0,0,0,0,0,0,0,0,0,0,0,0,0,0,0,0,0,0,0,0
togethercomputer/RedPajama-INCITE-Base-7B-v0.1,f11_parent,BOTH,20,0,0,0,0,0,0,0,0,0,0,0,0,0,0,0,0,0,0,0,0,0,0,13,0,0,0,0,0,0,0,0,0,0,0,0,0,0,0,0,0,0,0,0,0,0
togethercomputer/RedPajama-INCITE-Base-7B-v0.1,f11_parent,POLE,40,0,1,1,0,0,0,0,0,0,0,0,0,0,0,0,0,0,0,0,0,2,0,27,0,1,1,0,0,0,0,0,0,0,0,0,0,0,0,0,0,0,0,0,2,0
togethercomputer/RedPajama-INCITE-Base-7B-v0.1,f11_reason,BOTH,20,0,0,1,0,2,0,0,0,0,0,0,0,0,0,0,1,0,0,1,0,2,2,17,0,0,1,0,2,0,0,0,0,0,0,0,0,0,0,1,0,0,1,0,2,2
togethercomputer/RedPajama-INCITE-Base-7B-v0.1,f11_reason,POLE,40,0,0,0,0,0,0,0,0,0,0,0,0,0,0,0,2,0,0,0,0,0,2,26,0,0,0,0,0,0,0,0,0,0,0,0,0,0,0,2,0,0,0,0,0,2
togethercomputer/RedPajama-INCITE-Base-7B-v0.1,f11_sensation,BOTH,20,0,0,0,0,0,0,0,0,0,0,0,0,0,0,0,0,0,0,0,0,0,0,18,0,0,0,0,0,0,0,0,0,0,0,0,0,0,0,0,0,0,0,0,0,0
togethercomputer/RedPajama-INCITE-Base-7B-v0.1,f11_sensation,POLE,40,0,0,0,0,0,0,0,0,0,0,0,0,0,0,0,0,0,0,0,0,0,0,37,0,0,0,0,0,0,0,0,0,0,0,0,0,0,0,0,0,0,0,0,0,0
togethercomputer/RedPajama-INCITE-Base-7B-v0.1,f11_species,BOTH,20,0,0,0,0,0,0,0,0,0,0,0,0,0,0,0,0,0,0,0,0,0,0,17,0,0,0,0,0,0,0,0,0,0,0,0,0,0,0,0,0,0,0,0,0,0
togethercomputer/RedPajama-INCITE-Base-7B-v0.1,f11_species,POLE,40,0,0,0,0,0,0,0,0,0,0,0,0,0,0,0,1,0,0,0,0,0,1,38,0,0,0,0,0,0,0,0,0,0,0,0,0,0,0,1,0,0,0,0,0,1
togethercomputer/RedPajama-INCITE-Base-7B-v0.1,f11_trust,BOTH,20,0,0,0,0,0,0,0,0,0,0,0,0,0,0,0,0,0,0,0,0,0,0,16,0,0,0,0,0,0,0,0,0,0,0,0,0,0,0,0,0,0,0,0,0,0
togethercomputer/RedPajama-INCITE-Base-7B-v0.1,f11_trust,POLE,40,0,0,0,0,0,0,0,0,0,0,0,0,0,0,0,1,0,0,0,0,0,1,29,0,0,0,0,0,0,0,0,0,0,0,0,0,0,0,1,0,0,0,0,0,1
zai-org/glm-4-9b-chat-hf,f11_beauty,BOTH,20,0,0,0,0,0,0,0,0,0,0,0,0,0,0,0,0,0,0,0,0,0,0,11,0,0,0,0,0,0,0,0,0,0,0,0,0,0,0,0,0,0,0,0,0,0
zai-org/glm-4-9b-chat-hf,f11_beauty,POLE,40,0,0,0,0,0,0,0,0,0,0,0,0,0,0,0,1,0,0,0,0,0,1,24,0,0,0,0,0,0,0,0,0,0,0,0,0,0,0,0,0,0,0,0,0,0
zai-org/glm-4-9b-chat-hf,f11_beauty_ugly,BOTH,20,0,0,0,2,0,0,0,0,0,1,0,0,0,0,0,0,0,0,0,0,2,0,11,0,0,0,0,0,0,0,0,0,0,0,0,0,0,0,0,0,0,0,0,0,0
zai-org/glm-4-9b-chat-hf,f11_beauty_ugly,POLE,20,0,1,0,0,0,0,0,0,0,0,0,0,0,0,0,1,0,0,0,0,1,1,10,0,0,0,0,0,0,0,0,0,0,0,0,0,0,0,1,0,0,0,0,0,1
zai-org/glm-4-9b-chat-hf,f11_captive,BOTH,20,0,0,0,1,1,0,0,0,0,2,0,0,0,0,0,0,0,0,0,0,2,0,11,0,0,0,0,0,0,0,0,0,1,0,0,0,0,0,0,0,0,0,0,1,0
zai-org/glm-4-9b-chat-hf,f11_captive,POLE,40,0,0,0,0,1,0,0,0,0,0,0,0,0,0,0,2,0,0,0,0,1,2,20,0,0,0,0,1,0,0,0,0,0,0,0,0,0,0,1,0,0,0,0,1,1
zai-org/glm-4-9b-chat-hf,f11_captive_b,BOTH,20,0,0,0,0,0,0,0,0,0,0,0,0,0,0,0,1,0,0,0,0,0,1,7,0,0,0,0,0,0,0,0,0,0,0,0,0,0,0,1,0,0,0,0,0,1
zai-org/glm-4-9b-chat-hf,f11_captive_b,POLE,40,0,0,0,0,0,0,0,0,0,0,0,0,0,0,0,1,0,0,0,0,0,1,20,0,0,0,0,0,0,0,0,0,0,0,0,0,0,0,1,0,0,0,0,0,1
zai-org/glm-4-9b-chat-hf,f11_class,BOTH,20,0,0,0,0,0,0,0,0,0,0,0,0,0,0,0,0,0,0,0,0,0,0,9,0,0,0,0,0,0,0,0,0,0,0,0,0,0,0,0,0,0,0,0,0,0
zai-org/glm-4-9b-chat-hf,f11_class,POLE,40,0,0,0,0,0,0,0,0,0,0,0,0,0,0,0,0,0,0,0,0,0,0,19,0,0,0,0,0,0,0,0,0,0,0,0,0,0,0,0,0,0,0,0,0,0
zai-org/glm-4-9b-chat-hf,f11_create,BOTH,20,0,0,2,0,0,0,0,0,0,0,0,0,0,0,0,0,0,0,0,0,2,0,8,0,0,0,0,0,0,0,0,0,0,0,0,0,0,0,0,0,0,0,0,0,0
zai-org/glm-4-9b-chat-hf,f11_create,POLE,40,0,0,0,0,0,0,0,0,0,0,0,0,0,0,0,2,0,0,0,0,0,2,16,0,0,0,0,0,0,0,0,0,0,0,0,0,0,0,2,0,0,0,0,0,2
zai-org/glm-4-9b-chat-hf,f11_desire,BOTH,20,0,1,2,0,0,0,0,0,0,0,0,0,0,0,0,1,0,0,0,0,3,1,15,0,0,2,0,0,0,0,0,0,0,0,0,0,0,0,1,0,0,0,0,2,1
zai-org/glm-4-9b-chat-hf,f11_desire,POLE,40,0,0,0,0,0,0,0,0,0,0,0,0,0,0,0,1,0,0,0,0,0,1,28,0,0,0,0,0,0,0,0,0,0,0,0,0,0,0,1,0,0,0,0,0,1
zai-org/glm-4-9b-chat-hf,f11_faithful,BOTH,20,0,1,0,0,1,0,0,0,0,0,0,0,0,0,0,0,0,0,0,0,2,0,10,0,0,0,0,0,0,0,0,0,0,0,0,0,0,0,0,0,0,0,0,0,0
zai-org/glm-4-9b-chat-hf,f11_faithful,POLE,40,0,0,0,0,0,0,0,0,0,0,0,0,0,0,0,2,0,0,1,0,0,3,21,0,0,0,0,0,0,0,0,0,0,0,0,0,0,0,1,0,0,0,0,0,1
zai-org/glm-4-9b-chat-hf,f11_gender,POLE,40,0,0,0,0,0,0,0,0,0,0,0,0,0,0,0,0,0,0,0,0,0,0,20,0,0,0,0,0,0,0,0,0,0,0,0,0,0,0,0,0,0,0,0,0,0
zai-org/glm-4-9b-chat-hf,f11_gender_he,BOTH,20,0,0,0,0,0,0,0,0,0,0,0,0,0,0,0,0,0,0,0,0,0,0,12,0,0,0,0,0,0,0,0,0,0,0,0,0,0,0,0,0,0,0,0,0,0
zai-org/glm-4-9b-chat-hf,f11_gender_he,POLE,40,0,0,0,0,0,0,0,0,0,0,0,0,0,0,0,0,0,0,0,0,0,0,17,0,0,0,0,0,0,0,0,0,0,0,0,0,0,0,0,0,0,0,0,0,0
zai-org/glm-4-9b-chat-hf,f11_gender_she,BOTH,20,0,0,0,0,0,0,0,0,0,0,0,0,0,0,0,1,0,0,0,0,0,1,11,0,0,0,0,0,0,0,0,0,0,0,0,0,0,0,0,0,0,0,0,0,0
zai-org/glm-4-9b-chat-hf,f11_gender_she,POLE,40,0,0,0,0,0,0,0,0,0,0,0,0,0,0,0,0,0,0,0,0,0,0,22,0,0,0,0,0,0,0,0,0,0,0,0,0,0,0,0,0,0,0,0,0,0
zai-org/glm-4-9b-chat-hf,f11_guilt,BOTH,20,1,1,1,0,3,0,0,0,0,0,0,0,0,0,0,0,0,0,8,0,3,8,11,0,0,1,0,2,0,0,0,0,0,0,0,0,0,0,0,0,0,3,0,2,3
zai-org/glm-4-9b-chat-hf,f11_guilt,POLE,40,0,0,0,0,0,0,0,0,0,0,0,0,0,0,0,1,0,0,9,0,0,9,22,0,0,0,0,0,0,0,0,0,0,0,0,0,0,0,1,0,0,3,0,0,3
zai-org/glm-4-9b-chat-hf,f11_holy,POLE,40,0,0,0,0,0,0,0,0,0,0,0,0,0,0,0,0,0,0,0,0,0,0,25,0,0,0,0,0,0,0,0,0,0,0,0,0,0,0,0,0,0,0,0,0,0
zai-org/glm-4-9b-chat-hf,f11_holy_b,BOTH,20,0,0,0,0,1,0,0,0,0,0,0,0,0,0,0,1,0,0,0,0,1,1,9,0,0,0,0,0,0,0,0,0,0,0,0,0,0,0,0,0,0,0,0,0,0
zai-org/glm-4-9b-chat-hf,f11_holy_b,POLE,40,0,0,0,0,0,0,0,0,0,0,0,0,0,0,0,1,0,0,0,0,0,1,21,0,0,0,0,0,0,0,0,0,0,0,0,0,0,0,0,0,0,0,0,0,0
zai-org/glm-4-9b-chat-hf,f11_love,BOTH,20,0,1,2,1,1,0,0,0,0,0,0,0,0,0,0,0,0,0,0,0,4,0,13,0,1,1,0,0,0,0,0,0,0,0,0,0,0,0,0,0,0,0,0,2,0
zai-org/glm-4-9b-chat-hf,f11_love,POLE,40,0,0,0,0,0,0,0,0,0,0,0,0,0,0,0,1,0,0,0,1,0,2,26,0,0,0,0,0,0,0,0,0,0,0,0,0,0,0,0,0,0,0,1,0,1
zai-org/glm-4-9b-chat-hf,f11_love_he,BOTH,20,0,3,3,1,1,0,0,0,0,0,0,0,0,0,0,0,0,0,0,0,5,0,11,0,0,1,0,0,0,0,0,0,0,0,0,0,0,0,0,0,0,0,0,1,0
zai-org/glm-4-9b-chat-hf,f11_love_he,POLE,40,0,0,0,0,0,0,0,0,0,1,0,0,0,0,0,0,0,0,0,0,1,0,26,0,0,0,0,0,0,0,0,0,1,0,0,0,0,0,0,0,0,0,0,1,0
zai-org/glm-4-9b-chat-hf,f11_loyal,BOTH,20,0,0,0,0,1,0,0,0,0,0,0,0,0,0,0,0,0,0,0,0,1,0,10,0,0,0,0,0,0,0,0,0,0,0,0,0,0,0,0,0,0,0,0,0,0
zai-org/glm-4-9b-chat-hf,f11_loyal,POLE,40,0,1,0,0,0,0,0,0,0,0,0,0,0,0,0,2,0,0,0,0,1,2,21,0,0,0,0,0,0,0,0,0,0,0,0,0,0,0,1,0,0,0,0,0,1
zai-org/glm-4-9b-chat-hf,f11_parent,BOTH,20,0,1,0,0,0,0,0,0,0,0,0,0,0,0,0,2,0,0,0,0,1,2,7,0,0,0,0,0,0,0,0,0,0,0,0,0,0,0,0,0,0,0,0,0,0
zai-org/glm-4-9b-chat-hf,f11_parent,POLE,40,0,0,0,0,0,0,0,0,0,0,0,0,0,0,0,1,0,0,0,0,0,1,19,0,0,0,0,0,0,0,0,0,0,0,0,0,0,0,0,0,0,0,0,0,0
zai-org/glm-4-9b-chat-hf,f11_reason,BOTH,20,0,0,1,0,1,0,0,0,0,0,0,0,1,0,0,0,0,0,0,0,2,0,13,0,0,0,0,0,0,0,0,0,0,0,0,1,0,0,0,0,0,0,0,1,0
zai-org/glm-4-9b-chat-hf,f11_reason,POLE,40,0,1,0,0,0,0,0,0,0,1,0,0,0,0,0,0,0,0,1,0,2,1,19,0,0,0,0,0,0,0,0,0,0,0,0,0,0,0,0,0,0,0,0,0,0
zai-org/glm-4-9b-chat-hf,f11_sensation,BOTH,20,0,0,0,0,0,0,0,1,0,0,0,0,0,0,0,0,0,0,0,0,1,0,10,0,0,0,0,0,0,0,1,0,0,0,0,0,0,0,0,0,0,0,0,1,0
zai-org/glm-4-9b-chat-hf,f11_sensation,POLE,40,0,0,0,0,0,0,0,0,0,0,0,0,0,0,0,1,0,0,0,0,0,1,21,0,0,0,0,0,0,0,0,0,0,0,0,0,0,0,0,0,0,0,0,0,0
zai-org/glm-4-9b-chat-hf,f11_species,BOTH,20,0,0,0,1,0,0,0,0,0,0,0,0,0,0,0,0,0,0,0,0,1,0,14,0,0,0,0,0,0,0,0,0,0,0,0,0,0,0,0,0,0,0,0,0,0
zai-org/glm-4-9b-chat-hf,f11_species,POLE,40,0,1,0,0,0,0,0,0,0,0,0,0,0,0,0,1,0,0,0,0,1,1,28,0,1,0,0,0,0,0,0,0,0,0,0,0,0,0,0,0,0,0,0,1,0
zai-org/glm-4-9b-chat-hf,f11_trust,BOTH,20,0,0,0,0,0,0,0,0,0,0,0,0,0,0,0,0,0,0,0,0,0,0,10,0,0,0,0,0,0,0,0,0,0,0,0,0,0,0,0,0,0,0,0,0,0
zai-org/glm-4-9b-chat-hf,f11_trust,POLE,40,0,1,0,0,0,0,0,0,0,0,0,0,0,0,0,0,0,1,0,0,1,1,25,0,0,0,0,0,0,0,0,0,0,0,0,0,0,0,0,0,1,0,0,0,1
zai-org/glm-4-9b-hf,f11_beauty,BOTH,20,0,1,1,0,0,0,0,0,0,0,0,0,0,0,0,1,0,0,1,0,2,2,15,0,0,0,0,0,0,0,0,0,0,0,0,0,0,0,1,0,0,0,0,0,1
zai-org/glm-4-9b-hf,f11_beauty,POLE,40,0,0,0,0,0,0,0,0,0,0,0,0,0,0,0,1,0,0,1,0,0,2,31,0,0,0,0,0,0,0,0,0,0,0,0,0,0,0,1,0,0,1,0,0,2
zai-org/glm-4-9b-hf,f11_beauty_ugly,BOTH,20,0,1,0,0,0,0,0,0,0,0,0,0,0,0,0,0,0,0,0,0,1,0,16,0,0,0,0,0,0,0,0,0,0,0,0,0,0,0,0,0,0,0,0,0,0
zai-org/glm-4-9b-hf,f11_beauty_ugly,POLE,20,0,1,0,0,0,0,0,0,0,0,0,0,0,0,0,1,0,0,0,0,1,1,17,0,1,0,0,0,0,0,0,0,0,0,0,0,0,0,0,0,0,0,0,1,0
zai-org/glm-4-9b-hf,f11_captive,BOTH,20,0,0,0,0,1,0,0,0,0,0,0,0,0,0,0,1,0,0,0,0,1,1,17,0,0,0,0,1,0,0,0,0,0,0,0,0,0,0,1,0,0,0,0,1,1
zai-org/glm-4-9b-hf,f11_captive,POLE,40,0,0,0,0,0,0,0,0,0,0,0,0,0,0,0,0,0,0,0,0,0,0,30,0,0,0,0,0,0,0,0,0,0,0,0,0,0,0,0,0,0,0,0,0,0
zai-org/glm-4-9b-hf,f11_captive_b,BOTH,20,0,1,0,0,0,0,0,0,0,0,0,0,0,0,0,0,0,0,0,0,1,0,15,0,0,0,0,0,0,0,0,0,0,0,0,0,0,0,0,0,0,0,0,0,0
zai-org/glm-4-9b-hf,f11_captive_b,POLE,40,0,0,0,0,0,0,0,0,0,0,0,0,0,0,0,0,0,0,0,0,0,0,29,0,0,0,0,0,0,0,0,0,0,0,0,0,0,0,0,0,0,0,0,0,0
zai-org/glm-4-9b-hf,f11_class,BOTH,20,0,0,0,0,0,0,0,0,0,0,0,0,0,0,0,0,0,0,0,0,0,0,15,0,0,0,0,0,0,0,0,0,0,0,0,0,0,0,0,0,0,0,0,0,0
zai-org/glm-4-9b-hf,f11_class,POLE,40,0,0,0,0,0,0,0,0,0,0,0,0,0,0,0,0,0,0,1,0,0,1,28,0,0,0,0,0,0,0,0,0,0,0,0,0,0,0,0,0,0,1,0,0,1
zai-org/glm-4-9b-hf,f11_create,BOTH,20,0,0,0,0,0,0,0,0,0,0,0,0,0,0,0,3,0,0,0,0,0,3,14,0,0,0,0,0,0,0,0,0,0,0,0,0,0,0,3,0,0,0,0,0,3
zai-org/glm-4-9b-hf,f11_create,POLE,40,0,0,0,0,0,0,0,0,0,0,0,0,0,0,0,2,0,0,0,0,0,2,28,0,0,0,0,0,0,0,0,0,0,0,0,0,0,0,1,0,0,0,0,0,1
zai-org/glm-4-9b-hf,f11_desire,BOTH,20,0,0,0,0,0,0,0,0,0,0,0,0,0,0,0,0,0,0,0,0,0,0,19,0,0,0,0,0,0,0,0,0,0,0,0,0,0,0,0,0,0,0,0,0,0
zai-org/glm-4-9b-hf,f11_desire,POLE,40,0,0,0,0,0,0,0,0,0,0,0,0,0,0,0,0,0,0,0,0,0,0,27,0,0,0,0,0,0,0,0,0,0,0,0,0,0,0,0,0,0,0,0,0,0
zai-org/glm-4-9b-hf,f11_faithful,BOTH,20,0,1,1,1,1,0,0,1,0,0,0,0,0,0,0,0,0,0,0,0,4,0,15,0,1,1,1,0,0,0,0,0,0,0,0,0,0,0,0,0,0,0,0,2,0
zai-org/glm-4-9b-hf,f11_faithful,POLE,40,0,0,1,0,0,0,0,0,0,0,0,0,0,0,0,1,0,0,0,0,1,1,26,0,0,1,0,0,0,0,0,0,0,0,0,0,0,0,0,0,0,0,0,1,0
zai-org/glm-4-9b-hf,f11_gender,POLE,40,0,1,0,0,0,0,0,0,0,0,0,0,0,0,0,1,0,0,0,0,1,1,20,0,1,0,0,0,0,0,0,0,0,0,0,0,0,0,1,0,0,0,0,1,1
zai-org/glm-4-9b-hf,f11_gender_he,BOTH,20,0,0,0,0,0,0,0,0,0,0,0,0,0,0,0,0,0,0,1,0,0,1,16,0,0,0,0,0,0,0,0,0,0,0,0,0,0,0,0,0,0,0,0,0,0
zai-org/glm-4-9b-hf,f11_gender_he,POLE,40,0,0,0,0,0,0,0,0,0,0,0,0,0,0,0,1,0,0,0,0,0,1,30,0,0,0,0,0,0,0,0,0,0,0,0,0,0,0,1,0,0,0,0,0,1
zai-org/glm-4-9b-hf,f11_gender_she,BOTH,20,0,0,0,0,0,0,0,0,0,1,0,0,0,0,0,1,0,0,0,0,1,1,14,0,0,0,0,0,0,0,0,0,1,0,0,0,0,0,1,0,0,0,0,1,1
zai-org/glm-4-9b-hf,f11_gender_she,POLE,40,0,0,0,0,0,0,0,0,0,0,0,0,0,0,0,1,0,0,0,0,0,1,27,0,0,0,0,0,0,0,0,0,0,0,0,0,0,0,1,0,0,0,0,0,1
zai-org/glm-4-9b-hf,f11_guilt,BOTH,20,0,0,0,0,0,0,0,0,0,0,0,0,0,0,0,1,0,0,2,0,0,3,20,0,0,0,0,0,0,0,0,0,0,0,0,0,0,0,1,0,0,2,0,0,3
zai-org/glm-4-9b-hf,f11_guilt,POLE,40,0,0,0,0,0,0,0,0,0,0,0,0,0,0,0,2,0,0,6,0,0,8,30,0,0,0,0,0,0,0,0,0,0,0,0,0,0,0,1,0,0,2,0,0,3
zai-org/glm-4-9b-hf,f11_holy,POLE,40,0,0,0,0,0,0,0,0,0,0,0,0,0,0,0,1,0,0,0,0,0,1,36,0,0,0,0,0,0,0,0,0,0,0,0,0,0,0,1,0,0,0,0,0,1
zai-org/glm-4-9b-hf,f11_holy_b,BOTH,20,0,0,0,0,1,0,0,0,0,0,0,0,0,0,0,0,0,0,0,0,1,0,19,0,0,0,0,1,0,0,0,0,0,0,0,0,0,0,0,0,0,0,0,1,0
zai-org/glm-4-9b-hf,f11_holy_b,POLE,40,1,0,0,0,0,0,0,0,0,0,0,0,0,0,0,1,0,0,0,0,1,1,34,1,0,0,0,0,0,0,0,0,0,0,0,0,0,0,1,0,0,0,0,1,1
zai-org/glm-4-9b-hf,f11_love,BOTH,20,0,0,2,0,0,0,0,0,0,0,0,0,0,0,0,3,0,0,0,0,2,3,15,0,0,1,0,0,0,0,0,0,0,0,0,0,0,0,3,0,0,0,0,1,3
zai-org/glm-4-9b-hf,f11_love,POLE,40,0,1,1,0,0,0,0,0,0,0,0,0,0,0,0,0,0,0,0,0,1,0,30,0,0,0,0,0,0,0,0,0,0,0,0,0,0,0,0,0,0,0,0,0,0
zai-org/glm-4-9b-hf,f11_love_he,BOTH,20,0,2,1,1,1,0,0,0,0,0,0,0,0,0,0,0,0,0,0,0,3,0,17,0,1,1,0,0,0,0,0,0,0,0,0,0,0,0,0,0,0,0,0,2,0
zai-org/glm-4-9b-hf,f11_love_he,POLE,40,0,0,0,0,0,0,0,0,0,0,0,0,0,0,0,0,0,0,0,0,0,0,31,0,0,0,0,0,0,0,0,0,0,0,0,0,0,0,0,0,0,0,0,0,0
zai-org/glm-4-9b-hf,f11_loyal,BOTH,20,0,1,0,0,0,0,0,0,0,0,0,0,0,0,0,0,0,0,0,0,1,0,14,0,1,0,0,0,0,0,0,0,0,0,0,0,0,0,0,0,0,0,0,1,0
zai-org/glm-4-9b-hf,f11_loyal,POLE,40,0,0,0,0,0,0,0,0,0,0,0,0,0,0,0,0,0,0,1,0,0,1,18,0,0,0,0,0,0,0,0,0,0,0,0,0,0,0,0,0,0,1,0,0,1
zai-org/glm-4-9b-hf,f11_parent,BOTH,20,0,0,0,0,0,0,0,0,0,0,0,0,0,0,0,1,0,0,0,0,0,1,14,0,0,0,0,0,0,0,0,0,0,0,0,0,0,0,1,0,0,0,0,0,1
zai-org/glm-4-9b-hf,f11_parent,POLE,40,0,0,0,0,0,0,0,0,0,0,0,0,0,0,0,0,0,0,0,0,0,0,30,0,0,0,0,0,0,0,0,0,0,0,0,0,0,0,0,0,0,0,0,0,0
zai-org/glm-4-9b-hf,f11_reason,BOTH,20,0,0,0,0,0,0,0,0,0,0,0,0,0,0,0,0,0,0,0,0,0,0,14,0,0,0,0,0,0,0,0,0,0,0,0,0,0,0,0,0,0,0,0,0,0
zai-org/glm-4-9b-hf,f11_reason,POLE,40,0,1,0,0,1,0,0,0,0,0,0,0,0,0,0,1,0,0,0,0,2,1,27,0,0,0,0,0,0,0,0,0,0,0,0,0,0,0,1,0,0,0,0,0,1
zai-org/glm-4-9b-hf,f11_sensation,BOTH,20,0,0,0,0,0,0,0,0,0,0,0,0,0,0,0,0,0,0,0,0,0,0,13,0,0,0,0,0,0,0,0,0,0,0,0,0,0,0,0,0,0,0,0,0,0
zai-org/glm-4-9b-hf,f11_sensation,POLE,40,0,0,1,0,0,0,0,0,0,0,0,0,0,0,0,0,0,0,0,0,1,0,35,0,0,1,0,0,0,0,0,0,0,0,0,0,0,0,0,0,0,0,0,1,0
zai-org/glm-4-9b-hf,f11_species,BOTH,20,0,0,0,0,0,0,0,0,0,0,0,0,0,0,0,0,0,0,0,0,0,0,19,0,0,0,0,0,0,0,0,0,0,0,0,0,0,0,0,0,0,0,0,0,0
zai-org/glm-4-9b-hf,f11_species,POLE,40,0,0,0,0,0,0,0,0,0,0,0,0,0,0,0,4,0,0,0,0,0,4,36,0,0,0,0,0,0,0,0,0,0,0,0,0,0,0,4,0,0,0,0,0,4
zai-org/glm-4-9b-hf,f11_trust,BOTH,20,0,0,0,0,0,0,0,0,0,0,0,0,0,0,0,0,0,0,0,0,0,0,13,0,0,0,0,0,0,0,0,0,0,0,0,0,0,0,0,0,0,0,0,0,0
zai-org/glm-4-9b-hf,f11_trust,POLE,40,0,0,0,0,0,0,0,0,0,0,0,0,0,0,0,0,0,0,0,0,0,0,32,0,0,0,0,0,0,0,0,0,0,0,0,0,0,0,0,0,0,0,0,0,0
