word_set,word,corpus_cells
sexual,adultery,16
sexual,amatory,3
sexual,amorous,401
sexual,anal,37
sexual,analy,76
sexual,anus,75
sexual,arousal,127
sexual,arouse,382
sexual,aroused,699
sexual,arouses,3
sexual,arousing,4
sexual,balls,1993
sexual,ballsack,3
sexual,bawd,27
sexual,bawds,1
sexual,bawdy,12
sexual,bedded,143
sexual,bimbo,2
sexual,bisexual,6
sexual,bollocks,3
sexual,bondage,154
sexual,boner,151
sexual,bonk,2
sexual,bonked,2
sexual,boob,54
sexual,boobs,54
sexual,bosom,8244
sexual,bosomed,42
sexual,bosomes,1
sexual,bosoms,724
sexual,breast,14432
sexual,breasted,46
sexual,breastings,1
sexual,breasts,2705
sexual,breeding,51
sexual,brothel,53
sexual,brothels,6
sexual,bugger,281
sexual,buggers,1
sexual,butch,1084
sexual,butches,3
sexual,buttplug,1
sexual,buxom,7
sexual,carnal,43
sexual,carnality,1
sexual,casanova,24
sexual,castrate,130
sexual,castrated,36
sexual,castrates,1
sexual,cervix,1
sexual,chaste,549
sexual,chastities,1
sexual,chastity,37
sexual,circumcise,10
sexual,circumcised,81
sexual,circumcision,6
sexual,cleavage,171
sexual,climax,1677
sexual,climaxed,302
sexual,clit,223
sexual,clitoris,58
sexual,cock,5863
sexual,cockes,2
sexual,cockhead,81
sexual,cocks,84
sexual,cocksucker,2
sexual,coitus,98
sexual,concupiscence,3
sexual,condom,167
sexual,condoms,207
sexual,consummated,95
sexual,consummating,1
sexual,consummation,46
sexual,contraception,120
sexual,contraceptive,2
sexual,copulate,72
sexual,copulation,82
sexual,creampie,3
sexual,crotch,1031
sexual,crotched,1
sexual,cuck,516
sexual,cuckold,55
sexual,cuckoldry,2
sexual,cucks,3
sexual,cum,2061
sexual,cummed,69
sexual,cummer,1
sexual,cumming,3
sexual,cums,3
sexual,cunt,137
sexual,dalliances,2
sexual,debauch,27
sexual,debauched,9
sexual,debauchery,3
sexual,deepthroat,5
sexual,deepthroated,2
sexual,deflower,56
sexual,deflowered,12
sexual,dick,1694
sexual,dickhead,1
sexual,dicks,16
sexual,dildo,34
sexual,dildos,3
sexual,doggystyle,1
sexual,dong,172
sexual,dyke,6
sexual,dykes,18
sexual,ejaculate,87
sexual,ejaculated,380
sexual,ejaculates,2
sexual,ejaculating,1
sexual,ejaculation,8
sexual,epididymis,3
sexual,erectile,13
sexual,erection,962
sexual,erections,25
sexual,erogenous,1
sexual,erotic,194
sexual,erotica,66
sexual,eroticism,40
sexual,eunuch,29
sexual,eunuchs,20
sexual,exhibitionist,1
sexual,fag,86
sexual,faggot,104
sexual,faggots,3
sexual,fags,114
sexual,fanny,155
sexual,fap,3
sexual,fapped,3
sexual,fellate,19
sexual,fellatio,5
sexual,fetish,29
sexual,fingered,2563
sexual,fingering,10
sexual,fisting,2
sexual,fleshly,45
sexual,flirted,810
sexual,flirting,145
sexual,flirts,6
sexual,fondle,1796
sexual,fondled,1938
sexual,fondling,36
sexual,foreplay,194
sexual,foreskin,227
sexual,fornicate,34
sexual,fornicated,6
sexual,fornicating,1
sexual,fornication,7
sexual,frig,182
sexual,frot,5
sexual,frottage,1
sexual,fuck,11070
sexual,fucked,2061
sexual,fucker,23
sexual,fuckers,2
sexual,fuckery,13
sexual,fucking,1350
sexual,fucks,16
sexual,gay,6899
sexual,gayer,94
sexual,gays,2
sexual,genital,126
sexual,genitalia,97
sexual,genitals,479
sexual,gigolo,1
sexual,glans,45
sexual,grope,2149
sexual,groped,2976
sexual,gropes,2
sexual,groping,75
sexual,gropings,2
sexual,hardon,74
sexual,harem,11
sexual,harlot,78
sexual,harlots,1
sexual,hermaphrodite,11
sexual,ho,19026
sexual,hoe,103
sexual,hoes,143
sexual,homo,9
sexual,homos,1
sexual,homosexual,8
sexual,homosexuality,10
sexual,hooker,15
sexual,hooters,3
sexual,horny,33
sexual,hos,24
sexual,hump,464
sexual,humped,113
sexual,humping,33
sexual,hussy,59
sexual,hymen,51
sexual,impotence,5
sexual,impregnate,71
sexual,impregnated,71
sexual,impregnating,28
sexual,incest,3
sexual,infidelity,51
sexual,intercourse,440
sexual,jism,1
sexual,jizz,28
sexual,jizzed,28
sexual,jugs,90
sexual,kink,76
sexual,kinky,16
sexual,labia,128
sexual,lascivious,4
sexual,lecher,46
sexual,lecherous,12
sexual,leer,238
sexual,leered,392
sexual,leering,101
sexual,lesbian,34
sexual,lewd,92
sexual,lewdness,1
sexual,libertine,2
sexual,libido,1
sexual,licentious,34
sexual,loins,458
sexual,lovemaking,113
sexual,lover,7247
sexual,lovers,3026
sexual,lust,4989
sexual,lusted,27
sexual,lustful,5
sexual,lusting,1
sexual,lusts,26
sexual,lusty,98
sexual,maidenhead,3
sexual,maidenhood,39
sexual,mammary,3
sexual,manhood,1554
sexual,masturbate,2606
sexual,masturbated,747
sexual,masturbates,10
sexual,masturbating,36
sexual,masturbation,36
sexual,mated,22
sexual,mating,15
sexual,minge,2
sexual,mistress,2177
sexual,mistresses,6
sexual,molest,414
sexual,molestation,2
sexual,molested,312
sexual,mons,11
sexual,motherfucker,2
sexual,muff,427
sexual,nads,4
sexual,necking,4
sexual,nipple,690
sexual,nipples,617
sexual,obscene,84
sexual,odalisque,1
sexual,ogle,59
sexual,orgasm,865
sexual,orgasmed,72
sexual,orgasms,179
sexual,orgies,57
sexual,orgy,31
sexual,ovaries,2
sexual,ovary,1
sexual,paps,2
sexual,paramour,6
sexual,pecker,206
sexual,peckers,1
sexual,pederast,4
sexual,penetrate,1036
sexual,penetrated,368
sexual,penetrates,9
sexual,penetration,103
sexual,penile,18
sexual,penis,1418
sexual,penises,3
sexual,perineum,4
sexual,perv,430
sexual,perversion,1
sexual,pervert,27
sexual,perverted,17
sexual,phallic,2
sexual,phallus,96
sexual,philander,2
sexual,pimp,18
sexual,pimper,2
sexual,poof,20
sexual,poofs,1
sexual,poon,1
sexual,porn,384
sexual,porno,2
sexual,pornography,147
sexual,precum,1
sexual,prepuce,17
sexual,prick,2951
sexual,pricks,39
sexual,privates,432
sexual,procreate,8
sexual,prostate,39
sexual,prostitute,75
sexual,prostituted,1
sexual,prostitutes,7
sexual,prostitution,76
sexual,pubes,1
sexual,pubic,65
sexual,pubis,4
sexual,pussies,2
sexual,pussy,643
sexual,queer,1087
sexual,quickie,4
sexual,quim,1
sexual,randy,39
sexual,rape,3130
sexual,raped,3563
sexual,rapes,2
sexual,raping,52
sexual,rapist,3
sexual,rapy,17
sexual,ravish,608
sexual,ravished,381
sexual,ribald,1
sexual,rut,171
sexual,satyr,20
sexual,schlong,10
sexual,screwd,3
sexual,screwing,12
sexual,scrotum,261
sexual,seduce,3367
sexual,seduced,356
sexual,seducer,1
sexual,seduces,1
sexual,seducing,64
sexual,seduction,88
sexual,seductions,1
sexual,seductive,32
sexual,semen,73
sexual,sensual,142
sexual,sensuality,16
sexual,sex,3580
sexual,sexed,4
sexual,sexes,30
sexual,sext,71
sexual,sexted,50
sexual,sexting,5
sexual,sexual,840
sexual,sexuality,216
sexual,sexy,327
sexual,shag,659
sexual,shagged,17
sexual,shagger,1
sexual,shags,2
sexual,shemale,2
sexual,slag,4
sexual,slut,78
sexual,smut,80
sexual,smutty,2
sexual,sodomize,52
sexual,sodomized,90
sexual,sperm,97
sexual,spunk,32
sexual,steamy,14
sexual,stiffy,4
sexual,stripper,4
sexual,strumpet,49
sexual,stud,698
sexual,sultry,380
sexual,swive,93
sexual,swives,1
sexual,temptress,1
sexual,testicle,29
sexual,testicles,578
sexual,testis,2
sexual,thot,53
sexual,tit,1081
sexual,titillate,55
sexual,tits,247
sexual,todger,5
sexual,topless,40
sexual,transvestite,2
sexual,trollop,22
sexual,tryst,232
sexual,trysts,2
sexual,twat,13
sexual,twink,347
sexual,unchaste,10
sexual,vagina,62
sexual,vaginal,5
sexual,venery,1
sexual,virgin,2240
sexual,virginity,19
sexual,virgins,123
sexual,virile,2
sexual,voluptuous,98
sexual,voyeur,3
sexual,vulva,3
sexual,wang,64
sexual,wank,168
sexual,wanked,8
sexual,wanker,11
sexual,wanking,3
sexual,wanton,718
sexual,wantonness,9
sexual,wantons,1
sexual,weenie,8
sexual,whore,382
sexual,whorehouse,2
sexual,whores,10
sexual,wiener,47
sexual,willy,92
violent,abduct,151
violent,abrasion,3
violent,abrasions,7
violent,abuse,3888
violent,abused,929
violent,abuser,1
violent,abusing,3
violent,affray,9
violent,affrays,1
violent,ambush,67
violent,ambushed,124
violent,ambushing,3
violent,ammunition,59
violent,amputate,72
violent,amputated,31
violent,amputation,1
violent,annihilate,1295
violent,annihilated,36
violent,annihilates,3
violent,annihilating,145
violent,armament,2
violent,armaments,3
violent,arrow,593
violent,arrows,1073
violent,artillery,92
violent,asphyxiate,4
violent,asphyxiated,26
violent,assailant,76
violent,assailants,25
violent,assassin,34
violent,assassinate,187
violent,assassinated,9
violent,assassination,8
violent,assassinations,6
violent,assassins,1
violent,assault,2986
violent,assaulted,3782
violent,assaulting,315
violent,assaults,8
violent,atrocity,5
violent,attack,15508
violent,attacked,15310
violent,attacker,23
violent,attackers,3
violent,attacking,1010
violent,attacks,461
violent,axed,44
violent,bash,3011
violent,bashed,2783
violent,bashes,2
violent,bashing,9
violent,batons,3
violent,batter,1044
violent,battered,1330
violent,battering,83
violent,battle,7019
violent,battled,178
violent,battles,498
violent,battling,114
violent,bayonet,37
violent,bayoneted,71
violent,bayonets,22
violent,bayonetted,6
violent,beat,46001
violent,beating,2163
violent,beatings,61
violent,beats,1266
violent,behead,264
violent,beheaded,341
violent,berserk,115
violent,besiege,26
violent,besieged,20
violent,biff,1
violent,biter,1
violent,biting,551
violent,bleed,8148
violent,bleeded,3
violent,bleeding,2308
violent,bleeds,214
violent,blinded,527
violent,blitz,9
violent,bloodlust,15
violent,bloodshed,2
violent,bloodthirsty,4
violent,bloody,2171
violent,bloodying,2
violent,blows,1999
violent,bludgeon,60
violent,bludgeoned,224
violent,bludgeoning,1
violent,bomb,842
violent,bombard,35
violent,bombarded,104
violent,bombardment,1
violent,bombed,33
violent,bombing,14
violent,bombs,390
violent,brained,112
violent,brawl,141
violent,brawled,3
violent,brawling,12
violent,brawls,12
violent,broadsword,1
violent,bruise,358
violent,bruised,933
violent,bruises,417
violent,bruising,11
violent,brutal,541
violent,brutality,6
violent,brutalize,104
violent,brutalized,2
violent,buckshot,3
violent,bullet,759
violent,bullets,416
violent,butcher,619
violent,butchered,95
violent,butchers,2
violent,butchery,1
violent,caned,16
violent,caning,2
violent,cannon,432
violent,cannoned,1
violent,cannons,89
violent,carbine,69
violent,carbines,1
violent,carjack,6
violent,carjacked,8
violent,carnage,90
violent,castrate,130
violent,castrated,36
violent,castrates,1
violent,casualties,159
violent,casualty,2
violent,choke,8488
violent,choked,6442
violent,chokes,56
violent,choking,848
violent,clawed,918
violent,clawing,215
violent,claymore,1
violent,cleaver,7
violent,clobber,153
violent,clobbered,123
violent,clobbering,1
violent,clout,51
violent,clouted,6
violent,clouts,10
violent,clubbed,623
violent,combat,319
violent,combatant,1
violent,combatants,2
violent,combating,26
violent,combats,18
violent,combatted,1
violent,concussion,1
violent,concussions,2
violent,corpse,1129
violent,cripple,67
violent,crippled,94
violent,cripples,39
violent,crippling,2
violent,crossbow,80
violent,crucifixion,55
violent,crucify,251
violent,crucifying,8
violent,crueler,1
violent,cruelties,1
violent,cruelty,518
violent,cudgel,45
violent,cudgels,1
violent,cull,172
violent,culled,13
violent,culling,1
violent,culls,1
violent,dagger,884
violent,daggers,93
violent,deadly,1340
violent,decapitate,48
violent,decapitated,419
violent,detonate,29
violent,detonated,35
violent,detonating,4
violent,detonation,2
violent,dirk,4
violent,disembowel,21
violent,disemboweled,16
violent,disembowelled,2
violent,disfigure,9
violent,disfigured,66
violent,dislocate,61
violent,dislocated,363
violent,dislocation,1
violent,dismember,139
violent,dismembered,33
violent,drown,7847
violent,drownd,33
violent,drowned,4211
violent,drowning,749
violent,drowns,352
violent,drub,1
violent,drubbed,1
violent,duel,105
violent,dueled,2
violent,dynamited,4
violent,electrocute,1
violent,electrocuted,102
violent,envenom,57
violent,envenomed,5
violent,euthanasia,1
violent,euthanize,13
violent,euthanized,24
violent,evisceration,1
violent,execute,3361
violent,executed,1820
violent,executes,6
violent,executing,11
violent,execution,470
violent,executioner,9
violent,explosive,15
violent,explosives,80
violent,exterminate,100
violent,exterminated,13
violent,falchion,11
violent,fatalities,5
violent,fatality,3
violent,fight,52699
violent,fighter,418
violent,fighters,43
violent,fighting,2075
violent,fights,387
violent,firearm,211
violent,firearms,183
violent,flagellate,10
violent,flagellating,72
violent,flagellation,75
violent,flamethrower,3
violent,flay,410
violent,flayed,119
violent,flog,528
violent,flogged,86
violent,flogging,1
violent,fracture,232
violent,fractured,1487
violent,fractures,9
violent,fracturing,7
violent,frag,2629
violent,gallows,101
violent,garrote,1
violent,gash,183
violent,gashed,41
violent,gashes,9
violent,gassing,1
violent,genocide,11
violent,gibbet,2
violent,glaive,1
violent,glaives,2
violent,glock,1
violent,gore,728
violent,gored,7
violent,gores,1
violent,gory,23
violent,gouge,624
violent,gouged,277
violent,gouges,8
violent,grenade,11
violent,grenades,20
violent,grisly,1
violent,guillotine,58
violent,gun,4234
violent,gunfire,31
violent,gunman,7
violent,gunned,489
violent,gunner,164
violent,gunning,9
violent,guns,1484
violent,gunshot,4
violent,gunshots,19
violent,gutted,139
violent,handgun,12
violent,hanged,1305
violent,hangings,68
violent,hangman,9
violent,harm,7095
violent,harmed,397
violent,harming,9
violent,harms,184
violent,headbutt,38
violent,headbutted,202
violent,headbutting,1
violent,headshot,17
violent,hemorrhage,80
violent,hemorrhaged,6
violent,hemorrhaging,6
violent,hit,77689
violent,hits,597
violent,hitted,1
violent,hitting,2617
violent,holocaust,101
violent,hostage,6
violent,hurt,24595
violent,hurted,4
violent,hurting,506
violent,hurts,199
violent,immolate,5
violent,immolated,1
violent,immolating,94
violent,immolation,123
violent,immolations,1
violent,impale,50
violent,impaled,234
violent,impales,84
violent,impaling,5
violent,incapacitate,2
violent,injure,537
violent,injured,4743
violent,injures,4
violent,injuries,785
violent,injuring,7
violent,injury,713
violent,invade,583
violent,invaders,10
violent,invades,81
violent,invading,102
violent,invasion,38
violent,jab,5638
violent,jabbed,5128
violent,jabbing,35
violent,jabs,11
violent,kicked,57387
violent,kicking,1852
violent,kicks,370
violent,kidnap,446
violent,kidnapped,580
violent,kidnapping,16
violent,kill,41163
violent,killed,33333
violent,killer,461
violent,killers,62
violent,killing,1328
violent,killings,4
violent,kills,749
violent,kneed,647
violent,knife,3777
violent,knifed,81
violent,knifes,8
violent,knockout,5
violent,knout,2
violent,knouts,3
violent,lacerate,12
violent,lacerated,191
violent,lamed,2
violent,lance,557
violent,lanced,4
violent,lances,234
violent,landmine,1
violent,lash,4331
violent,lashed,1419
violent,lashes,466
violent,lashing,118
violent,lethal,144
violent,lynch,474
violent,lynched,53
violent,lynching,2
violent,mace,64
violent,maced,9
violent,maces,50
violent,machete,15
violent,macheted,1
violent,maim,133
violent,maimed,18
violent,maltreat,8
violent,mangle,1
violent,mangled,356
violent,marauder,1
violent,martyred,15
violent,massacre,23
violent,massacred,52
violent,maul,112
violent,mauled,46
violent,melee,38
violent,meleeing,1
violent,militants,5
violent,missile,121
violent,missiles,117
violent,molest,414
violent,molestation,2
violent,molested,312
violent,molotov,11
violent,mortars,1
violent,mugged,26
violent,mugging,1
violent,munition,2
violent,munitions,5
violent,murder,11214
violent,murdered,3255
violent,murderer,367
violent,murderers,121
violent,murdering,9
violent,murderous,22
violent,murders,84
violent,musket,65
violent,muskets,5
violent,mutilate,146
violent,mutilated,538
violent,mutilating,9
violent,mutilation,9
violent,napalm,1
violent,noose,199
violent,nooses,8
violent,nuke,15
violent,nuked,12
violent,obliterate,465
violent,offed,2
violent,onslaught,49
violent,ordnance,3
violent,overpowers,7
violent,parricide,1
violent,pierced,2062
violent,pierces,35
violent,piercing,1249
violent,pillage,27
violent,pillaged,126
violent,pistol,858
violent,pistols,34
violent,poison,3718
violent,poisoned,1148
violent,poisoner,32
violent,poisoning,6
violent,poisons,42
violent,poniard,1
violent,pummel,1408
violent,pummeled,828
violent,pummeling,15
violent,pummelled,49
violent,pummels,1
violent,punch,12410
violent,punched,24326
violent,punches,83
violent,punching,1159
violent,raided,505
violent,raider,11
violent,raiders,3
violent,raiding,6
violent,raids,3
violent,ramming,13
violent,rampage,129
violent,rampaged,29
violent,rape,3130
violent,raped,3563
violent,rapes,2
violent,rapier,3
violent,raping,52
violent,rapist,3
violent,rapy,17
violent,ravage,483
violent,ravaged,411
violent,ravages,12
violent,ravaging,2
violent,ravish,608
violent,ravished,381
violent,razed,241
violent,razing,2
violent,rend,1004
violent,rending,1
violent,revolver,163
violent,revolvers,1
violent,rifle,826
violent,rifles,44
violent,riot,616
violent,rioted,1
violent,rioting,7
violent,riots,4
violent,roughed,109
violent,ruffian,26
violent,saber,2
violent,sabers,19
violent,sabre,12
violent,sabres,67
violent,sadist,4
violent,sadistic,3
violent,sanguinary,4
violent,savage,1330
violent,savaged,1
violent,savages,200
violent,scald,122
violent,scalded,86
violent,scalding,142
violent,scalped,7
violent,scalps,3
violent,scar,4235
violent,scarred,563
violent,scarring,2
violent,scars,1102
violent,scathe,5
violent,scimitar,3
violent,scimitars,29
violent,scourge,412
violent,scourged,4
violent,scourges,122
violent,scourging,7
violent,scuffle,7
violent,scuffled,35
violent,sever,1599
violent,severed,2361
violent,severing,7
violent,severs,2
violent,shank,213
violent,shanked,2
violent,shelled,65
violent,shelling,1
violent,shoot,16376
violent,shooter,12
violent,shooters,10
violent,shooting,2255
violent,shootings,3
violent,shoots,768
violent,shotgun,83
violent,shotgunned,1
violent,shotguns,17
violent,shrapnel,80
violent,siege,10
violent,skewered,32
violent,skinning,62
violent,skirmish,2
violent,skirmishers,1
violent,slain,1402
violent,slap,7933
violent,slapped,27694
violent,slapping,722
violent,slaps,30
violent,slash,2075
violent,slashed,9252
violent,slasher,6
violent,slashes,25
violent,slashing,78
violent,slaughter,416
violent,slaughtered,1003
violent,slaughtering,3
violent,slaughters,7
violent,slay,1986
violent,slayed,12
violent,slayer,37
violent,slayers,7
violent,slaying,40
violent,slays,182
violent,slitting,13
violent,slugged,444
violent,slugging,39
violent,smack,4815
violent,smacked,7806
violent,smacking,196
violent,smacks,5
violent,smite,635
violent,smites,4
violent,smiting,1
violent,smother,2857
violent,smothered,1686
violent,smothering,136
violent,smothers,1
violent,snipe,123
violent,sniped,2
violent,sniper,193
violent,snipers,13
violent,sniping,20
violent,snuffed,791
violent,spank,1491
violent,spanked,1159
violent,spanker,2
violent,spanking,6
violent,spanks,1
violent,spar,646
violent,sparring,3
violent,spear,1241
violent,speared,245
violent,spearing,45
violent,spears,682
violent,sprain,113
violent,sprains,6
violent,stab,10956
violent,stabbed,16359
violent,stabbing,1091
violent,stabed,2
violent,stabs,96
violent,stomps,2
violent,stoning,114
violent,strafe,1
violent,strafed,1
violent,strangle,8451
violent,strangled,3140
violent,strangles,1
violent,strangling,27
violent,strangulation,1
violent,strike,16943
violent,strikes,1011
violent,striking,1326
violent,suffocate,1201
violent,suffocated,722
violent,suffocating,166
violent,suffocation,13
violent,suicidal,44
violent,suicide,495
violent,suicides,5
violent,sword,5723
violent,swords,902
violent,taser,27
violent,tasered,54
violent,terrorism,269
violent,terrorist,192
violent,terrorists,188
violent,terrorize,44
violent,terrorized,46
violent,thrash,3501
violent,thrashed,573
violent,thrashing,543
violent,throttle,3694
violent,throttled,733
violent,throttles,2
violent,thug,19
violent,thugs,42
violent,thump,620
violent,thumped,602
violent,thumping,156
violent,thumps,32
violent,tomahawk,3
violent,torment,2444
violent,tormented,332
violent,tormenting,5
violent,torments,307
violent,torpedo,2
violent,torture,3812
violent,tortured,1008
violent,torturer,13
violent,tortures,16
violent,torturing,31
violent,trample,1545
violent,trampled,7465
violent,tramples,105
violent,trampling,34
violent,trauma,119
violent,truncheon,1
violent,uppercut,11
violent,vicious,432
violent,violence,1170
violent,violent,1153
violent,wallop,20
violent,walloped,18
violent,walloping,1
violent,war,17170
violent,warfare,93
violent,warred,21
violent,warring,124
violent,wars,1152
violent,weapon,1322
violent,weapons,1207
violent,welt,6
violent,whack,731
violent,whacked,2534
violent,whacking,12
violent,whacks,1
violent,whip,2232
violent,whiplash,1
violent,whipped,6451
violent,whipper,2
violent,whipping,267
violent,whips,243
violent,wound,8438
violent,wounded,3245
violent,wounding,23
violent,wounds,3052
neutral,aaliyah,2
neutral,abcdefghi,1
neutral,abdicated,36
neutral,abducted,159
neutral,abducting,16
neutral,abhorring,3
neutral,abided,31
neutral,ableness,83
neutral,abloody,1
neutral,abt,19
neutral,abuses,1
neutral,acc,2669
neutral,accessibly,1
neutral,accidently,145
neutral,accomplishment,185
neutral,acht,1
neutral,acid,97
neutral,acids,7
neutral,acr,2
neutral,activitydate,1
neutral,adecoder,1
neutral,adept,11
neutral,adhuc,2
neutral,adorn,2440
neutral,adt,1
neutral,advance,3600
neutral,advanced,3072
neutral,advances,249
neutral,advancing,269
neutral,aerol,4
neutral,aesthetes,1
neutral,aeum,1
neutral,afers,5
neutral,affair,807
neutral,affairs,576
neutral,affer,1
neutral,afflict,876
neutral,afflicted,245
neutral,afflicting,25
neutral,afflicts,4
neutral,afromontane,1
neutral,afterglow,111
neutral,aggression,14
neutral,aggressive,177
neutral,agonies,69
neutral,agony,1898
neutral,alar,37
neutral,albat,117
neutral,alcop,22
neutral,aldebar,1
neutral,alegria,33
neutral,alem,4
neutral,alerts,5
neutral,alge,158
neutral,aliqua,2
neutral,allahu,6
neutral,allocate,573
neutral,allure,410
neutral,allured,7
neutral,allures,1
neutral,alluring,132
neutral,almost,44793
neutral,alpha,128
neutral,alumnus,3
neutral,amaz,511
neutral,amesamesamesames,1
neutral,amest,1
neutral,amorites,1
neutral,amour,80
neutral,amours,52
neutral,amphibian,7
neutral,ample,1092
neutral,amplifiers,43
neutral,amur,1
neutral,amyntas,368
neutral,anachron,1
neutral,anas,5
neutral,anchor,713
neutral,andmight,6
neutral,androgen,1
neutral,anguish,2042
neutral,anguished,37
neutral,anigh,1
neutral,anner,2
neutral,annex,24
neutral,annunci,1
neutral,anse,2
neutral,ant,3498
neutral,anticoag,2
neutral,antillean,1
neutral,antou,1
neutral,antry,1
neutral,anxieties,138
neutral,aortic,42
neutral,applesa,6
neutral,applesau,79
neutral,applier,1
neutral,appropriation,10
neutral,approximated,1
neutral,archeologists,3
neutral,ardeatino,3
neutral,ardor,294
neutral,ardour,145
neutral,arisen,51
neutral,aristocrat,145
neutral,arkhang,5
neutral,arrowy,4
neutral,arse,167
neutral,arsed,3
neutral,arsehole,2
neutral,arterial,35
neutral,arth,20
neutral,aryans,5
neutral,asaj,1
neutral,asana,5
neutral,asaph,5
neutral,ascertained,181
neutral,ashamed,1380
neutral,ashtav,8
neutral,asie,1
neutral,asif,14
neutral,aslant,109
neutral,asn,1
neutral,asons,1
neutral,aspiration,95
neutral,aspirations,129
neutral,ass,5001
neutral,assed,1
neutral,asser,1
neutral,asses,48
neutral,asshole,31
neutral,assies,1
neutral,assing,1
neutral,assorted,4
neutral,assy,29
neutral,asters,123
neutral,astha,1
neutral,astonishing,255
neutral,astralis,1
neutral,astrolo,33
neutral,astronauts,19
neutral,asurion,3
neutral,atas,2
neutral,ateel,1
neutral,atious,7
neutral,atoms,645
neutral,atone,287
neutral,atrocious,107
neutral,atrophy,42
neutral,atwater,9
neutral,aubergine,1
neutral,auditori,1
neutral,auguries,1
neutral,auks,4
neutral,auric,4
neutral,automaton,40
neutral,autopsy,30
neutral,avenge,1920
neutral,avenged,543
neutral,avenger,120
neutral,avengers,2
neutral,avenges,4
neutral,avenging,11
neutral,axe,562
neutral,axes,213
neutral,axing,32
neutral,baaing,1
neutral,babbler,25
neutral,backside,340
neutral,backspaced,3
neutral,backstreets,4
neutral,badst,2
neutral,baggies,1
neutral,baihet,1
neutral,bakkie,8
neutral,baleful,29
neutral,ball,6368
neutral,balled,414
neutral,baller,1
neutral,balling,1
neutral,ballistics,1
neutral,bally,29
neutral,balms,4
neutral,band,5971
neutral,bane,764
neutral,banes,19
neutral,bang,2607
neutral,banged,6715
neutral,banging,323
neutral,bangs,18
neutral,banne,4
neutral,banned,531
neutral,banner,975
neutral,banqueting,4
neutral,bans,33
neutral,bany,82
neutral,baobab,15
neutral,bapt,699
neutral,barbarian,84
neutral,barbarians,36
neutral,barbaric,141
neutral,bard,1275
neutral,bare,9657
neutral,bared,1001
neutral,barer,1
neutral,bares,11
neutral,baring,5
neutral,barnes,13
neutral,barney,4
neutral,barqueless,1
neutral,barred,1021
neutral,barricades,13
neutral,barrie,2
neutral,barring,7
neutral,bars,2526
neutral,bartol,1
neutral,basks,122
neutral,bastard,362
neutral,bastards,18
neutral,bat,4265
neutral,batamm,1
neutral,bated,6
neutral,bates,3
neutral,bathhouse,9
neutral,baton,251
neutral,bats,229
neutral,batted,169
neutral,batteries,589
neutral,battery,436
neutral,batting,26
neutral,baud,4
neutral,bear,22950
neutral,beard,1302
neutral,bearer,24
neutral,bearers,68
neutral,beares,5
neutral,bearing,718
neutral,bearings,68
neutral,bears,1989
neutral,beater,6
neutral,beaters,3
neutral,beau,77
neutral,beaver,207
neutral,beavers,3
neutral,bed,19598
neutral,bedd,2
neutral,bedder,1
neutral,bedding,258
neutral,beds,1457
neutral,beeeeep,10
neutral,beef,831
neutral,beget,311
neutral,begets,9
neutral,begetting,64
neutral,beholder,178
neutral,beholdest,11
neutral,beings,924
neutral,belabour,2
neutral,beliefs,173
neutral,belsh,2
neutral,belt,2236
neutral,belted,403
neutral,belter,6
neutral,belting,3
neutral,belts,145
neutral,benediction,178
neutral,beneficiaries,29
neutral,berated,729
neutral,bereave,20
neutral,bereaved,8
neutral,bermed,2
neutral,besieging,12
neutral,bespread,2
neutral,betrothal,4
neutral,bex,1
neutral,bhut,141
neutral,bianca,9
neutral,bichon,1
neutral,bier,839
neutral,biers,11
neutral,bind,3925
neutral,binded,1
neutral,binder,30
neutral,binders,1
neutral,binding,353
neutral,bindings,31
neutral,binds,111
neutral,bindy,1
neutral,binocular,70
neutral,birch,807
neutral,birches,141
neutral,bitch,485
neutral,bitches,50
neutral,bitching,1
neutral,bite,9559
neutral,bites,336
neutral,bits,810
neutral,bitter,6571
neutral,blackening,103
neutral,bladder,83
neutral,blade,2359
neutral,bladed,3
neutral,blades,878
neutral,blasphemy,35
neutral,blast,3983
neutral,blasted,2428
neutral,blaster,1
neutral,blasting,25
neutral,blasts,519
neutral,blasty,1
neutral,bleached,629
neutral,bleak,2461
neutral,blemis,1
neutral,blind,10148
neutral,blinders,4
neutral,blindfold,845
neutral,blindfolded,307
neutral,blindfolds,1
neutral,blinding,1072
neutral,blinds,397
neutral,blips,2
neutral,blister,237
neutral,blistered,472
neutral,blistering,19
neutral,blisters,176
neutral,blog,1790
neutral,blood,31527
neutral,blooded,14
neutral,bloods,60
neutral,blow,13925
neutral,blowd,1
neutral,blowed,9
neutral,blower,30
neutral,blowers,32
neutral,blowes,4
neutral,blowing,2140
neutral,blunt,209
neutral,blunted,23
neutral,blunter,2
neutral,blunts,3
neutral,blurb,39
neutral,bobb,1
neutral,bolt,7151
neutral,bolted,8669
neutral,bolting,272
neutral,bolts,200
neutral,bond,2546
neutral,bone,2484
neutral,boned,16
neutral,bones,6081
neutral,boney,2
neutral,bonkers,69
neutral,bony,182
neutral,booby,6
neutral,bool,1
neutral,boot,2005
neutral,booted,448
neutral,booties,5
neutral,booting,4
neutral,boots,2369
neutral,booty,116
neutral,bop,4
neutral,bopped,3
neutral,borrowedsolution,1
neutral,boudoir,35
neutral,boudoirs,1
neutral,bougainvillea,48
neutral,bowled,46
neutral,bowr,1
neutral,box,7332
neutral,boxed,226
neutral,boxer,241
neutral,boxers,482
neutral,boxes,767
neutral,boxing,21
neutral,boxy,2
neutral,boyf,6
neutral,braces,33
neutral,brain,10538
neutral,braines,1
neutral,brains,743
neutral,brand,4626
neutral,branded,48
neutral,branding,12
neutral,brands,149
neutral,brandy,483
neutral,bratislava,7
neutral,bravery,182
neutral,bravo,2
neutral,brazen,262
neutral,breached,214
neutral,break,56549
neutral,breaked,1
neutral,breaker,197
neutral,breakers,320
neutral,breaking,5041
neutral,breaks,2617
neutral,breaux,3
neutral,breed,1280
neutral,breeder,6
neutral,breeders,3
neutral,breeds,476
neutral,breezing,11
neutral,brem,1
neutral,brick,1461
neutral,bricklayers,1
neutral,briefest,9
neutral,brighted,39
neutral,brixton,9
neutral,broad,5834
neutral,broader,9
neutral,broads,2
neutral,brownstones,3
neutral,brute,710
neutral,brutes,113
neutral,buck,3327
neutral,bucked,328
neutral,bucking,20
neutral,bucks,292
neutral,bucky,10
neutral,buffet,219
neutral,buffeted,2
neutral,buffeting,10
neutral,buffets,3
neutral,bujold,1
neutral,bulge,320
neutral,bulged,21
neutral,bulging,353
neutral,bulld,203
neutral,bulled,3
neutral,bullies,5
neutral,bulls,272
neutral,bully,211
neutral,bullying,96
neutral,bum,259
neutral,bummer,16
neutral,bump,2061
neutral,bumped,2089
neutral,bumper,109
neutral,bumping,261
neutral,bumps,371
neutral,bumpy,2
neutral,bums,7
neutral,buns,47
neutral,bunt,5
neutral,burd,108
neutral,bureaucr,6
neutral,burgund,7
neutral,burial,931
neutral,burials,9
neutral,buries,58
neutral,burn,23790
neutral,burnd,1
neutral,burned,21784
neutral,burner,98
neutral,burners,17
neutral,burning,9016
neutral,burnings,5
neutral,burns,976
neutral,burring,1
neutral,burs,114
neutral,burth,1
neutral,bury,5357
neutral,burying,191
neutral,bush,4186
neutral,bushed,9
neutral,bushes,2852
neutral,bushs,4
neutral,bushy,156
neutral,butt,1005
neutral,butted,15
neutral,butter,3480
neutral,butters,631
neutral,butting,75
neutral,buttock,47
neutral,buttocks,799
neutral,butts,54
neutral,butty,4
neutral,bzz,21
neutral,bzzzzz,1
neutral,cabbies,1
neutral,cables,709
neutral,cadaver,77
neutral,cage,2162
neutral,caged,202
neutral,cages,226
neutral,cags,1
neutral,cake,1068
neutral,caley,1
neutral,calhoun,2
neutral,calpe,7
neutral,canar,38
neutral,cand,289
neutral,cane,665
neutral,canes,147
neutral,canister,26
neutral,canned,112
neutral,canning,2
neutral,cans,501
neutral,cantor,2
neutral,cany,78
neutral,cap,3474
neutral,caper,15
neutral,capers,4
neutral,capes,9
neutral,capped,214
neutral,caps,189
neutral,captive,378
neutral,captives,62
neutral,capture,3974
neutral,captured,3685
neutral,captures,211
neutral,capturing,70
neutral,capy,8
neutral,carab,1
neutral,carabiner,3
neutral,carcass,373
neutral,carcasses,3
neutral,card,2244
neutral,caress,5165
neutral,caressed,8327
neutral,caresses,189
neutral,caressing,811
neutral,carest,26
neutral,caretak,1
neutral,carked,1
neutral,carnation,30
neutral,carolings,1
neutral,carrion,64
neutral,carroll,1
neutral,carsolution,1
neutral,cartridge,36
neutral,cartridges,7
neutral,carve,2053
neutral,carved,10670
neutral,carver,174
neutral,carvers,4
neutral,carves,33
neutral,carving,57
neutral,carvings,248
neutral,cashiers,88
neutral,casket,1419
neutral,caskets,45
neutral,castigate,46
neutral,castigated,4
neutral,cat,5793
neutral,catastrophe,229
neutral,catching,2572
neutral,cater,120
neutral,causes,975
neutral,caved,168
neutral,cchia,1
neutral,cel,1230
neutral,cels,431
neutral,cemeter,30
neutral,chagrined,1
neutral,chain,4747
neutral,chained,1551
neutral,chaining,8
neutral,chainings,1
neutral,chains,2081
neutral,chak,6
neutral,challenged,4582
neutral,change,71187
neutral,changeth,1
neutral,char,8944
neutral,chard,130
neutral,chared,4
neutral,charing,186
neutral,charred,257
neutral,chary,2
neutral,chasten,17
neutral,chastened,86
neutral,chastening,3
neutral,chaster,1
neutral,chastise,105
neutral,chastised,189
neutral,chastises,1
neutral,chatf,7
neutral,chaver,1
neutral,cheeseste,1
neutral,cheet,197
neutral,cherries,209
neutral,cherry,528
neutral,chesapeake,41
neutral,chide,910
neutral,chimps,2
neutral,chin,2592
neutral,chinned,3
neutral,chins,1
neutral,chirps,102
neutral,choker,12
neutral,choler,4
neutral,cholesterol,12
neutral,chomp,13
neutral,chomped,29
neutral,chomping,38
neutral,chop,2543
neutral,chopped,4787
neutral,chopper,3
neutral,chopping,85
neutral,chops,327
neutral,chorus,1635
neutral,christchurch,96
neutral,chronology,1
neutral,chubby,32
neutral,chur,102
neutral,cinders,28
neutral,citrus,47
neutral,claimedant,1
neutral,clambake,11
neutral,claret,74
neutral,clarified,580
neutral,clarkson,1
neutral,clash,852
neutral,clashed,155
neutral,clashes,1
neutral,clashing,29
neutral,clasp,5032
neutral,class,3933
neutral,claw,6084
neutral,claws,1616
neutral,cleanse,1220
neutral,cleansed,1001
neutral,cleanser,1
neutral,cleanses,1
neutral,cleansing,16
neutral,clearer,496
neutral,cleave,1333
neutral,cleaved,115
neutral,cleaves,132
neutral,cleaving,12
neutral,clenche,8
neutral,clerg,116
neutral,clichy,1
neutral,climacter,37
neutral,clip,432
neutral,clipped,4299
neutral,clipper,89
neutral,clipping,153
neutral,clips,31
neutral,clock,3572
neutral,clocked,595
neutral,clocking,13
neutral,clocks,351
neutral,clouds,16565
neutral,clound,3
neutral,clown,613
neutral,club,3575
neutral,clubs,235
neutral,coactions,1
neutral,coastline,395
neutral,cocked,3165
neutral,cocker,74
neutral,cocking,3
neutral,cocky,19
neutral,codd,15
neutral,coerce,55
neutral,coerced,63
neutral,coerces,1
neutral,coffin,2419
neutral,coffined,5
neutral,coffins,264
neutral,cohen,20
neutral,coiled,486
neutral,collateral,27
neutral,colosseum,109
neutral,come,100889
neutral,comed,23
neutral,comeing,1
neutral,comer,55
neutral,comers,158
neutral,comes,13812
neutral,coming,17322
neutral,comings,52
neutral,commemorating,2
neutral,commence,393
neutral,commending,5
neutral,commerce,34
neutral,comming,77
neutral,compl,1438
neutral,compression,145
neutral,compressions,5
neutral,computerssolution,1
neutral,conceive,2319
neutral,conceived,643
neutral,conceives,137
neutral,conceiving,2
neutral,concent,101
neutral,conception,81
neutral,conceptions,1
neutral,condiment,12
neutral,cones,79
neutral,coney,5
neutral,confind,1
neutral,confine,846
neutral,confined,742
neutral,confines,482
neutral,congress,375
neutral,conquer,4639
neutral,conquered,461
neutral,conquering,348
neutral,conquers,75
neutral,conquest,717
neutral,conquesting,64
neutral,conquests,91
neutral,conscience,2647
neutral,consummate,75
neutral,contemptible,50
neutral,continually,887
neutral,controlling,377
neutral,controulth,1
neutral,conundrum,20
neutral,conversation,2047
neutral,conversations,168
neutral,convulse,2012
neutral,convulsed,13
neutral,convulsing,271
neutral,coordinated,23
neutral,coral,625
neutral,cores,5
neutral,corpses,260
neutral,correctnes,1
neutral,correlation,26
neutral,corset,132
neutral,corseted,1
neutral,cortis,1
neutral,cougar,56
neutral,couple,2900
neutral,coupled,12
neutral,couples,232
neutral,coupling,100
neutral,couplings,4
neutral,courtship,236
neutral,cousinstep,1
neutral,covenantes,1
neutral,cover,12222
neutral,coverd,4
neutral,covered,54161
neutral,covering,966
neutral,coverings,15
neutral,covers,941
neutral,covery,10
neutral,cozily,1
neutral,crack,5414
neutral,cracked,13595
neutral,cracker,75
neutral,crackers,94
neutral,cracking,829
neutral,cracks,796
neutral,craftsmanship,1
neutral,crave,4870
neutral,craved,442
neutral,craves,26
neutral,craving,216
neutral,cravings,13
neutral,creaking,665
neutral,creamy,383
neutral,creative,663
neutral,creepeth,51
neutral,cremate,38
neutral,cremated,302
neutral,cres,877
neutral,cribed,30
neutral,crisis,663
neutral,critics,487
neutral,croak,557
neutral,croaked,104
neutral,croaker,1
neutral,croaking,125
neutral,croaks,98
neutral,croaky,3
neutral,crowbar,36
neutral,crucifer,15
neutral,cruel,4867
neutral,crueled,1
neutral,cruising,198
neutral,crunches,4
neutral,crush,8135
neutral,crushed,19397
neutral,crusher,2
neutral,crushes,7
neutral,crushing,448
neutral,cuddles,3
neutral,cued,36
neutral,cuff,630
neutral,cuffed,1907
neutral,cuffing,2
neutral,cuffs,46
neutral,cuisine,162
neutral,cune,3
neutral,cunn,2
neutral,curdled,35
neutral,curvaceous,1
neutral,cut,87539
neutral,cuts,1145
neutral,cutter,171
neutral,cutting,1765
neutral,cyanide,1
neutral,cyprian,4
neutral,cyr,2
neutral,daffadown,1
neutral,dalliance,62
neutral,dallies,1
neutral,dally,149
neutral,dallying,1
neutral,damn,1501
neutral,damp,3562
neutral,dances,593
neutral,dancin,7
neutral,daph,21
neutral,daria,1
neutral,dart,6045
neutral,darted,5084
neutral,darter,7
neutral,darting,318
neutral,darts,898
neutral,dashes,87
neutral,datasolution,1
neutral,datsun,14
neutral,dead,31624
neutral,deader,1
neutral,deads,1
neutral,dealer,43
neutral,dealers,19
neutral,dear,18857
neutral,dearieless,18
neutral,dearly,546
neutral,death,36217
neutral,deathing,2
neutral,deaths,691
neutral,debat,4
neutral,debug,14
neutral,decease,89
neutral,deceased,238
neutral,deck,3987
neutral,decked,476
neutral,decker,1
neutral,decking,17
neutral,decks,211
neutral,declareth,3
neutral,decompose,11
neutral,decomposed,1
neutral,decomposes,27
neutral,decrement,33
neutral,defect,1216
neutral,defected,4
neutral,defects,134
neutral,defile,585
neutral,defiled,3441
neutral,defilement,17
neutral,defilements,1
neutral,defiles,7
neutral,defiling,1
neutral,degenerate,260
neutral,degenerating,1
neutral,degrade,111
neutral,degraded,66
neutral,degrading,52
neutral,delight,12136
neutral,delights,1184
neutral,delores,1
neutral,delusive,91
neutral,demise,302
neutral,demolish,691
neutral,demolished,918
neutral,demolishing,4
neutral,demonstrate,2343
neutral,denouncing,19
neutral,density,51
neutral,dentyne,1
neutral,depart,6550
neutral,departed,5982
neutral,departing,1760
neutral,departs,174
neutral,deposits,26
neutral,derwentwater,1
neutral,descartes,52
neutral,desclaim,1
neutral,deser,21
neutral,desire,14473
neutral,desired,1287
neutral,desires,2169
neutral,desiring,19
neutral,desolate,1957
neutral,desolated,1
neutral,desolating,2
neutral,despat,1
neutral,despoil,32
neutral,despoiled,39
neutral,despoilers,1
neutral,despoils,2
neutral,destroy,23754
neutral,destroyed,19809
neutral,destroyer,102
neutral,destroyers,1
neutral,destroying,547
neutral,destroys,359
neutral,desyre,1
neutral,detain,1404
neutral,detained,761
neutral,detaining,2
neutral,detains,44
neutral,determinants,2
neutral,deterred,62
neutral,deviant,5
neutral,devour,2545
neutral,devoured,883
neutral,devourer,3
neutral,devourers,1
neutral,devouring,176
neutral,devours,146
neutral,diaphragm,21
neutral,diarrhe,1
neutral,diatribe,9
neutral,dicky,1
neutral,did,226700
neutral,didact,2
neutral,die,47835
neutral,died,18904
neutral,dier,1
neutral,dies,2541
neutral,dignity,1012
neutral,dilemmas,1
neutral,dill,78
neutral,dinny,1
neutral,dior,3
neutral,dirty,3029
neutral,dis,37859
neutral,discharge,1425
neutral,discharged,791
neutral,discharges,5
neutral,discharging,7
neutral,disentang,1
neutral,disgustedly,2
neutral,dishonour,67
neutral,dishonoured,81
neutral,disillusioned,39
neutral,dismissal,33
neutral,dispatch,272
neutral,dispatched,162
neutral,dispatcher,3
neutral,dispatchers,7
neutral,dispatches,7
neutral,dispatching,2
neutral,displease,270
neutral,dispon,1
neutral,disports,2
neutral,disrobe,1047
neutral,disrobed,63
neutral,disrobes,2
neutral,disrobing,3
neutral,dissection,143
neutral,dissolute,4
neutral,distilled,20
neutral,distinctly,67
neutral,distribut,14
neutral,distributed,6959
neutral,disturbance,21
neutral,divulging,2
neutral,diy,23
neutral,djib,58
neutral,documentsolution,1
neutral,docuser,12
neutral,dodged,710
neutral,dogwood,109
neutral,dom,798
neutral,dome,3167
neutral,domed,84
neutral,domes,352
neutral,dominance,4
neutral,dominant,156
neutral,dominate,1075
neutral,dominated,254
neutral,dominates,114
neutral,dominating,129
neutral,domino,4
neutral,doom,5945
neutral,doomed,254
neutral,doomer,51
neutral,doomes,2
neutral,dooms,261
neutral,doomy,4
neutral,double,11221
neutral,douce,3
neutral,douche,2
neutral,douchebag,1
neutral,doves,388
neutral,drab,186
neutral,dragg,163
neutral,drams,2
neutral,draw,27145
neutral,drawed,9
neutral,drawer,1275
neutral,drawers,238
neutral,drawes,34
neutral,drawing,2896
neutral,drawings,618
neutral,draws,2202
neutral,drest,1030
neutral,drifted,3565
neutral,drifters,11
neutral,drill,369
neutral,drilled,599
neutral,drilling,2
neutral,drills,1
neutral,driveth,2
neutral,droller,1
neutral,drumset,2
neutral,duckle,1
neutral,duess,1
neutral,duffel,48
neutral,dug,23568
neutral,dugs,2
neutral,dying,9340
neutral,dynamite,166
neutral,eag,237
neutral,eagle,2293
neutral,eaglet,1
neutral,earm,2
neutral,earp,2
neutral,earr,14
neutral,earspl,12
neutral,easie,101
neutral,eastern,2978
neutral,eat,34089
neutral,eated,1
neutral,eater,37
neutral,eaters,6
neutral,eating,3177
neutral,eats,1029
neutral,eave,6
neutral,eclogue,1
neutral,eco,4
neutral,ecstasies,3
neutral,ecstasy,949
neutral,eden,1430
neutral,edible,95
neutral,eer,190
neutral,eerily,185
neutral,effeminate,45
neutral,efficit,3
neutral,efor,41
neutral,eggshells,5
neutral,egl,20
neutral,eibar,1
neutral,eiffel,216
neutral,elbow,1836
neutral,elbowed,449
neutral,elbowing,5
neutral,elbows,253
neutral,eliminate,3224
neutral,eliminated,86
neutral,eliminates,3
neutral,eliminating,36
neutral,elk,149
neutral,elling,5
neutral,eloquent,131
neutral,elves,147
neutral,emailed,4771
neutral,emailing,4
neutral,embalm,11
neutral,embalmed,7
neutral,embalming,3
neutral,embalms,1
neutral,embank,207
neutral,embe,551
neutral,embrace,14124
neutral,embraced,7444
neutral,embraces,194
neutral,embracing,922
neutral,embroil,7
neutral,emission,2
neutral,emissions,2
neutral,emotionally,67
neutral,emphasizing,27
neutral,empiric,3
neutral,empowered,42
neutral,emptiness,726
neutral,emts,3
neutral,enamour,52
neutral,enamoured,5
neutral,enamouring,1
neutral,encircling,214
neutral,enclosure,434
neutral,enclothing,1
neutral,encoraja,2
neutral,encounter,1295
neutral,encountered,1653
neutral,encountering,328
neutral,encounters,112
neutral,encroaching,23
neutral,encyclopa,10
neutral,endogenous,2
neutral,enem,162
neutral,enervated,1
neutral,enesses,1
neutral,enforcer,2
neutral,enforcers,3
neutral,engender,220
neutral,engendered,118
neutral,engendering,66
neutral,engenders,4
neutral,engle,6
neutral,engorge,1
neutral,engorged,457
neutral,engorgeing,1
neutral,engorging,2
neutral,enrapt,71
neutral,enslave,975
neutral,enslaved,157
neutral,enslaves,1
neutral,enslaving,104
neutral,ensnare,85
neutral,ensnared,3
neutral,ensnares,4
neutral,ensnaring,77
neutral,ensnav,1
neutral,ensus,5
neutral,entanglement,9
neutral,entice,675
neutral,enticed,15
neutral,entices,3
neutral,enticing,117
neutral,enticingly,1
neutral,entomb,114
neutral,entombed,32
neutral,entrails,88
neutral,epaule,1
neutral,eps,364
neutral,eradicate,105
neutral,eradicated,2
neutral,erase,2713
neutral,erased,2662
neutral,eraser,2
neutral,erasing,44
neutral,erated,16
neutral,erect,1596
neutral,erected,4651
neutral,erecting,33
neutral,erects,6
neutral,escort,1064
neutral,escorted,5511
neutral,escorting,193
neutral,escorts,24
neutral,esteems,7
neutral,estepona,1
neutral,estim,109
neutral,eter,33
neutral,ethereum,6
neutral,etm,1
neutral,euston,88
neutral,everyday,363
neutral,eviden,2
neutral,exacted,38
neutral,examined,35574
neutral,excess,694
neutral,exclam,3
neutral,excruciating,207
neutral,exhaust,536
neutral,exhibitions,1
neutral,exons,30
neutral,expansion,140
neutral,expell,26
neutral,expire,1372
neutral,expired,577
neutral,expires,116
neutral,expiring,31
neutral,expiry,216
neutral,explode,3447
neutral,exploded,1093
neutral,explodes,10
neutral,exploding,243
neutral,explosion,930
neutral,explosions,104
neutral,expose,2674
neutral,exposed,5765
neutral,exposes,6
neutral,exposing,180
neutral,expunge,11
neutral,expunged,17
neutral,exten,2
neutral,extraord,27
neutral,eyeee,1
neutral,eying,1
neutral,facesolution,1
neutral,facial,17
neutral,facti,16
neutral,fairer,966
neutral,fairies,185
neutral,fairing,2
neutral,fairs,135
neutral,fairy,3275
neutral,faithfull,125
neutral,fall,42094
neutral,fallen,5280
neutral,falling,8117
neutral,falls,5634
neutral,familiarity,152
neutral,fanned,1274
neutral,fanning,144
neutral,fargo,3
neutral,farmac,1
neutral,fatal,1382
neutral,faucet,368
neutral,favour,2193
neutral,favoured,89
neutral,favouring,21
neutral,favours,574
neutral,feathers,2162
neutral,fecund,7
neutral,feelers,8
neutral,feld,5
neutral,fell,66640
neutral,felled,421
neutral,feller,190
neutral,fells,112
neutral,femme,62
neutral,fen,332
neutral,feral,66
neutral,ferocious,174
neutral,ferocity,2
neutral,ferret,151
neutral,fertile,618
neutral,fetter,55
neutral,fettered,23
neutral,fetters,226
neutral,feud,22
neutral,feuds,7
neutral,feverish,59
neutral,fiction,762
neutral,fidler,2
neutral,fies,1
neutral,fifty,1566
neutral,filenames,1
neutral,fileto,1
neutral,filib,1
neutral,filthy,1102
neutral,finc,38
neutral,findbig,1
neutral,finder,2
neutral,finger,7051
neutral,fingers,9009
neutral,fintech,46
neutral,fire,50207
neutral,fired,24358
neutral,fires,5039
neutral,firing,908
neutral,firings,39
neutral,firs,213
neutral,fiscal,46
neutral,fisht,2
neutral,fist,1342
neutral,fisted,118
neutral,fists,557
neutral,flageolet,5
neutral,flagp,10
neutral,flail,746
neutral,flailed,280
neutral,flailing,487
neutral,flails,4
neutral,flas,22
neutral,flash,6614
neutral,flashed,7030
neutral,flashes,577
neutral,flashing,1434
neutral,flashings,18
neutral,flatline,18
neutral,flatlined,2
neutral,flatlining,4
neutral,flatten,220
neutral,flattened,951
neutral,flattening,1
neutral,flatterers,3
neutral,flattery,371
neutral,flea,63
neutral,fleets,26
neutral,flesh,9790
neutral,fleshy,375
neutral,flirt,2355
neutral,floor,11070
neutral,floored,245
neutral,flooring,306
neutral,floors,1557
neutral,flycatch,2
neutral,focusing,530
neutral,fondly,621
neutral,force,15784
neutral,forced,54613
neutral,forcer,1
neutral,forces,1150
neutral,forcing,844
neutral,forcings,1
neutral,forefinger,61
neutral,forgery,13
neutral,forling,1
neutral,fortify,17
neutral,fray,352
neutral,frayed,376
neutral,fraying,25
neutral,frays,16
neutral,friendssolution,1
neutral,frigging,1
neutral,frigid,306
neutral,frolic,363
neutral,frolics,1
neutral,frontyard,1
neutral,frow,640
neutral,fruitcake,1
neutral,fruiting,93
neutral,fujiyosh,18
neutral,fulfill,3825
neutral,fulnes,1
neutral,fumes,136
neutral,funer,5
neutral,funnel,109
neutral,funnelled,28
neutral,furies,30
neutral,furnishings,48
neutral,furred,280
neutral,furs,85
neutral,fury,1725
neutral,futon,4
neutral,gabapentin,2
neutral,gad,17
neutral,gadgets,13
neutral,gael,2
neutral,gag,4062
neutral,gaged,1
neutral,gagged,1095
neutral,gagging,252
neutral,gallant,802
neutral,gallantry,20
neutral,galleon,192
neutral,ganymede,47
neutral,garlick,1
neutral,garter,9
neutral,garters,1
neutral,gas,17523
neutral,gased,1
neutral,gases,33
neutral,gasp,5540
neutral,gasped,14722
neutral,gasping,692
neutral,gasps,117
neutral,gass,1
neutral,gassed,10
neutral,gat,126
neutral,gated,2
neutral,gates,3359
neutral,gathere,26
neutral,generating,3
neutral,generation,2307
neutral,generations,783
neutral,gentiles,457
neutral,geographically,2
neutral,gersoll,1
neutral,gestation,1
neutral,gettransferwise,1
neutral,ghastly,237
neutral,gib,195
neutral,gibber,31
neutral,glass,17177
neutral,glassed,13
neutral,glasses,2582
neutral,glassy,987
neutral,glaz,32
neutral,gling,2
neutral,glittered,498
neutral,glossed,3
neutral,gloucesters,1
neutral,gluing,1
neutral,gly,4
neutral,gnas,4
neutral,gnashed,44
neutral,gnaw,1054
neutral,gnawed,268
neutral,gnawing,104
neutral,gnaws,84
neutral,godly,370
neutral,goines,1
neutral,goon,2
neutral,gord,5
neutral,gors,4
neutral,gotten,2219
neutral,governess,3
neutral,grabbing,3867
neutral,grandson,269
neutral,grann,23
neutral,grapple,173
neutral,grappled,238
neutral,grapples,3
neutral,grappling,5
neutral,grave,12164
neutral,graved,31
neutral,graver,245
neutral,graves,1983
neutral,gravey,696
neutral,gravies,1
neutral,gravis,40
neutral,gravy,373
neutral,graze,442
neutral,grazed,1384
neutral,grazes,5
neutral,grazing,11
neutral,greatest,2931
neutral,greenish,327
neutral,grind,3600
neutral,grinded,272
neutral,grinder,44
neutral,grinders,20
neutral,grinding,278
neutral,grinds,93
neutral,grizz,202
neutral,groan,8429
neutral,groaned,9488
neutral,groaning,384
neutral,groanings,11
neutral,groans,929
neutral,groin,888
neutral,groined,3
neutral,groins,2
neutral,groom,1043
neutral,groomed,379
neutral,grooming,6
neutral,grooms,12
neutral,guanche,10
neutral,guestbook,2
neutral,guffaws,1
neutral,guided,15736
neutral,guilds,2
neutral,gunnval,1
neutral,gunowners,61
neutral,gut,2313
neutral,guts,291
neutral,gutter,1178
neutral,habitudes,1
neutral,hack,2742
neutral,hacked,3520
neutral,hacker,63
neutral,hackers,3
neutral,hacking,16
neutral,hacks,28
neutral,halest,2
neutral,half,25544
neutral,hallowold,1
neutral,hallucinations,2
neutral,hammer,1950
neutral,hammered,2719
neutral,hammering,87
neutral,hammers,147
neutral,handbills,1
neutral,handcuff,719
neutral,handcuffed,2751
neutral,handcuffing,10
neutral,handcuffs,48
neutral,hang,13055
neutral,hanger,83
neutral,hangers,1
neutral,hanging,3942
neutral,hangs,2461
neutral,hanke,1
neutral,hape,1
neutral,happiest,141
neutral,harass,781
neutral,harassed,374
neutral,harassing,14
neutral,harassment,37
neutral,hard,20190
neutral,harder,951
neutral,hards,3
neutral,hardy,359
neutral,harrier,2
neutral,harries,1
neutral,harrow,34
neutral,harrowed,2
neutral,harrowing,9
neutral,harrows,3
neutral,harry,1417
neutral,hatchet,34
neutral,haughtiness,6
neutral,have,186660
neutral,haversack,4
neutral,havoc,106
neutral,hawk,659
neutral,hawkins,43
neutral,haylo,3
neutral,heark,1143
neutral,heartbreaker,5
neutral,heartened,1
neutral,heat,10682
neutral,heated,1306
neutral,heater,147
neutral,heaters,1
neutral,heating,137
neutral,heats,126
neutral,heavily,668
neutral,hedging,7
neutral,heightening,1
neutral,heinous,8
neutral,helsingborg,1
neutral,hemlock,145
neutral,hemlocks,1
neutral,heroism,154
neutral,hesitating,398
neutral,heureuse,29
neutral,hew,80
neutral,hewed,32
neutral,hewer,81
neutral,hewers,27
neutral,hewing,1
neutral,hib,173
neutral,hibernac,2
neutral,highlighting,1
neutral,hindquarters,122
neutral,histoire,171
neutral,hitter,1
neutral,hobble,42
neutral,hobbled,486
neutral,hobbling,3
neutral,hod,3
neutral,hoed,6
neutral,hokur,1
neutral,hollowed,125
neutral,honour,7073
neutral,honoured,920
neutral,honouring,10
neutral,honours,1289
neutral,hoop,39
neutral,hooter,1
neutral,hopefulness,20
neutral,hore,1
neutral,horned,356
neutral,horner,1
neutral,hornes,1
neutral,horns,1781
neutral,hostages,4
neutral,hostile,191
neutral,hostility,45
neutral,houri,1
neutral,hove,28
neutral,hovels,88
neutral,howl,5130
neutral,howled,2487
neutral,howler,88
neutral,howling,697
neutral,howlings,19
neutral,howls,587
neutral,hoy,4
neutral,huck,10
neutral,hue,5099
neutral,humanistic,1
neutral,humiliate,2221
neutral,humiliated,705
neutral,humiliating,4
neutral,hungry,2604
neutral,hunk,61
neutral,hunker,4
neutral,hurl,3918
neutral,hurled,21557
neutral,hurling,392
neutral,hurls,41
neutral,hurly,112
neutral,hurr,18
neutral,hustl,2
neutral,hwang,1
neutral,hyd,3
neutral,hygi,2
neutral,hyp,919
neutral,hyperext,3
neutral,hypnotise,4
neutral,ial,80
neutral,ibb,1
neutral,ice,10439
neutral,iced,779
neutral,ices,246
neutral,icing,33
neutral,ickle,3
neutral,ics,33
neutral,icy,2282
neutral,idole,1
neutral,idor,1
neutral,idx,23
neutral,ifer,7
neutral,ifi,11
neutral,iflor,6
neutral,igen,41
neutral,ignment,2
neutral,ignore,23627
neutral,ikes,2
neutral,illim,9
neutral,illuding,1
neutral,illumined,249
neutral,illusory,5
neutral,ilt,1
neutral,ilumina,67
neutral,imbib,36
neutral,imbuing,5
neutral,immobility,5
neutral,immodest,2
neutral,immortals,9
neutral,immunos,1
neutral,impactor,2
neutral,impart,2808
neutral,impenit,6
neutral,implied,2245
neutral,importfrom,1
neutral,importune,4
neutral,impotent,20
neutral,impres,6
neutral,imprint,223
neutral,imprison,589
neutral,imprisoned,145
neutral,imprisoning,1
neutral,imus,4
neutral,inary,38
neutral,incapacitated,23
neutral,incarcerate,24
neutral,incessant,183
neutral,incidence,2
neutral,incinerate,27
neutral,incinerated,146
neutral,incised,8
neutral,incision,2
neutral,incompetence,164
neutral,inconsiderate,6
neutral,increas,5
neutral,indecent,6
neutral,indescri,103
neutral,indifference,444
neutral,individually,57
neutral,indul,950
neutral,inflo,2
neutral,infused,155
neutral,inge,16
neutral,inguinal,2
neutral,inhalation,7
neutral,inlet,95
neutral,innocence,2036
neutral,innocent,1385
neutral,inquiry,165
neutral,insecurities,4
neutral,insom,9
neutral,interested,1314
neutral,interface,33
neutral,internus,1
neutral,interrogate,287
neutral,interrogated,336
neutral,interrogating,3
neutral,interstellar,117
neutral,intervene,2625
neutral,intimacies,1
neutral,intimacy,799
neutral,intimate,522
neutral,intimated,2
neutral,intimidate,375
neutral,intimidated,67
neutral,intimidating,18
neutral,intrigue,189
neutral,intrigued,9
neutral,intriguing,138
neutral,intrinsically,3
neutral,intro,11
neutral,intuit,3
neutral,invaded,208
neutral,invader,2
neutral,iowa,24
neutral,ipacci,3
neutral,ipe,34
neutral,ipennis,2
neutral,ipica,1
neutral,ipie,3
neutral,ipop,9
neutral,ipsii,1
neutral,iras,10
neutral,ird,140
neutral,ire,580
neutral,ires,11
neutral,iring,3
neutral,iris,139
neutral,irisclass,1
neutral,irresolute,1
neutral,irrev,3
neutral,irritable,1
neutral,irs,188
neutral,iry,1
neutral,ische,2
neutral,isella,4
neutral,isolating,1
neutral,ispr,3
neutral,israelites,398
neutral,issue,11183
neutral,issued,7345
neutral,issues,748
neutral,issuing,127
neutral,itsill,2
neutral,izar,5
neutral,jabber,6
neutral,jack,5374
neutral,jackd,3
neutral,jacked,520
neutral,jacking,2
neutral,jacks,26
neutral,jacky,1
neutral,jacuzzi,1
neutral,jade,403
neutral,jaded,133
neutral,jades,14
neutral,jairus,2
neutral,jannet,4
neutral,japh,1
neutral,javelin,45
neutral,javelins,62
neutral,jel,2
neutral,jem,21
neutral,jerk,8164
neutral,jerked,10210
neutral,jerking,54
neutral,jerks,4
neutral,jerky,32
neutral,jettison,3
neutral,jeunes,21
neutral,jewel,1322
neutral,jezebel,2
neutral,jimi,1
neutral,john,10163
neutral,johnny,532
neutral,johns,2
neutral,johnson,947
neutral,jointed,48
neutral,jostle,66
neutral,jostled,169
neutral,jostling,39
neutral,journee,10
neutral,journey,5313
neutral,jug,488
neutral,jugger,1
neutral,juke,2
neutral,jump,17829
neutral,jumped,42423
neutral,jumper,117
neutral,jumpers,6
neutral,jumping,2374
neutral,jumps,571
neutral,junk,244
neutral,junkies,1
neutral,junks,38
neutral,jute,2
neutral,kager,1
neutral,kail,4
neutral,kaiser,4
neutral,kangar,279
neutral,kansas,231
neutral,kaput,4
neutral,kard,1
neutral,katniss,2
neutral,kegami,3
neutral,keister,5
neutral,kempe,1
neutral,keo,2
neutral,kick,19806
neutral,killy,1
neutral,kimono,102
neutral,kindliness,12
neutral,kinks,15
neutral,kiss,33541
neutral,kissed,52344
neutral,kisser,3
neutral,kisses,1885
neutral,kissing,1847
neutral,klav,4
neutral,klavier,1
neutral,kle,17
neutral,klute,3
neutral,kluth,3
neutral,knee,5707
neutral,kneeed,2
neutral,knees,4437
neutral,knob,471
neutral,knobbed,1
neutral,knobs,59
neutral,knock,11065
neutral,knocked,44810
neutral,knocker,3
neutral,knocking,1927
neutral,knocks,130
neutral,knotte,3
neutral,know,108700
neutral,knowed,193
neutral,knower,2
neutral,knowes,103
neutral,knowing,4085
neutral,knowledge,8121
neutral,knows,6420
neutral,knuckle,83
neutral,knuckled,8
neutral,knuckles,430
neutral,kocaeli,6
neutral,koremitsu,1
neutral,kul,25
neutral,kuro,3
neutral,lacquer,195
neutral,lad,2947
neutral,lady,11194
neutral,laevis,2
neutral,lak,61
neutral,lake,9747
neutral,lame,980
neutral,lames,1
neutral,lamp,5595
neutral,lamps,1462
neutral,lancer,10
neutral,lancing,2
neutral,landings,32
neutral,landlords,99
neutral,languish,1144
neutral,languishings,1
neutral,lanzarote,17
neutral,lapp,3
neutral,las,1367
neutral,latine,31
neutral,laws,5394
neutral,lay,71461
neutral,layd,5
neutral,layed,80
neutral,layer,286
neutral,layers,270
neutral,layes,227
neutral,laying,1150
neutral,layings,1
neutral,lays,2816
neutral,leanings,1
neutral,learnsolution,1
neutral,leek,10
neutral,legibly,1
neutral,leman,3
neutral,lender,10
neutral,lenn,2
neutral,leos,22
neutral,lettin,1
neutral,liaison,87
neutral,liberation,271
neutral,libraries,11
neutral,lick,8088
neutral,licked,10540
neutral,licker,13
neutral,licking,795
neutral,licks,200
neutral,lid,677
neutral,lie,33327
neutral,lied,11845
neutral,lier,410
neutral,liers,67
neutral,lies,10073
neutral,lifeless,1060
neutral,liftest,1
neutral,lifts,853
neutral,lightened,46
neutral,lilting,48
neutral,limped,883
neutral,linate,2
neutral,liners,1
neutral,lingerie,35
neutral,liquidate,47
neutral,liquidated,12
neutral,liquidates,2
neutral,liquidating,78
neutral,lis,10
neutral,livens,1
neutral,liy,10
neutral,lizz,45
neutral,llevaba,1
neutral,load,3128
neutral,loaded,7863
neutral,loader,57
neutral,loading,394
neutral,loads,375
neutral,loe,8
neutral,logical,479
neutral,loin,32
neutral,loku,1
neutral,lollies,42
neutral,lonely,9778
neutral,longior,1
neutral,looper,1
neutral,loophole,10
neutral,loot,566
neutral,looted,1467
neutral,looters,1
neutral,looting,7
neutral,lordliness,1
neutral,loser,84
neutral,lousy,141
neutral,lowless,1
neutral,lowly,1915
neutral,lube,51
neutral,lubed,193
neutral,lubricant,4
neutral,lubricated,446
neutral,lucien,1
neutral,lucretius,1
neutral,lukew,98
neutral,lullaby,668
neutral,lumb,2
neutral,lumiere,11
neutral,luminescence,11
neutral,lunacy,126
neutral,luster,276
neutral,lux,262
neutral,lyen,1
neutral,lyon,492
neutral,madam,508
neutral,maggi,1
neutral,maggot,1
neutral,maggots,8
neutral,magnolia,67
neutral,magnus,98
neutral,mahaw,5
neutral,maiden,3451
neutral,maidens,599
neutral,makesense,1
neutral,malec,4
neutral,mammogram,3
neutral,mammoths,3
neutral,manacle,61
neutral,manacled,2
neutral,manacles,19
neutral,mand,134
neutral,maniac,179
neutral,maniacs,22
neutral,manly,684
neutral,manners,1026
neutral,manteg,17
neutral,mantling,51
neutral,marrow,308
neutral,marrows,1
neutral,marshalled,1
neutral,martyr,995
neutral,martyrd,1
neutral,martyrdom,239
neutral,martyrs,260
neutral,marvin,2
neutral,marx,29
neutral,mash,67
neutral,mashed,873
neutral,mashing,1
neutral,mate,1630
neutral,mater,11
neutral,mates,144
neutral,mats,68
neutral,matted,234
neutral,matter,5060
neutral,matting,18
neutral,maximae,23
neutral,maximam,21
neutral,meaningfully,1
neutral,meat,4500
neutral,meats,82
neutral,meaty,110
neutral,mefind,1
neutral,meghan,4
neutral,melon,106
neutral,melons,69
neutral,member,3452
neutral,membered,19
neutral,memberes,1
neutral,members,2939
neutral,membr,42
neutral,menace,117
neutral,menaced,79
neutral,menaces,1
neutral,menacing,498
neutral,menses,1
neutral,menstruation,3
neutral,mercenaries,5
neutral,mercenary,87
neutral,merciless,236
neutral,merk,1
neutral,merlion,2
neutral,merriness,1
neutral,mesmerized,38
neutral,meta,3
neutral,metaphorically,7
neutral,meudon,2
neutral,midriff,28
neutral,migrant,4
neutral,militant,109
neutral,milkshake,7
neutral,milli,2
neutral,mind,30077
neutral,mine,19095
neutral,mined,19
neutral,miner,148
neutral,miners,348
neutral,mines,484
neutral,mining,344
neutral,ministered,119
neutral,mins,2
neutral,minx,168
neutral,mirage,207
neutral,misappro,3
neutral,misappropriated,117
neutral,misde,38
neutral,misfortun,87
neutral,missp,35
neutral,misspelled,35
neutral,mistreat,316
neutral,mistreated,114
neutral,moan,10275
neutral,moaned,3719
neutral,moaning,728
neutral,moanings,14
neutral,moans,970
neutral,moist,1173
neutral,mollis,37
neutral,mommies,1
neutral,moms,115
neutral,moneys,1
neutral,mong,203
neutral,monster,2204
neutral,monsters,526
neutral,monstrous,330
neutral,monument,1173
neutral,moods,306
neutral,mooed,4
neutral,mores,50
neutral,morgue,176
neutral,moribund,2
neutral,morr,17
neutral,mortal,6070
neutral,mortality,209
neutral,mortals,1147
neutral,mortar,102
neutral,mortify,16
neutral,mortuary,19
neutral,mosquito,9
neutral,mosul,18
neutral,motioning,319
neutral,motionlessness,114
neutral,motorboat,1
neutral,mount,4040
neutral,mounted,6476
neutral,mounting,118
neutral,mounts,284
neutral,mrna,6
neutral,mso,3
neutral,muffy,6
neutral,mug,583
neutral,mugs,44
neutral,murk,125
neutral,murky,500
neutral,murrain,10
neutral,mussed,2
neutral,muzzle,100
neutral,muzzled,4
neutral,muzzles,1
neutral,myriad,604
neutral,mythology,106
neutral,nade,4
neutral,nader,2
neutral,nades,1
neutral,nae,67
neutral,naema,1
neutral,nail,731
neutral,nailed,3728
neutral,nailing,4
neutral,nails,1512
neutral,naked,4311
neutral,nakedness,205
neutral,named,9888
neutral,nameplate,75
neutral,nancy,440
neutral,narrow,6593
neutral,narrowing,61
neutral,nasty,653
neutral,natalie,188
neutral,naughty,245
neutral,naz,298
neutral,necess,527
neutral,neck,9572
neutral,necked,93
neutral,necker,1
neutral,necks,436
neutral,neglect,3479
neutral,nether,333
neutral,neutralize,9
neutral,neutralized,10
neutral,neutron,27
neutral,neutroph,2
neutral,newly,428
neutral,nheads,1
neutral,nighters,1
neutral,nignt,1
neutral,nikon,85
neutral,nine,2889
neutral,nines,1
neutral,nips,30
neutral,nobodynoticedhim,1
neutral,nocice,1
neutral,nocturnal,56
neutral,noire,148
neutral,noises,616
neutral,noisier,19
neutral,norwich,2
neutral,nosocom,1
neutral,notch,87
neutral,nothing,36070
neutral,notoriety,83
neutral,notorious,96
neutral,novelty,30
neutral,nticed,1
neutral,nudder,1
neutral,nude,40
neutral,nudity,44
neutral,nunc,169
neutral,nuptial,81
neutral,nuptials,8
neutral,nut,358
neutral,nuts,909
neutral,nutter,9
neutral,nuzzle,299
neutral,nuzzled,5486
neutral,nuzzles,13
neutral,nuzzling,232
neutral,nymph,1045
neutral,nymphs,272
neutral,oax,1
neutral,obliged,616
neutral,obliterated,159
neutral,obliterating,38
neutral,observances,11
neutral,observedsolution,5
neutral,occupies,15
neutral,occupy,790
neutral,occupying,7
neutral,ocean,12566
neutral,ocher,34
neutral,oci,1
neutral,odom,3
neutral,odysseus,21
neutral,off,27359
neutral,offal,1
neutral,offer,33611
neutral,offers,1210
neutral,offing,5
neutral,oils,7
neutral,olymp,142
neutral,omne,2
neutral,omnipot,35
neutral,omnisc,7
neutral,oncoming,143
neutral,onds,1
neutral,ongan,1
neutral,onkel,3
neutral,onkey,5
neutral,ono,10
neutral,onset,790
neutral,ontario,147
neutral,onyx,206
neutral,oolite,1
neutral,ooo,50
neutral,oore,1
neutral,oory,1
neutral,ooze,275
neutral,oozed,8
neutral,oozes,31
neutral,oozing,87
neutral,oozy,83
neutral,opera,555
neutral,opp,1575
neutral,opper,1
neutral,opposable,1
neutral,oppress,726
neutral,oppressed,490
neutral,oppresses,3
neutral,oppressing,1
neutral,optic,44
neutral,oral,118
neutral,orangutan,4
neutral,orb,1672
neutral,ordeal,42
neutral,orderly,153
neutral,oreg,31
neutral,oregan,21
neutral,organe,1
neutral,organises,3
neutral,orig,20
neutral,orleans,17
neutral,orphan,297
neutral,orphaned,2
neutral,orphans,51
neutral,osoph,1
neutral,ostensibly,6
neutral,ottaw,1
neutral,ouart,2
neutral,oued,1
neutral,outlook,130
neutral,outrage,340
neutral,outraged,108
neutral,outsider,1
neutral,overburdened,2
neutral,overdose,68
neutral,overdosed,98
neutral,overdrafted,1
neutral,overemph,1
neutral,overestimated,1
neutral,overheating,1
neutral,overpower,208
neutral,overpowered,103
neutral,overpowering,133
neutral,overriding,6
neutral,overseen,3
neutral,overthrow,288
neutral,overthrows,1
neutral,overwrite,26
neutral,ovum,1
neutral,pacify,6
neutral,package,933
neutral,packaged,27
neutral,packages,31
neutral,packaging,112
neutral,paddle,249
neutral,paddled,768
neutral,paddles,40
neutral,paddling,119
neutral,pain,22267
neutral,paind,43
neutral,pained,163
neutral,paines,70
neutral,paining,14
neutral,pains,2885
neutral,panda,153
neutral,pander,27
neutral,pandering,48
neutral,pansies,10
neutral,pansy,9
neutral,pant,7218
neutral,panted,1084
neutral,panties,645
neutral,panting,564
neutral,pantings,1
neutral,pants,2319
neutral,panty,66
neutral,pap,870
neutral,papar,6
neutral,papas,6
neutral,paper,7531
neutral,papers,2411
neutral,paperwork,385
neutral,papies,6
neutral,papy,10
neutral,paradise,3678
neutral,paradox,343
neutral,paralysis,222
neutral,paralyze,79
neutral,paralyzed,151
neutral,pardonable,1
neutral,pareci,1
neutral,parkinson,12
neutral,parliamentary,8
neutral,parramatta,2
neutral,particle,364
neutral,pass,33766
neutral,passed,72413
neutral,passer,52
neutral,passers,181
neutral,passes,1798
neutral,passing,9914
neutral,passion,10147
neutral,passions,1377
neutral,passy,3
neutral,patchy,4
neutral,patel,6
neutral,patents,88
neutral,patriot,231
neutral,paved,769
neutral,payne,5
neutral,pecha,1
neutral,peddle,2
neutral,peg,358
neutral,pegged,4
neutral,pegs,67
neutral,pelic,3
neutral,pellet,94
neutral,pelleted,1
neutral,pellets,319
neutral,pendulum,7
neutral,penetrating,215
neutral,peper,75
neutral,perfor,2
neutral,perish,2936
neutral,perished,602
neutral,perishes,22
neutral,perishing,42
neutral,peristals,1
neutral,perpetrator,2
neutral,perpetrators,1
neutral,persecute,231
neutral,persecuted,112
neutral,persecuting,3
neutral,persew,1
neutral,personalize,4
neutral,perspect,1
neutral,perverting,1
neutral,pet,6673
neutral,peter,2623
neutral,peters,40
neutral,pets,32
neutral,petted,1954
neutral,petting,336
neutral,petty,395
neutral,pety,42
neutral,phebus,1
neutral,phillips,143
neutral,photomontage,3
neutral,photosho,5
neutral,phylos,1
neutral,physicians,16
neutral,piaz,40
neutral,picturessolution,1
neutral,piece,5954
neutral,pieced,107
neutral,pieces,2679
neutral,piecing,2
neutral,pierce,1671
neutral,piercer,1
neutral,pigeon,642
neutral,pike,177
neutral,pikes,43
neutral,piled,3927
neutral,pillory,4
neutral,pin,8307
neutral,pinac,1
neutral,pind,161
neutral,pined,52
neutral,pines,3036
neutral,pining,38
neutral,pinion,195
neutral,pinioned,141
neutral,pinions,739
neutral,pinned,16967
neutral,pinning,207
neutral,pins,288
neutral,piny,27
neutral,pirated,4
neutral,pittsburgh,4
neutral,placement,38
neutral,plague,623
neutral,plagued,24
neutral,plagues,242
neutral,plaguing,1
neutral,pleader,2
neutral,pleasanter,132
neutral,pleasurably,1
neutral,plebs,1
neutral,plena,1
neutral,plou,43
neutral,ploughsh,1
neutral,plow,498
neutral,plowed,889
neutral,plowing,10
neutral,plowings,1
neutral,plows,190
neutral,plug,1391
neutral,pluged,9
neutral,plugged,6059
neutral,plugging,48
neutral,plugs,202
neutral,plumbed,1
neutral,plunder,422
neutral,plundered,629
neutral,plundering,1
neutral,plurality,9
neutral,poach,13
neutral,poached,1
neutral,poacher,7
neutral,poem,3156
neutral,poesse,2
neutral,poke,808
neutral,poked,7188
neutral,poker,70
neutral,pokes,60
neutral,poking,159
neutral,pold,14
neutral,pole,1608
neutral,poled,4
neutral,poles,782
neutral,polies,3
neutral,polled,1
neutral,polling,48
neutral,pollution,105
neutral,pols,23
neutral,poly,55
neutral,ponder,6787
neutral,ponderous,56
neutral,pooch,41
neutral,pop,3738
neutral,poped,2
neutral,popes,20
neutral,popped,15104
neutral,popper,2
neutral,popping,594
neutral,pops,105
neutral,porcel,241
neutral,poster,137
neutral,postscript,2
neutral,potencies,11
neutral,potency,47
neutral,potent,727
neutral,pound,5884
neutral,pounded,7295
neutral,pounding,818
neutral,pounds,985
neutral,poupon,1
neutral,poyie,1
neutral,pppppp,1
neutral,practis,27
neutral,prae,45
neutral,praesertim,1
neutral,praest,4
neutral,pragm,1
neutral,praiser,2
neutral,pras,2
neutral,prasad,1
neutral,prattled,4
neutral,preceded,30
neutral,preco,3
neutral,pred,295
neutral,predator,148
neutral,predators,39
neutral,predatory,2
neutral,predic,4
neutral,pregnant,155
neutral,preoccupations,1
neutral,pres,2724
neutral,presentation,384
neutral,presents,992
neutral,preserv,28
neutral,presst,1
neutral,presumes,48
neutral,prey,2031
neutral,preyed,7
neutral,preying,1
neutral,preys,322
neutral,pricked,709
neutral,pricking,222
neutral,primari,1
neutral,princed,2
neutral,privilege,880
neutral,privy,64
neutral,probe,540
neutral,procure,350
neutral,procured,72
neutral,procures,1
neutral,professed,105
neutral,profitable,205
neutral,profligate,28
neutral,profoundly,30
neutral,programming,337
neutral,projectile,80
neutral,projectiles,28
neutral,prominently,19
neutral,prompts,18
neutral,pronoun,41
neutral,proof,2990
neutral,propagate,1
neutral,propagated,14
neutral,proph,599
neutral,protectingly,28
neutral,provocative,1
neutral,psycho,76
neutral,puberty,14
neutral,puh,1
neutral,pulls,908
neutral,pulp,53
neutral,pulpy,1
neutral,pulverize,13
neutral,pulverized,74
neutral,punctuate,11
neutral,punctuation,151
neutral,puncture,68
neutral,punctured,1236
neutral,punctures,1
neutral,puncturing,2
neutral,punish,11477
neutral,punished,1397
neutral,punishing,40
neutral,purge,600
neutral,purged,191
neutral,purges,5
neutral,purging,2
neutral,purity,1747
neutral,purposely,229
neutral,pus,115
neutral,puss,109
neutral,putrefy,1
neutral,pyre,206
neutral,pyres,19
neutral,qrow,2
neutral,quadrangle,33
neutral,quadrupled,2
neutral,qual,96
neutral,quarrel,1190
neutral,quarreled,1
neutral,quarreling,1
neutral,quarrels,86
neutral,quarter,1093
neutral,quartered,1
neutral,quarters,129
neutral,quean,1
neutral,queerer,3
neutral,quell,200
neutral,quelled,69
neutral,quelling,1
neutral,quench,1459
neutral,quenched,717
neutral,quencher,1
neutral,quenching,13
neutral,quirer,1
neutral,quis,128
neutral,quiver,4315
neutral,quivered,323
neutral,quivering,1356
neutral,quivers,126
neutral,quiz,206
neutral,rack,858
neutral,racked,642
neutral,racking,23
neutral,racks,40
neutral,rage,5279
neutral,raged,409
neutral,rages,91
neutral,ragg,7
neutral,ragged,1012
neutral,raging,825
neutral,rags,753
neutral,raid,607
neutral,raidy,1
neutral,rail,1854
neutral,railed,91
neutral,railing,728
neutral,railings,239
neutral,rails,234
neutral,rake,256
neutral,raked,1058
neutral,rakes,40
neutral,raking,51
neutral,ram,2926
neutral,ramer,1
neutral,rames,1
neutral,ramide,1
neutral,ramifications,1
neutral,rammed,4279
neutral,rammer,2
neutral,rams,44
neutral,rands,4
neutral,ransomed,106
neutral,rapies,2
neutral,rapped,757
neutral,rapper,4
neutral,rapping,63
neutral,raps,3
neutral,rapture,1542
neutral,raptured,31
neutral,raptures,244
neutral,ras,363
neutral,ratchet,3
neutral,ratcheted,1
neutral,rattles,124
neutral,ravings,32
neutral,ravishing,11
neutral,raze,51
neutral,razor,400
neutral,razors,18
neutral,razzed,1
neutral,reaper,46
neutral,reapers,4
neutral,reasonings,2
neutral,recarpeted,1
neutral,recess,538
neutral,rech,13
neutral,reclaims,4
neutral,reclos,1
neutral,reconsidered,142
neutral,recorded,9883
neutral,recorders,33
neutral,rectagon,2
neutral,rectum,39
neutral,recycl,24
neutral,reded,517
neutral,redemptive,22
neutral,redhead,73
neutral,redundant,36
neutral,reefs,43
neutral,reer,7
neutral,refinancing,71
neutral,refinished,99
neutral,reflectively,93
neutral,reflet,2
neutral,refrigerator,698
neutral,refue,22
neutral,refut,68
neutral,regions,1456
neutral,rehe,757
neutral,reigne,1
neutral,reignite,1
neutral,reins,568
neutral,reinser,2
neutral,reinvention,5
neutral,reinves,5
neutral,relations,743
neutral,relativistic,2
neutral,relearn,1
neutral,release,13902
neutral,relinquished,25
neutral,reloc,187
neutral,remains,6524
neutral,remembered,19184
neutral,remembrances,34
neutral,reminder,779
neutral,reminisc,59
neutral,remorseless,40
neutral,remoter,1
neutral,remove,29241
neutral,removed,72445
neutral,removes,164
neutral,removing,1469
neutral,rended,4
neutral,render,3304
neutral,renders,33
neutral,rends,6
neutral,renegade,1
neutral,rennie,1
neutral,renounce,1158
neutral,repartees,2
neutral,repeal,36
neutral,repr,56
neutral,reprimande,7
neutral,reproof,26
neutral,repurpose,23
neutral,requier,1
neutral,requite,629
neutral,requited,45
neutral,requites,1
neutral,research,3610
neutral,resettling,2
neutral,reshow,1
neutral,resignes,1
neutral,resilience,84
neutral,respecting,367
neutral,respl,97
neutral,resplend,1
neutral,responses,410
neutral,restrain,1093
neutral,restrained,2259
neutral,restraining,9
neutral,restrains,23
neutral,restructuring,77
neutral,retaliate,2147
neutral,retaliated,211
neutral,retaliating,2
neutral,retire,6458
neutral,retired,3039
neutral,retirees,2
neutral,retires,115
neutral,retiring,322
neutral,retribution,198
neutral,return,51260
neutral,reveled,290
neutral,revelry,18
neutral,revengd,1
neutral,revenge,1366
neutral,revenged,23
neutral,revenges,1
neutral,revitalize,1
neutral,rewat,1
neutral,rhymers,1
neutral,riant,1
neutral,richards,4
neutral,richmond,16
neutral,ricochet,18
neutral,ricocheted,15
neutral,ridd,125
neutral,riddle,460
neutral,riddled,82
neutral,riddles,243
neutral,ride,12496
neutral,rider,432
neutral,riders,240
neutral,rides,602
neutral,riding,1854
neutral,ridings,1
neutral,rids,7
neutral,rifled,3540
neutral,rifling,1
neutral,rigor,22
neutral,rigour,2
neutral,rill,285
neutral,rills,488
neutral,rim,2432
neutral,rimes,30
neutral,rimmed,19
neutral,rimmer,2
neutral,rims,52
neutral,rip,11565
neutral,riped,5
neutral,riper,59
neutral,riping,1
neutral,ripped,27942
neutral,ripper,1
neutral,ripping,252
neutral,rips,81
neutral,ritisering,1
neutral,rive,14
neutral,rived,2
neutral,river,15769
neutral,rivers,2698
neutral,rives,7
neutral,riving,2
neutral,rna,9
neutral,rocket,432
neutral,rocketed,95
neutral,rocketing,5
neutral,rockets,190
neutral,rockfall,1
neutral,rod,2838
neutral,roder,1
neutral,roderick,3
neutral,rods,329
neutral,roger,72
neutral,rogers,84
neutral,roids,2
neutral,romp,142
neutral,romped,1
neutral,romping,4
neutral,ronald,16
neutral,roosevelt,8
neutral,roosts,61
neutral,root,2684
neutral,rooted,681
neutral,roots,3317
neutral,roscopic,2
neutral,rot,2927
neutral,rotes,2
neutral,rots,227
neutral,rotted,259
neutral,rotter,50
neutral,rotting,464
neutral,roubili,1
neutral,roubles,138
neutral,rough,4327
neutral,rougher,1
neutral,rout,126
neutral,routed,107
neutral,router,3
neutral,routers,18
neutral,routes,129
neutral,row,3949
neutral,rowsed,1
neutral,rrow,27
neutral,rubber,481
neutral,ruck,1
neutral,rucked,2
neutral,rucks,235
neutral,ruffians,1
neutral,ruin,7538
neutral,ruind,1
neutral,ruined,8296
neutral,ruiner,1
neutral,ruines,1
neutral,ruining,65
neutral,ruins,2107
neutral,rumble,937
neutral,rumbled,342
neutral,rumbles,275
neutral,rumbling,368
neutral,rumblings,111
neutral,rump,100
neutral,rumped,1
neutral,rumps,1
neutral,runic,2
neutral,rupture,66
neutral,ruptured,53
neutral,ruthless,196
neutral,ruts,44
neutral,rutted,24
neutral,ruvers,1
neutral,sabot,1225
neutral,saboteur,6
neutral,sack,1745
neutral,sacked,270
neutral,sacking,14
neutral,sackings,1
neutral,sacks,387
neutral,sacrifice,10834
neutral,sacrificed,1657
neutral,sacrifices,82
neutral,sacrificing,322
neutral,sadden,17
neutral,safely,909
neutral,sailed,1507
neutral,sakhalin,2
neutral,salopian,1
neutral,sanction,140
neutral,sanctioned,20
neutral,sanctions,2
neutral,sanded,275
neutral,sandless,3
neutral,sangeet,1
neutral,sanguine,83
neutral,sap,1031
neutral,sapless,27
neutral,sapped,37
neutral,sapper,2
neutral,saps,2
neutral,saqqara,5
neutral,sariah,1
neutral,sas,20
neutral,sato,3
neutral,saunders,2
neutral,scab,107
neutral,scabbed,9
neutral,scabs,1
neutral,scaffold,324
neutral,scaffolding,17
neutral,scaffolds,1
neutral,scala,4
neutral,scalp,479
neutral,scalpel,170
neutral,scandalous,7
neutral,scared,3430
neutral,scares,47
neutral,scaring,27
neutral,scary,476
neutral,scathed,8
neutral,scoffers,1
neutral,scolumns,1
neutral,scorch,388
neutral,scorched,674
neutral,scorcher,1
neutral,scorches,2
neutral,scorching,320
neutral,scrap,3035
neutral,scrape,837
neutral,scraped,3565
neutral,scraper,9
neutral,scrapes,131
neutral,scraping,203
neutral,scrapped,4
neutral,scraps,69
neutral,scratch,8056
neutral,scratched,10372
neutral,scratches,562
neutral,scratching,461
neutral,scratchings,3
neutral,scratchy,69
neutral,scream,26557
neutral,screamed,41395
neutral,screaming,2408
neutral,screams,1009
neutral,screw,2216
neutral,screwed,2258
neutral,screws,28
neutral,scythe,309
neutral,scythes,56
neutral,sealess,12
neutral,seance,1
neutral,sear,1645
neutral,seared,151
neutral,searing,603
neutral,sears,8
neutral,secretion,4
neutral,secretions,1
neutral,securing,283
neutral,sedis,2
neutral,seed,5436
neutral,seeded,3
neutral,seeding,3
neutral,seedings,1
neutral,seeds,2213
neutral,seedy,8
neutral,segregate,1
neutral,seize,3378
neutral,seized,5369
neutral,seizes,112
neutral,seizing,47
neutral,seminal,3
neutral,sensuous,54
neutral,sepulchre,142
neutral,sepulchres,2
neutral,sequestered,3
neutral,sermon,659
neutral,servic,7
neutral,service,5923
neutral,servicing,1
neutral,servility,8
neutral,session,348
neutral,sessions,100
neutral,setaddress,1
neutral,seuerall,3
neutral,severance,11
neutral,severer,13
neutral,shacked,1
neutral,shackle,125
neutral,shackled,200
neutral,shackles,50
neutral,shaft,2542
neutral,shaftes,1
neutral,shafts,351
neutral,shambles,45
neutral,shame,10162
neutral,shamed,296
neutral,shames,39
neutral,shaming,266
neutral,shams,2
neutral,shanks,226
neutral,shatter,3208
neutral,shattered,15718
neutral,shattering,419
neutral,shatters,36
neutral,shell,3358
neutral,shells,1157
neutral,shelly,6
neutral,shimane,14
neutral,shiner,1
neutral,shira,5
neutral,shoreless,272
neutral,shouted,67770
neutral,shove,4586
neutral,shoved,59884
neutral,shoves,19
neutral,shoving,1327
neutral,shows,5040
neutral,shred,790
neutral,shredd,100
neutral,shredded,1763
neutral,shredding,8
neutral,shreds,25
neutral,shriek,5773
neutral,shrieked,2757
neutral,shrieking,88
neutral,shrieks,257
neutral,shrivels,6
neutral,shroud,2864
neutral,shrouded,615
neutral,shrouding,28
neutral,shrouds,188
neutral,shrove,3
neutral,sht,2
neutral,shucked,72
neutral,shuffle,1293
neutral,shutters,504
neutral,shuttled,1
neutral,siamese,10
neutral,sifts,39
neutral,silence,15170
neutral,silenced,818
neutral,silences,201
neutral,silencing,7
neutral,sime,7
neutral,similarly,51
neutral,simp,4
neutral,simper,1
neutral,sinaliza,1
neutral,singe,95
neutral,singed,91
neutral,singer,631
neutral,singers,187
neutral,singes,43
neutral,singing,5212
neutral,singings,16
neutral,sings,2137
neutral,sinon,1
neutral,sinus,46
neutral,sire,1631
neutral,sired,3
neutral,siren,181
neutral,sirens,402
neutral,sires,540
neutral,sirs,13
neutral,sissy,35
neutral,sist,43
neutral,skeleton,735
neutral,skeletons,126
neutral,sket,80
neutral,skewer,14
neutral,skewers,98
neutral,skin,8112
neutral,skinned,391
neutral,skins,352
neutral,skull,1970
neutral,skulls,148
neutral,slam,5790
neutral,slammed,52619
neutral,slamming,1835
neutral,slams,88
neutral,slas,136
neutral,sleaze,3
neutral,sleazy,1
neutral,sledgehammer,39
neutral,sledgehammered,1
neutral,sledgehammers,2
neutral,sleep,41958
neutral,sleeped,1
neutral,sleeper,186
neutral,sleepers,320
neutral,sleeping,5667
neutral,sleepings,1
neutral,sleeps,2501
neutral,sleepy,890
neutral,slice,2106
neutral,sliced,7124
neutral,slices,198
neutral,slicing,254
neutral,slide,5568
neutral,slider,26
neutral,slides,429
neutral,sliding,2469
neutral,sling,84
neutral,slinging,32
neutral,slings,105
neutral,slinks,9
neutral,slit,5979
neutral,slits,17
neutral,slitted,8
neutral,slug,802
neutral,slugs,14
neutral,slunked,5
neutral,slurps,1
neutral,smar,14
neutral,smash,9536
neutral,smashed,32924
neutral,smashes,34
neutral,smashing,506
neutral,smirnova,1
neutral,smoke,9202
neutral,smoked,5356
neutral,smoker,7
neutral,smokers,9
neutral,smokes,36
neutral,smokey,12
neutral,smoking,1166
neutral,smoky,515
neutral,smooch,3
neutral,smooched,5
neutral,smorg,1
neutral,smorgasbord,1
neutral,smud,665
neutral,smuggled,835
neutral,smugness,1
neutral,snap,3885
neutral,snapped,34631
neutral,snapping,496
neutral,snaps,77
neutral,snare,694
neutral,snared,4
neutral,snares,243
neutral,snatch,2098
neutral,snatched,15214
neutral,snatches,78
neutral,snatching,221
neutral,sneer,1199
neutral,sniffle,77
neutral,snipped,576
neutral,snips,3
neutral,snog,22
neutral,snogged,20
neutral,snowstorms,1
neutral,snuff,754
neutral,snuffer,1
neutral,snuffing,2
neutral,sociis,1
neutral,sock,643
neutral,socked,172
neutral,socking,3
neutral,socks,1596
neutral,soddened,1
neutral,soft,26594
neutral,softens,19
neutral,soho,44
neutral,sohrev,1
neutral,solely,114
neutral,solicit,75
neutral,solicited,15
neutral,soliciting,4
neutral,solider,2
neutral,somberly,2
neutral,sord,525
neutral,sore,3041
neutral,soreer,2
neutral,sorer,8
neutral,sores,244
neutral,sous,7
neutral,spake,1538
neutral,spared,546
neutral,spares,91
neutral,sparing,47
neutral,sparred,3
neutral,sparrer,1
neutral,spars,287
neutral,spatter,124
neutral,spattered,249
neutral,spattering,1
neutral,spatula,13
neutral,speciall,1
neutral,spectacula,3
neutral,speculum,11
neutral,spell,3249
neutral,spend,46365
neutral,spender,1
neutral,spending,1054
neutral,spends,173
neutral,spenny,1
neutral,sphincter,2
neutral,spielberg,10
neutral,spin,5853
neutral,spind,69
neutral,spined,2
neutral,spines,284
neutral,spinned,1
neutral,spinner,16
neutral,spinning,1465
neutral,spins,101
neutral,spiny,163
neutral,spit,14320
neutral,spited,1
neutral,spits,84
neutral,spitted,6
neutral,spitter,1
neutral,spitting,617
neutral,splats,1
neutral,splatter,251
neutral,splattered,1289
neutral,splatters,1
neutral,splinter,1375
neutral,splintered,1569
neutral,splintering,12
neutral,splinters,305
neutral,splintery,1
neutral,splurge,68
neutral,spoil,1845
neutral,spoiled,579
neutral,spoiler,8
neutral,spoilers,1
neutral,spoiling,4
neutral,spoils,342
neutral,spooning,28
neutral,sport,2537
neutral,sported,249
neutral,sporting,27
neutral,sports,913
neutral,sporty,1
neutral,sprained,280
neutral,spray,9486
neutral,sprayed,9610
neutral,sprayer,2
neutral,spraying,64
neutral,sprays,211
neutral,sprayy,1
neutral,sprightlier,1
neutral,spung,2
neutral,spurt,409
neutral,spurted,14
neutral,spye,1
neutral,squabble,69
neutral,squabbled,3
neutral,squabbles,9
neutral,squabbling,27
neutral,squandered,293
neutral,squash,214
neutral,squashed,565
neutral,squirt,1363
neutral,squirted,1365
neutral,squirting,1
neutral,src,2
neutral,stake,463
neutral,staked,157
neutral,stakes,154
neutral,staking,3
neutral,stalact,4
neutral,stalk,9634
neutral,stalked,7594
neutral,stalker,3
neutral,stalking,418
neutral,stalks,892
neutral,stard,417
neutral,starfle,7
neutral,starvation,181
neutral,starve,1451
neutral,starved,755
neutral,starves,38
neutral,starving,182
neutral,stated,22040
neutral,statuettes,3
neutral,staunched,1
neutral,staved,2
neutral,steamed,483
neutral,steamer,133
neutral,steamers,6
neutral,steaming,393
neutral,steams,9
neutral,steering,226
neutral,steers,167
neutral,stent,1
neutral,stews,113
neutral,sticker,10
neutral,stickers,10
neutral,stiff,3277
neutral,stiffed,28
neutral,stiffer,4
neutral,stifle,482
neutral,stifled,699
neutral,stifling,155
neutral,stiletto,3
neutral,stilettos,4
neutral,still,130307
neutral,stilled,821
neutral,stiller,8
neutral,stilling,1
neutral,stills,31
neutral,stilly,72
neutral,stimulating,4
neutral,sting,2437
neutral,stinged,1
neutral,stinger,3
neutral,stingers,21
neutral,stinging,963
neutral,stings,386
neutral,stingy,40
neutral,stir,12367
neutral,stomp,4636
neutral,stomped,20832
neutral,stomping,268
neutral,stone,17400
neutral,stoned,387
neutral,stones,6001
neutral,stony,1122
neutral,stories,4850
neutral,storing,312
neutral,straddle,698
neutral,straddled,3493
neutral,straddles,1
neutral,straddling,8
neutral,straight,15684
neutral,straighter,8
neutral,strap,161
neutral,strapped,2785
neutral,strapping,6
neutral,straps,135
neutral,strateg,68
neutral,strategy,242
neutral,strategysolution,1
neutral,strawberries,341
neutral,strife,2863
neutral,striker,2
neutral,strip,7626
neutral,striped,469
neutral,stripes,329
neutral,striping,20
neutral,stripped,7272
neutral,stripping,231
neutral,strips,153
neutral,stroke,7041
neutral,stroked,21361
neutral,stroker,3
neutral,strokes,982
neutral,stroking,1377
neutral,stronger,2048
neutral,struggle,11132
neutral,strugling,2
neutral,strums,2
neutral,studded,183
neutral,studding,3
neutral,studies,480
neutral,studs,25
neutral,study,16067
neutral,stump,383
neutral,stumped,9
neutral,stumps,177
neutral,stumpy,3
neutral,subdue,1077
neutral,subdued,1761
neutral,subdues,247
neutral,subduing,199
neutral,subjugate,6
neutral,subjugated,3
neutral,subjugates,1
neutral,subjugating,3
neutral,submerges,1
neutral,submissive,21
neutral,suborn,4
neutral,subscriptions,1
neutral,subtracted,373
neutral,succeed,1810
neutral,succumb,717
neutral,succumbed,828
neutral,succumbing,10
neutral,succumbs,24
neutral,suck,7064
neutral,sucked,7976
neutral,sucker,94
neutral,suckers,16
neutral,sucking,800
neutral,sucks,10
neutral,sudd,188
neutral,sue,23300
neutral,suffer,17510
neutral,suffered,3420
neutral,sufferer,143
neutral,sufferers,3
neutral,suffering,3048
neutral,sufferings,348
neutral,suffers,253
neutral,sulkily,5
neutral,sunbathing,1
neutral,sunday,1841
neutral,sunder,96
neutral,sundered,16
neutral,sundial,36
neutral,sune,1
neutral,sunni,1
neutral,superl,8
neutral,supernumer,1
neutral,supplanted,1
neutral,surcharg,4
neutral,surely,3057
neutral,surplus,54
neutral,sushi,44
neutral,suz,23
neutral,swain,169
neutral,swains,35
neutral,swallow,2982
neutral,swallowed,11405
neutral,swallower,2
neutral,swallowing,189
neutral,swallows,888
neutral,swat,283
neutral,swatted,771
neutral,swatter,6
neutral,swatting,10
neutral,swayings,6
neutral,swinging,2310
neutral,swoon,705
neutral,swooned,29
neutral,swooning,17
neutral,swoons,4
neutral,symfony,2
neutral,syphilis,1
neutral,systemreloaded,1
neutral,tackle,2244
neutral,tackled,1809
neutral,tackles,3
neutral,tackling,122
neutral,taint,124
neutral,tainted,164
neutral,tamen,2
neutral,tamponade,1
neutral,tangerang,1
neutral,tantalize,3
neutral,tantalizing,1
neutral,tap,2952
neutral,taped,3533
neutral,taper,611
neutral,tapers,172
neutral,tapes,76
neutral,tapped,26070
neutral,tapping,635
neutral,taps,348
neutral,tarm,4
neutral,tarred,14
neutral,tart,76
neutral,tarts,22
neutral,tau,50
neutral,tchaikovsky,48
neutral,tear,27077
neutral,teard,184
neutral,teared,82
neutral,teares,268
neutral,tearing,745
neutral,tearings,3
neutral,tearred,1
neutral,tears,18495
neutral,teary,90
neutral,tease,2519
neutral,teased,2104
neutral,teases,10
neutral,teasing,201
neutral,teat,29
neutral,teats,23
neutral,technicians,86
neutral,teenth,1
neutral,teher,2
neutral,teheran,2
neutral,tel,80
neutral,telegram,374
neutral,tellt,215
neutral,tempt,1941
neutral,temptation,642
neutral,temptations,233
neutral,tempted,329
neutral,tempter,61
neutral,tempters,2
neutral,tempting,78
neutral,tempts,4
neutral,termes,6
neutral,terminate,6224
neutral,terminated,307
neutral,terminates,2
neutral,terminating,54
neutral,terror,3583
neutral,terrorizing,1
neutral,terrors,647
neutral,testosterone,4
neutral,tethys,2
neutral,thac,1
neutral,thearditor,1
neutral,thehad,1
neutral,theia,46
neutral,theobroma,1
neutral,theoooooo,1
neutral,theoretically,59
neutral,therapeutic,2
neutral,therefore,24643
neutral,thetax,1
neutral,thicket,1568
neutral,thigh,2225
neutral,thighed,1
neutral,thighs,1438
neutral,thinker,56
neutral,thirsted,234
neutral,thirstily,125
neutral,thirsting,54
neutral,thirsty,416
neutral,thong,127
neutral,thongs,175
neutral,threaten,7325
neutral,threatened,38282
neutral,threatening,2224
neutral,threatenings,8
neutral,threatens,121
neutral,thrine,2
neutral,throb,1990
neutral,throbbed,15
neutral,throbbing,2378
neutral,throbs,313
neutral,thrust,26218
neutral,thrusted,60
neutral,thrusters,1
neutral,thrusting,132
neutral,thrusts,32
neutral,thunderclap,89
neutral,tickets,343
neutral,tillled,3
neutral,tintinn,1
neutral,tiptoed,3457
neutral,titania,3
neutral,tithe,15
neutral,titter,5
neutral,tob,144
neutral,toda,22
neutral,toed,30
neutral,toiletry,2
neutral,tomatos,1
neutral,tomb,5914
neutral,tombs,943
neutral,tommorrow,1
neutral,tongued,19
neutral,tool,1108
neutral,toold,3
neutral,tools,1012
neutral,toomas,1
neutral,toon,2
neutral,torch,1457
neutral,torched,829
neutral,torches,509
neutral,torrid,103
neutral,touring,23
neutral,touristy,54
neutral,tourniquet,2
neutral,toxin,1
neutral,toxins,2
neutral,tracks,1785
neutral,tragedie,2
neutral,train,8775
neutral,tramp,597
neutral,tramped,266
neutral,tramping,8
neutral,tramps,131
neutral,tranquility,112
neutral,transfix,45
neutral,transfixed,4
neutral,transfused,7
neutral,transgender,3
neutral,transgression,56
neutral,transparency,45
neutral,transport,971
neutral,transported,1063
neutral,transporter,1
neutral,transporting,44
neutral,transports,9
neutral,trash,665
neutral,trashed,2082
neutral,trashes,1
neutral,trashing,9
neutral,traumatic,2
neutral,trekked,9
neutral,trel,1
neutral,trespasses,26
neutral,trick,2279
neutral,tricked,789
neutral,tricking,5
neutral,tricks,625
neutral,tricky,172
neutral,trimm,121
neutral,trinity,226
neutral,triumphantly,97
neutral,trucker,4
neutral,truncate,99
neutral,trundle,2
neutral,truss,23
neutral,trussed,1
neutral,trusses,6
neutral,trut,6
neutral,truthfull,25
neutral,tsukuba,5
neutral,tug,12699
neutral,tugged,18743
neutral,tugging,341
neutral,tugs,63
neutral,tumble,1544
neutral,tumbled,1729
neutral,tumbler,266
neutral,tumblers,2
neutral,tumbles,139
neutral,tumbling,516
neutral,tup,120
neutral,turgid,33
neutral,turmeric,27
neutral,turp,112
neutral,turtle,482
neutral,tush,7
neutral,tushes,2
neutral,tussle,52
neutral,tussled,2
neutral,tussles,1
neutral,typing,52
neutral,tyrant,1047
neutral,tyrants,62
neutral,tyrone,1
neutral,tyte,1
neutral,uary,21
neutral,ubes,1
neutral,ubicin,125
neutral,ula,9
neutral,ulaanbaatar,5
neutral,ulcer,1
neutral,umar,1
neutral,unaveng,15
neutral,unbalance,1
neutral,unborn,77
neutral,uncerem,34
neutral,uncertaint,2
neutral,unclothe,5
neutral,uncoiling,2
neutral,uncor,60
neutral,uncounted,9
neutral,underbellied,1
neutral,underest,3
neutral,underper,1
neutral,underto,19
neutral,undetected,3
neutral,undid,2668
neutral,undo,2341
neutral,undoes,6
neutral,undoing,243
neutral,undress,5588
neutral,undressed,2018
neutral,undresses,1
neutral,undressing,18
neutral,unenlight,87
neutral,unexp,4
neutral,unexpected,954
neutral,unexpl,4
neutral,unfailing,36
neutral,unfashionable,2
neutral,unfet,6
neutral,unfreed,1
neutral,ungram,3
neutral,unhooking,16
neutral,unicor,1
neutral,uninterrupt,3
neutral,union,3437
neutral,unions,141
neutral,unlit,60
neutral,unmann,15
neutral,unmead,1
neutral,unpit,5
neutral,unplied,1
neutral,unprompt,2
neutral,unsan,1
neutral,unsealed,29
neutral,unshackling,1
neutral,unshaken,163
neutral,unskilled,53
neutral,unso,10
neutral,unswerv,1
neutral,unusu,4
neutral,unwholes,10
neutral,updating,30
neutral,upw,2
neutral,upwards,1189
neutral,urethra,5
neutral,useraccount,2
neutral,uste,1
neutral,uterus,12
neutral,vaccinating,1
neutral,val,4891
neutral,valediction,2
neutral,vamp,230
neutral,vandal,4044
neutral,vandals,18
neutral,vanquish,111
neutral,vanquished,92
neutral,varicious,227
neutral,vengeance,1390
neutral,venom,439
neutral,venomed,2
neutral,venoms,13
neutral,ventricles,139
neutral,verification,26
neutral,veritate,23
neutral,verwaltungsgesellschaft,1
neutral,vice,2173
neutral,vicer,1
neutral,vices,194
neutral,viciss,10
neutral,victim,2026
neutral,victims,696
neutral,victual,21
neutral,villagers,246
neutral,vincencia,1
neutral,vincorta,1
neutral,vined,4
neutral,vino,13
neutral,violate,1471
neutral,violated,4719
neutral,violates,898
neutral,violating,8
neutral,violation,37
neutral,violations,18
neutral,virtue,5485
neutral,virtues,1918
neutral,viscera,180
neutral,viscountess,1
neutral,visit,19706
neutral,visited,7809
neutral,visiting,850
neutral,visits,362
neutral,vixen,102
neutral,vle,5
neutral,voi,14
neutral,volter,1
neutral,voluminous,17
neutral,vorian,15
neutral,vorticity,1
neutral,vouchervouchervouvou,1
neutral,vouchs,206
neutral,vue,63
neutral,wad,372
neutral,wadd,486
neutral,wadded,232
neutral,waded,1895
neutral,waders,29
neutral,wades,4
neutral,wading,59
neutral,wafer,14
neutral,wagtail,126
neutral,wail,8478
neutral,wailed,1160
neutral,wailers,1
neutral,wailing,362
neutral,wailings,87
neutral,wails,253
neutral,wallpap,3
neutral,walls,11543
neutral,walmart,8
neutral,ward,1731
neutral,wards,516
neutral,wares,190
neutral,waring,1
neutral,wary,372
neutral,waste,8624
neutral,wasted,2075
neutral,wastes,683
neutral,wasthis,1
neutral,wasting,90
neutral,waters,9023
neutral,wavering,385
neutral,wax,1185
neutral,waxed,61
neutral,waxes,2
neutral,waxing,3
neutral,waxy,148
neutral,weakening,158
neutral,weekends,28
neutral,weimaraner,5
neutral,weis,1
neutral,welter,94
neutral,wench,396
neutral,wenches,13
neutral,wend,332
neutral,wet,12332
neutral,wetlands,83
neutral,wets,67
neutral,wetted,96
neutral,wetter,56
neutral,wetting,2
neutral,whereab,1
neutral,whichwhich,1
neutral,whimper,5685
neutral,whimpered,582
neutral,whimpering,369
neutral,whimpers,56
neutral,whinnying,3
neutral,whisper,22688
neutral,whoop,23
neutral,whooped,55
neutral,whooping,17
neutral,whoops,11
neutral,widow,492
neutral,widowed,65
neutral,widower,189
neutral,widows,19
neutral,wildernesses,41
neutral,willed,1630
neutral,willedly,2
neutral,willing,2603
neutral,wills,652
neutral,windsh,26
neutral,wipe,7826
neutral,wiped,45081
neutral,wiper,1
neutral,wipers,5
neutral,wipes,41
neutral,wiping,481
neutral,wirework,1
neutral,wisi,1
neutral,wisteria,144
neutral,witched,1
neutral,witnes,10
neutral,woad,2
neutral,womanhood,89
neutral,womb,1763
neutral,woo,2101
neutral,wood,20869
neutral,wooded,278
neutral,woods,9888
neutral,woody,354
neutral,wooed,84
neutral,wooer,2
neutral,wooers,1
neutral,wooes,16
neutral,wooing,284
neutral,woos,28
neutral,wordlessly,12
neutral,worked,23861
neutral,working,4480
neutral,worktop,4
neutral,worldly,759
neutral,worm,1872
neutral,wove,1684
neutral,wrath,2666
neutral,wraths,1
neutral,wreak,286
neutral,wreaked,104
neutral,wreck,3320
neutral,wrecked,1874
neutral,wrecker,2
neutral,wreckers,1
neutral,wrecking,6
neutral,wrecks,21
neutral,wrench,679
neutral,wrenched,3220
neutral,wrenching,87
neutral,wrestle,866
neutral,wrestled,2958
neutral,wrestler,2
neutral,wrestles,2
neutral,wrestling,222
neutral,wring,2541
neutral,wringed,2
neutral,wringing,14
neutral,wrings,4
neutral,writhe,5117
neutral,writhed,442
neutral,writhes,116
neutral,writhing,398
neutral,writhings,1
neutral,wrung,606
neutral,wuss,4
neutral,wys,1
neutral,xion,30
neutral,yanked,25953
neutral,yard,3831
neutral,yarded,1
neutral,yards,883
neutral,yeast,89
neutral,yna,1
neutral,yuki,1
neutral,zambesi,1
neutral,zuer,4
neutral,zzet,1
neutral_matched_sexual,abcdefghi,1
neutral_matched_sexual,abt,19
neutral_matched_sexual,adt,1
neutral_matched_sexual,aerol,4
neutral_matched_sexual,amour,80
neutral_matched_sexual,amyntas,368
neutral_matched_sexual,annex,24
neutral_matched_sexual,ardour,145
neutral_matched_sexual,asaj,1
neutral_matched_sexual,aspirations,129
neutral_matched_sexual,assed,1
neutral_matched_sexual,asters,123
neutral_matched_sexual,atious,7
neutral_matched_sexual,atone,287
neutral_matched_sexual,backside,340
neutral_matched_sexual,badst,2
neutral_matched_sexual,baleful,29
neutral_matched_sexual,bang,2607
neutral_matched_sexual,bany,82
neutral_matched_sexual,barbarian,84
neutral_matched_sexual,batteries,589
neutral_matched_sexual,beeeeep,10
neutral_matched_sexual,beholdest,11
neutral_matched_sexual,bermed,2
neutral_matched_sexual,bianca,9
neutral_matched_sexual,binocular,70
neutral_matched_sexual,bladed,3
neutral_matched_sexual,blasphemy,35
neutral_matched_sexual,blasted,2428
neutral_matched_sexual,blinds,397
neutral_matched_sexual,blowed,9
neutral_matched_sexual,booted,448
neutral_matched_sexual,booties,5
neutral_matched_sexual,bopped,3
neutral_matched_sexual,borrowedsolution,1
neutral_matched_sexual,boudoir,35
neutral_matched_sexual,boxes,767
neutral_matched_sexual,brixton,9
neutral_matched_sexual,broads,2
neutral_matched_sexual,buffeted,2
neutral_matched_sexual,bulled,3
neutral_matched_sexual,bummer,16
neutral_matched_sexual,bump,2061
neutral_matched_sexual,buns,47
neutral_matched_sexual,bushed,9
neutral_matched_sexual,bushs,4
neutral_matched_sexual,buttock,47
neutral_matched_sexual,cables,709
neutral_matched_sexual,cages,226
neutral_matched_sexual,canister,26
neutral_matched_sexual,carcass,373
neutral_matched_sexual,caresses,189
neutral_matched_sexual,cashiers,88
neutral_matched_sexual,chatf,7
neutral_matched_sexual,chinned,3
neutral_matched_sexual,chomped,29
neutral_matched_sexual,chubby,32
neutral_matched_sexual,citrus,47
neutral_matched_sexual,clips,31
neutral_matched_sexual,cocky,19
neutral_matched_sexual,coerce,55
neutral_matched_sexual,commerce,34
neutral_matched_sexual,condiment,12
neutral_matched_sexual,confind,1
neutral_matched_sexual,conquering,348
neutral_matched_sexual,conscience,2647
neutral_matched_sexual,contemptible,50
neutral_matched_sexual,crunches,4
neutral_matched_sexual,cune,3
neutral_matched_sexual,cutting,1765
neutral_matched_sexual,dart,6045
neutral_matched_sexual,dashes,87
neutral_matched_sexual,defilement,17
neutral_matched_sexual,demolished,918
neutral_matched_sexual,denouncing,19
neutral_matched_sexual,dentyne,1
neutral_matched_sexual,destroyer,102
neutral_matched_sexual,dishonoured,81
neutral_matched_sexual,dispatching,2
neutral_matched_sexual,disrobing,3
neutral_matched_sexual,dodged,710
neutral_matched_sexual,dome,3167
neutral_matched_sexual,doomer,51
neutral_matched_sexual,dragg,163
neutral_matched_sexual,driveth,2
neutral_matched_sexual,eaters,6
neutral_matched_sexual,eerily,185
neutral_matched_sexual,eibar,1
neutral_matched_sexual,eliminating,36
neutral_matched_sexual,embalming,3
neutral_matched_sexual,embalms,1
neutral_matched_sexual,embracing,922
neutral_matched_sexual,enamoured,5
neutral_matched_sexual,enervated,1
neutral_matched_sexual,ensnared,3
neutral_matched_sexual,ensus,5
neutral_matched_sexual,entices,3
neutral_matched_sexual,entrails,88
neutral_matched_sexual,eradicated,2
neutral_matched_sexual,erased,2662
neutral_matched_sexual,eviden,2
neutral_matched_sexual,expiry,216
neutral_matched_sexual,exposing,180
neutral_matched_sexual,falls,5634
neutral_matched_sexual,fatal,1382
neutral_matched_sexual,favoured,89
neutral_matched_sexual,favours,574
neutral_matched_sexual,feathers,2162
neutral_matched_sexual,fells,112
neutral_matched_sexual,fertile,618
neutral_matched_sexual,feuds,7
neutral_matched_sexual,fiction,762
neutral_matched_sexual,filenames,1
neutral_matched_sexual,finc,38
neutral_matched_sexual,finder,2
neutral_matched_sexual,fist,1342
neutral_matched_sexual,flatline,18
neutral_matched_sexual,flea,63
neutral_matched_sexual,floored,245
neutral_matched_sexual,focusing,530
neutral_matched_sexual,forgery,13
neutral_matched_sexual,frigid,306
neutral_matched_sexual,furnishings,48
neutral_matched_sexual,gases,33
neutral_matched_sexual,glasses,2582
neutral_matched_sexual,glittered,498
neutral_matched_sexual,gnaws,84
neutral_matched_sexual,goines,1
neutral_matched_sexual,governess,3
neutral_matched_sexual,grapples,3
neutral_matched_sexual,grappling,5
neutral_matched_sexual,groined,3
neutral_matched_sexual,grooming,6
neutral_matched_sexual,halest,2
neutral_matched_sexual,hallucinations,2
neutral_matched_sexual,hammering,87
neutral_matched_sexual,harrow,34
neutral_matched_sexual,hatchet,34
neutral_matched_sexual,heaters,1
neutral_matched_sexual,helsingborg,1
neutral_matched_sexual,hindquarters,122
neutral_matched_sexual,hokur,1
neutral_matched_sexual,hostages,4
neutral_matched_sexual,hostility,45
neutral_matched_sexual,hovels,88
neutral_matched_sexual,howling,697
neutral_matched_sexual,hunk,61
neutral_matched_sexual,hurls,41
neutral_matched_sexual,hurly,112
neutral_matched_sexual,ibb,1
neutral_matched_sexual,idole,1
neutral_matched_sexual,idx,23
neutral_matched_sexual,igen,41
neutral_matched_sexual,ignore,23627
neutral_matched_sexual,ilumina,67
neutral_matched_sexual,imbib,36
neutral_matched_sexual,immodest,2
neutral_matched_sexual,immortals,9
neutral_matched_sexual,imprisoned,145
neutral_matched_sexual,incinerated,146
neutral_matched_sexual,incompetence,164
neutral_matched_sexual,indifference,444
neutral_matched_sexual,inlet,95
neutral_matched_sexual,innocence,2036
neutral_matched_sexual,interstellar,117
neutral_matched_sexual,intervene,2625
neutral_matched_sexual,intimate,522
neutral_matched_sexual,intuit,3
neutral_matched_sexual,ire,580
neutral_matched_sexual,irresolute,1
neutral_matched_sexual,irs,188
neutral_matched_sexual,itsill,2
neutral_matched_sexual,jackd,3
neutral_matched_sexual,javelins,62
neutral_matched_sexual,jeunes,21
neutral_matched_sexual,juke,2
neutral_matched_sexual,kangar,279
neutral_matched_sexual,kempe,1
neutral_matched_sexual,knob,471
neutral_matched_sexual,knocker,3
neutral_matched_sexual,knocks,130
neutral_matched_sexual,lancer,10
neutral_matched_sexual,lapp,3
neutral_matched_sexual,layd,5
neutral_matched_sexual,learnsolution,1
neutral_matched_sexual,leman,3
neutral_matched_sexual,liquidating,78
neutral_matched_sexual,lowless,1
neutral_matched_sexual,lubed,193
neutral_matched_sexual,lumb,2
neutral_matched_sexual,maggot,1
neutral_matched_sexual,magnolia,67
neutral_matched_sexual,mand,134
neutral_matched_sexual,marrow,308
neutral_matched_sexual,martyrd,1
neutral_matched_sexual,marvin,2
neutral_matched_sexual,mash,67
neutral_matched_sexual,mater,11
neutral_matched_sexual,matting,18
neutral_matched_sexual,mefind,1
neutral_matched_sexual,menstruation,3
neutral_matched_sexual,mercenary,87
neutral_matched_sexual,misfortun,87
neutral_matched_sexual,missp,35
neutral_matched_sexual,mommies,1
neutral_matched_sexual,moribund,2
neutral_matched_sexual,mounting,118
neutral_matched_sexual,mugs,44
neutral_matched_sexual,murrain,10
neutral_matched_sexual,muzzle,100
neutral_matched_sexual,neutralized,10
neutral_matched_sexual,nocturnal,56
neutral_matched_sexual,noisier,19
neutral_matched_sexual,notorious,96
neutral_matched_sexual,nunc,169
neutral_matched_sexual,nuzzle,299
neutral_matched_sexual,observances,11
neutral_matched_sexual,ocher,34
neutral_matched_sexual,ono,10
neutral_matched_sexual,orleans,17
neutral_matched_sexual,orphans,51
neutral_matched_sexual,overdose,68
neutral_matched_sexual,overriding,6
neutral_matched_sexual,paddles,40
neutral_matched_sexual,pansy,9
neutral_matched_sexual,panty,66
neutral_matched_sexual,paper,7531
neutral_matched_sexual,paralyze,79
neutral_matched_sexual,pecha,1
neutral_matched_sexual,peg,358
neutral_matched_sexual,pendulum,7
neutral_matched_sexual,persecuting,3
neutral_matched_sexual,peters,40
neutral_matched_sexual,pets,32
neutral_matched_sexual,piaz,40
neutral_matched_sexual,piercer,1
neutral_matched_sexual,pillory,4
neutral_matched_sexual,plou,43
neutral_matched_sexual,plugging,48
neutral_matched_sexual,pold,14
neutral_matched_sexual,polies,3
neutral_matched_sexual,ponderous,56
neutral_matched_sexual,postscript,2
neutral_matched_sexual,pound,5884
neutral_matched_sexual,pounds,985
neutral_matched_sexual,prae,45
neutral_matched_sexual,praest,4
neutral_matched_sexual,presst,1
neutral_matched_sexual,presumes,48
neutral_matched_sexual,preyed,7
neutral_matched_sexual,privy,64
neutral_matched_sexual,procured,72
neutral_matched_sexual,profoundly,30
neutral_matched_sexual,programming,337
neutral_matched_sexual,psycho,76
neutral_matched_sexual,punctuate,11
neutral_matched_sexual,qual,96
neutral_matched_sexual,queerer,3
neutral_matched_sexual,quelled,69
neutral_matched_sexual,quelling,1
neutral_matched_sexual,quench,1459
neutral_matched_sexual,quirer,1
neutral_matched_sexual,quiz,206
neutral_matched_sexual,railings,239
neutral_matched_sexual,rakes,40
neutral_matched_sexual,rapies,2
neutral_matched_sexual,raps,3
neutral_matched_sexual,raptured,31
neutral_matched_sexual,ravings,32
neutral_matched_sexual,reaper,46
neutral_matched_sexual,reasonings,2
neutral_matched_sexual,rech,13
neutral_matched_sexual,reer,7
neutral_matched_sexual,refinished,99
neutral_matched_sexual,reflectively,93
neutral_matched_sexual,refue,22
neutral_matched_sexual,relativistic,2
neutral_matched_sexual,reloc,187
neutral_matched_sexual,reminder,779
neutral_matched_sexual,rennie,1
neutral_matched_sexual,revelry,18
neutral_matched_sexual,richards,4
neutral_matched_sexual,ride,12496
neutral_matched_sexual,rider,432
neutral_matched_sexual,rim,2432
neutral_matched_sexual,rims,52
neutral_matched_sexual,riper,59
neutral_matched_sexual,rives,7
neutral_matched_sexual,rocketed,95
neutral_matched_sexual,rod,2838
neutral_matched_sexual,roder,1
neutral_matched_sexual,roubles,138
neutral_matched_sexual,rout,126
neutral_matched_sexual,routed,107
neutral_matched_sexual,ruiner,1
neutral_matched_sexual,ruptured,53
neutral_matched_sexual,safely,909
neutral_matched_sexual,sakhalin,2
neutral_matched_sexual,sandless,3
neutral_matched_sexual,sanguine,83
neutral_matched_sexual,sapless,27
neutral_matched_sexual,scorching,320
neutral_matched_sexual,scraps,69
neutral_matched_sexual,scratch,8056
neutral_matched_sexual,screaming,2408
neutral_matched_sexual,scythe,309
neutral_matched_sexual,seance,1
neutral_matched_sexual,sepulchre,142
neutral_matched_sexual,sessions,100
neutral_matched_sexual,shoves,19
neutral_matched_sexual,shreds,25
neutral_matched_sexual,shrove,3
neutral_matched_sexual,sht,2
neutral_matched_sexual,shuttled,1
neutral_matched_sexual,simp,4
neutral_matched_sexual,sirs,13
neutral_matched_sexual,sissy,35
neutral_matched_sexual,sket,80
neutral_matched_sexual,sledgehammers,2
neutral_matched_sexual,slinks,9
neutral_matched_sexual,smashes,34
neutral_matched_sexual,smorg,1
neutral_matched_sexual,snips,3
neutral_matched_sexual,snog,22
neutral_matched_sexual,snuffing,2
neutral_matched_sexual,sock,643
neutral_matched_sexual,solicited,15
neutral_matched_sexual,spake,1538
neutral_matched_sexual,sprightlier,1
neutral_matched_sexual,squabble,69
neutral_matched_sexual,squirting,1
neutral_matched_sexual,stalker,3
neutral_matched_sexual,stard,417
neutral_matched_sexual,staunched,1
neutral_matched_sexual,stiffed,28
neutral_matched_sexual,stifled,699
neutral_matched_sexual,stills,31
neutral_matched_sexual,strapped,2785
neutral_matched_sexual,strateg,68
neutral_matched_sexual,strums,2
neutral_matched_sexual,studies,480
neutral_matched_sexual,stumped,9
neutral_matched_sexual,subjugated,3
neutral_matched_sexual,suckers,16
neutral_matched_sexual,sufferer,143
neutral_matched_sexual,sunbathing,1
neutral_matched_sexual,sundered,16
neutral_matched_sexual,surely,3057
neutral_matched_sexual,symfony,2
neutral_matched_sexual,tackle,2244
neutral_matched_sexual,tainted,164
neutral_matched_sexual,tap,2952
neutral_matched_sexual,tapers,172
neutral_matched_sexual,tearings,3
neutral_matched_sexual,teases,10
neutral_matched_sexual,tel,80
neutral_matched_sexual,telegram,374
neutral_matched_sexual,tempter,61
neutral_matched_sexual,tethys,2
neutral_matched_sexual,therapeutic,2
neutral_matched_sexual,thirstily,125
neutral_matched_sexual,tickets,343
neutral_matched_sexual,tithe,15
neutral_matched_sexual,titter,5
neutral_matched_sexual,toold,3
neutral_matched_sexual,tools,1012
neutral_matched_sexual,toon,2
neutral_matched_sexual,torched,829
neutral_matched_sexual,transfused,7
neutral_matched_sexual,trundle,2
neutral_matched_sexual,trut,6
neutral_matched_sexual,truthfull,25
neutral_matched_sexual,tush,7
neutral_matched_sexual,uary,21
neutral_matched_sexual,ubicin,125
neutral_matched_sexual,unaveng,15
neutral_matched_sexual,uncerem,34
neutral_matched_sexual,uncertaint,2
neutral_matched_sexual,undetected,3
neutral_matched_sexual,unfailing,36
neutral_matched_sexual,ungram,3
neutral_matched_sexual,unmann,15
neutral_matched_sexual,unso,10
neutral_matched_sexual,uste,1
neutral_matched_sexual,vanquish,111
neutral_matched_sexual,venoms,13
neutral_matched_sexual,verification,26
neutral_matched_sexual,vice,2173
neutral_matched_sexual,vincencia,1
neutral_matched_sexual,voi,14
neutral_matched_sexual,volter,1
neutral_matched_sexual,wading,59
neutral_matched_sexual,walls,11543
neutral_matched_sexual,waxing,3
neutral_matched_sexual,weekends,28
neutral_matched_sexual,wenches,13
neutral_matched_sexual,wetted,96
neutral_matched_sexual,whoops,11
neutral_matched_sexual,wiping,481
neutral_matched_sexual,woad,2
neutral_matched_sexual,womanhood,89
neutral_matched_sexual,woody,354
neutral_matched_sexual,wooers,1
neutral_matched_sexual,wrestler,2
neutral_matched_sexual,wringed,2
neutral_matched_sexual,wrings,4
neutral_matched_sexual,yarded,1
neutral_matched_sexual,yards,883
neutral_matched_violent,abducting,16
neutral_matched_violent,abt,19
neutral_matched_violent,aeum,1
neutral_matched_violent,afers,5
neutral_matched_violent,afflict,876
neutral_matched_violent,albat,117
neutral_matched_violent,alcop,22
neutral_matched_violent,alerts,5
neutral_matched_violent,alge,158
neutral_matched_violent,allocate,573
neutral_matched_violent,allured,7
neutral_matched_violent,allures,1
neutral_matched_violent,amesamesamesames,1
neutral_matched_violent,amyntas,368
neutral_matched_violent,annex,24
neutral_matched_violent,anse,2
neutral_matched_violent,antry,1
neutral_matched_violent,applesau,79
neutral_matched_violent,appropriation,10
neutral_matched_violent,arkhang,5
neutral_matched_violent,arsed,3
neutral_matched_violent,ashamed,1380
neutral_matched_violent,asser,1
neutral_matched_violent,astralis,1
neutral_matched_violent,atas,2
neutral_matched_violent,atrocious,107
neutral_matched_violent,atwater,9
neutral_matched_violent,avenged,543
neutral_matched_violent,avengers,2
neutral_matched_violent,avenging,11
neutral_matched_violent,babbler,25
neutral_matched_violent,balled,414
neutral_matched_violent,baller,1
neutral_matched_violent,barbarians,36
neutral_matched_violent,barbaric,141
neutral_matched_violent,bard,1275
neutral_matched_violent,bare,9657
neutral_matched_violent,bared,1001
neutral_matched_violent,barer,1
neutral_matched_violent,barqueless,1
neutral_matched_violent,bated,6
neutral_matched_violent,bathhouse,9
neutral_matched_violent,beard,1302
neutral_matched_violent,bearers,68
neutral_matched_violent,bearing,718
neutral_matched_violent,bed,19598
neutral_matched_violent,bedding,258
neutral_matched_violent,begetting,64
neutral_matched_violent,belsh,2
neutral_matched_violent,belter,6
neutral_matched_violent,belts,145
neutral_matched_violent,beneficiaries,29
neutral_matched_violent,bespread,2
neutral_matched_violent,bhut,141
neutral_matched_violent,binded,1
neutral_matched_violent,binocular,70
neutral_matched_violent,bitch,485
neutral_matched_violent,bitches,50
neutral_matched_violent,bite,9559
neutral_matched_violent,blades,878
neutral_matched_violent,blasts,519
neutral_matched_violent,blasty,1
neutral_matched_violent,blinding,1072
neutral_matched_violent,blisters,176
neutral_matched_violent,blowers,32
neutral_matched_violent,bolt,7151
neutral_matched_violent,boned,16
neutral_matched_violent,booby,6
neutral_matched_violent,bop,4
neutral_matched_violent,brain,10538
neutral_matched_violent,bratislava,7
neutral_matched_violent,breeds,476
neutral_matched_violent,briefest,9
neutral_matched_violent,brute,710
neutral_matched_violent,bucks,292
neutral_matched_violent,buffeting,10
neutral_matched_violent,bummer,16
neutral_matched_violent,bumper,109
neutral_matched_violent,bums,7
neutral_matched_violent,bureaucr,6
neutral_matched_violent,burners,17
neutral_matched_violent,burning,9016
neutral_matched_violent,burnings,5
neutral_matched_violent,burring,1
neutral_matched_violent,bushed,9
neutral_matched_violent,bushes,2852
neutral_matched_violent,butted,15
neutral_matched_violent,caged,202
neutral_matched_violent,calpe,7
neutral_matched_violent,canned,112
neutral_matched_violent,carabiner,3
neutral_matched_violent,carcass,373
neutral_matched_violent,card,2244
neutral_matched_violent,carnation,30
neutral_matched_violent,catastrophe,229
neutral_matched_violent,cels,431
neutral_matched_violent,changeth,1
neutral_matched_violent,charing,186
neutral_matched_violent,chastening,3
neutral_matched_violent,chastise,105
neutral_matched_violent,chastises,1
neutral_matched_violent,chaver,1
neutral_matched_violent,cheeseste,1
neutral_matched_violent,chopper,3
neutral_matched_violent,christchurch,96
neutral_matched_violent,chubby,32
neutral_matched_violent,chur,102
neutral_matched_violent,cinders,28
neutral_matched_violent,citrus,47
neutral_matched_violent,clambake,11
neutral_matched_violent,clarified,580
neutral_matched_violent,clash,852
neutral_matched_violent,claws,1616
neutral_matched_violent,cleansing,16
neutral_matched_violent,cleaved,115
neutral_matched_violent,climacter,37
neutral_matched_violent,clipped,4299
neutral_matched_violent,clipper,89
neutral_matched_violent,clipping,153
neutral_matched_violent,clock,3572
neutral_matched_violent,clouds,16565
neutral_matched_violent,coiled,486
neutral_matched_violent,collateral,27
neutral_matched_violent,comming,77
neutral_matched_violent,compl,1438
neutral_matched_violent,conceive,2319
neutral_matched_violent,conceives,137
neutral_matched_violent,conception,81
neutral_matched_violent,confined,742
neutral_matched_violent,conquers,75
neutral_matched_violent,contemptible,50
neutral_matched_violent,conundrum,20
neutral_matched_violent,conversations,168
neutral_matched_violent,coral,625
neutral_matched_violent,correlation,26
neutral_matched_violent,coupled,12
neutral_matched_violent,coverings,15
neutral_matched_violent,crack,5414
neutral_matched_violent,cracks,796
neutral_matched_violent,cremated,302
neutral_matched_violent,cres,877
neutral_matched_violent,croak,557
neutral_matched_violent,crowbar,36
neutral_matched_violent,cued,36
neutral_matched_violent,cuisine,162
neutral_matched_violent,cunn,2
neutral_matched_violent,curdled,35
neutral_matched_violent,cut,87539
neutral_matched_violent,cyr,2
neutral_matched_violent,dally,149
neutral_matched_violent,damp,3562
neutral_matched_violent,dances,593
neutral_matched_violent,deader,1
neutral_matched_violent,dearly,546
neutral_matched_violent,deathing,2
neutral_matched_violent,deck,3987
neutral_matched_violent,declareth,3
neutral_matched_violent,decompose,11
neutral_matched_violent,defect,1216
neutral_matched_violent,defects,134
neutral_matched_violent,defiled,3441
neutral_matched_violent,defilement,17
neutral_matched_violent,defiling,1
neutral_matched_violent,departed,5982
neutral_matched_violent,departing,1760
neutral_matched_violent,descartes,52
neutral_matched_violent,desolated,1
neutral_matched_violent,destroyed,19809
neutral_matched_violent,deterred,62
neutral_matched_violent,deviant,5
neutral_matched_violent,diarrhe,1
neutral_matched_violent,dis,37859
neutral_matched_violent,disentang,1
neutral_matched_violent,disgustedly,2
neutral_matched_violent,dishonoured,81
neutral_matched_violent,dispatch,272
neutral_matched_violent,dispatchers,7
neutral_matched_violent,dispatching,2
neutral_matched_violent,dissection,143
neutral_matched_violent,distilled,20
neutral_matched_violent,dragg,163
neutral_matched_violent,drawing,2896
neutral_matched_violent,drilled,599
neutral_matched_violent,dugs,2
neutral_matched_violent,eaglet,1
neutral_matched_violent,easie,101
neutral_matched_violent,eaters,6
neutral_matched_violent,eating,3177
neutral_matched_violent,eave,6
neutral_matched_violent,eco,4
neutral_matched_violent,effeminate,45
neutral_matched_violent,efficit,3
neutral_matched_violent,eibar,1
neutral_matched_violent,elbow,1836
neutral_matched_violent,eliminating,36
neutral_matched_violent,elk,149
neutral_matched_violent,embracing,922
neutral_matched_violent,emissions,2
neutral_matched_violent,enclosure,434
neutral_matched_violent,encounter,1295
neutral_matched_violent,enervated,1
neutral_matched_violent,enforcer,2
neutral_matched_violent,engender,220
neutral_matched_violent,engendering,66
neutral_matched_violent,engle,6
neutral_matched_violent,enslaving,104
neutral_matched_violent,ensnared,3
neutral_matched_violent,enticed,15
neutral_matched_violent,enticing,117
neutral_matched_violent,eps,364
neutral_matched_violent,eradicate,105
neutral_matched_violent,erects,6
neutral_matched_violent,escorts,24
neutral_matched_violent,esteems,7
neutral_matched_violent,eviden,2
neutral_matched_violent,excess,694
neutral_matched_violent,exhibitions,1
neutral_matched_violent,exploded,1093
neutral_matched_violent,expunge,11
neutral_matched_violent,faithfull,125
neutral_matched_violent,feld,5
neutral_matched_violent,ferret,151
neutral_matched_violent,fertile,618
neutral_matched_violent,fetter,55
neutral_matched_violent,feuds,7
neutral_matched_violent,fiction,762
neutral_matched_violent,finc,38
neutral_matched_violent,finder,2
neutral_matched_violent,finger,7051
neutral_matched_violent,fists,557
neutral_matched_violent,flashes,577
neutral_matched_violent,flashing,1434
neutral_matched_violent,flesh,9790
neutral_matched_violent,flirt,2355
neutral_matched_violent,floor,11070
neutral_matched_violent,forced,54613
neutral_matched_violent,forces,1150
neutral_matched_violent,fraying,25
neutral_matched_violent,fruiting,93
neutral_matched_violent,funnelled,28
neutral_matched_violent,fury,1725
neutral_matched_violent,gagging,252
neutral_matched_violent,garter,9
neutral_matched_violent,gas,17523
neutral_matched_violent,gass,1
neutral_matched_violent,geographically,2
neutral_matched_violent,glittered,498
neutral_matched_violent,gnaw,1054
neutral_matched_violent,grandson,269
neutral_matched_violent,grapples,3
neutral_matched_violent,grazed,1384
neutral_matched_violent,grinding,278
neutral_matched_violent,grooms,12
neutral_matched_violent,guanche,10
neutral_matched_violent,gut,2313
neutral_matched_violent,guts,291
neutral_matched_violent,hacked,3520
neutral_matched_violent,half,25544
neutral_matched_violent,hammers,147
neutral_matched_violent,handcuff,719
neutral_matched_violent,handcuffed,2751
neutral_matched_violent,handcuffing,10
neutral_matched_violent,hanger,83
neutral_matched_violent,harassing,14
neutral_matched_violent,harassment,37
neutral_matched_violent,hardy,359
neutral_matched_violent,hatchet,34
neutral_matched_violent,haughtiness,6
neutral_matched_violent,haversack,4
neutral_matched_violent,havoc,106
neutral_matched_violent,hawkins,43
neutral_matched_violent,heated,1306
neutral_matched_violent,heating,137
neutral_matched_violent,helsingborg,1
neutral_matched_violent,heureuse,29
neutral_matched_violent,hod,3
neutral_matched_violent,honoured,920
neutral_matched_violent,hoop,39
neutral_matched_violent,hostility,45
neutral_matched_violent,howled,2487
neutral_matched_violent,humanistic,1
neutral_matched_violent,hurl,3918
neutral_matched_violent,hurr,18
neutral_matched_violent,hygi,2
neutral_matched_violent,hypnotise,4
neutral_matched_violent,ibb,1
neutral_matched_violent,ignment,2
neutral_matched_violent,illim,9
neutral_matched_violent,implied,2245
neutral_matched_violent,importfrom,1
neutral_matched_violent,imprisoning,1
neutral_matched_violent,inary,38
neutral_matched_violent,incinerate,27
neutral_matched_violent,indecent,6
neutral_matched_violent,indescri,103
neutral_matched_violent,inhalation,7
neutral_matched_violent,inlet,95
neutral_matched_violent,interrogating,3
neutral_matched_violent,intimidated,67
neutral_matched_violent,intuit,3
neutral_matched_violent,iowa,24
neutral_matched_violent,ipe,34
neutral_matched_violent,ipica,1
neutral_matched_violent,ipsii,1
neutral_matched_violent,irs,188
neutral_matched_violent,isella,4
neutral_matched_violent,issues,748
neutral_matched_violent,itsill,2
neutral_matched_violent,jackd,3
neutral_matched_violent,jem,21
neutral_matched_violent,jerk,8164
neutral_matched_violent,jettison,3
neutral_matched_violent,jeunes,21
neutral_matched_violent,jewel,1322
neutral_matched_violent,johnson,947
neutral_matched_violent,jostled,169
neutral_matched_violent,journee,10
neutral_matched_violent,journey,5313
neutral_matched_violent,jug,488
neutral_matched_violent,juke,2
neutral_matched_violent,jute,2
neutral_matched_violent,keo,2
neutral_matched_violent,kissed,52344
neutral_matched_violent,kisser,3
neutral_matched_violent,kissing,1847
neutral_matched_violent,kneeed,2
neutral_matched_violent,knuckled,8
neutral_matched_violent,lad,2947
neutral_matched_violent,lamp,5595
neutral_matched_violent,lamps,1462
neutral_matched_violent,lancer,10
neutral_matched_violent,las,1367
neutral_matched_violent,lender,10
neutral_matched_violent,lenn,2
neutral_matched_violent,lettin,1
neutral_matched_violent,liaison,87
neutral_matched_violent,libraries,11
neutral_matched_violent,licking,795
neutral_matched_violent,liers,67
neutral_matched_violent,liftest,1
neutral_matched_violent,lightened,46
neutral_matched_violent,lis,10
neutral_matched_violent,loe,8
neutral_matched_violent,loophole,10
neutral_matched_violent,loot,566
neutral_matched_violent,looters,1
neutral_matched_violent,lubricated,446
neutral_matched_violent,lumiere,11
neutral_matched_violent,lux,262
neutral_matched_violent,lyen,1
neutral_matched_violent,mammoths,3
neutral_matched_violent,manacled,2
neutral_matched_violent,maniacs,22
neutral_matched_violent,marshalled,1
neutral_matched_violent,marvin,2
neutral_matched_violent,marx,29
neutral_matched_violent,mash,67
neutral_matched_violent,mats,68
neutral_matched_violent,meghan,4
neutral_matched_violent,melons,69
neutral_matched_violent,menaces,1
neutral_matched_violent,menstruation,3
neutral_matched_violent,mercenaries,5
neutral_matched_violent,merciless,236
neutral_matched_violent,milkshake,7
neutral_matched_violent,misde,38
neutral_matched_violent,misspelled,35
neutral_matched_violent,moaning,728
neutral_matched_violent,mollis,37
neutral_matched_violent,moms,115
neutral_matched_violent,monster,2204
neutral_matched_violent,monstrous,330
neutral_matched_violent,mooed,4
neutral_matched_violent,mosul,18
neutral_matched_violent,mug,583
neutral_matched_violent,murrain,10
neutral_matched_violent,mythology,106
neutral_matched_violent,nae,67
neutral_matched_violent,nails,1512
neutral_matched_violent,naked,4311
neutral_matched_violent,necked,93
neutral_matched_violent,neglect,3479
neutral_matched_violent,neutralized,10
neutral_matched_violent,newly,428
neutral_matched_violent,nines,1
neutral_matched_violent,noises,616
neutral_matched_violent,notch,87
neutral_matched_violent,nuptials,8
neutral_matched_violent,nuzzles,13
neutral_matched_violent,nuzzling,232
neutral_matched_violent,occupies,15
neutral_matched_violent,occupy,790
neutral_matched_violent,odom,3
neutral_matched_violent,omnipot,35
neutral_matched_violent,ono,10
neutral_matched_violent,onset,790
neutral_matched_violent,oory,1
neutral_matched_violent,oozy,83
neutral_matched_violent,opera,555
neutral_matched_violent,orb,1672
neutral_matched_violent,ordeal,42
neutral_matched_violent,outraged,108
neutral_matched_violent,overburdened,2
neutral_matched_violent,overdose,68
neutral_matched_violent,paddle,249
neutral_matched_violent,paddled,768
neutral_matched_violent,paddles,40
neutral_matched_violent,paines,70
neutral_matched_violent,pains,2885
neutral_matched_violent,panting,564
neutral_matched_violent,papas,6
neutral_matched_violent,papies,6
neutral_matched_violent,particle,364
neutral_matched_violent,passy,3
neutral_matched_violent,patel,6
neutral_matched_violent,payne,5
neutral_matched_violent,perish,2936
neutral_matched_violent,perishes,22
neutral_matched_violent,perpetrator,2
neutral_matched_violent,peter,2623
neutral_matched_violent,photosho,5
neutral_matched_violent,physicians,16
neutral_matched_violent,piece,5954
neutral_matched_violent,pikes,43
neutral_matched_violent,pined,52
neutral_matched_violent,pines,3036
neutral_matched_violent,pining,38
neutral_matched_violent,pinion,195
neutral_matched_violent,pirated,4
neutral_matched_violent,plow,498
neutral_matched_violent,plowings,1
neutral_matched_violent,poached,1
neutral_matched_violent,poesse,2
neutral_matched_violent,poked,7188
neutral_matched_violent,pokes,60
neutral_matched_violent,poly,55
neutral_matched_violent,popes,20
neutral_matched_violent,popped,15104
neutral_matched_violent,pops,105
neutral_matched_violent,pounded,7295
neutral_matched_violent,poupon,1
neutral_matched_violent,pras,2
neutral_matched_violent,prattled,4
neutral_matched_violent,preceded,30
neutral_matched_violent,pred,295
neutral_matched_violent,pregnant,155
neutral_matched_violent,prey,2031
neutral_matched_violent,preyed,7
neutral_matched_violent,pricking,222
neutral_matched_violent,privy,64
neutral_matched_violent,profitable,205
neutral_matched_violent,projectiles,28
neutral_matched_violent,protectingly,28
neutral_matched_violent,pulverize,13
neutral_matched_violent,punctures,1
neutral_matched_violent,puss,109
neutral_matched_violent,qual,96
neutral_matched_violent,quarreled,1
neutral_matched_violent,quarters,129
neutral_matched_violent,quelling,1
neutral_matched_violent,quencher,1
neutral_matched_violent,quenching,13
neutral_matched_violent,ragg,7
neutral_matched_violent,raid,607
neutral_matched_violent,rapped,757
neutral_matched_violent,raptured,31
neutral_matched_violent,raze,51
neutral_matched_violent,reaper,46
neutral_matched_violent,reded,517
neutral_matched_violent,reer,7
neutral_matched_violent,refrigerator,698
neutral_matched_violent,reinves,5
neutral_matched_violent,relearn,1
neutral_matched_violent,reloc,187
neutral_matched_violent,reminisc,59
neutral_matched_violent,render,3304
neutral_matched_violent,renders,33
neutral_matched_violent,reshow,1
neutral_matched_violent,responses,410
neutral_matched_violent,restrain,1093
neutral_matched_violent,retired,3039
neutral_matched_violent,retiring,322
neutral_matched_violent,retribution,198
neutral_matched_violent,revitalize,1
neutral_matched_violent,rewat,1
neutral_matched_violent,ricocheted,15
neutral_matched_violent,riddle,460
neutral_matched_violent,rider,432
neutral_matched_violent,rives,7
neutral_matched_violent,rna,9
neutral_matched_violent,rods,329
neutral_matched_violent,roids,2
neutral_matched_violent,romping,4
neutral_matched_violent,rooted,681
neutral_matched_violent,roubles,138
neutral_matched_violent,rumble,937
neutral_matched_violent,rumbling,368
neutral_matched_violent,ruptured,53
neutral_matched_violent,sabot,1225
neutral_matched_violent,sack,1745
neutral_matched_violent,sacrificed,1657
neutral_matched_violent,sanction,140
neutral_matched_violent,sanctioned,20
neutral_matched_violent,sapped,37
neutral_matched_violent,sato,3
neutral_matched_violent,scathed,8
neutral_matched_violent,scoffers,1
neutral_matched_violent,scrapes,131
neutral_matched_violent,scraping,203
neutral_matched_violent,scratches,562
neutral_matched_violent,scratching,461
neutral_matched_violent,screwed,2258
neutral_matched_violent,scythes,56
neutral_matched_violent,seance,1
neutral_matched_violent,secretions,1
neutral_matched_violent,seeded,3
neutral_matched_violent,seeds,2213
neutral_matched_violent,seizes,112
neutral_matched_violent,sermon,659
neutral_matched_violent,severer,13
neutral_matched_violent,shackle,125
neutral_matched_violent,shackles,50
neutral_matched_violent,shambles,45
neutral_matched_violent,shoves,19
neutral_matched_violent,shredd,100
neutral_matched_violent,shredded,1763
neutral_matched_violent,shreds,25
neutral_matched_violent,shutters,504
neutral_matched_violent,silencing,7
neutral_matched_violent,singe,95
neutral_matched_violent,sired,3
neutral_matched_violent,skeleton,735
neutral_matched_violent,skeletons,126
neutral_matched_violent,skinned,391
neutral_matched_violent,skulls,148
neutral_matched_violent,slammed,52619
neutral_matched_violent,sledgehammers,2
neutral_matched_violent,smokey,12
neutral_matched_violent,smoking,1166
neutral_matched_violent,snapped,34631
neutral_matched_violent,snatch,2098
neutral_matched_violent,snatches,78
neutral_matched_violent,snipped,576
neutral_matched_violent,snips,3
neutral_matched_violent,snog,22
neutral_matched_violent,snowstorms,1
neutral_matched_violent,sock,643
neutral_matched_violent,softens,19
neutral_matched_violent,solely,114
neutral_matched_violent,solicited,15
neutral_matched_violent,soreer,2
neutral_matched_violent,spatula,13
neutral_matched_violent,spell,3249
neutral_matched_violent,spielberg,10
neutral_matched_violent,spinner,16
neutral_matched_violent,spits,84
neutral_matched_violent,spitter,1
neutral_matched_violent,splintered,1569
neutral_matched_violent,spooning,28
neutral_matched_violent,spurt,409
neutral_matched_violent,spurted,14
neutral_matched_violent,squirted,1365
neutral_matched_violent,stalact,4
neutral_matched_violent,stalk,9634
neutral_matched_violent,stated,22040
neutral_matched_violent,steamed,483
neutral_matched_violent,steamer,133
neutral_matched_violent,stiletto,3
neutral_matched_violent,stiller,8
neutral_matched_violent,stills,31
neutral_matched_violent,stilly,72
neutral_matched_violent,stings,386
neutral_matched_violent,stingy,40
neutral_matched_violent,stir,12367
neutral_matched_violent,stomping,268
neutral_matched_violent,stoned,387
neutral_matched_violent,straddle,698
neutral_matched_violent,straddling,8
neutral_matched_violent,subdue,1077
neutral_matched_violent,subduing,199
neutral_matched_violent,subjugating,3
neutral_matched_violent,submerges,1
neutral_matched_violent,subscriptions,1
neutral_matched_violent,succumbed,828
neutral_matched_violent,succumbing,10
neutral_matched_violent,sufferers,3
neutral_matched_violent,superl,8
neutral_matched_violent,surcharg,4
neutral_matched_violent,surplus,54
neutral_matched_violent,sushi,44
neutral_matched_violent,swain,169
neutral_matched_violent,swains,35
neutral_matched_violent,swallowed,11405
neutral_matched_violent,swatter,6
neutral_matched_violent,swatting,10
neutral_matched_violent,swayings,6
neutral_matched_violent,tackling,122
neutral_matched_violent,tainted,164
neutral_matched_violent,tap,2952
neutral_matched_violent,taper,611
neutral_matched_violent,tearing,745
neutral_matched_violent,tearings,3
neutral_matched_violent,teary,90
neutral_matched_violent,teased,2104
neutral_matched_violent,teat,29
neutral_matched_violent,teheran,2
neutral_matched_violent,tempt,1941
neutral_matched_violent,terminated,307
neutral_matched_violent,theobroma,1
neutral_matched_violent,thetax,1
neutral_matched_violent,threaten,7325
neutral_matched_violent,threatenings,8
neutral_matched_violent,thrine,2
neutral_matched_violent,thrusted,60
neutral_matched_violent,tintinn,1
neutral_matched_violent,tob,144
neutral_matched_violent,toold,3
neutral_matched_violent,tools,1012
neutral_matched_violent,torched,829
neutral_matched_violent,tramp,597
neutral_matched_violent,tramping,8
neutral_matched_violent,tranquility,112
neutral_matched_violent,trashing,9
neutral_matched_violent,trekked,9
neutral_matched_violent,trucker,4
neutral_matched_violent,trussed,1
neutral_matched_violent,tugged,18743
neutral_matched_violent,tumbler,266
neutral_matched_violent,tush,7
neutral_matched_violent,ubes,1
neutral_matched_violent,uncertaint,2
neutral_matched_violent,undresses,1
neutral_matched_violent,unenlight,87
neutral_matched_violent,unexpected,954
neutral_matched_violent,unfet,6
neutral_matched_violent,unfreed,1
neutral_matched_violent,ungram,3
neutral_matched_violent,unpit,5
neutral_matched_violent,unsealed,29
neutral_matched_violent,unshaken,163
neutral_matched_violent,venoms,13
neutral_matched_violent,veritate,23
neutral_matched_violent,violation,37
neutral_matched_violent,visits,362
neutral_matched_violent,vixen,102
neutral_matched_violent,vle,5
neutral_matched_violent,wadded,232
neutral_matched_violent,wailing,362
neutral_matched_violent,wallpap,3
neutral_matched_violent,walmart,8
neutral_matched_violent,wares,190
neutral_matched_violent,waxed,61
neutral_matched_violent,weimaraner,5
neutral_matched_violent,weis,1
neutral_matched_violent,wets,67
neutral_matched_violent,wetted,96
neutral_matched_violent,wetting,2
neutral_matched_violent,widow,492
neutral_matched_violent,widows,19
neutral_matched_violent,willedly,2
neutral_matched_violent,windsh,26
neutral_matched_violent,woods,9888
neutral_matched_violent,wooed,84
neutral_matched_violent,wrath,2666
neutral_matched_violent,wrecks,21
neutral_matched_violent,wrenching,87
neutral_matched_violent,wrestle,866
neutral_matched_violent,yarded,1
neutral_matched_violent,zzet,1
